ISO-10303-21;
HEADER;
FILE_DESCRIPTION(('CATIA V5 STEP Exchange','CAx-IF Rec.Pracs.--- Model Styling and Organization---1.5--- 2016-08-15','CAx-IF Rec.Pracs.---Supplemental Geometry---1.0---2011-11-01','CAx-IF Rec.Pracs.--- Composite Materials ---3.4---2017-06-13','CAx-IF Rec.Pracs.---Tessellated 3D Geometry---1.0---2015-12-17'),'2;1');

FILE_NAME('V:\\02 antigravity\\01 meshing\\[ACACA]_CellAssembly_ST_20251126_172336.stp','2026-01-28T08:12:51+00:00',('none'),('none'),'CATIA Version 5-6 Release 2022 SP3 HF50','CATIA V5 STEP AP242 v2','none');

FILE_SCHEMA(('AP242_MANAGED_MODEL_BASED_3D_ENGINEERING_MIM_LF  {1 0 10303 442 3 1 4}'));

ENDSEC;
DATA;
#525=FACE_BOUND('',#512,.T.) ;
#719=FACE_BOUND('',#694,.T.) ;
#737=FACE_BOUND('',#734,.T.) ;
#827=FACE_BOUND('',#824,.T.) ;
#1200=FACE_BOUND('',#1191,.T.) ;
#1218=FACE_BOUND('',#1215,.T.) ;
#1236=FACE_BOUND('',#1233,.T.) ;
#1254=FACE_BOUND('',#1251,.T.) ;
#1475=FACE_BOUND('',#1472,.T.) ;
#1517=FACE_BOUND('',#1514,.T.) ;
#2478=FACE_BOUND('',#2475,.T.) ;
#2741=FACE_BOUND('',#2738,.T.) ;
#3194=FACE_BOUND('',#3191,.T.) ;
#3335=FACE_BOUND('',#3310,.T.) ;
#3349=FACE_BOUND('',#3346,.T.) ;
#3602=FACE_BOUND('',#3599,.T.) ;
#3965=FACE_BOUND('',#3962,.T.) ;
#3979=FACE_BOUND('',#3976,.T.) ;
#4594=FACE_BOUND('',#4591,.T.) ;
#4815=FACE_BOUND('',#4812,.T.) ;
#4953=FACE_BOUND('',#4944,.T.) ;
#5584=FACE_BOUND('',#5581,.T.) ;
#6169=FACE_BOUND('',#6144,.T.) ;
#6235=FACE_BOUND('',#6226,.T.) ;
#6674=FACE_BOUND('',#6671,.T.) ;
#6702=FACE_BOUND('',#6699,.T.) ;
#6987=FACE_BOUND('',#6978,.T.) ;
#7005=FACE_BOUND('',#7002,.T.) ;
#7055=FACE_BOUND('',#7048,.T.) ;
#7105=FACE_BOUND('',#7098,.T.) ;
#7123=FACE_BOUND('',#7120,.T.) ;
#7141=FACE_BOUND('',#7138,.T.) ;
#7383=FACE_BOUND('',#7380,.T.) ;
#7425=FACE_BOUND('',#7422,.T.) ;
#7687=FACE_BOUND('',#7684,.T.) ;
#9422=FACE_BOUND('',#9419,.T.) ;
#9532=FACE_BOUND('',#9529,.T.) ;
#9759=FACE_BOUND('',#9756,.T.) ;
#9787=FACE_BOUND('',#9784,.T.) ;
#9858=FACE_BOUND('',#9855,.T.) ;
#9986=FACE_BOUND('',#9983,.T.) ;
#10009=FACE_BOUND('',#10006,.T.) ;
#10171=FACE_BOUND('',#10168,.T.) ;
#10185=FACE_BOUND('',#10182,.T.) ;
#10304=FACE_BOUND('',#10301,.T.) ;
#10520=FACE_BOUND('',#10517,.T.) ;
#10634=FACE_BOUND('',#10631,.T.) ;
#10691=FACE_BOUND('',#10688,.T.) ;
#10852=FACE_BOUND('',#10849,.T.) ;
#10866=FACE_BOUND('',#10863,.T.) ;
#10875=FACE_BOUND('',#10872,.T.) ;
#10925=FACE_BOUND('',#10922,.T.) ;
#10934=FACE_BOUND('',#10931,.T.) ;
#10943=FACE_BOUND('',#10940,.T.) ;
#11229=FACE_BOUND('',#11224,.T.) ;
#11423=FACE_BOUND('',#11398,.T.) ;
#11753=FACE_BOUND('',#11744,.T.) ;
#11771=FACE_BOUND('',#11768,.T.) ;
#11789=FACE_BOUND('',#11786,.T.) ;
#11967=FACE_BOUND('',#11964,.T.) ;
#12009=FACE_BOUND('',#12006,.T.) ;
#12970=FACE_BOUND('',#12967,.T.) ;
#13233=FACE_BOUND('',#13230,.T.) ;
#13686=FACE_BOUND('',#13683,.T.) ;
#13827=FACE_BOUND('',#13802,.T.) ;
#14121=FACE_BOUND('',#14118,.T.) ;
#14259=FACE_BOUND('',#14250,.T.) ;
#14890=FACE_BOUND('',#14887,.T.) ;
#15340=FACE_BOUND('',#15331,.T.) ;
#15779=FACE_BOUND('',#15776,.T.) ;
#15807=FACE_BOUND('',#15804,.T.) ;
#16092=FACE_BOUND('',#16083,.T.) ;
#16142=FACE_BOUND('',#16135,.T.) ;
#16192=FACE_BOUND('',#16185,.T.) ;
#16210=FACE_BOUND('',#16207,.T.) ;
#16228=FACE_BOUND('',#16225,.T.) ;
#16470=FACE_BOUND('',#16467,.T.) ;
#16522=FACE_BOUND('',#16519,.T.) ;
#17072=FACE_BOUND('',#17069,.T.) ;
#17100=FACE_BOUND('',#17097,.T.) ;
#17171=FACE_BOUND('',#17168,.T.) ;
#17299=FACE_BOUND('',#17296,.T.) ;
#17322=FACE_BOUND('',#17319,.T.) ;
#17484=FACE_BOUND('',#17481,.T.) ;
#17498=FACE_BOUND('',#17495,.T.) ;
#17617=FACE_BOUND('',#17614,.T.) ;
#59=MANIFOLD_SOLID_BREP('Base_Plate',#68) ;
#3504=MANIFOLD_SOLID_BREP('Terminal',#3513) ;
#4653=MANIFOLD_SOLID_BREP('UpperGasket_CA',#4662) ;
#5729=MANIFOLD_SOLID_BREP('Top_Insulator',#5738) ;
#9666=MANIFOLD_SOLID_BREP('Rivet_CA(Show_Only)',#9675) ;
#10422=MANIFOLD_SOLID_BREP('SealingGasket_Forcible(Show_Only)',#10431) ;
#10695=MANIFOLD_SOLID_BREP('SealingGasket(Show_Only)',#10697) ;
#10877=MANIFOLD_SOLID_BREP('SealingGasket_Common_Analysis(Hide_Only)',#10879) ;
#11014=MANIFOLD_SOLID_BREP('Base_Plate',#11016) ;
#13966=MANIFOLD_SOLID_BREP('UpperGasket_A',#13968) ;
#15035=MANIFOLD_SOLID_BREP('Top_Insulator',#15037) ;
#16986=MANIFOLD_SOLID_BREP('Rivet_AN(Show_Only)',#16988) ;
#68=CLOSED_SHELL('Closed Shell',(#108,#139,#170,#251,#275,#299,#323,#342,#366,#385,#404,#428,#440,#738,#778,#800,#828,#859,#871,#911,#942,#973,#1004,#1035,#1066,#1097,#1119,#1255,#1277,#1294,#1311,#1328,#1345,#1362,#1379,#1391,#1422,#1434,#1476,#1518,#1549,#1561,#1592,#1604,#1626,#1633,#1664,#1676,#1707,#1719,#1759,#1790,#1821,#1852,#1883,#1914,#1945,#1976,#2007,#2038,#2064,#2095,#2126,#2157,#2188,#2219,#2245,#2276,#2307,#2338,#2364,#2395,#2426,#2443,#2479,#2510,#2534,#2558,#2582,#2606,#2630,#2654,#2671,#2711,#2728,#2742,#2768,#2792,#2811,#2835,#2854,#2878,#2897,#2921,#2940,#2964,#2983,#3007,#3026,#3050,#3069,#3093,#3112,#3195,#3212,#3224,#3241,#3253,#3270,#3287,#3294,#3336,#3350,#3372,#3379,#3410,#3422,#3432,#3463,#3475,#3480)) ;
#3513=CLOSED_SHELL('Closed Shell',(#3603,#3634,#3658,#3682,#3706,#3730,#3754,#3778,#3795,#3819,#3838,#3878,#3895,#3926,#3938,#3966,#3980,#4011,#4042,#4059,#4090,#4114,#4138,#4170,#4202,#4233,#4257,#4281,#4314,#4347,#4374,#4401,#4432,#4456,#4480,#4497,#4514,#4545,#4557,#4595,#4617,#4629)) ;
#4662=CLOSED_SHELL('Closed Shell',(#4816,#4954,#4976,#4993,#5010,#5050,#5067,#5084,#5101,#5136,#5167,#5184,#5201,#5213,#5232,#5251,#5268,#5275,#5299,#5362,#5386,#5410,#5434,#5458,#5482,#5506,#5528,#5585,#5607,#5623,#5628,#5659,#5671,#5693,#5705)) ;
#5738=CLOSED_SHELL('Closed Shell',(#5778,#5809,#5840,#5896,#5952,#6236,#6276,#6307,#6338,#6369,#6400,#6431,#6462,#6484,#6542,#6582,#6599,#6641,#6675,#6703,#6725,#6732,#6749,#6761,#6778,#6813,#6837,#6861,#6885,#6909,#6933,#6957,#7142,#7158,#7189,#7213,#7237,#7261,#7285,#7309,#7333,#7350,#7384,#7426,#7538,#7636,#7688,#7710,#7717,#7748,#7772,#7796,#7820,#7844,#7861,#7875,#7901,#7925,#7949,#7973,#7992,#8009,#8018,#8049,#8061,#8093,#8128,#8155,#8182,#8217,#8244,#8284,#8306,#8358,#8410,#8428,#8445,#8480,#8502,#8547,#8599,#8616,#8633,#8668,#8690,#8735,#8787,#8804,#8821,#8856,#8878,#8923,#8975,#8993,#9010,#9045,#9067,#9112,#9164,#9181,#9198,#9233,#9255,#9300,#9345,#9362,#9379,#9423,#9445,#9452,#9495,#9519,#9533,#9564,#9576,#9586,#9617,#9629,#9634)) ;
#9675=CLOSED_SHELL('Closed Shell',(#9715,#9732,#9760,#9788,#9819,#9831,#9859,#9890,#9902,#9942,#9959,#9987,#10010,#10041,#10058,#10089,#10101,#10132,#10144,#10172,#10186,#10217,#10234,#10265,#10277,#10305,#10336,#10348,#10370,#10377)) ;
#10431=CLOSED_SHELL('Closed Shell',(#10521,#10552,#10564,#10595,#10607,#10635,#10666,#10678,#10692)) ;
#10697=CLOSED_SHELL('Closed Shell',(#10723,#10735,#10775,#10792,#10827,#10844,#10853,#10867,#10876)) ;
#10879=CLOSED_SHELL('Closed Shell',(#10886,#10893,#10910,#10917,#10926,#10935,#10944,#10951,#10958)) ;
#11016=CLOSED_SHELL('Closed Shell',(#11056,#11087,#11118,#11135,#11152,#11424,#11464,#11495,#11526,#11557,#11588,#11619,#11650,#11672,#11790,#11812,#11829,#11846,#11863,#11880,#11897,#11914,#11926,#11968,#12010,#12041,#12053,#12084,#12096,#12118,#12125,#12156,#12168,#12199,#12211,#12251,#12282,#12313,#12344,#12375,#12406,#12437,#12468,#12499,#12530,#12556,#12587,#12618,#12649,#12680,#12711,#12737,#12768,#12799,#12830,#12856,#12887,#12918,#12935,#12971,#13002,#13026,#13050,#13074,#13098,#13122,#13146,#13163,#13203,#13220,#13234,#13260,#13284,#13303,#13327,#13346,#13370,#13389,#13413,#13432,#13456,#13475,#13499,#13518,#13542,#13561,#13585,#13604,#13687,#13704,#13716,#13733,#13745,#13762,#13779,#13786,#13828,#13859,#13871,#13881,#13912,#13924,#13929)) ;
#13968=CLOSED_SHELL('Closed Shell',(#14122,#14260,#14282,#14299,#14316,#14356,#14373,#14390,#14407,#14442,#14473,#14490,#14507,#14519,#14538,#14557,#14574,#14581,#14605,#14668,#14692,#14716,#14740,#14764,#14788,#14812,#14834,#14891,#14913,#14929,#14934,#14965,#14977,#14999,#15011)) ;
#15037=CLOSED_SHELL('Closed Shell',(#15077,#15108,#15139,#15195,#15251,#15341,#15381,#15412,#15443,#15474,#15505,#15536,#15567,#15589,#15647,#15687,#15704,#15746,#15780,#15808,#15830,#15837,#15854,#15866,#15883,#15918,#15942,#15966,#15990,#16014,#16038,#16062,#16229,#16245,#16276,#16300,#16324,#16348,#16372,#16396,#16420,#16437,#16471,#16523,#16545,#16552,#16583,#16607,#16631,#16655,#16679,#16696,#16710,#16736,#16760,#16784,#16808,#16827,#16844,#16853,#16884,#16896,#16906,#16937,#16949,#16954)) ;
#16988=CLOSED_SHELL('Closed Shell',(#17028,#17045,#17073,#17101,#17132,#17144,#17172,#17203,#17215,#17255,#17272,#17300,#17323,#17354,#17371,#17402,#17414,#17445,#17457,#17485,#17499,#17530,#17547,#17578,#17590,#17618,#17649,#17661,#17683,#17690)) ;
#13=PRODUCT_DEFINITION('[ACACA]Cell Assembly',' ',#6,#3) ;
#28=PRODUCT_DEFINITION('',' ',#27,#3) ;
#49=PRODUCT_DEFINITION('[MCBPA]Prismatic CAP ASSY',' ',#48,#3) ;
#57=PRODUCT_DEFINITION('[MPABP]Base Plate',' ',#56,#3) ;
#3502=PRODUCT_DEFINITION('[MPATR]Terminal',' ',#3501,#3) ;
#4651=PRODUCT_DEFINITION('[MPAUG]Upper Gasket',' ',#4650,#3) ;
#5727=PRODUCT_DEFINITION('[MISTNSF]Prismatic Top Insulator',' ',#5726,#3) ;
#9656=PRODUCT_DEFINITION('[MPARV]Rivet',' ',#9655,#3) ;
#9664=PRODUCT_DEFINITION('',' ',#9663,#3) ;
#10412=PRODUCT_DEFINITION('[MPASG]Sealing Gasket',' ',#10411,#3) ;
#10420=PRODUCT_DEFINITION('',' ',#10419,#3) ;
#11004=PRODUCT_DEFINITION('[MCBPA]Prismatic CAP ASSY',' ',#11003,#3) ;
#11012=PRODUCT_DEFINITION('[MPABP]Base Plate',' ',#11011,#3) ;
#13964=PRODUCT_DEFINITION('[MPAUG]Upper Gasket',' ',#13963,#3) ;
#15033=PRODUCT_DEFINITION('[MISTNSF]Prismatic Top Insulator',' ',#15032,#3) ;
#16976=PRODUCT_DEFINITION('[MPARV]Rivet',' ',#16975,#3) ;
#16984=PRODUCT_DEFINITION('',' ',#16983,#3) ;
#5=PRODUCT('prd-45864697-00014301','[ACACA]_CellAssembly_ST','[ACACA]_CellAssembly',(#2)) ;
#26=PRODUCT('prd-45864697-00014340','<REFERENCE>_Skeleton_SideTerminal','Skeleton_SideTerminal',(#2)) ;
#47=PRODUCT('prd-45864697-00014295','[MCBPA]_Prismatic_CAP_ASSY_Cathode_ST','[MCBPA]_Prismatic_CAP_ASSY_Cathode_ST',(#2)) ;
#55=PRODUCT('prd-45864697-00014311','[MPABP]_BasePlate_ST','[MPABP]_BasePlate_ST',(#2)) ;
#3500=PRODUCT('prd-45864697-00014351','[MPATR]_Terminal_ST','[MPATR]_Terminal_ST',(#2)) ;
#4649=PRODUCT('prd-45864697-00014320','[MPAUG]_UpperGasket_CA_ST','[MPAUG]_UpperGasket_CA_ST',(#2)) ;
#5725=PRODUCT('prd-45864697-00014344','[MISTNSF]_Prismatic_TopInsulator_ST','[MISTNSF]_Prismatic_TopInsulator_ST',(#2)) ;
#9654=PRODUCT('prd-45864697-00014302','[MPARV]_Rivet_CA_ST','[MPARV]_Rivet_CA_ST',(#2)) ;
#9662=PRODUCT('prd-45864697-00014312','<REFERENCE>_[MPARV]_Rivet_CA_DEFORMED_ST','[MPARV]_Rivet_CA_DEFORMED_ST\X2\000A\X0\',(#2)) ;
#10410=PRODUCT('prd-45864697-00014303','[MPASG]_SealingGasket_ST','[MPASG]_SealingGasket_ST',(#2)) ;
#10418=PRODUCT('prd-45864697-00014328','<REFERENCE>_[MPASG]_SealingGasket_DEFORMED_ST','[MPASG]_SealingGasket_DEFORMED_ST',(#2)) ;
#11002=PRODUCT('prd-45864697-00014296','[MCBPA]_Prismatic_CAP_ASSY_Anode_ST','[MCBPA]_Prismatic_CAP_ASSY_Anode_ST',(#2)) ;
#11010=PRODUCT('prd-45864697-00014352','[MPABP]_BasePlate','[MPABP]_BasePlate_Anode_ST',(#2)) ;
#13962=PRODUCT('prd-45864697-00014321','[MPAUG]_UpperGasket_AN_ST','[MPAUG]_UpperGasket_AN_ST\X2\000A\X0\',(#2)) ;
#15031=PRODUCT('prd-45864697-00014317','[MISTNSF]_Prismatic_TopInsulator','[MISTNSF]_Prismatic_TopInsulator_Anode_ST',(#2)) ;
#16974=PRODUCT('prd-45864697-00014297','[MPARV]_Rivet_AN_ST','',(#2)) ;
#16982=PRODUCT('prd-45864697-00014353','<REFERENCE>_[MPARV]_Rivet_AN_DEFORMED_ST','[MPARV]_Rivet_A_DEFORMED',(#2)) ;
#2=PRODUCT_CONTEXT(' ',#1,'mechanical') ;
#1=APPLICATION_CONTEXT('managed model based 3d engineering') ;
#3=PRODUCT_DEFINITION_CONTEXT('part definition',#1,' ') ;
#15=SHAPE_REPRESENTATION(' ',(#35,#10990,#17737),#21) ;
#24=SHAPE_REPRESENTATION(' ',(#36),#23) ;
#45=SHAPE_REPRESENTATION(' ',(#3488,#4637,#5713,#9642,#10398,#10977,#10991),#44) ;
#53=SHAPE_REPRESENTATION(' ',(#3489),#52) ;
#3498=SHAPE_REPRESENTATION(' ',(#4638,#13951),#3497) ;
#4647=SHAPE_REPRESENTATION(' ',(#5714),#4646) ;
#5723=SHAPE_REPRESENTATION(' ',(#9643),#5722) ;
#9652=SHAPE_REPRESENTATION(' ',(#10385,#10399),#9651) ;
#9660=SHAPE_REPRESENTATION(' ',(#10386),#9659) ;
#10408=SHAPE_REPRESENTATION(' ',(#10964,#10978,#17725),#10407) ;
#10416=SHAPE_REPRESENTATION(' ',(#10965),#10415) ;
#11000=SHAPE_REPRESENTATION(' ',(#13937,#13950,#15019,#16962,#17711,#17724,#17738),#10999) ;
#11008=SHAPE_REPRESENTATION(' ',(#13938),#11007) ;
#13960=SHAPE_REPRESENTATION(' ',(#15020),#13959) ;
#15029=SHAPE_REPRESENTATION(' ',(#16963),#15028) ;
#16972=SHAPE_REPRESENTATION(' ',(#17698,#17712),#16971) ;
#16980=SHAPE_REPRESENTATION(' ',(#17699),#16979) ;
#79=VERTEX_POINT('',#78) ;
#81=VERTEX_POINT('',#80) ;
#88=VERTEX_POINT('',#87) ;
#95=VERTEX_POINT('',#94) ;
#119=VERTEX_POINT('',#118) ;
#121=VERTEX_POINT('',#120) ;
#150=VERTEX_POINT('',#149) ;
#157=VERTEX_POINT('',#156) ;
#181=VERTEX_POINT('',#180) ;
#188=VERTEX_POINT('',#187) ;
#195=VERTEX_POINT('',#194) ;
#202=VERTEX_POINT('',#201) ;
#209=VERTEX_POINT('',#208) ;
#216=VERTEX_POINT('',#215) ;
#223=VERTEX_POINT('',#222) ;
#230=VERTEX_POINT('',#229) ;
#262=VERTEX_POINT('',#261) ;
#286=VERTEX_POINT('',#285) ;
#310=VERTEX_POINT('',#309) ;
#329=VERTEX_POINT('',#328) ;
#353=VERTEX_POINT('',#352) ;
#372=VERTEX_POINT('',#371) ;
#391=VERTEX_POINT('',#390) ;
#415=VERTEX_POINT('',#414) ;
#451=VERTEX_POINT('',#450) ;
#453=VERTEX_POINT('',#452) ;
#460=VERTEX_POINT('',#459) ;
#467=VERTEX_POINT('',#466) ;
#474=VERTEX_POINT('',#473) ;
#481=VERTEX_POINT('',#480) ;
#488=VERTEX_POINT('',#487) ;
#495=VERTEX_POINT('',#494) ;
#531=VERTEX_POINT('',#530) ;
#533=VERTEX_POINT('',#532) ;
#540=VERTEX_POINT('',#539) ;
#547=VERTEX_POINT('',#546) ;
#554=VERTEX_POINT('',#553) ;
#561=VERTEX_POINT('',#560) ;
#568=VERTEX_POINT('',#567) ;
#575=VERTEX_POINT('',#574) ;
#582=VERTEX_POINT('',#581) ;
#589=VERTEX_POINT('',#588) ;
#596=VERTEX_POINT('',#595) ;
#603=VERTEX_POINT('',#602) ;
#610=VERTEX_POINT('',#609) ;
#617=VERTEX_POINT('',#616) ;
#624=VERTEX_POINT('',#623) ;
#631=VERTEX_POINT('',#630) ;
#638=VERTEX_POINT('',#637) ;
#645=VERTEX_POINT('',#644) ;
#652=VERTEX_POINT('',#651) ;
#659=VERTEX_POINT('',#658) ;
#666=VERTEX_POINT('',#665) ;
#673=VERTEX_POINT('',#672) ;
#680=VERTEX_POINT('',#679) ;
#687=VERTEX_POINT('',#686) ;
#725=VERTEX_POINT('',#724) ;
#727=VERTEX_POINT('',#726) ;
#749=VERTEX_POINT('',#748) ;
#751=VERTEX_POINT('',#750) ;
#758=VERTEX_POINT('',#757) ;
#765=VERTEX_POINT('',#764) ;
#811=VERTEX_POINT('',#810) ;
#813=VERTEX_POINT('',#812) ;
#839=VERTEX_POINT('',#838) ;
#846=VERTEX_POINT('',#845) ;
#882=VERTEX_POINT('',#881) ;
#884=VERTEX_POINT('',#883) ;
#891=VERTEX_POINT('',#890) ;
#898=VERTEX_POINT('',#897) ;
#922=VERTEX_POINT('',#921) ;
#924=VERTEX_POINT('',#923) ;
#953=VERTEX_POINT('',#952) ;
#955=VERTEX_POINT('',#954) ;
#984=VERTEX_POINT('',#983) ;
#986=VERTEX_POINT('',#985) ;
#1015=VERTEX_POINT('',#1014) ;
#1017=VERTEX_POINT('',#1016) ;
#1046=VERTEX_POINT('',#1045) ;
#1048=VERTEX_POINT('',#1047) ;
#1077=VERTEX_POINT('',#1076) ;
#1079=VERTEX_POINT('',#1078) ;
#1140=VERTEX_POINT('',#1139) ;
#1142=VERTEX_POINT('',#1141) ;
#1149=VERTEX_POINT('',#1148) ;
#1156=VERTEX_POINT('',#1155) ;
#1163=VERTEX_POINT('',#1162) ;
#1170=VERTEX_POINT('',#1169) ;
#1177=VERTEX_POINT('',#1176) ;
#1184=VERTEX_POINT('',#1183) ;
#1206=VERTEX_POINT('',#1205) ;
#1208=VERTEX_POINT('',#1207) ;
#1224=VERTEX_POINT('',#1223) ;
#1226=VERTEX_POINT('',#1225) ;
#1242=VERTEX_POINT('',#1241) ;
#1244=VERTEX_POINT('',#1243) ;
#1402=VERTEX_POINT('',#1401) ;
#1404=VERTEX_POINT('',#1403) ;
#1445=VERTEX_POINT('',#1444) ;
#1447=VERTEX_POINT('',#1446) ;
#1463=VERTEX_POINT('',#1462) ;
#1465=VERTEX_POINT('',#1464) ;
#1487=VERTEX_POINT('',#1486) ;
#1489=VERTEX_POINT('',#1488) ;
#1505=VERTEX_POINT('',#1504) ;
#1507=VERTEX_POINT('',#1506) ;
#1529=VERTEX_POINT('',#1528) ;
#1531=VERTEX_POINT('',#1530) ;
#1572=VERTEX_POINT('',#1571) ;
#1574=VERTEX_POINT('',#1573) ;
#1644=VERTEX_POINT('',#1643) ;
#1646=VERTEX_POINT('',#1645) ;
#1687=VERTEX_POINT('',#1686) ;
#1689=VERTEX_POINT('',#1688) ;
#1730=VERTEX_POINT('',#1729) ;
#1732=VERTEX_POINT('',#1731) ;
#1739=VERTEX_POINT('',#1738) ;
#1746=VERTEX_POINT('',#1745) ;
#1770=VERTEX_POINT('',#1769) ;
#1777=VERTEX_POINT('',#1776) ;
#1801=VERTEX_POINT('',#1800) ;
#1808=VERTEX_POINT('',#1807) ;
#1832=VERTEX_POINT('',#1831) ;
#1839=VERTEX_POINT('',#1838) ;
#1863=VERTEX_POINT('',#1862) ;
#1870=VERTEX_POINT('',#1869) ;
#1894=VERTEX_POINT('',#1893) ;
#1896=VERTEX_POINT('',#1895) ;
#1925=VERTEX_POINT('',#1924) ;
#1932=VERTEX_POINT('',#1931) ;
#1956=VERTEX_POINT('',#1955) ;
#1958=VERTEX_POINT('',#1957) ;
#1987=VERTEX_POINT('',#1986) ;
#1994=VERTEX_POINT('',#1993) ;
#2018=VERTEX_POINT('',#2017) ;
#2025=VERTEX_POINT('',#2024) ;
#2044=VERTEX_POINT('',#2043) ;
#2046=VERTEX_POINT('',#2045) ;
#2075=VERTEX_POINT('',#2074) ;
#2082=VERTEX_POINT('',#2081) ;
#2106=VERTEX_POINT('',#2105) ;
#2113=VERTEX_POINT('',#2112) ;
#2137=VERTEX_POINT('',#2136) ;
#2144=VERTEX_POINT('',#2143) ;
#2168=VERTEX_POINT('',#2167) ;
#2175=VERTEX_POINT('',#2174) ;
#2199=VERTEX_POINT('',#2198) ;
#2206=VERTEX_POINT('',#2205) ;
#2225=VERTEX_POINT('',#2224) ;
#2232=VERTEX_POINT('',#2231) ;
#2256=VERTEX_POINT('',#2255) ;
#2258=VERTEX_POINT('',#2257) ;
#2287=VERTEX_POINT('',#2286) ;
#2294=VERTEX_POINT('',#2293) ;
#2318=VERTEX_POINT('',#2317) ;
#2320=VERTEX_POINT('',#2319) ;
#2344=VERTEX_POINT('',#2343) ;
#2351=VERTEX_POINT('',#2350) ;
#2375=VERTEX_POINT('',#2374) ;
#2382=VERTEX_POINT('',#2381) ;
#2406=VERTEX_POINT('',#2405) ;
#2413=VERTEX_POINT('',#2412) ;
#2490=VERTEX_POINT('',#2489) ;
#2497=VERTEX_POINT('',#2496) ;
#2521=VERTEX_POINT('',#2520) ;
#2545=VERTEX_POINT('',#2544) ;
#2569=VERTEX_POINT('',#2568) ;
#2593=VERTEX_POINT('',#2592) ;
#2617=VERTEX_POINT('',#2616) ;
#2641=VERTEX_POINT('',#2640) ;
#2682=VERTEX_POINT('',#2681) ;
#2684=VERTEX_POINT('',#2683) ;
#2691=VERTEX_POINT('',#2690) ;
#2698=VERTEX_POINT('',#2697) ;
#2748=VERTEX_POINT('',#2747) ;
#2750=VERTEX_POINT('',#2749) ;
#2779=VERTEX_POINT('',#2778) ;
#2798=VERTEX_POINT('',#2797) ;
#2822=VERTEX_POINT('',#2821) ;
#2841=VERTEX_POINT('',#2840) ;
#2865=VERTEX_POINT('',#2864) ;
#2884=VERTEX_POINT('',#2883) ;
#2908=VERTEX_POINT('',#2907) ;
#2927=VERTEX_POINT('',#2926) ;
#2951=VERTEX_POINT('',#2950) ;
#2970=VERTEX_POINT('',#2969) ;
#2994=VERTEX_POINT('',#2993) ;
#3013=VERTEX_POINT('',#3012) ;
#3037=VERTEX_POINT('',#3036) ;
#3056=VERTEX_POINT('',#3055) ;
#3080=VERTEX_POINT('',#3079) ;
#3099=VERTEX_POINT('',#3098) ;
#3123=VERTEX_POINT('',#3122) ;
#3130=VERTEX_POINT('',#3129) ;
#3137=VERTEX_POINT('',#3136) ;
#3144=VERTEX_POINT('',#3143) ;
#3151=VERTEX_POINT('',#3150) ;
#3158=VERTEX_POINT('',#3157) ;
#3390=VERTEX_POINT('',#3389) ;
#3397=VERTEX_POINT('',#3396) ;
#3443=VERTEX_POINT('',#3442) ;
#3450=VERTEX_POINT('',#3449) ;
#3524=VERTEX_POINT('',#3523) ;
#3526=VERTEX_POINT('',#3525) ;
#3533=VERTEX_POINT('',#3532) ;
#3540=VERTEX_POINT('',#3539) ;
#3547=VERTEX_POINT('',#3546) ;
#3554=VERTEX_POINT('',#3553) ;
#3561=VERTEX_POINT('',#3560) ;
#3568=VERTEX_POINT('',#3567) ;
#3590=VERTEX_POINT('',#3589) ;
#3592=VERTEX_POINT('',#3591) ;
#3614=VERTEX_POINT('',#3613) ;
#3621=VERTEX_POINT('',#3620) ;
#3645=VERTEX_POINT('',#3644) ;
#3669=VERTEX_POINT('',#3668) ;
#3693=VERTEX_POINT('',#3692) ;
#3717=VERTEX_POINT('',#3716) ;
#3741=VERTEX_POINT('',#3740) ;
#3765=VERTEX_POINT('',#3764) ;
#3806=VERTEX_POINT('',#3805) ;
#3808=VERTEX_POINT('',#3807) ;
#3825=VERTEX_POINT('',#3824) ;
#3827=VERTEX_POINT('',#3826) ;
#3849=VERTEX_POINT('',#3848) ;
#3851=VERTEX_POINT('',#3850) ;
#3858=VERTEX_POINT('',#3857) ;
#3865=VERTEX_POINT('',#3864) ;
#3906=VERTEX_POINT('',#3905) ;
#3913=VERTEX_POINT('',#3912) ;
#3953=VERTEX_POINT('',#3952) ;
#3955=VERTEX_POINT('',#3954) ;
#3991=VERTEX_POINT('',#3990) ;
#3998=VERTEX_POINT('',#3997) ;
#4022=VERTEX_POINT('',#4021) ;
#4029=VERTEX_POINT('',#4028) ;
#4070=VERTEX_POINT('',#4069) ;
#4077=VERTEX_POINT('',#4076) ;
#4101=VERTEX_POINT('',#4100) ;
#4125=VERTEX_POINT('',#4124) ;
#4149=VERTEX_POINT('',#4148) ;
#4156=VERTEX_POINT('',#4155) ;
#4181=VERTEX_POINT('',#4180) ;
#4188=VERTEX_POINT('',#4187) ;
#4213=VERTEX_POINT('',#4212) ;
#4220=VERTEX_POINT('',#4219) ;
#4244=VERTEX_POINT('',#4243) ;
#4268=VERTEX_POINT('',#4267) ;
#4292=VERTEX_POINT('',#4291) ;
#4330=VERTEX_POINT('',#4329) ;
#4359=VERTEX_POINT('',#4358) ;
#4386=VERTEX_POINT('',#4385) ;
#4412=VERTEX_POINT('',#4411) ;
#4419=VERTEX_POINT('',#4418) ;
#4443=VERTEX_POINT('',#4442) ;
#4467=VERTEX_POINT('',#4466) ;
#4525=VERTEX_POINT('',#4524) ;
#4527=VERTEX_POINT('',#4526) ;
#4582=VERTEX_POINT('',#4581) ;
#4584=VERTEX_POINT('',#4583) ;
#4673=VERTEX_POINT('',#4672) ;
#4675=VERTEX_POINT('',#4674) ;
#4682=VERTEX_POINT('',#4681) ;
#4689=VERTEX_POINT('',#4688) ;
#4696=VERTEX_POINT('',#4695) ;
#4703=VERTEX_POINT('',#4702) ;
#4710=VERTEX_POINT('',#4709) ;
#4717=VERTEX_POINT('',#4716) ;
#4724=VERTEX_POINT('',#4723) ;
#4731=VERTEX_POINT('',#4730) ;
#4738=VERTEX_POINT('',#4737) ;
#4745=VERTEX_POINT('',#4744) ;
#4752=VERTEX_POINT('',#4751) ;
#4759=VERTEX_POINT('',#4758) ;
#4766=VERTEX_POINT('',#4765) ;
#4773=VERTEX_POINT('',#4772) ;
#4803=VERTEX_POINT('',#4802) ;
#4805=VERTEX_POINT('',#4804) ;
#4827=VERTEX_POINT('',#4826) ;
#4829=VERTEX_POINT('',#4828) ;
#4836=VERTEX_POINT('',#4835) ;
#4843=VERTEX_POINT('',#4842) ;
#4850=VERTEX_POINT('',#4849) ;
#4857=VERTEX_POINT('',#4856) ;
#4864=VERTEX_POINT('',#4863) ;
#4871=VERTEX_POINT('',#4870) ;
#4893=VERTEX_POINT('',#4892) ;
#4895=VERTEX_POINT('',#4894) ;
#4902=VERTEX_POINT('',#4901) ;
#4909=VERTEX_POINT('',#4908) ;
#4916=VERTEX_POINT('',#4915) ;
#4923=VERTEX_POINT('',#4922) ;
#4930=VERTEX_POINT('',#4929) ;
#4937=VERTEX_POINT('',#4936) ;
#5021=VERTEX_POINT('',#5020) ;
#5028=VERTEX_POINT('',#5027) ;
#5112=VERTEX_POINT('',#5111) ;
#5119=VERTEX_POINT('',#5118) ;
#5147=VERTEX_POINT('',#5146) ;
#5149=VERTEX_POINT('',#5148) ;
#5219=VERTEX_POINT('',#5218) ;
#5238=VERTEX_POINT('',#5237) ;
#5286=VERTEX_POINT('',#5285) ;
#5288=VERTEX_POINT('',#5287) ;
#5310=VERTEX_POINT('',#5309) ;
#5317=VERTEX_POINT('',#5316) ;
#5324=VERTEX_POINT('',#5323) ;
#5331=VERTEX_POINT('',#5330) ;
#5338=VERTEX_POINT('',#5337) ;
#5345=VERTEX_POINT('',#5344) ;
#5373=VERTEX_POINT('',#5372) ;
#5397=VERTEX_POINT('',#5396) ;
#5421=VERTEX_POINT('',#5420) ;
#5445=VERTEX_POINT('',#5444) ;
#5469=VERTEX_POINT('',#5468) ;
#5493=VERTEX_POINT('',#5492) ;
#5539=VERTEX_POINT('',#5538) ;
#5546=VERTEX_POINT('',#5545) ;
#5572=VERTEX_POINT('',#5571) ;
#5574=VERTEX_POINT('',#5573) ;
#5639=VERTEX_POINT('',#5638) ;
#5641=VERTEX_POINT('',#5640) ;
#5749=VERTEX_POINT('',#5748) ;
#5751=VERTEX_POINT('',#5750) ;
#5758=VERTEX_POINT('',#5757) ;
#5765=VERTEX_POINT('',#5764) ;
#5789=VERTEX_POINT('',#5788) ;
#5796=VERTEX_POINT('',#5795) ;
#5820=VERTEX_POINT('',#5819) ;
#5827=VERTEX_POINT('',#5826) ;
#5851=VERTEX_POINT('',#5850) ;
#5853=VERTEX_POINT('',#5852) ;
#5860=VERTEX_POINT('',#5859) ;
#5867=VERTEX_POINT('',#5866) ;
#5874=VERTEX_POINT('',#5873) ;
#5881=VERTEX_POINT('',#5880) ;
#5907=VERTEX_POINT('',#5906) ;
#5914=VERTEX_POINT('',#5913) ;
#5921=VERTEX_POINT('',#5920) ;
#5928=VERTEX_POINT('',#5927) ;
#5963=VERTEX_POINT('',#5962) ;
#5981=VERTEX_POINT('',#5980) ;
#5983=VERTEX_POINT('',#5982) ;
#5990=VERTEX_POINT('',#5989) ;
#5997=VERTEX_POINT('',#5996) ;
#6004=VERTEX_POINT('',#6003) ;
#6011=VERTEX_POINT('',#6010) ;
#6018=VERTEX_POINT('',#6017) ;
#6025=VERTEX_POINT('',#6024) ;
#6032=VERTEX_POINT('',#6031) ;
#6039=VERTEX_POINT('',#6038) ;
#6046=VERTEX_POINT('',#6045) ;
#6053=VERTEX_POINT('',#6052) ;
#6060=VERTEX_POINT('',#6059) ;
#6067=VERTEX_POINT('',#6066) ;
#6074=VERTEX_POINT('',#6073) ;
#6081=VERTEX_POINT('',#6080) ;
#6088=VERTEX_POINT('',#6087) ;
#6095=VERTEX_POINT('',#6094) ;
#6102=VERTEX_POINT('',#6101) ;
#6109=VERTEX_POINT('',#6108) ;
#6116=VERTEX_POINT('',#6115) ;
#6123=VERTEX_POINT('',#6122) ;
#6130=VERTEX_POINT('',#6129) ;
#6137=VERTEX_POINT('',#6136) ;
#6175=VERTEX_POINT('',#6174) ;
#6177=VERTEX_POINT('',#6176) ;
#6184=VERTEX_POINT('',#6183) ;
#6191=VERTEX_POINT('',#6190) ;
#6198=VERTEX_POINT('',#6197) ;
#6205=VERTEX_POINT('',#6204) ;
#6212=VERTEX_POINT('',#6211) ;
#6219=VERTEX_POINT('',#6218) ;
#6247=VERTEX_POINT('',#6246) ;
#6249=VERTEX_POINT('',#6248) ;
#6256=VERTEX_POINT('',#6255) ;
#6263=VERTEX_POINT('',#6262) ;
#6287=VERTEX_POINT('',#6286) ;
#6294=VERTEX_POINT('',#6293) ;
#6318=VERTEX_POINT('',#6317) ;
#6320=VERTEX_POINT('',#6319) ;
#6349=VERTEX_POINT('',#6348) ;
#6356=VERTEX_POINT('',#6355) ;
#6380=VERTEX_POINT('',#6379) ;
#6387=VERTEX_POINT('',#6386) ;
#6411=VERTEX_POINT('',#6410) ;
#6418=VERTEX_POINT('',#6417) ;
#6442=VERTEX_POINT('',#6441) ;
#6449=VERTEX_POINT('',#6448) ;
#6495=VERTEX_POINT('',#6494) ;
#6502=VERTEX_POINT('',#6501) ;
#6509=VERTEX_POINT('',#6508) ;
#6516=VERTEX_POINT('',#6515) ;
#6523=VERTEX_POINT('',#6522) ;
#6553=VERTEX_POINT('',#6552) ;
#6555=VERTEX_POINT('',#6554) ;
#6562=VERTEX_POINT('',#6561) ;
#6569=VERTEX_POINT('',#6568) ;
#6605=VERTEX_POINT('',#6604) ;
#6607=VERTEX_POINT('',#6606) ;
#6614=VERTEX_POINT('',#6613) ;
#6621=VERTEX_POINT('',#6620) ;
#6662=VERTEX_POINT('',#6661) ;
#6664=VERTEX_POINT('',#6663) ;
#6686=VERTEX_POINT('',#6685) ;
#6688=VERTEX_POINT('',#6687) ;
#6789=VERTEX_POINT('',#6788) ;
#6796=VERTEX_POINT('',#6795) ;
#6824=VERTEX_POINT('',#6823) ;
#6848=VERTEX_POINT('',#6847) ;
#6872=VERTEX_POINT('',#6871) ;
#6896=VERTEX_POINT('',#6895) ;
#6920=VERTEX_POINT('',#6919) ;
#6944=VERTEX_POINT('',#6943) ;
#6993=VERTEX_POINT('',#6992) ;
#6995=VERTEX_POINT('',#6994) ;
#7011=VERTEX_POINT('',#7010) ;
#7013=VERTEX_POINT('',#7012) ;
#7020=VERTEX_POINT('',#7019) ;
#7027=VERTEX_POINT('',#7026) ;
#7034=VERTEX_POINT('',#7033) ;
#7041=VERTEX_POINT('',#7040) ;
#7061=VERTEX_POINT('',#7060) ;
#7063=VERTEX_POINT('',#7062) ;
#7070=VERTEX_POINT('',#7069) ;
#7077=VERTEX_POINT('',#7076) ;
#7084=VERTEX_POINT('',#7083) ;
#7091=VERTEX_POINT('',#7090) ;
#7111=VERTEX_POINT('',#7110) ;
#7113=VERTEX_POINT('',#7112) ;
#7129=VERTEX_POINT('',#7128) ;
#7131=VERTEX_POINT('',#7130) ;
#7169=VERTEX_POINT('',#7168) ;
#7176=VERTEX_POINT('',#7175) ;
#7200=VERTEX_POINT('',#7199) ;
#7224=VERTEX_POINT('',#7223) ;
#7248=VERTEX_POINT('',#7247) ;
#7272=VERTEX_POINT('',#7271) ;
#7296=VERTEX_POINT('',#7295) ;
#7320=VERTEX_POINT('',#7319) ;
#7371=VERTEX_POINT('',#7370) ;
#7373=VERTEX_POINT('',#7372) ;
#7395=VERTEX_POINT('',#7394) ;
#7397=VERTEX_POINT('',#7396) ;
#7413=VERTEX_POINT('',#7412) ;
#7415=VERTEX_POINT('',#7414) ;
#7438=VERTEX_POINT('',#7437) ;
#7440=VERTEX_POINT('',#7439) ;
#7454=VERTEX_POINT('',#7453) ;
#7463=VERTEX_POINT('',#7462) ;
#7477=VERTEX_POINT('',#7476) ;
#7486=VERTEX_POINT('',#7485) ;
#7500=VERTEX_POINT('',#7499) ;
#7508=VERTEX_POINT('',#7507) ;
#7550=VERTEX_POINT('',#7549) ;
#7564=VERTEX_POINT('',#7563) ;
#7573=VERTEX_POINT('',#7572) ;
#7587=VERTEX_POINT('',#7586) ;
#7596=VERTEX_POINT('',#7595) ;
#7610=VERTEX_POINT('',#7609) ;
#7659=VERTEX_POINT('',#7658) ;
#7661=VERTEX_POINT('',#7660) ;
#7728=VERTEX_POINT('',#7727) ;
#7735=VERTEX_POINT('',#7734) ;
#7759=VERTEX_POINT('',#7758) ;
#7783=VERTEX_POINT('',#7782) ;
#7807=VERTEX_POINT('',#7806) ;
#7831=VERTEX_POINT('',#7830) ;
#7881=VERTEX_POINT('',#7880) ;
#7888=VERTEX_POINT('',#7887) ;
#7912=VERTEX_POINT('',#7911) ;
#7936=VERTEX_POINT('',#7935) ;
#7960=VERTEX_POINT('',#7959) ;
#7979=VERTEX_POINT('',#7978) ;
#8029=VERTEX_POINT('',#8028) ;
#8031=VERTEX_POINT('',#8030) ;
#8072=VERTEX_POINT('',#8071) ;
#8074=VERTEX_POINT('',#8073) ;
#8081=VERTEX_POINT('',#8080) ;
#8099=VERTEX_POINT('',#8098) ;
#8101=VERTEX_POINT('',#8100) ;
#8108=VERTEX_POINT('',#8107) ;
#8115=VERTEX_POINT('',#8114) ;
#8134=VERTEX_POINT('',#8133) ;
#8136=VERTEX_POINT('',#8135) ;
#8143=VERTEX_POINT('',#8142) ;
#8161=VERTEX_POINT('',#8160) ;
#8163=VERTEX_POINT('',#8162) ;
#8170=VERTEX_POINT('',#8169) ;
#8188=VERTEX_POINT('',#8187) ;
#8190=VERTEX_POINT('',#8189) ;
#8197=VERTEX_POINT('',#8196) ;
#8204=VERTEX_POINT('',#8203) ;
#8223=VERTEX_POINT('',#8222) ;
#8225=VERTEX_POINT('',#8224) ;
#8232=VERTEX_POINT('',#8231) ;
#8255=VERTEX_POINT('',#8254) ;
#8257=VERTEX_POINT('',#8256) ;
#8264=VERTEX_POINT('',#8263) ;
#8271=VERTEX_POINT('',#8270) ;
#8325=VERTEX_POINT('',#8324) ;
#8332=VERTEX_POINT('',#8331) ;
#8339=VERTEX_POINT('',#8338) ;
#8377=VERTEX_POINT('',#8376) ;
#8384=VERTEX_POINT('',#8383) ;
#8391=VERTEX_POINT('',#8390) ;
#8451=VERTEX_POINT('',#8450) ;
#8453=VERTEX_POINT('',#8452) ;
#8460=VERTEX_POINT('',#8459) ;
#8467=VERTEX_POINT('',#8466) ;
#8521=VERTEX_POINT('',#8520) ;
#8528=VERTEX_POINT('',#8527) ;
#8566=VERTEX_POINT('',#8565) ;
#8573=VERTEX_POINT('',#8572) ;
#8580=VERTEX_POINT('',#8579) ;
#8639=VERTEX_POINT('',#8638) ;
#8641=VERTEX_POINT('',#8640) ;
#8648=VERTEX_POINT('',#8647) ;
#8655=VERTEX_POINT('',#8654) ;
#8709=VERTEX_POINT('',#8708) ;
#8716=VERTEX_POINT('',#8715) ;
#8754=VERTEX_POINT('',#8753) ;
#8761=VERTEX_POINT('',#8760) ;
#8768=VERTEX_POINT('',#8767) ;
#8827=VERTEX_POINT('',#8826) ;
#8829=VERTEX_POINT('',#8828) ;
#8836=VERTEX_POINT('',#8835) ;
#8843=VERTEX_POINT('',#8842) ;
#8897=VERTEX_POINT('',#8896) ;
#8904=VERTEX_POINT('',#8903) ;
#8942=VERTEX_POINT('',#8941) ;
#8949=VERTEX_POINT('',#8948) ;
#8956=VERTEX_POINT('',#8955) ;
#9016=VERTEX_POINT('',#9015) ;
#9018=VERTEX_POINT('',#9017) ;
#9025=VERTEX_POINT('',#9024) ;
#9032=VERTEX_POINT('',#9031) ;
#9086=VERTEX_POINT('',#9085) ;
#9093=VERTEX_POINT('',#9092) ;
#9131=VERTEX_POINT('',#9130) ;
#9138=VERTEX_POINT('',#9137) ;
#9145=VERTEX_POINT('',#9144) ;
#9204=VERTEX_POINT('',#9203) ;
#9206=VERTEX_POINT('',#9205) ;
#9213=VERTEX_POINT('',#9212) ;
#9220=VERTEX_POINT('',#9219) ;
#9274=VERTEX_POINT('',#9273) ;
#9281=VERTEX_POINT('',#9280) ;
#9319=VERTEX_POINT('',#9318) ;
#9326=VERTEX_POINT('',#9325) ;
#9410=VERTEX_POINT('',#9409) ;
#9412=VERTEX_POINT('',#9411) ;
#9463=VERTEX_POINT('',#9462) ;
#9470=VERTEX_POINT('',#9469) ;
#9544=VERTEX_POINT('',#9543) ;
#9551=VERTEX_POINT('',#9550) ;
#9597=VERTEX_POINT('',#9596) ;
#9604=VERTEX_POINT('',#9603) ;
#9686=VERTEX_POINT('',#9685) ;
#9688=VERTEX_POINT('',#9687) ;
#9695=VERTEX_POINT('',#9694) ;
#9702=VERTEX_POINT('',#9701) ;
#9747=VERTEX_POINT('',#9746) ;
#9749=VERTEX_POINT('',#9748) ;
#9771=VERTEX_POINT('',#9770) ;
#9773=VERTEX_POINT('',#9772) ;
#9799=VERTEX_POINT('',#9798) ;
#9806=VERTEX_POINT('',#9805) ;
#9846=VERTEX_POINT('',#9845) ;
#9848=VERTEX_POINT('',#9847) ;
#9870=VERTEX_POINT('',#9869) ;
#9877=VERTEX_POINT('',#9876) ;
#9913=VERTEX_POINT('',#9912) ;
#9915=VERTEX_POINT('',#9914) ;
#9922=VERTEX_POINT('',#9921) ;
#9929=VERTEX_POINT('',#9928) ;
#9974=VERTEX_POINT('',#9973) ;
#9976=VERTEX_POINT('',#9975) ;
#9993=VERTEX_POINT('',#9992) ;
#9995=VERTEX_POINT('',#9994) ;
#10021=VERTEX_POINT('',#10020) ;
#10023=VERTEX_POINT('',#10022) ;
#10069=VERTEX_POINT('',#10068) ;
#10076=VERTEX_POINT('',#10075) ;
#10112=VERTEX_POINT('',#10111) ;
#10119=VERTEX_POINT('',#10118) ;
#10155=VERTEX_POINT('',#10154) ;
#10157=VERTEX_POINT('',#10156) ;
#10197=VERTEX_POINT('',#10196) ;
#10204=VERTEX_POINT('',#10203) ;
#10245=VERTEX_POINT('',#10244) ;
#10252=VERTEX_POINT('',#10251) ;
#10292=VERTEX_POINT('',#10291) ;
#10294=VERTEX_POINT('',#10293) ;
#10316=VERTEX_POINT('',#10315) ;
#10323=VERTEX_POINT('',#10322) ;
#10454=VERTEX_POINT('',#10453) ;
#10456=VERTEX_POINT('',#10455) ;
#10496=VERTEX_POINT('',#10495) ;
#10498=VERTEX_POINT('',#10497) ;
#10532=VERTEX_POINT('',#10531) ;
#10539=VERTEX_POINT('',#10538) ;
#10575=VERTEX_POINT('',#10574) ;
#10582=VERTEX_POINT('',#10581) ;
#10618=VERTEX_POINT('',#10617) ;
#10620=VERTEX_POINT('',#10619) ;
#10646=VERTEX_POINT('',#10645) ;
#10653=VERTEX_POINT('',#10652) ;
#10703=VERTEX_POINT('',#10702) ;
#10710=VERTEX_POINT('',#10709) ;
#10746=VERTEX_POINT('',#10745) ;
#10748=VERTEX_POINT('',#10747) ;
#10755=VERTEX_POINT('',#10754) ;
#10762=VERTEX_POINT('',#10761) ;
#10798=VERTEX_POINT('',#10797) ;
#10800=VERTEX_POINT('',#10799) ;
#10807=VERTEX_POINT('',#10806) ;
#10814=VERTEX_POINT('',#10813) ;
#11027=VERTEX_POINT('',#11026) ;
#11029=VERTEX_POINT('',#11028) ;
#11036=VERTEX_POINT('',#11035) ;
#11043=VERTEX_POINT('',#11042) ;
#11067=VERTEX_POINT('',#11066) ;
#11069=VERTEX_POINT('',#11068) ;
#11098=VERTEX_POINT('',#11097) ;
#11105=VERTEX_POINT('',#11104) ;
#11163=VERTEX_POINT('',#11162) ;
#11165=VERTEX_POINT('',#11164) ;
#11172=VERTEX_POINT('',#11171) ;
#11179=VERTEX_POINT('',#11178) ;
#11186=VERTEX_POINT('',#11185) ;
#11193=VERTEX_POINT('',#11192) ;
#11200=VERTEX_POINT('',#11199) ;
#11207=VERTEX_POINT('',#11206) ;
#11235=VERTEX_POINT('',#11234) ;
#11237=VERTEX_POINT('',#11236) ;
#11244=VERTEX_POINT('',#11243) ;
#11251=VERTEX_POINT('',#11250) ;
#11258=VERTEX_POINT('',#11257) ;
#11265=VERTEX_POINT('',#11264) ;
#11272=VERTEX_POINT('',#11271) ;
#11279=VERTEX_POINT('',#11278) ;
#11286=VERTEX_POINT('',#11285) ;
#11293=VERTEX_POINT('',#11292) ;
#11300=VERTEX_POINT('',#11299) ;
#11307=VERTEX_POINT('',#11306) ;
#11314=VERTEX_POINT('',#11313) ;
#11321=VERTEX_POINT('',#11320) ;
#11328=VERTEX_POINT('',#11327) ;
#11335=VERTEX_POINT('',#11334) ;
#11342=VERTEX_POINT('',#11341) ;
#11349=VERTEX_POINT('',#11348) ;
#11356=VERTEX_POINT('',#11355) ;
#11363=VERTEX_POINT('',#11362) ;
#11370=VERTEX_POINT('',#11369) ;
#11377=VERTEX_POINT('',#11376) ;
#11384=VERTEX_POINT('',#11383) ;
#11391=VERTEX_POINT('',#11390) ;
#11435=VERTEX_POINT('',#11434) ;
#11437=VERTEX_POINT('',#11436) ;
#11444=VERTEX_POINT('',#11443) ;
#11451=VERTEX_POINT('',#11450) ;
#11475=VERTEX_POINT('',#11474) ;
#11477=VERTEX_POINT('',#11476) ;
#11506=VERTEX_POINT('',#11505) ;
#11508=VERTEX_POINT('',#11507) ;
#11537=VERTEX_POINT('',#11536) ;
#11539=VERTEX_POINT('',#11538) ;
#11568=VERTEX_POINT('',#11567) ;
#11570=VERTEX_POINT('',#11569) ;
#11599=VERTEX_POINT('',#11598) ;
#11601=VERTEX_POINT('',#11600) ;
#11630=VERTEX_POINT('',#11629) ;
#11632=VERTEX_POINT('',#11631) ;
#11693=VERTEX_POINT('',#11692) ;
#11695=VERTEX_POINT('',#11694) ;
#11702=VERTEX_POINT('',#11701) ;
#11709=VERTEX_POINT('',#11708) ;
#11716=VERTEX_POINT('',#11715) ;
#11723=VERTEX_POINT('',#11722) ;
#11730=VERTEX_POINT('',#11729) ;
#11737=VERTEX_POINT('',#11736) ;
#11759=VERTEX_POINT('',#11758) ;
#11761=VERTEX_POINT('',#11760) ;
#11777=VERTEX_POINT('',#11776) ;
#11779=VERTEX_POINT('',#11778) ;
#11937=VERTEX_POINT('',#11936) ;
#11939=VERTEX_POINT('',#11938) ;
#11955=VERTEX_POINT('',#11954) ;
#11957=VERTEX_POINT('',#11956) ;
#11979=VERTEX_POINT('',#11978) ;
#11981=VERTEX_POINT('',#11980) ;
#11997=VERTEX_POINT('',#11996) ;
#11999=VERTEX_POINT('',#11998) ;
#12021=VERTEX_POINT('',#12020) ;
#12023=VERTEX_POINT('',#12022) ;
#12064=VERTEX_POINT('',#12063) ;
#12066=VERTEX_POINT('',#12065) ;
#12136=VERTEX_POINT('',#12135) ;
#12138=VERTEX_POINT('',#12137) ;
#12179=VERTEX_POINT('',#12178) ;
#12181=VERTEX_POINT('',#12180) ;
#12222=VERTEX_POINT('',#12221) ;
#12224=VERTEX_POINT('',#12223) ;
#12231=VERTEX_POINT('',#12230) ;
#12238=VERTEX_POINT('',#12237) ;
#12262=VERTEX_POINT('',#12261) ;
#12269=VERTEX_POINT('',#12268) ;
#12293=VERTEX_POINT('',#12292) ;
#12300=VERTEX_POINT('',#12299) ;
#12324=VERTEX_POINT('',#12323) ;
#12331=VERTEX_POINT('',#12330) ;
#12355=VERTEX_POINT('',#12354) ;
#12362=VERTEX_POINT('',#12361) ;
#12386=VERTEX_POINT('',#12385) ;
#12388=VERTEX_POINT('',#12387) ;
#12417=VERTEX_POINT('',#12416) ;
#12424=VERTEX_POINT('',#12423) ;
#12448=VERTEX_POINT('',#12447) ;
#12450=VERTEX_POINT('',#12449) ;
#12479=VERTEX_POINT('',#12478) ;
#12486=VERTEX_POINT('',#12485) ;
#12510=VERTEX_POINT('',#12509) ;
#12517=VERTEX_POINT('',#12516) ;
#12536=VERTEX_POINT('',#12535) ;
#12538=VERTEX_POINT('',#12537) ;
#12567=VERTEX_POINT('',#12566) ;
#12574=VERTEX_POINT('',#12573) ;
#12598=VERTEX_POINT('',#12597) ;
#12605=VERTEX_POINT('',#12604) ;
#12629=VERTEX_POINT('',#12628) ;
#12636=VERTEX_POINT('',#12635) ;
#12660=VERTEX_POINT('',#12659) ;
#12667=VERTEX_POINT('',#12666) ;
#12691=VERTEX_POINT('',#12690) ;
#12698=VERTEX_POINT('',#12697) ;
#12717=VERTEX_POINT('',#12716) ;
#12724=VERTEX_POINT('',#12723) ;
#12748=VERTEX_POINT('',#12747) ;
#12750=VERTEX_POINT('',#12749) ;
#12779=VERTEX_POINT('',#12778) ;
#12786=VERTEX_POINT('',#12785) ;
#12810=VERTEX_POINT('',#12809) ;
#12812=VERTEX_POINT('',#12811) ;
#12836=VERTEX_POINT('',#12835) ;
#12843=VERTEX_POINT('',#12842) ;
#12867=VERTEX_POINT('',#12866) ;
#12874=VERTEX_POINT('',#12873) ;
#12898=VERTEX_POINT('',#12897) ;
#12905=VERTEX_POINT('',#12904) ;
#12982=VERTEX_POINT('',#12981) ;
#12989=VERTEX_POINT('',#12988) ;
#13013=VERTEX_POINT('',#13012) ;
#13037=VERTEX_POINT('',#13036) ;
#13061=VERTEX_POINT('',#13060) ;
#13085=VERTEX_POINT('',#13084) ;
#13109=VERTEX_POINT('',#13108) ;
#13133=VERTEX_POINT('',#13132) ;
#13174=VERTEX_POINT('',#13173) ;
#13176=VERTEX_POINT('',#13175) ;
#13183=VERTEX_POINT('',#13182) ;
#13190=VERTEX_POINT('',#13189) ;
#13240=VERTEX_POINT('',#13239) ;
#13242=VERTEX_POINT('',#13241) ;
#13271=VERTEX_POINT('',#13270) ;
#13290=VERTEX_POINT('',#13289) ;
#13314=VERTEX_POINT('',#13313) ;
#13333=VERTEX_POINT('',#13332) ;
#13357=VERTEX_POINT('',#13356) ;
#13376=VERTEX_POINT('',#13375) ;
#13400=VERTEX_POINT('',#13399) ;
#13419=VERTEX_POINT('',#13418) ;
#13443=VERTEX_POINT('',#13442) ;
#13462=VERTEX_POINT('',#13461) ;
#13486=VERTEX_POINT('',#13485) ;
#13505=VERTEX_POINT('',#13504) ;
#13529=VERTEX_POINT('',#13528) ;
#13548=VERTEX_POINT('',#13547) ;
#13572=VERTEX_POINT('',#13571) ;
#13591=VERTEX_POINT('',#13590) ;
#13615=VERTEX_POINT('',#13614) ;
#13622=VERTEX_POINT('',#13621) ;
#13629=VERTEX_POINT('',#13628) ;
#13636=VERTEX_POINT('',#13635) ;
#13643=VERTEX_POINT('',#13642) ;
#13650=VERTEX_POINT('',#13649) ;
#13839=VERTEX_POINT('',#13838) ;
#13846=VERTEX_POINT('',#13845) ;
#13892=VERTEX_POINT('',#13891) ;
#13899=VERTEX_POINT('',#13898) ;
#13979=VERTEX_POINT('',#13978) ;
#13981=VERTEX_POINT('',#13980) ;
#13988=VERTEX_POINT('',#13987) ;
#13995=VERTEX_POINT('',#13994) ;
#14002=VERTEX_POINT('',#14001) ;
#14009=VERTEX_POINT('',#14008) ;
#14016=VERTEX_POINT('',#14015) ;
#14023=VERTEX_POINT('',#14022) ;
#14030=VERTEX_POINT('',#14029) ;
#14037=VERTEX_POINT('',#14036) ;
#14044=VERTEX_POINT('',#14043) ;
#14051=VERTEX_POINT('',#14050) ;
#14058=VERTEX_POINT('',#14057) ;
#14065=VERTEX_POINT('',#14064) ;
#14072=VERTEX_POINT('',#14071) ;
#14079=VERTEX_POINT('',#14078) ;
#14109=VERTEX_POINT('',#14108) ;
#14111=VERTEX_POINT('',#14110) ;
#14133=VERTEX_POINT('',#14132) ;
#14135=VERTEX_POINT('',#14134) ;
#14142=VERTEX_POINT('',#14141) ;
#14149=VERTEX_POINT('',#14148) ;
#14156=VERTEX_POINT('',#14155) ;
#14163=VERTEX_POINT('',#14162) ;
#14170=VERTEX_POINT('',#14169) ;
#14177=VERTEX_POINT('',#14176) ;
#14199=VERTEX_POINT('',#14198) ;
#14201=VERTEX_POINT('',#14200) ;
#14208=VERTEX_POINT('',#14207) ;
#14215=VERTEX_POINT('',#14214) ;
#14222=VERTEX_POINT('',#14221) ;
#14229=VERTEX_POINT('',#14228) ;
#14236=VERTEX_POINT('',#14235) ;
#14243=VERTEX_POINT('',#14242) ;
#14332=VERTEX_POINT('',#14331) ;
#14339=VERTEX_POINT('',#14338) ;
#14418=VERTEX_POINT('',#14417) ;
#14425=VERTEX_POINT('',#14424) ;
#14453=VERTEX_POINT('',#14452) ;
#14455=VERTEX_POINT('',#14454) ;
#14525=VERTEX_POINT('',#14524) ;
#14544=VERTEX_POINT('',#14543) ;
#14592=VERTEX_POINT('',#14591) ;
#14594=VERTEX_POINT('',#14593) ;
#14616=VERTEX_POINT('',#14615) ;
#14618=VERTEX_POINT('',#14617) ;
#14625=VERTEX_POINT('',#14624) ;
#14632=VERTEX_POINT('',#14631) ;
#14639=VERTEX_POINT('',#14638) ;
#14646=VERTEX_POINT('',#14645) ;
#14679=VERTEX_POINT('',#14678) ;
#14703=VERTEX_POINT('',#14702) ;
#14727=VERTEX_POINT('',#14726) ;
#14751=VERTEX_POINT('',#14750) ;
#14775=VERTEX_POINT('',#14774) ;
#14799=VERTEX_POINT('',#14798) ;
#14845=VERTEX_POINT('',#14844) ;
#14852=VERTEX_POINT('',#14851) ;
#14878=VERTEX_POINT('',#14877) ;
#14880=VERTEX_POINT('',#14879) ;
#14945=VERTEX_POINT('',#14944) ;
#14947=VERTEX_POINT('',#14946) ;
#15048=VERTEX_POINT('',#15047) ;
#15050=VERTEX_POINT('',#15049) ;
#15057=VERTEX_POINT('',#15056) ;
#15064=VERTEX_POINT('',#15063) ;
#15088=VERTEX_POINT('',#15087) ;
#15095=VERTEX_POINT('',#15094) ;
#15119=VERTEX_POINT('',#15118) ;
#15126=VERTEX_POINT('',#15125) ;
#15150=VERTEX_POINT('',#15149) ;
#15152=VERTEX_POINT('',#15151) ;
#15159=VERTEX_POINT('',#15158) ;
#15166=VERTEX_POINT('',#15165) ;
#15173=VERTEX_POINT('',#15172) ;
#15180=VERTEX_POINT('',#15179) ;
#15206=VERTEX_POINT('',#15205) ;
#15213=VERTEX_POINT('',#15212) ;
#15220=VERTEX_POINT('',#15219) ;
#15227=VERTEX_POINT('',#15226) ;
#15262=VERTEX_POINT('',#15261) ;
#15280=VERTEX_POINT('',#15279) ;
#15282=VERTEX_POINT('',#15281) ;
#15289=VERTEX_POINT('',#15288) ;
#15296=VERTEX_POINT('',#15295) ;
#15303=VERTEX_POINT('',#15302) ;
#15310=VERTEX_POINT('',#15309) ;
#15317=VERTEX_POINT('',#15316) ;
#15324=VERTEX_POINT('',#15323) ;
#15352=VERTEX_POINT('',#15351) ;
#15354=VERTEX_POINT('',#15353) ;
#15361=VERTEX_POINT('',#15360) ;
#15368=VERTEX_POINT('',#15367) ;
#15392=VERTEX_POINT('',#15391) ;
#15399=VERTEX_POINT('',#15398) ;
#15423=VERTEX_POINT('',#15422) ;
#15425=VERTEX_POINT('',#15424) ;
#15454=VERTEX_POINT('',#15453) ;
#15461=VERTEX_POINT('',#15460) ;
#15485=VERTEX_POINT('',#15484) ;
#15492=VERTEX_POINT('',#15491) ;
#15516=VERTEX_POINT('',#15515) ;
#15523=VERTEX_POINT('',#15522) ;
#15547=VERTEX_POINT('',#15546) ;
#15554=VERTEX_POINT('',#15553) ;
#15600=VERTEX_POINT('',#15599) ;
#15607=VERTEX_POINT('',#15606) ;
#15614=VERTEX_POINT('',#15613) ;
#15621=VERTEX_POINT('',#15620) ;
#15628=VERTEX_POINT('',#15627) ;
#15658=VERTEX_POINT('',#15657) ;
#15660=VERTEX_POINT('',#15659) ;
#15667=VERTEX_POINT('',#15666) ;
#15674=VERTEX_POINT('',#15673) ;
#15710=VERTEX_POINT('',#15709) ;
#15712=VERTEX_POINT('',#15711) ;
#15719=VERTEX_POINT('',#15718) ;
#15726=VERTEX_POINT('',#15725) ;
#15767=VERTEX_POINT('',#15766) ;
#15769=VERTEX_POINT('',#15768) ;
#15791=VERTEX_POINT('',#15790) ;
#15793=VERTEX_POINT('',#15792) ;
#15894=VERTEX_POINT('',#15893) ;
#15901=VERTEX_POINT('',#15900) ;
#15929=VERTEX_POINT('',#15928) ;
#15953=VERTEX_POINT('',#15952) ;
#15977=VERTEX_POINT('',#15976) ;
#16001=VERTEX_POINT('',#16000) ;
#16025=VERTEX_POINT('',#16024) ;
#16049=VERTEX_POINT('',#16048) ;
#16098=VERTEX_POINT('',#16097) ;
#16100=VERTEX_POINT('',#16099) ;
#16107=VERTEX_POINT('',#16106) ;
#16114=VERTEX_POINT('',#16113) ;
#16121=VERTEX_POINT('',#16120) ;
#16128=VERTEX_POINT('',#16127) ;
#16148=VERTEX_POINT('',#16147) ;
#16150=VERTEX_POINT('',#16149) ;
#16157=VERTEX_POINT('',#16156) ;
#16164=VERTEX_POINT('',#16163) ;
#16171=VERTEX_POINT('',#16170) ;
#16178=VERTEX_POINT('',#16177) ;
#16198=VERTEX_POINT('',#16197) ;
#16200=VERTEX_POINT('',#16199) ;
#16216=VERTEX_POINT('',#16215) ;
#16218=VERTEX_POINT('',#16217) ;
#16256=VERTEX_POINT('',#16255) ;
#16263=VERTEX_POINT('',#16262) ;
#16287=VERTEX_POINT('',#16286) ;
#16311=VERTEX_POINT('',#16310) ;
#16335=VERTEX_POINT('',#16334) ;
#16359=VERTEX_POINT('',#16358) ;
#16383=VERTEX_POINT('',#16382) ;
#16407=VERTEX_POINT('',#16406) ;
#16458=VERTEX_POINT('',#16457) ;
#16460=VERTEX_POINT('',#16459) ;
#16494=VERTEX_POINT('',#16493) ;
#16496=VERTEX_POINT('',#16495) ;
#16563=VERTEX_POINT('',#16562) ;
#16570=VERTEX_POINT('',#16569) ;
#16594=VERTEX_POINT('',#16593) ;
#16618=VERTEX_POINT('',#16617) ;
#16642=VERTEX_POINT('',#16641) ;
#16666=VERTEX_POINT('',#16665) ;
#16716=VERTEX_POINT('',#16715) ;
#16723=VERTEX_POINT('',#16722) ;
#16747=VERTEX_POINT('',#16746) ;
#16771=VERTEX_POINT('',#16770) ;
#16795=VERTEX_POINT('',#16794) ;
#16814=VERTEX_POINT('',#16813) ;
#16864=VERTEX_POINT('',#16863) ;
#16871=VERTEX_POINT('',#16870) ;
#16917=VERTEX_POINT('',#16916) ;
#16924=VERTEX_POINT('',#16923) ;
#16999=VERTEX_POINT('',#16998) ;
#17001=VERTEX_POINT('',#17000) ;
#17008=VERTEX_POINT('',#17007) ;
#17015=VERTEX_POINT('',#17014) ;
#17060=VERTEX_POINT('',#17059) ;
#17062=VERTEX_POINT('',#17061) ;
#17084=VERTEX_POINT('',#17083) ;
#17086=VERTEX_POINT('',#17085) ;
#17112=VERTEX_POINT('',#17111) ;
#17119=VERTEX_POINT('',#17118) ;
#17159=VERTEX_POINT('',#17158) ;
#17161=VERTEX_POINT('',#17160) ;
#17183=VERTEX_POINT('',#17182) ;
#17190=VERTEX_POINT('',#17189) ;
#17226=VERTEX_POINT('',#17225) ;
#17228=VERTEX_POINT('',#17227) ;
#17235=VERTEX_POINT('',#17234) ;
#17242=VERTEX_POINT('',#17241) ;
#17287=VERTEX_POINT('',#17286) ;
#17289=VERTEX_POINT('',#17288) ;
#17306=VERTEX_POINT('',#17305) ;
#17308=VERTEX_POINT('',#17307) ;
#17334=VERTEX_POINT('',#17333) ;
#17336=VERTEX_POINT('',#17335) ;
#17382=VERTEX_POINT('',#17381) ;
#17389=VERTEX_POINT('',#17388) ;
#17425=VERTEX_POINT('',#17424) ;
#17432=VERTEX_POINT('',#17431) ;
#17468=VERTEX_POINT('',#17467) ;
#17470=VERTEX_POINT('',#17469) ;
#17510=VERTEX_POINT('',#17509) ;
#17517=VERTEX_POINT('',#17516) ;
#17558=VERTEX_POINT('',#17557) ;
#17565=VERTEX_POINT('',#17564) ;
#17605=VERTEX_POINT('',#17604) ;
#17607=VERTEX_POINT('',#17606) ;
#17629=VERTEX_POINT('',#17628) ;
#17636=VERTEX_POINT('',#17635) ;
#16=PRODUCT_DEFINITION_SHAPE(' ',' ',#13) ;
#29=PRODUCT_DEFINITION_SHAPE(' ',' ',#28) ;
#31=PRODUCT_DEFINITION_SHAPE(' ',' ',#30) ;
#50=PRODUCT_DEFINITION_SHAPE(' ',' ',#49) ;
#58=PRODUCT_DEFINITION_SHAPE(' ',' ',#57) ;
#3484=PRODUCT_DEFINITION_SHAPE(' ',' ',#3483) ;
#3503=PRODUCT_DEFINITION_SHAPE(' ',' ',#3502) ;
#4633=PRODUCT_DEFINITION_SHAPE(' ',' ',#4632) ;
#4652=PRODUCT_DEFINITION_SHAPE(' ',' ',#4651) ;
#5709=PRODUCT_DEFINITION_SHAPE(' ',' ',#5708) ;
#5728=PRODUCT_DEFINITION_SHAPE(' ',' ',#5727) ;
#9638=PRODUCT_DEFINITION_SHAPE(' ',' ',#9637) ;
#9657=PRODUCT_DEFINITION_SHAPE(' ',' ',#9656) ;
#9665=PRODUCT_DEFINITION_SHAPE(' ',' ',#9664) ;
#10381=PRODUCT_DEFINITION_SHAPE(' ',' ',#10380) ;
#10394=PRODUCT_DEFINITION_SHAPE(' ',' ',#10393) ;
#10413=PRODUCT_DEFINITION_SHAPE(' ',' ',#10412) ;
#10421=PRODUCT_DEFINITION_SHAPE(' ',' ',#10420) ;
#10960=PRODUCT_DEFINITION_SHAPE(' ',' ',#10959) ;
#10973=PRODUCT_DEFINITION_SHAPE(' ',' ',#10972) ;
#10986=PRODUCT_DEFINITION_SHAPE(' ',' ',#10985) ;
#11005=PRODUCT_DEFINITION_SHAPE(' ',' ',#11004) ;
#11013=PRODUCT_DEFINITION_SHAPE(' ',' ',#11012) ;
#13933=PRODUCT_DEFINITION_SHAPE(' ',' ',#13932) ;
#13946=PRODUCT_DEFINITION_SHAPE(' ',' ',#13945) ;
#13965=PRODUCT_DEFINITION_SHAPE(' ',' ',#13964) ;
#15015=PRODUCT_DEFINITION_SHAPE(' ',' ',#15014) ;
#15034=PRODUCT_DEFINITION_SHAPE(' ',' ',#15033) ;
#16958=PRODUCT_DEFINITION_SHAPE(' ',' ',#16957) ;
#16977=PRODUCT_DEFINITION_SHAPE(' ',' ',#16976) ;
#16985=PRODUCT_DEFINITION_SHAPE(' ',' ',#16984) ;
#17694=PRODUCT_DEFINITION_SHAPE(' ',' ',#17693) ;
#17707=PRODUCT_DEFINITION_SHAPE(' ',' ',#17706) ;
#17720=PRODUCT_DEFINITION_SHAPE(' ',' ',#17719) ;
#17733=PRODUCT_DEFINITION_SHAPE(' ',' ',#17732) ;
#17745=MECHANICAL_DESIGN_GEOMETRIC_PRESENTATION_REPRESENTATION(' ',(#67,#3512,#4661,#5737,#9674,#10430,#10696,#10878,#11015,#13967,#15036,#16987),#21) ;
#7=PRODUCT_CATEGORY('part','specification') ;
#10=PRODUCT_CATEGORY('part','specification') ;
#34=ITEM_DEFINED_TRANSFORMATION(' ',' ',#36,#35) ;
#3487=ITEM_DEFINED_TRANSFORMATION(' ',' ',#3489,#3488) ;
#4636=ITEM_DEFINED_TRANSFORMATION(' ',' ',#4638,#4637) ;
#5712=ITEM_DEFINED_TRANSFORMATION(' ',' ',#5714,#5713) ;
#9641=ITEM_DEFINED_TRANSFORMATION(' ',' ',#9643,#9642) ;
#10384=ITEM_DEFINED_TRANSFORMATION(' ',' ',#10386,#10385) ;
#10397=ITEM_DEFINED_TRANSFORMATION(' ',' ',#10399,#10398) ;
#10963=ITEM_DEFINED_TRANSFORMATION(' ',' ',#10965,#10964) ;
#10976=ITEM_DEFINED_TRANSFORMATION(' ',' ',#10978,#10977) ;
#10989=ITEM_DEFINED_TRANSFORMATION(' ',' ',#10991,#10990) ;
#13936=ITEM_DEFINED_TRANSFORMATION(' ',' ',#13938,#13937) ;
#13949=ITEM_DEFINED_TRANSFORMATION(' ',' ',#13951,#13950) ;
#15018=ITEM_DEFINED_TRANSFORMATION(' ',' ',#15020,#15019) ;
#16961=ITEM_DEFINED_TRANSFORMATION(' ',' ',#16963,#16962) ;
#17697=ITEM_DEFINED_TRANSFORMATION(' ',' ',#17699,#17698) ;
#17710=ITEM_DEFINED_TRANSFORMATION(' ',' ',#17712,#17711) ;
#17723=ITEM_DEFINED_TRANSFORMATION(' ',' ',#17725,#17724) ;
#17736=ITEM_DEFINED_TRANSFORMATION(' ',' ',#17738,#17737) ;
#20=UNCERTAINTY_MEASURE_WITH_UNIT(LENGTH_MEASURE(0.005),#17,'distance_accuracy_value','CONFUSED CURVE UNCERTAINTY') ;
#22=UNCERTAINTY_MEASURE_WITH_UNIT(LENGTH_MEASURE(0.005),#17,'distance_accuracy_value','CONFUSED CURVE UNCERTAINTY') ;
#43=UNCERTAINTY_MEASURE_WITH_UNIT(LENGTH_MEASURE(0.005),#17,'distance_accuracy_value','CONFUSED CURVE UNCERTAINTY') ;
#51=UNCERTAINTY_MEASURE_WITH_UNIT(LENGTH_MEASURE(0.005),#17,'distance_accuracy_value','CONFUSED CURVE UNCERTAINTY') ;
#3496=UNCERTAINTY_MEASURE_WITH_UNIT(LENGTH_MEASURE(0.005),#17,'distance_accuracy_value','CONFUSED CURVE UNCERTAINTY') ;
#4645=UNCERTAINTY_MEASURE_WITH_UNIT(LENGTH_MEASURE(0.005),#17,'distance_accuracy_value','CONFUSED CURVE UNCERTAINTY') ;
#5721=UNCERTAINTY_MEASURE_WITH_UNIT(LENGTH_MEASURE(0.005),#17,'distance_accuracy_value','CONFUSED CURVE UNCERTAINTY') ;
#9650=UNCERTAINTY_MEASURE_WITH_UNIT(LENGTH_MEASURE(0.005),#17,'distance_accuracy_value','CONFUSED CURVE UNCERTAINTY') ;
#9658=UNCERTAINTY_MEASURE_WITH_UNIT(LENGTH_MEASURE(0.005),#17,'distance_accuracy_value','CONFUSED CURVE UNCERTAINTY') ;
#10406=UNCERTAINTY_MEASURE_WITH_UNIT(LENGTH_MEASURE(0.005),#17,'distance_accuracy_value','CONFUSED CURVE UNCERTAINTY') ;
#10414=UNCERTAINTY_MEASURE_WITH_UNIT(LENGTH_MEASURE(0.005),#17,'distance_accuracy_value','CONFUSED CURVE UNCERTAINTY') ;
#10998=UNCERTAINTY_MEASURE_WITH_UNIT(LENGTH_MEASURE(0.005),#17,'distance_accuracy_value','CONFUSED CURVE UNCERTAINTY') ;
#11006=UNCERTAINTY_MEASURE_WITH_UNIT(LENGTH_MEASURE(0.005),#17,'distance_accuracy_value','CONFUSED CURVE UNCERTAINTY') ;
#13958=UNCERTAINTY_MEASURE_WITH_UNIT(LENGTH_MEASURE(0.005),#17,'distance_accuracy_value','CONFUSED CURVE UNCERTAINTY') ;
#15027=UNCERTAINTY_MEASURE_WITH_UNIT(LENGTH_MEASURE(0.005),#17,'distance_accuracy_value','CONFUSED CURVE UNCERTAINTY') ;
#16970=UNCERTAINTY_MEASURE_WITH_UNIT(LENGTH_MEASURE(0.005),#17,'distance_accuracy_value','CONFUSED CURVE UNCERTAINTY') ;
#16978=UNCERTAINTY_MEASURE_WITH_UNIT(LENGTH_MEASURE(0.005),#17,'distance_accuracy_value','CONFUSED CURVE UNCERTAINTY') ;
#8=PRODUCT_RELATED_PRODUCT_CATEGORY('part',$,(#26,#55,#3500,#4649,#5725,#9662,#10418,#11010,#13962,#15031,#16982)) ;
#11=PRODUCT_RELATED_PRODUCT_CATEGORY('part',$,(#5,#47,#9654,#10410,#11002,#16974)) ;
#67=STYLED_ITEM(' ',(#66),#59) ;
#3512=STYLED_ITEM(' ',(#3511),#3504) ;
#4661=STYLED_ITEM(' ',(#4660),#4653) ;
#5737=STYLED_ITEM(' ',(#5736),#5729) ;
#9674=STYLED_ITEM(' ',(#9673),#9666) ;
#10430=STYLED_ITEM(' ',(#10429),#10422) ;
#10696=STYLED_ITEM(' ',(#9673),#10695) ;
#10878=STYLED_ITEM(' ',(#9673),#10877) ;
#11015=STYLED_ITEM(' ',(#66),#11014) ;
#13967=STYLED_ITEM(' ',(#4660),#13966) ;
#15036=STYLED_ITEM(' ',(#5736),#15035) ;
#16987=STYLED_ITEM(' ',(#9673),#16986) ;
#66=PRESENTATION_STYLE_ASSIGNMENT((#65)) ;
#3511=PRESENTATION_STYLE_ASSIGNMENT((#3510)) ;
#4660=PRESENTATION_STYLE_ASSIGNMENT((#4659)) ;
#5736=PRESENTATION_STYLE_ASSIGNMENT((#5735)) ;
#9673=PRESENTATION_STYLE_ASSIGNMENT((#9672)) ;
#10429=PRESENTATION_STYLE_ASSIGNMENT((#10428)) ;
#62=FILL_AREA_STYLE(' ',(#61)) ;
#3507=FILL_AREA_STYLE(' ',(#3506)) ;
#4656=FILL_AREA_STYLE(' ',(#4655)) ;
#5732=FILL_AREA_STYLE(' ',(#5731)) ;
#9669=FILL_AREA_STYLE(' ',(#9668)) ;
#10425=FILL_AREA_STYLE(' ',(#10424)) ;
#61=FILL_AREA_STYLE_COLOUR(' ',#60) ;
#3506=FILL_AREA_STYLE_COLOUR(' ',#3505) ;
#4655=FILL_AREA_STYLE_COLOUR(' ',#4654) ;
#5731=FILL_AREA_STYLE_COLOUR(' ',#5730) ;
#9668=FILL_AREA_STYLE_COLOUR(' ',#9667) ;
#10424=FILL_AREA_STYLE_COLOUR(' ',#10423) ;
#76=VECTOR('Line Direction',#75,1.) ;
#85=VECTOR('Line Direction',#84,1.) ;
#92=VECTOR('Line Direction',#91,1.) ;
#99=VECTOR('Line Direction',#98,1.) ;
#116=VECTOR('Line Direction',#115,1.) ;
#125=VECTOR('Line Direction',#124,1.) ;
#130=VECTOR('Line Direction',#129,1.) ;
#147=VECTOR('Line Direction',#146,1.) ;
#154=VECTOR('Line Direction',#153,1.) ;
#161=VECTOR('Line Direction',#160,1.) ;
#178=VECTOR('Line Direction',#177,1.) ;
#185=VECTOR('Line Direction',#184,1.) ;
#192=VECTOR('Line Direction',#191,1.) ;
#199=VECTOR('Line Direction',#198,1.) ;
#206=VECTOR('Line Direction',#205,1.) ;
#213=VECTOR('Line Direction',#212,1.) ;
#220=VECTOR('Line Direction',#219,1.) ;
#227=VECTOR('Line Direction',#226,1.) ;
#234=VECTOR('Line Direction',#233,1.) ;
#259=VECTOR('Line Direction',#258,1.) ;
#266=VECTOR('Line Direction',#265,1.) ;
#283=VECTOR('Line Direction',#282,1.) ;
#290=VECTOR('Line Direction',#289,1.) ;
#307=VECTOR('Line Direction',#306,1.) ;
#314=VECTOR('Line Direction',#313,1.) ;
#326=VECTOR('Line Direction',#325,1.) ;
#333=VECTOR('Line Direction',#332,1.) ;
#350=VECTOR('Line Direction',#349,1.) ;
#357=VECTOR('Line Direction',#356,1.) ;
#369=VECTOR('Line Direction',#368,1.) ;
#376=VECTOR('Line Direction',#375,1.) ;
#388=VECTOR('Line Direction',#387,1.) ;
#395=VECTOR('Line Direction',#394,1.) ;
#412=VECTOR('Line Direction',#411,1.) ;
#419=VECTOR('Line Direction',#418,1.) ;
#431=VECTOR('Line Direction',#430,1.) ;
#448=VECTOR('Line Direction',#447,1.) ;
#464=VECTOR('Line Direction',#463,1.) ;
#478=VECTOR('Line Direction',#477,1.) ;
#492=VECTOR('Line Direction',#491,1.) ;
#537=VECTOR('Line Direction',#536,1.) ;
#551=VECTOR('Line Direction',#550,1.) ;
#565=VECTOR('Line Direction',#564,1.) ;
#579=VECTOR('Line Direction',#578,1.) ;
#593=VECTOR('Line Direction',#592,1.) ;
#607=VECTOR('Line Direction',#606,1.) ;
#621=VECTOR('Line Direction',#620,1.) ;
#635=VECTOR('Line Direction',#634,1.) ;
#649=VECTOR('Line Direction',#648,1.) ;
#663=VECTOR('Line Direction',#662,1.) ;
#677=VECTOR('Line Direction',#676,1.) ;
#691=VECTOR('Line Direction',#690,1.) ;
#746=VECTOR('Line Direction',#745,1.) ;
#762=VECTOR('Line Direction',#761,1.) ;
#836=VECTOR('Line Direction',#835,1.) ;
#850=VECTOR('Line Direction',#849,1.) ;
#879=VECTOR('Line Direction',#878,1.) ;
#895=VECTOR('Line Direction',#894,1.) ;
#919=VECTOR('Line Direction',#918,1.) ;
#928=VECTOR('Line Direction',#927,1.) ;
#933=VECTOR('Line Direction',#932,1.) ;
#950=VECTOR('Line Direction',#949,1.) ;
#981=VECTOR('Line Direction',#980,1.) ;
#990=VECTOR('Line Direction',#989,1.) ;
#995=VECTOR('Line Direction',#994,1.) ;
#1012=VECTOR('Line Direction',#1011,1.) ;
#1043=VECTOR('Line Direction',#1042,1.) ;
#1052=VECTOR('Line Direction',#1051,1.) ;
#1057=VECTOR('Line Direction',#1056,1.) ;
#1074=VECTOR('Line Direction',#1073,1.) ;
#1105=VECTOR('Line Direction',#1104,1.) ;
#1110=VECTOR('Line Direction',#1109,1.) ;
#1137=VECTOR('Line Direction',#1136,1.) ;
#1153=VECTOR('Line Direction',#1152,1.) ;
#1167=VECTOR('Line Direction',#1166,1.) ;
#1181=VECTOR('Line Direction',#1180,1.) ;
#1263=VECTOR('Line Direction',#1262,1.) ;
#1268=VECTOR('Line Direction',#1267,1.) ;
#1285=VECTOR('Line Direction',#1284,1.) ;
#1302=VECTOR('Line Direction',#1301,1.) ;
#1319=VECTOR('Line Direction',#1318,1.) ;
#1336=VECTOR('Line Direction',#1335,1.) ;
#1353=VECTOR('Line Direction',#1352,1.) ;
#1370=VECTOR('Line Direction',#1369,1.) ;
#1408=VECTOR('Line Direction',#1407,1.) ;
#1413=VECTOR('Line Direction',#1412,1.) ;
#1535=VECTOR('Line Direction',#1534,1.) ;
#1540=VECTOR('Line Direction',#1539,1.) ;
#1578=VECTOR('Line Direction',#1577,1.) ;
#1583=VECTOR('Line Direction',#1582,1.) ;
#1693=VECTOR('Line Direction',#1692,1.) ;
#1698=VECTOR('Line Direction',#1697,1.) ;
#1727=VECTOR('Line Direction',#1726,1.) ;
#1736=VECTOR('Line Direction',#1735,1.) ;
#1743=VECTOR('Line Direction',#1742,1.) ;
#1750=VECTOR('Line Direction',#1749,1.) ;
#1781=VECTOR('Line Direction',#1780,1.) ;
#1798=VECTOR('Line Direction',#1797,1.) ;
#1805=VECTOR('Line Direction',#1804,1.) ;
#1812=VECTOR('Line Direction',#1811,1.) ;
#1843=VECTOR('Line Direction',#1842,1.) ;
#1860=VECTOR('Line Direction',#1859,1.) ;
#1867=VECTOR('Line Direction',#1866,1.) ;
#1874=VECTOR('Line Direction',#1873,1.) ;
#1891=VECTOR('Line Direction',#1890,1.) ;
#1922=VECTOR('Line Direction',#1921,1.) ;
#1929=VECTOR('Line Direction',#1928,1.) ;
#1936=VECTOR('Line Direction',#1935,1.) ;
#1953=VECTOR('Line Direction',#1952,1.) ;
#1984=VECTOR('Line Direction',#1983,1.) ;
#1991=VECTOR('Line Direction',#1990,1.) ;
#1998=VECTOR('Line Direction',#1997,1.) ;
#2029=VECTOR('Line Direction',#2028,1.) ;
#2041=VECTOR('Line Direction',#2040,1.) ;
#2050=VECTOR('Line Direction',#2049,1.) ;
#2055=VECTOR('Line Direction',#2054,1.) ;
#2086=VECTOR('Line Direction',#2085,1.) ;
#2103=VECTOR('Line Direction',#2102,1.) ;
#2110=VECTOR('Line Direction',#2109,1.) ;
#2117=VECTOR('Line Direction',#2116,1.) ;
#2148=VECTOR('Line Direction',#2147,1.) ;
#2165=VECTOR('Line Direction',#2164,1.) ;
#2172=VECTOR('Line Direction',#2171,1.) ;
#2179=VECTOR('Line Direction',#2178,1.) ;
#2210=VECTOR('Line Direction',#2209,1.) ;
#2222=VECTOR('Line Direction',#2221,1.) ;
#2229=VECTOR('Line Direction',#2228,1.) ;
#2236=VECTOR('Line Direction',#2235,1.) ;
#2253=VECTOR('Line Direction',#2252,1.) ;
#2284=VECTOR('Line Direction',#2283,1.) ;
#2291=VECTOR('Line Direction',#2290,1.) ;
#2298=VECTOR('Line Direction',#2297,1.) ;
#2315=VECTOR('Line Direction',#2314,1.) ;
#2341=VECTOR('Line Direction',#2340,1.) ;
#2348=VECTOR('Line Direction',#2347,1.) ;
#2355=VECTOR('Line Direction',#2354,1.) ;
#2386=VECTOR('Line Direction',#2385,1.) ;
#2410=VECTOR('Line Direction',#2409,1.) ;
#2429=VECTOR('Line Direction',#2428,1.) ;
#2434=VECTOR('Line Direction',#2433,1.) ;
#2487=VECTOR('Line Direction',#2486,1.) ;
#2494=VECTOR('Line Direction',#2493,1.) ;
#2501=VECTOR('Line Direction',#2500,1.) ;
#2518=VECTOR('Line Direction',#2517,1.) ;
#2542=VECTOR('Line Direction',#2541,1.) ;
#2549=VECTOR('Line Direction',#2548,1.) ;
#2573=VECTOR('Line Direction',#2572,1.) ;
#2590=VECTOR('Line Direction',#2589,1.) ;
#2597=VECTOR('Line Direction',#2596,1.) ;
#2614=VECTOR('Line Direction',#2613,1.) ;
#2645=VECTOR('Line Direction',#2644,1.) ;
#2662=VECTOR('Line Direction',#2661,1.) ;
#2688=VECTOR('Line Direction',#2687,1.) ;
#2702=VECTOR('Line Direction',#2701,1.) ;
#2745=VECTOR('Line Direction',#2744,1.) ;
#2754=VECTOR('Line Direction',#2753,1.) ;
#2759=VECTOR('Line Direction',#2758,1.) ;
#2783=VECTOR('Line Direction',#2782,1.) ;
#2795=VECTOR('Line Direction',#2794,1.) ;
#2802=VECTOR('Line Direction',#2801,1.) ;
#2826=VECTOR('Line Direction',#2825,1.) ;
#2838=VECTOR('Line Direction',#2837,1.) ;
#2845=VECTOR('Line Direction',#2844,1.) ;
#2869=VECTOR('Line Direction',#2868,1.) ;
#2881=VECTOR('Line Direction',#2880,1.) ;
#2888=VECTOR('Line Direction',#2887,1.) ;
#2912=VECTOR('Line Direction',#2911,1.) ;
#2924=VECTOR('Line Direction',#2923,1.) ;
#2931=VECTOR('Line Direction',#2930,1.) ;
#2955=VECTOR('Line Direction',#2954,1.) ;
#2967=VECTOR('Line Direction',#2966,1.) ;
#2974=VECTOR('Line Direction',#2973,1.) ;
#2998=VECTOR('Line Direction',#2997,1.) ;
#3010=VECTOR('Line Direction',#3009,1.) ;
#3017=VECTOR('Line Direction',#3016,1.) ;
#3041=VECTOR('Line Direction',#3040,1.) ;
#3053=VECTOR('Line Direction',#3052,1.) ;
#3060=VECTOR('Line Direction',#3059,1.) ;
#3077=VECTOR('Line Direction',#3076,1.) ;
#3096=VECTOR('Line Direction',#3095,1.) ;
#3103=VECTOR('Line Direction',#3102,1.) ;
#3127=VECTOR('Line Direction',#3126,1.) ;
#3141=VECTOR('Line Direction',#3140,1.) ;
#3155=VECTOR('Line Direction',#3154,1.) ;
#3203=VECTOR('Line Direction',#3202,1.) ;
#3215=VECTOR('Line Direction',#3214,1.) ;
#3232=VECTOR('Line Direction',#3231,1.) ;
#3244=VECTOR('Line Direction',#3243,1.) ;
#3261=VECTOR('Line Direction',#3260,1.) ;
#3278=VECTOR('Line Direction',#3277,1.) ;
#3358=VECTOR('Line Direction',#3357,1.) ;
#3363=VECTOR('Line Direction',#3362,1.) ;
#3387=VECTOR('Line Direction',#3386,1.) ;
#3401=VECTOR('Line Direction',#3400,1.) ;
#3440=VECTOR('Line Direction',#3439,1.) ;
#3454=VECTOR('Line Direction',#3453,1.) ;
#3521=VECTOR('Line Direction',#3520,1.) ;
#3537=VECTOR('Line Direction',#3536,1.) ;
#3551=VECTOR('Line Direction',#3550,1.) ;
#3565=VECTOR('Line Direction',#3564,1.) ;
#3618=VECTOR('Line Direction',#3617,1.) ;
#3697=VECTOR('Line Direction',#3696,1.) ;
#3745=VECTOR('Line Direction',#3744,1.) ;
#3786=VECTOR('Line Direction',#3785,1.) ;
#3812=VECTOR('Line Direction',#3811,1.) ;
#3822=VECTOR('Line Direction',#3821,1.) ;
#3846=VECTOR('Line Direction',#3845,1.) ;
#3862=VECTOR('Line Direction',#3861,1.) ;
#3903=VECTOR('Line Direction',#3902,1.) ;
#3910=VECTOR('Line Direction',#3909,1.) ;
#3988=VECTOR('Line Direction',#3987,1.) ;
#3995=VECTOR('Line Direction',#3994,1.) ;
#4019=VECTOR('Line Direction',#4018,1.) ;
#4026=VECTOR('Line Direction',#4025,1.) ;
#4050=VECTOR('Line Direction',#4049,1.) ;
#4067=VECTOR('Line Direction',#4066,1.) ;
#4081=VECTOR('Line Direction',#4080,1.) ;
#4098=VECTOR('Line Direction',#4097,1.) ;
#4105=VECTOR('Line Direction',#4104,1.) ;
#4129=VECTOR('Line Direction',#4128,1.) ;
#4146=VECTOR('Line Direction',#4145,1.) ;
#4153=VECTOR('Line Direction',#4152,1.) ;
#4178=VECTOR('Line Direction',#4177,1.) ;
#4185=VECTOR('Line Direction',#4184,1.) ;
#4210=VECTOR('Line Direction',#4209,1.) ;
#4217=VECTOR('Line Direction',#4216,1.) ;
#4241=VECTOR('Line Direction',#4240,1.) ;
#4248=VECTOR('Line Direction',#4247,1.) ;
#4265=VECTOR('Line Direction',#4264,1.) ;
#4289=VECTOR('Line Direction',#4288,1.) ;
#4296=VECTOR('Line Direction',#4295,1.) ;
#4301=VECTOR('Line Direction',#4300,1.) ;
#4322=VECTOR('Line Direction',#4321,1.) ;
#4327=VECTOR('Line Direction',#4326,1.) ;
#4334=VECTOR('Line Direction',#4333,1.) ;
#4409=VECTOR('Line Direction',#4408,1.) ;
#4423=VECTOR('Line Direction',#4422,1.) ;
#4440=VECTOR('Line Direction',#4439,1.) ;
#4447=VECTOR('Line Direction',#4446,1.) ;
#4471=VECTOR('Line Direction',#4470,1.) ;
#4488=VECTOR('Line Direction',#4487,1.) ;
#4505=VECTOR('Line Direction',#4504,1.) ;
#4531=VECTOR('Line Direction',#4530,1.) ;
#4536=VECTOR('Line Direction',#4535,1.) ;
#4603=VECTOR('Line Direction',#4602,1.) ;
#4608=VECTOR('Line Direction',#4607,1.) ;
#4679=VECTOR('Line Direction',#4678,1.) ;
#4693=VECTOR('Line Direction',#4692,1.) ;
#4700=VECTOR('Line Direction',#4699,1.) ;
#4707=VECTOR('Line Direction',#4706,1.) ;
#4714=VECTOR('Line Direction',#4713,1.) ;
#4721=VECTOR('Line Direction',#4720,1.) ;
#4735=VECTOR('Line Direction',#4734,1.) ;
#4749=VECTOR('Line Direction',#4748,1.) ;
#4756=VECTOR('Line Direction',#4755,1.) ;
#4763=VECTOR('Line Direction',#4762,1.) ;
#4770=VECTOR('Line Direction',#4769,1.) ;
#4777=VECTOR('Line Direction',#4776,1.) ;
#4824=VECTOR('Line Direction',#4823,1.) ;
#4840=VECTOR('Line Direction',#4839,1.) ;
#4854=VECTOR('Line Direction',#4853,1.) ;
#4868=VECTOR('Line Direction',#4867,1.) ;
#4899=VECTOR('Line Direction',#4898,1.) ;
#4913=VECTOR('Line Direction',#4912,1.) ;
#4927=VECTOR('Line Direction',#4926,1.) ;
#4941=VECTOR('Line Direction',#4940,1.) ;
#4962=VECTOR('Line Direction',#4961,1.) ;
#4967=VECTOR('Line Direction',#4966,1.) ;
#4984=VECTOR('Line Direction',#4983,1.) ;
#5001=VECTOR('Line Direction',#5000,1.) ;
#5018=VECTOR('Line Direction',#5017,1.) ;
#5025=VECTOR('Line Direction',#5024,1.) ;
#5032=VECTOR('Line Direction',#5031,1.) ;
#5037=VECTOR('Line Direction',#5036,1.) ;
#5058=VECTOR('Line Direction',#5057,1.) ;
#5075=VECTOR('Line Direction',#5074,1.) ;
#5092=VECTOR('Line Direction',#5091,1.) ;
#5109=VECTOR('Line Direction',#5108,1.) ;
#5116=VECTOR('Line Direction',#5115,1.) ;
#5123=VECTOR('Line Direction',#5122,1.) ;
#5144=VECTOR('Line Direction',#5143,1.) ;
#5153=VECTOR('Line Direction',#5152,1.) ;
#5158=VECTOR('Line Direction',#5157,1.) ;
#5175=VECTOR('Line Direction',#5174,1.) ;
#5192=VECTOR('Line Direction',#5191,1.) ;
#5216=VECTOR('Line Direction',#5215,1.) ;
#5223=VECTOR('Line Direction',#5222,1.) ;
#5235=VECTOR('Line Direction',#5234,1.) ;
#5242=VECTOR('Line Direction',#5241,1.) ;
#5259=VECTOR('Line Direction',#5258,1.) ;
#5283=VECTOR('Line Direction',#5282,1.) ;
#5307=VECTOR('Line Direction',#5306,1.) ;
#5314=VECTOR('Line Direction',#5313,1.) ;
#5321=VECTOR('Line Direction',#5320,1.) ;
#5328=VECTOR('Line Direction',#5327,1.) ;
#5335=VECTOR('Line Direction',#5334,1.) ;
#5342=VECTOR('Line Direction',#5341,1.) ;
#5349=VECTOR('Line Direction',#5348,1.) ;
#5370=VECTOR('Line Direction',#5369,1.) ;
#5401=VECTOR('Line Direction',#5400,1.) ;
#5418=VECTOR('Line Direction',#5417,1.) ;
#5425=VECTOR('Line Direction',#5424,1.) ;
#5442=VECTOR('Line Direction',#5441,1.) ;
#5466=VECTOR('Line Direction',#5465,1.) ;
#5473=VECTOR('Line Direction',#5472,1.) ;
#5497=VECTOR('Line Direction',#5496,1.) ;
#5536=VECTOR('Line Direction',#5535,1.) ;
#5550=VECTOR('Line Direction',#5549,1.) ;
#5593=VECTOR('Line Direction',#5592,1.) ;
#5598=VECTOR('Line Direction',#5597,1.) ;
#5645=VECTOR('Line Direction',#5644,1.) ;
#5650=VECTOR('Line Direction',#5649,1.) ;
#5679=VECTOR('Line Direction',#5678,1.) ;
#5684=VECTOR('Line Direction',#5683,1.) ;
#5746=VECTOR('Line Direction',#5745,1.) ;
#5755=VECTOR('Line Direction',#5754,1.) ;
#5762=VECTOR('Line Direction',#5761,1.) ;
#5769=VECTOR('Line Direction',#5768,1.) ;
#5793=VECTOR('Line Direction',#5792,1.) ;
#5831=VECTOR('Line Direction',#5830,1.) ;
#5857=VECTOR('Line Direction',#5856,1.) ;
#5864=VECTOR('Line Direction',#5863,1.) ;
#5871=VECTOR('Line Direction',#5870,1.) ;
#5885=VECTOR('Line Direction',#5884,1.) ;
#5904=VECTOR('Line Direction',#5903,1.) ;
#5918=VECTOR('Line Direction',#5917,1.) ;
#5932=VECTOR('Line Direction',#5931,1.) ;
#5937=VECTOR('Line Direction',#5936,1.) ;
#5960=VECTOR('Line Direction',#5959,1.) ;
#5967=VECTOR('Line Direction',#5966,1.) ;
#5987=VECTOR('Line Direction',#5986,1.) ;
#5994=VECTOR('Line Direction',#5993,1.) ;
#6001=VECTOR('Line Direction',#6000,1.) ;
#6015=VECTOR('Line Direction',#6014,1.) ;
#6022=VECTOR('Line Direction',#6021,1.) ;
#6029=VECTOR('Line Direction',#6028,1.) ;
#6043=VECTOR('Line Direction',#6042,1.) ;
#6050=VECTOR('Line Direction',#6049,1.) ;
#6057=VECTOR('Line Direction',#6056,1.) ;
#6071=VECTOR('Line Direction',#6070,1.) ;
#6078=VECTOR('Line Direction',#6077,1.) ;
#6085=VECTOR('Line Direction',#6084,1.) ;
#6099=VECTOR('Line Direction',#6098,1.) ;
#6106=VECTOR('Line Direction',#6105,1.) ;
#6113=VECTOR('Line Direction',#6112,1.) ;
#6127=VECTOR('Line Direction',#6126,1.) ;
#6134=VECTOR('Line Direction',#6133,1.) ;
#6141=VECTOR('Line Direction',#6140,1.) ;
#6172=VECTOR('Line Direction',#6171,1.) ;
#6188=VECTOR('Line Direction',#6187,1.) ;
#6202=VECTOR('Line Direction',#6201,1.) ;
#6216=VECTOR('Line Direction',#6215,1.) ;
#6244=VECTOR('Line Direction',#6243,1.) ;
#6253=VECTOR('Line Direction',#6252,1.) ;
#6260=VECTOR('Line Direction',#6259,1.) ;
#6267=VECTOR('Line Direction',#6266,1.) ;
#6291=VECTOR('Line Direction',#6290,1.) ;
#6315=VECTOR('Line Direction',#6314,1.) ;
#6346=VECTOR('Line Direction',#6345,1.) ;
#6353=VECTOR('Line Direction',#6352,1.) ;
#6360=VECTOR('Line Direction',#6359,1.) ;
#6384=VECTOR('Line Direction',#6383,1.) ;
#6408=VECTOR('Line Direction',#6407,1.) ;
#6415=VECTOR('Line Direction',#6414,1.) ;
#6422=VECTOR('Line Direction',#6421,1.) ;
#6446=VECTOR('Line Direction',#6445,1.) ;
#6470=VECTOR('Line Direction',#6469,1.) ;
#6475=VECTOR('Line Direction',#6474,1.) ;
#6499=VECTOR('Line Direction',#6498,1.) ;
#6513=VECTOR('Line Direction',#6512,1.) ;
#6520=VECTOR('Line Direction',#6519,1.) ;
#6527=VECTOR('Line Direction',#6526,1.) ;
#6559=VECTOR('Line Direction',#6558,1.) ;
#6573=VECTOR('Line Direction',#6572,1.) ;
#6611=VECTOR('Line Direction',#6610,1.) ;
#6625=VECTOR('Line Direction',#6624,1.) ;
#6630=VECTOR('Line Direction',#6629,1.) ;
#6711=VECTOR('Line Direction',#6710,1.) ;
#6716=VECTOR('Line Direction',#6715,1.) ;
#6735=VECTOR('Line Direction',#6734,1.) ;
#6740=VECTOR('Line Direction',#6739,1.) ;
#6769=VECTOR('Line Direction',#6768,1.) ;
#6786=VECTOR('Line Direction',#6785,1.) ;
#6793=VECTOR('Line Direction',#6792,1.) ;
#6800=VECTOR('Line Direction',#6799,1.) ;
#6828=VECTOR('Line Direction',#6827,1.) ;
#6845=VECTOR('Line Direction',#6844,1.) ;
#6869=VECTOR('Line Direction',#6868,1.) ;
#6876=VECTOR('Line Direction',#6875,1.) ;
#6900=VECTOR('Line Direction',#6899,1.) ;
#6917=VECTOR('Line Direction',#6916,1.) ;
#6924=VECTOR('Line Direction',#6923,1.) ;
#6941=VECTOR('Line Direction',#6940,1.) ;
#6965=VECTOR('Line Direction',#6964,1.) ;
#7008=VECTOR('Line Direction',#7007,1.) ;
#7024=VECTOR('Line Direction',#7023,1.) ;
#7038=VECTOR('Line Direction',#7037,1.) ;
#7045=VECTOR('Line Direction',#7044,1.) ;
#7058=VECTOR('Line Direction',#7057,1.) ;
#7067=VECTOR('Line Direction',#7066,1.) ;
#7081=VECTOR('Line Direction',#7080,1.) ;
#7095=VECTOR('Line Direction',#7094,1.) ;
#7166=VECTOR('Line Direction',#7165,1.) ;
#7173=VECTOR('Line Direction',#7172,1.) ;
#7180=VECTOR('Line Direction',#7179,1.) ;
#7197=VECTOR('Line Direction',#7196,1.) ;
#7228=VECTOR('Line Direction',#7227,1.) ;
#7245=VECTOR('Line Direction',#7244,1.) ;
#7252=VECTOR('Line Direction',#7251,1.) ;
#7269=VECTOR('Line Direction',#7268,1.) ;
#7293=VECTOR('Line Direction',#7292,1.) ;
#7300=VECTOR('Line Direction',#7299,1.) ;
#7317=VECTOR('Line Direction',#7316,1.) ;
#7341=VECTOR('Line Direction',#7340,1.) ;
#7512=VECTOR('Line Direction',#7511,1.) ;
#7517=VECTOR('Line Direction',#7516,1.) ;
#7696=VECTOR('Line Direction',#7695,1.) ;
#7701=VECTOR('Line Direction',#7700,1.) ;
#7725=VECTOR('Line Direction',#7724,1.) ;
#7732=VECTOR('Line Direction',#7731,1.) ;
#7739=VECTOR('Line Direction',#7738,1.) ;
#7756=VECTOR('Line Direction',#7755,1.) ;
#7780=VECTOR('Line Direction',#7779,1.) ;
#7787=VECTOR('Line Direction',#7786,1.) ;
#7804=VECTOR('Line Direction',#7803,1.) ;
#7828=VECTOR('Line Direction',#7827,1.) ;
#7835=VECTOR('Line Direction',#7834,1.) ;
#7852=VECTOR('Line Direction',#7851,1.) ;
#7878=VECTOR('Line Direction',#7877,1.) ;
#7885=VECTOR('Line Direction',#7884,1.) ;
#7892=VECTOR('Line Direction',#7891,1.) ;
#7916=VECTOR('Line Direction',#7915,1.) ;
#7933=VECTOR('Line Direction',#7932,1.) ;
#7940=VECTOR('Line Direction',#7939,1.) ;
#7964=VECTOR('Line Direction',#7963,1.) ;
#7976=VECTOR('Line Direction',#7975,1.) ;
#7983=VECTOR('Line Direction',#7982,1.) ;
#8000=VECTOR('Line Direction',#7999,1.) ;
#8035=VECTOR('Line Direction',#8034,1.) ;
#8040=VECTOR('Line Direction',#8039,1.) ;
#8078=VECTOR('Line Direction',#8077,1.) ;
#8085=VECTOR('Line Direction',#8084,1.) ;
#8112=VECTOR('Line Direction',#8111,1.) ;
#8119=VECTOR('Line Direction',#8118,1.) ;
#8140=VECTOR('Line Direction',#8139,1.) ;
#8147=VECTOR('Line Direction',#8146,1.) ;
#8167=VECTOR('Line Direction',#8166,1.) ;
#8174=VECTOR('Line Direction',#8173,1.) ;
#8201=VECTOR('Line Direction',#8200,1.) ;
#8208=VECTOR('Line Direction',#8207,1.) ;
#8229=VECTOR('Line Direction',#8228,1.) ;
#8236=VECTOR('Line Direction',#8235,1.) ;
#8261=VECTOR('Line Direction',#8260,1.) ;
#8268=VECTOR('Line Direction',#8267,1.) ;
#8275=VECTOR('Line Direction',#8274,1.) ;
#8292=VECTOR('Line Direction',#8291,1.) ;
#8297=VECTOR('Line Direction',#8296,1.) ;
#8322=VECTOR('Line Direction',#8321,1.) ;
#8329=VECTOR('Line Direction',#8328,1.) ;
#8336=VECTOR('Line Direction',#8335,1.) ;
#8343=VECTOR('Line Direction',#8342,1.) ;
#8374=VECTOR('Line Direction',#8373,1.) ;
#8381=VECTOR('Line Direction',#8380,1.) ;
#8388=VECTOR('Line Direction',#8387,1.) ;
#8395=VECTOR('Line Direction',#8394,1.) ;
#8418=VECTOR('Line Direction',#8417,1.) ;
#8436=VECTOR('Line Direction',#8435,1.) ;
#8457=VECTOR('Line Direction',#8456,1.) ;
#8464=VECTOR('Line Direction',#8463,1.) ;
#8471=VECTOR('Line Direction',#8470,1.) ;
#8488=VECTOR('Line Direction',#8487,1.) ;
#8493=VECTOR('Line Direction',#8492,1.) ;
#8518=VECTOR('Line Direction',#8517,1.) ;
#8525=VECTOR('Line Direction',#8524,1.) ;
#8532=VECTOR('Line Direction',#8531,1.) ;
#8563=VECTOR('Line Direction',#8562,1.) ;
#8570=VECTOR('Line Direction',#8569,1.) ;
#8577=VECTOR('Line Direction',#8576,1.) ;
#8584=VECTOR('Line Direction',#8583,1.) ;
#8607=VECTOR('Line Direction',#8606,1.) ;
#8624=VECTOR('Line Direction',#8623,1.) ;
#8645=VECTOR('Line Direction',#8644,1.) ;
#8652=VECTOR('Line Direction',#8651,1.) ;
#8659=VECTOR('Line Direction',#8658,1.) ;
#8676=VECTOR('Line Direction',#8675,1.) ;
#8681=VECTOR('Line Direction',#8680,1.) ;
#8706=VECTOR('Line Direction',#8705,1.) ;
#8713=VECTOR('Line Direction',#8712,1.) ;
#8720=VECTOR('Line Direction',#8719,1.) ;
#8751=VECTOR('Line Direction',#8750,1.) ;
#8758=VECTOR('Line Direction',#8757,1.) ;
#8765=VECTOR('Line Direction',#8764,1.) ;
#8772=VECTOR('Line Direction',#8771,1.) ;
#8795=VECTOR('Line Direction',#8794,1.) ;
#8812=VECTOR('Line Direction',#8811,1.) ;
#8833=VECTOR('Line Direction',#8832,1.) ;
#8840=VECTOR('Line Direction',#8839,1.) ;
#8847=VECTOR('Line Direction',#8846,1.) ;
#8864=VECTOR('Line Direction',#8863,1.) ;
#8869=VECTOR('Line Direction',#8868,1.) ;
#8894=VECTOR('Line Direction',#8893,1.) ;
#8901=VECTOR('Line Direction',#8900,1.) ;
#8908=VECTOR('Line Direction',#8907,1.) ;
#8939=VECTOR('Line Direction',#8938,1.) ;
#8946=VECTOR('Line Direction',#8945,1.) ;
#8953=VECTOR('Line Direction',#8952,1.) ;
#8960=VECTOR('Line Direction',#8959,1.) ;
#8983=VECTOR('Line Direction',#8982,1.) ;
#9001=VECTOR('Line Direction',#9000,1.) ;
#9022=VECTOR('Line Direction',#9021,1.) ;
#9029=VECTOR('Line Direction',#9028,1.) ;
#9036=VECTOR('Line Direction',#9035,1.) ;
#9053=VECTOR('Line Direction',#9052,1.) ;
#9058=VECTOR('Line Direction',#9057,1.) ;
#9083=VECTOR('Line Direction',#9082,1.) ;
#9090=VECTOR('Line Direction',#9089,1.) ;
#9097=VECTOR('Line Direction',#9096,1.) ;
#9128=VECTOR('Line Direction',#9127,1.) ;
#9135=VECTOR('Line Direction',#9134,1.) ;
#9142=VECTOR('Line Direction',#9141,1.) ;
#9149=VECTOR('Line Direction',#9148,1.) ;
#9172=VECTOR('Line Direction',#9171,1.) ;
#9189=VECTOR('Line Direction',#9188,1.) ;
#9210=VECTOR('Line Direction',#9209,1.) ;
#9217=VECTOR('Line Direction',#9216,1.) ;
#9224=VECTOR('Line Direction',#9223,1.) ;
#9241=VECTOR('Line Direction',#9240,1.) ;
#9246=VECTOR('Line Direction',#9245,1.) ;
#9271=VECTOR('Line Direction',#9270,1.) ;
#9278=VECTOR('Line Direction',#9277,1.) ;
#9285=VECTOR('Line Direction',#9284,1.) ;
#9316=VECTOR('Line Direction',#9315,1.) ;
#9323=VECTOR('Line Direction',#9322,1.) ;
#9330=VECTOR('Line Direction',#9329,1.) ;
#9353=VECTOR('Line Direction',#9352,1.) ;
#9370=VECTOR('Line Direction',#9369,1.) ;
#9431=VECTOR('Line Direction',#9430,1.) ;
#9436=VECTOR('Line Direction',#9435,1.) ;
#9460=VECTOR('Line Direction',#9459,1.) ;
#9474=VECTOR('Line Direction',#9473,1.) ;
#9541=VECTOR('Line Direction',#9540,1.) ;
#9548=VECTOR('Line Direction',#9547,1.) ;
#9594=VECTOR('Line Direction',#9593,1.) ;
#9601=VECTOR('Line Direction',#9600,1.) ;
#9683=VECTOR('Line Direction',#9682,1.) ;
#9699=VECTOR('Line Direction',#9698,1.) ;
#9796=VECTOR('Line Direction',#9795,1.) ;
#9803=VECTOR('Line Direction',#9802,1.) ;
#9867=VECTOR('Line Direction',#9866,1.) ;
#9874=VECTOR('Line Direction',#9873,1.) ;
#10066=VECTOR('Line Direction',#10065,1.) ;
#10073=VECTOR('Line Direction',#10072,1.) ;
#10109=VECTOR('Line Direction',#10108,1.) ;
#10123=VECTOR('Line Direction',#10122,1.) ;
#10242=VECTOR('Line Direction',#10241,1.) ;
#10256=VECTOR('Line Direction',#10255,1.) ;
#10313=VECTOR('Line Direction',#10312,1.) ;
#10320=VECTOR('Line Direction',#10319,1.) ;
#10356=VECTOR('Line Direction',#10355,1.) ;
#10361=VECTOR('Line Direction',#10360,1.) ;
#10529=VECTOR('Line Direction',#10528,1.) ;
#10536=VECTOR('Line Direction',#10535,1.) ;
#10572=VECTOR('Line Direction',#10571,1.) ;
#10579=VECTOR('Line Direction',#10578,1.) ;
#10643=VECTOR('Line Direction',#10642,1.) ;
#10650=VECTOR('Line Direction',#10649,1.) ;
#10700=VECTOR('Line Direction',#10699,1.) ;
#10714=VECTOR('Line Direction',#10713,1.) ;
#10752=VECTOR('Line Direction',#10751,1.) ;
#10766=VECTOR('Line Direction',#10765,1.) ;
#10804=VECTOR('Line Direction',#10803,1.) ;
#10818=VECTOR('Line Direction',#10817,1.) ;
#10896=VECTOR('Line Direction',#10895,1.) ;
#10901=VECTOR('Line Direction',#10900,1.) ;
#11024=VECTOR('Line Direction',#11023,1.) ;
#11033=VECTOR('Line Direction',#11032,1.) ;
#11040=VECTOR('Line Direction',#11039,1.) ;
#11047=VECTOR('Line Direction',#11046,1.) ;
#11064=VECTOR('Line Direction',#11063,1.) ;
#11073=VECTOR('Line Direction',#11072,1.) ;
#11078=VECTOR('Line Direction',#11077,1.) ;
#11095=VECTOR('Line Direction',#11094,1.) ;
#11102=VECTOR('Line Direction',#11101,1.) ;
#11109=VECTOR('Line Direction',#11108,1.) ;
#11126=VECTOR('Line Direction',#11125,1.) ;
#11143=VECTOR('Line Direction',#11142,1.) ;
#11160=VECTOR('Line Direction',#11159,1.) ;
#11176=VECTOR('Line Direction',#11175,1.) ;
#11190=VECTOR('Line Direction',#11189,1.) ;
#11204=VECTOR('Line Direction',#11203,1.) ;
#11241=VECTOR('Line Direction',#11240,1.) ;
#11255=VECTOR('Line Direction',#11254,1.) ;
#11269=VECTOR('Line Direction',#11268,1.) ;
#11283=VECTOR('Line Direction',#11282,1.) ;
#11297=VECTOR('Line Direction',#11296,1.) ;
#11311=VECTOR('Line Direction',#11310,1.) ;
#11325=VECTOR('Line Direction',#11324,1.) ;
#11339=VECTOR('Line Direction',#11338,1.) ;
#11353=VECTOR('Line Direction',#11352,1.) ;
#11367=VECTOR('Line Direction',#11366,1.) ;
#11381=VECTOR('Line Direction',#11380,1.) ;
#11395=VECTOR('Line Direction',#11394,1.) ;
#11432=VECTOR('Line Direction',#11431,1.) ;
#11448=VECTOR('Line Direction',#11447,1.) ;
#11472=VECTOR('Line Direction',#11471,1.) ;
#11481=VECTOR('Line Direction',#11480,1.) ;
#11486=VECTOR('Line Direction',#11485,1.) ;
#11503=VECTOR('Line Direction',#11502,1.) ;
#11534=VECTOR('Line Direction',#11533,1.) ;
#11543=VECTOR('Line Direction',#11542,1.) ;
#11548=VECTOR('Line Direction',#11547,1.) ;
#11565=VECTOR('Line Direction',#11564,1.) ;
#11596=VECTOR('Line Direction',#11595,1.) ;
#11605=VECTOR('Line Direction',#11604,1.) ;
#11610=VECTOR('Line Direction',#11609,1.) ;
#11627=VECTOR('Line Direction',#11626,1.) ;
#11658=VECTOR('Line Direction',#11657,1.) ;
#11663=VECTOR('Line Direction',#11662,1.) ;
#11690=VECTOR('Line Direction',#11689,1.) ;
#11706=VECTOR('Line Direction',#11705,1.) ;
#11720=VECTOR('Line Direction',#11719,1.) ;
#11734=VECTOR('Line Direction',#11733,1.) ;
#11798=VECTOR('Line Direction',#11797,1.) ;
#11803=VECTOR('Line Direction',#11802,1.) ;
#11820=VECTOR('Line Direction',#11819,1.) ;
#11837=VECTOR('Line Direction',#11836,1.) ;
#11854=VECTOR('Line Direction',#11853,1.) ;
#11871=VECTOR('Line Direction',#11870,1.) ;
#11888=VECTOR('Line Direction',#11887,1.) ;
#11905=VECTOR('Line Direction',#11904,1.) ;
#12027=VECTOR('Line Direction',#12026,1.) ;
#12032=VECTOR('Line Direction',#12031,1.) ;
#12070=VECTOR('Line Direction',#12069,1.) ;
#12075=VECTOR('Line Direction',#12074,1.) ;
#12185=VECTOR('Line Direction',#12184,1.) ;
#12190=VECTOR('Line Direction',#12189,1.) ;
#12219=VECTOR('Line Direction',#12218,1.) ;
#12228=VECTOR('Line Direction',#12227,1.) ;
#12235=VECTOR('Line Direction',#12234,1.) ;
#12242=VECTOR('Line Direction',#12241,1.) ;
#12273=VECTOR('Line Direction',#12272,1.) ;
#12290=VECTOR('Line Direction',#12289,1.) ;
#12297=VECTOR('Line Direction',#12296,1.) ;
#12304=VECTOR('Line Direction',#12303,1.) ;
#12335=VECTOR('Line Direction',#12334,1.) ;
#12352=VECTOR('Line Direction',#12351,1.) ;
#12359=VECTOR('Line Direction',#12358,1.) ;
#12366=VECTOR('Line Direction',#12365,1.) ;
#12383=VECTOR('Line Direction',#12382,1.) ;
#12414=VECTOR('Line Direction',#12413,1.) ;
#12421=VECTOR('Line Direction',#12420,1.) ;
#12428=VECTOR('Line Direction',#12427,1.) ;
#12445=VECTOR('Line Direction',#12444,1.) ;
#12476=VECTOR('Line Direction',#12475,1.) ;
#12483=VECTOR('Line Direction',#12482,1.) ;
#12490=VECTOR('Line Direction',#12489,1.) ;
#12521=VECTOR('Line Direction',#12520,1.) ;
#12533=VECTOR('Line Direction',#12532,1.) ;
#12542=VECTOR('Line Direction',#12541,1.) ;
#12547=VECTOR('Line Direction',#12546,1.) ;
#12578=VECTOR('Line Direction',#12577,1.) ;
#12595=VECTOR('Line Direction',#12594,1.) ;
#12602=VECTOR('Line Direction',#12601,1.) ;
#12609=VECTOR('Line Direction',#12608,1.) ;
#12640=VECTOR('Line Direction',#12639,1.) ;
#12657=VECTOR('Line Direction',#12656,1.) ;
#12664=VECTOR('Line Direction',#12663,1.) ;
#12671=VECTOR('Line Direction',#12670,1.) ;
#12702=VECTOR('Line Direction',#12701,1.) ;
#12714=VECTOR('Line Direction',#12713,1.) ;
#12721=VECTOR('Line Direction',#12720,1.) ;
#12728=VECTOR('Line Direction',#12727,1.) ;
#12745=VECTOR('Line Direction',#12744,1.) ;
#12776=VECTOR('Line Direction',#12775,1.) ;
#12783=VECTOR('Line Direction',#12782,1.) ;
#12790=VECTOR('Line Direction',#12789,1.) ;
#12807=VECTOR('Line Direction',#12806,1.) ;
#12833=VECTOR('Line Direction',#12832,1.) ;
#12840=VECTOR('Line Direction',#12839,1.) ;
#12847=VECTOR('Line Direction',#12846,1.) ;
#12878=VECTOR('Line Direction',#12877,1.) ;
#12902=VECTOR('Line Direction',#12901,1.) ;
#12921=VECTOR('Line Direction',#12920,1.) ;
#12926=VECTOR('Line Direction',#12925,1.) ;
#12979=VECTOR('Line Direction',#12978,1.) ;
#12986=VECTOR('Line Direction',#12985,1.) ;
#12993=VECTOR('Line Direction',#12992,1.) ;
#13010=VECTOR('Line Direction',#13009,1.) ;
#13034=VECTOR('Line Direction',#13033,1.) ;
#13041=VECTOR('Line Direction',#13040,1.) ;
#13065=VECTOR('Line Direction',#13064,1.) ;
#13082=VECTOR('Line Direction',#13081,1.) ;
#13089=VECTOR('Line Direction',#13088,1.) ;
#13106=VECTOR('Line Direction',#13105,1.) ;
#13137=VECTOR('Line Direction',#13136,1.) ;
#13154=VECTOR('Line Direction',#13153,1.) ;
#13180=VECTOR('Line Direction',#13179,1.) ;
#13194=VECTOR('Line Direction',#13193,1.) ;
#13237=VECTOR('Line Direction',#13236,1.) ;
#13246=VECTOR('Line Direction',#13245,1.) ;
#13251=VECTOR('Line Direction',#13250,1.) ;
#13275=VECTOR('Line Direction',#13274,1.) ;
#13287=VECTOR('Line Direction',#13286,1.) ;
#13294=VECTOR('Line Direction',#13293,1.) ;
#13318=VECTOR('Line Direction',#13317,1.) ;
#13330=VECTOR('Line Direction',#13329,1.) ;
#13337=VECTOR('Line Direction',#13336,1.) ;
#13361=VECTOR('Line Direction',#13360,1.) ;
#13373=VECTOR('Line Direction',#13372,1.) ;
#13380=VECTOR('Line Direction',#13379,1.) ;
#13404=VECTOR('Line Direction',#13403,1.) ;
#13416=VECTOR('Line Direction',#13415,1.) ;
#13423=VECTOR('Line Direction',#13422,1.) ;
#13447=VECTOR('Line Direction',#13446,1.) ;
#13459=VECTOR('Line Direction',#13458,1.) ;
#13466=VECTOR('Line Direction',#13465,1.) ;
#13490=VECTOR('Line Direction',#13489,1.) ;
#13502=VECTOR('Line Direction',#13501,1.) ;
#13509=VECTOR('Line Direction',#13508,1.) ;
#13533=VECTOR('Line Direction',#13532,1.) ;
#13545=VECTOR('Line Direction',#13544,1.) ;
#13552=VECTOR('Line Direction',#13551,1.) ;
#13569=VECTOR('Line Direction',#13568,1.) ;
#13588=VECTOR('Line Direction',#13587,1.) ;
#13595=VECTOR('Line Direction',#13594,1.) ;
#13619=VECTOR('Line Direction',#13618,1.) ;
#13633=VECTOR('Line Direction',#13632,1.) ;
#13647=VECTOR('Line Direction',#13646,1.) ;
#13695=VECTOR('Line Direction',#13694,1.) ;
#13707=VECTOR('Line Direction',#13706,1.) ;
#13724=VECTOR('Line Direction',#13723,1.) ;
#13736=VECTOR('Line Direction',#13735,1.) ;
#13753=VECTOR('Line Direction',#13752,1.) ;
#13770=VECTOR('Line Direction',#13769,1.) ;
#13836=VECTOR('Line Direction',#13835,1.) ;
#13850=VECTOR('Line Direction',#13849,1.) ;
#13889=VECTOR('Line Direction',#13888,1.) ;
#13903=VECTOR('Line Direction',#13902,1.) ;
#13985=VECTOR('Line Direction',#13984,1.) ;
#13992=VECTOR('Line Direction',#13991,1.) ;
#13999=VECTOR('Line Direction',#13998,1.) ;
#14006=VECTOR('Line Direction',#14005,1.) ;
#14013=VECTOR('Line Direction',#14012,1.) ;
#14027=VECTOR('Line Direction',#14026,1.) ;
#14041=VECTOR('Line Direction',#14040,1.) ;
#14048=VECTOR('Line Direction',#14047,1.) ;
#14055=VECTOR('Line Direction',#14054,1.) ;
#14062=VECTOR('Line Direction',#14061,1.) ;
#14069=VECTOR('Line Direction',#14068,1.) ;
#14083=VECTOR('Line Direction',#14082,1.) ;
#14130=VECTOR('Line Direction',#14129,1.) ;
#14146=VECTOR('Line Direction',#14145,1.) ;
#14160=VECTOR('Line Direction',#14159,1.) ;
#14174=VECTOR('Line Direction',#14173,1.) ;
#14205=VECTOR('Line Direction',#14204,1.) ;
#14219=VECTOR('Line Direction',#14218,1.) ;
#14233=VECTOR('Line Direction',#14232,1.) ;
#14247=VECTOR('Line Direction',#14246,1.) ;
#14268=VECTOR('Line Direction',#14267,1.) ;
#14273=VECTOR('Line Direction',#14272,1.) ;
#14290=VECTOR('Line Direction',#14289,1.) ;
#14307=VECTOR('Line Direction',#14306,1.) ;
#14324=VECTOR('Line Direction',#14323,1.) ;
#14329=VECTOR('Line Direction',#14328,1.) ;
#14336=VECTOR('Line Direction',#14335,1.) ;
#14343=VECTOR('Line Direction',#14342,1.) ;
#14364=VECTOR('Line Direction',#14363,1.) ;
#14381=VECTOR('Line Direction',#14380,1.) ;
#14398=VECTOR('Line Direction',#14397,1.) ;
#14415=VECTOR('Line Direction',#14414,1.) ;
#14422=VECTOR('Line Direction',#14421,1.) ;
#14429=VECTOR('Line Direction',#14428,1.) ;
#14450=VECTOR('Line Direction',#14449,1.) ;
#14459=VECTOR('Line Direction',#14458,1.) ;
#14464=VECTOR('Line Direction',#14463,1.) ;
#14481=VECTOR('Line Direction',#14480,1.) ;
#14498=VECTOR('Line Direction',#14497,1.) ;
#14522=VECTOR('Line Direction',#14521,1.) ;
#14529=VECTOR('Line Direction',#14528,1.) ;
#14541=VECTOR('Line Direction',#14540,1.) ;
#14548=VECTOR('Line Direction',#14547,1.) ;
#14565=VECTOR('Line Direction',#14564,1.) ;
#14589=VECTOR('Line Direction',#14588,1.) ;
#14613=VECTOR('Line Direction',#14612,1.) ;
#14622=VECTOR('Line Direction',#14621,1.) ;
#14629=VECTOR('Line Direction',#14628,1.) ;
#14636=VECTOR('Line Direction',#14635,1.) ;
#14643=VECTOR('Line Direction',#14642,1.) ;
#14650=VECTOR('Line Direction',#14649,1.) ;
#14655=VECTOR('Line Direction',#14654,1.) ;
#14676=VECTOR('Line Direction',#14675,1.) ;
#14707=VECTOR('Line Direction',#14706,1.) ;
#14724=VECTOR('Line Direction',#14723,1.) ;
#14731=VECTOR('Line Direction',#14730,1.) ;
#14748=VECTOR('Line Direction',#14747,1.) ;
#14772=VECTOR('Line Direction',#14771,1.) ;
#14779=VECTOR('Line Direction',#14778,1.) ;
#14803=VECTOR('Line Direction',#14802,1.) ;
#14842=VECTOR('Line Direction',#14841,1.) ;
#14856=VECTOR('Line Direction',#14855,1.) ;
#14899=VECTOR('Line Direction',#14898,1.) ;
#14904=VECTOR('Line Direction',#14903,1.) ;
#14951=VECTOR('Line Direction',#14950,1.) ;
#14956=VECTOR('Line Direction',#14955,1.) ;
#14985=VECTOR('Line Direction',#14984,1.) ;
#14990=VECTOR('Line Direction',#14989,1.) ;
#15045=VECTOR('Line Direction',#15044,1.) ;
#15054=VECTOR('Line Direction',#15053,1.) ;
#15061=VECTOR('Line Direction',#15060,1.) ;
#15068=VECTOR('Line Direction',#15067,1.) ;
#15092=VECTOR('Line Direction',#15091,1.) ;
#15130=VECTOR('Line Direction',#15129,1.) ;
#15156=VECTOR('Line Direction',#15155,1.) ;
#15163=VECTOR('Line Direction',#15162,1.) ;
#15170=VECTOR('Line Direction',#15169,1.) ;
#15184=VECTOR('Line Direction',#15183,1.) ;
#15203=VECTOR('Line Direction',#15202,1.) ;
#15217=VECTOR('Line Direction',#15216,1.) ;
#15231=VECTOR('Line Direction',#15230,1.) ;
#15236=VECTOR('Line Direction',#15235,1.) ;
#15259=VECTOR('Line Direction',#15258,1.) ;
#15266=VECTOR('Line Direction',#15265,1.) ;
#15277=VECTOR('Line Direction',#15276,1.) ;
#15293=VECTOR('Line Direction',#15292,1.) ;
#15307=VECTOR('Line Direction',#15306,1.) ;
#15321=VECTOR('Line Direction',#15320,1.) ;
#15349=VECTOR('Line Direction',#15348,1.) ;
#15358=VECTOR('Line Direction',#15357,1.) ;
#15365=VECTOR('Line Direction',#15364,1.) ;
#15372=VECTOR('Line Direction',#15371,1.) ;
#15396=VECTOR('Line Direction',#15395,1.) ;
#15420=VECTOR('Line Direction',#15419,1.) ;
#15451=VECTOR('Line Direction',#15450,1.) ;
#15458=VECTOR('Line Direction',#15457,1.) ;
#15465=VECTOR('Line Direction',#15464,1.) ;
#15489=VECTOR('Line Direction',#15488,1.) ;
#15513=VECTOR('Line Direction',#15512,1.) ;
#15520=VECTOR('Line Direction',#15519,1.) ;
#15527=VECTOR('Line Direction',#15526,1.) ;
#15551=VECTOR('Line Direction',#15550,1.) ;
#15575=VECTOR('Line Direction',#15574,1.) ;
#15580=VECTOR('Line Direction',#15579,1.) ;
#15604=VECTOR('Line Direction',#15603,1.) ;
#15618=VECTOR('Line Direction',#15617,1.) ;
#15625=VECTOR('Line Direction',#15624,1.) ;
#15632=VECTOR('Line Direction',#15631,1.) ;
#15664=VECTOR('Line Direction',#15663,1.) ;
#15678=VECTOR('Line Direction',#15677,1.) ;
#15716=VECTOR('Line Direction',#15715,1.) ;
#15730=VECTOR('Line Direction',#15729,1.) ;
#15735=VECTOR('Line Direction',#15734,1.) ;
#15816=VECTOR('Line Direction',#15815,1.) ;
#15821=VECTOR('Line Direction',#15820,1.) ;
#15840=VECTOR('Line Direction',#15839,1.) ;
#15845=VECTOR('Line Direction',#15844,1.) ;
#15874=VECTOR('Line Direction',#15873,1.) ;
#15891=VECTOR('Line Direction',#15890,1.) ;
#15898=VECTOR('Line Direction',#15897,1.) ;
#15905=VECTOR('Line Direction',#15904,1.) ;
#15933=VECTOR('Line Direction',#15932,1.) ;
#15950=VECTOR('Line Direction',#15949,1.) ;
#15974=VECTOR('Line Direction',#15973,1.) ;
#15981=VECTOR('Line Direction',#15980,1.) ;
#16005=VECTOR('Line Direction',#16004,1.) ;
#16022=VECTOR('Line Direction',#16021,1.) ;
#16029=VECTOR('Line Direction',#16028,1.) ;
#16046=VECTOR('Line Direction',#16045,1.) ;
#16070=VECTOR('Line Direction',#16069,1.) ;
#16095=VECTOR('Line Direction',#16094,1.) ;
#16111=VECTOR('Line Direction',#16110,1.) ;
#16125=VECTOR('Line Direction',#16124,1.) ;
#16132=VECTOR('Line Direction',#16131,1.) ;
#16145=VECTOR('Line Direction',#16144,1.) ;
#16154=VECTOR('Line Direction',#16153,1.) ;
#16168=VECTOR('Line Direction',#16167,1.) ;
#16182=VECTOR('Line Direction',#16181,1.) ;
#16253=VECTOR('Line Direction',#16252,1.) ;
#16260=VECTOR('Line Direction',#16259,1.) ;
#16267=VECTOR('Line Direction',#16266,1.) ;
#16284=VECTOR('Line Direction',#16283,1.) ;
#16315=VECTOR('Line Direction',#16314,1.) ;
#16332=VECTOR('Line Direction',#16331,1.) ;
#16339=VECTOR('Line Direction',#16338,1.) ;
#16356=VECTOR('Line Direction',#16355,1.) ;
#16380=VECTOR('Line Direction',#16379,1.) ;
#16387=VECTOR('Line Direction',#16386,1.) ;
#16404=VECTOR('Line Direction',#16403,1.) ;
#16428=VECTOR('Line Direction',#16427,1.) ;
#16531=VECTOR('Line Direction',#16530,1.) ;
#16536=VECTOR('Line Direction',#16535,1.) ;
#16560=VECTOR('Line Direction',#16559,1.) ;
#16567=VECTOR('Line Direction',#16566,1.) ;
#16574=VECTOR('Line Direction',#16573,1.) ;
#16591=VECTOR('Line Direction',#16590,1.) ;
#16615=VECTOR('Line Direction',#16614,1.) ;
#16622=VECTOR('Line Direction',#16621,1.) ;
#16639=VECTOR('Line Direction',#16638,1.) ;
#16663=VECTOR('Line Direction',#16662,1.) ;
#16670=VECTOR('Line Direction',#16669,1.) ;
#16687=VECTOR('Line Direction',#16686,1.) ;
#16713=VECTOR('Line Direction',#16712,1.) ;
#16720=VECTOR('Line Direction',#16719,1.) ;
#16727=VECTOR('Line Direction',#16726,1.) ;
#16751=VECTOR('Line Direction',#16750,1.) ;
#16768=VECTOR('Line Direction',#16767,1.) ;
#16775=VECTOR('Line Direction',#16774,1.) ;
#16799=VECTOR('Line Direction',#16798,1.) ;
#16811=VECTOR('Line Direction',#16810,1.) ;
#16818=VECTOR('Line Direction',#16817,1.) ;
#16835=VECTOR('Line Direction',#16834,1.) ;
#16861=VECTOR('Line Direction',#16860,1.) ;
#16868=VECTOR('Line Direction',#16867,1.) ;
#16914=VECTOR('Line Direction',#16913,1.) ;
#16921=VECTOR('Line Direction',#16920,1.) ;
#16996=VECTOR('Line Direction',#16995,1.) ;
#17012=VECTOR('Line Direction',#17011,1.) ;
#17109=VECTOR('Line Direction',#17108,1.) ;
#17116=VECTOR('Line Direction',#17115,1.) ;
#17180=VECTOR('Line Direction',#17179,1.) ;
#17187=VECTOR('Line Direction',#17186,1.) ;
#17379=VECTOR('Line Direction',#17378,1.) ;
#17386=VECTOR('Line Direction',#17385,1.) ;
#17422=VECTOR('Line Direction',#17421,1.) ;
#17436=VECTOR('Line Direction',#17435,1.) ;
#17555=VECTOR('Line Direction',#17554,1.) ;
#17569=VECTOR('Line Direction',#17568,1.) ;
#17626=VECTOR('Line Direction',#17625,1.) ;
#17633=VECTOR('Line Direction',#17632,1.) ;
#17669=VECTOR('Line Direction',#17668,1.) ;
#17674=VECTOR('Line Direction',#17673,1.) ;
#39=DIRECTION('NONE',(1.,0.,0.)) ;
#40=DIRECTION('NONE',(0.,0.,1.)) ;
#41=DIRECTION('NONE',(1.,0.,0.)) ;
#42=DIRECTION('NONE',(0.,0.,1.)) ;
#70=DIRECTION('Axis2P3D Direction',(-1.,0.,0.)) ;
#71=DIRECTION('Axis2P3D XDirection',(0.,1.,0.)) ;
#75=DIRECTION('Vector Direction',(0.,0.,-1.)) ;
#84=DIRECTION('Vector Direction',(0.,1.,0.)) ;
#91=DIRECTION('Vector Direction',(0.,0.,-1.)) ;
#98=DIRECTION('Vector Direction',(0.,1.,0.)) ;
#110=DIRECTION('Axis2P3D Direction',(-0.,1.,0.)) ;
#111=DIRECTION('Axis2P3D XDirection',(1.,0.,0.)) ;
#115=DIRECTION('Vector Direction',(0.,0.,-1.)) ;
#124=DIRECTION('Vector Direction',(1.,0.,0.)) ;
#129=DIRECTION('Vector Direction',(1.,0.,0.)) ;
#141=DIRECTION('Axis2P3D Direction',(-0.,1.,0.)) ;
#142=DIRECTION('Axis2P3D XDirection',(1.,0.,0.)) ;
#146=DIRECTION('Vector Direction',(1.,0.,0.)) ;
#153=DIRECTION('Vector Direction',(0.,0.,-1.)) ;
#160=DIRECTION('Vector Direction',(1.,0.,0.)) ;
#172=DIRECTION('Axis2P3D Direction',(0.,-0.,1.)) ;
#173=DIRECTION('Axis2P3D XDirection',(0.,1.,0.)) ;
#177=DIRECTION('Vector Direction',(0.,1.,0.)) ;
#184=DIRECTION('Vector Direction',(1.,0.,0.)) ;
#191=DIRECTION('Vector Direction',(0.,1.,0.)) ;
#198=DIRECTION('Vector Direction',(-1.,0.,0.)) ;
#205=DIRECTION('Vector Direction',(0.,1.,0.)) ;
#212=DIRECTION('Vector Direction',(1.,0.,0.)) ;
#219=DIRECTION('Vector Direction',(0.,-1.,0.)) ;
#226=DIRECTION('Vector Direction',(1.,0.,0.)) ;
#233=DIRECTION('Vector Direction',(0.,1.,0.)) ;
#253=DIRECTION('Axis2P3D Direction',(-1.,0.,0.)) ;
#254=DIRECTION('Axis2P3D XDirection',(0.,1.,0.)) ;
#258=DIRECTION('Vector Direction',(0.,0.,-1.)) ;
#265=DIRECTION('Vector Direction',(0.,1.,0.)) ;
#277=DIRECTION('Axis2P3D Direction',(-1.,0.,0.)) ;
#278=DIRECTION('Axis2P3D XDirection',(0.,1.,0.)) ;
#282=DIRECTION('Vector Direction',(0.,1.,0.)) ;
#289=DIRECTION('Vector Direction',(0.,0.,-1.)) ;
#301=DIRECTION('Axis2P3D Direction',(-0.,1.,0.)) ;
#302=DIRECTION('Axis2P3D XDirection',(1.,0.,0.)) ;
#306=DIRECTION('Vector Direction',(1.,0.,0.)) ;
#313=DIRECTION('Vector Direction',(0.,0.,-1.)) ;
#325=DIRECTION('Vector Direction',(0.,1.,0.)) ;
#332=DIRECTION('Vector Direction',(0.,0.,-1.)) ;
#344=DIRECTION('Axis2P3D Direction',(-0.,-1.,-0.)) ;
#345=DIRECTION('Axis2P3D XDirection',(-1.,0.,0.)) ;
#349=DIRECTION('Vector Direction',(-1.,0.,0.)) ;
#356=DIRECTION('Vector Direction',(0.,0.,-1.)) ;
#368=DIRECTION('Vector Direction',(0.,1.,0.)) ;
#375=DIRECTION('Vector Direction',(0.,0.,-1.)) ;
#387=DIRECTION('Vector Direction',(1.,0.,0.)) ;
#394=DIRECTION('Vector Direction',(0.,0.,-1.)) ;
#406=DIRECTION('Axis2P3D Direction',(1.,0.,0.)) ;
#407=DIRECTION('Axis2P3D XDirection',(0.,-1.,0.)) ;
#411=DIRECTION('Vector Direction',(0.,-1.,0.)) ;
#418=DIRECTION('Vector Direction',(0.,0.,-1.)) ;
#430=DIRECTION('Vector Direction',(1.,0.,0.)) ;
#442=DIRECTION('Axis2P3D Direction',(0.,-0.,1.)) ;
#443=DIRECTION('Axis2P3D XDirection',(0.,1.,0.)) ;
#447=DIRECTION('Vector Direction',(0.,1.,0.)) ;
#456=DIRECTION('Axis2P3D Direction',(0.,-0.,1.)) ;
#463=DIRECTION('Vector Direction',(1.,0.,0.)) ;
#470=DIRECTION('Axis2P3D Direction',(0.,-0.,1.)) ;
#477=DIRECTION('Vector Direction',(0.,-1.,0.)) ;
#484=DIRECTION('Axis2P3D Direction',(0.,-0.,1.)) ;
#491=DIRECTION('Vector Direction',(-1.,0.,0.)) ;
#498=DIRECTION('Axis2P3D Direction',(0.,-0.,1.)) ;
#527=DIRECTION('Axis2P3D Direction',(0.,-0.,1.)) ;
#536=DIRECTION('Vector Direction',(-1.,0.,0.)) ;
#543=DIRECTION('Axis2P3D Direction',(0.,-0.,1.)) ;
#550=DIRECTION('Vector Direction',(0.,-1.,0.)) ;
#557=DIRECTION('Axis2P3D Direction',(0.,-0.,1.)) ;
#564=DIRECTION('Vector Direction',(1.,0.,0.)) ;
#571=DIRECTION('Axis2P3D Direction',(0.,-0.,1.)) ;
#578=DIRECTION('Vector Direction',(0.,-1.,0.)) ;
#585=DIRECTION('Axis2P3D Direction',(0.,-0.,1.)) ;
#592=DIRECTION('Vector Direction',(1.,0.,0.)) ;
#599=DIRECTION('Axis2P3D Direction',(0.,-0.,1.)) ;
#606=DIRECTION('Vector Direction',(0.,1.,0.)) ;
#613=DIRECTION('Axis2P3D Direction',(0.,-0.,1.)) ;
#620=DIRECTION('Vector Direction',(1.,0.,0.)) ;
#627=DIRECTION('Axis2P3D Direction',(0.,-0.,1.)) ;
#634=DIRECTION('Vector Direction',(0.,1.,0.)) ;
#641=DIRECTION('Axis2P3D Direction',(0.,-0.,1.)) ;
#648=DIRECTION('Vector Direction',(-1.,0.,0.)) ;
#655=DIRECTION('Axis2P3D Direction',(0.,-0.,1.)) ;
#662=DIRECTION('Vector Direction',(0.,-1.,0.)) ;
#669=DIRECTION('Axis2P3D Direction',(0.,-0.,1.)) ;
#676=DIRECTION('Vector Direction',(1.,0.,0.)) ;
#683=DIRECTION('Axis2P3D Direction',(0.,-0.,1.)) ;
#690=DIRECTION('Vector Direction',(0.,1.,0.)) ;
#721=DIRECTION('Axis2P3D Direction',(0.,-0.,1.)) ;
#730=DIRECTION('Axis2P3D Direction',(0.,-0.,1.)) ;
#740=DIRECTION('Axis2P3D Direction',(-1.11022302463E-15,0.,1.)) ;
#741=DIRECTION('Axis2P3D XDirection',(2.57154050185E-16,-1.,0.)) ;
#745=DIRECTION('Vector Direction',(-6.89412011241E-16,-0.707106781187,0.707106781187)) ;
#754=DIRECTION('Axis2P3D Direction',(1.11022302463E-15,2.85498347391E-31,-1.)) ;
#761=DIRECTION('Vector Direction',(-1.05347720766E-15,0.707106781187,0.707106781187)) ;
#768=DIRECTION('Axis2P3D Direction',(1.11022302463E-15,2.85498347391E-31,-1.)) ;
#780=DIRECTION('Axis2P3D Direction',(1.11022302463E-15,0.,1.)) ;
#781=DIRECTION('Axis2P3D XDirection',(-0.866025403784,0.5,9.21962311176E-16)) ;
#785=DIRECTION('Axis2P3D Direction',(-2.77555756156E-16,-4.80740671596E-16,-1.)) ;
#790=DIRECTION('Axis2P3D Direction',(-2.77555756156E-16,-4.80740671596E-16,-1.)) ;
#802=DIRECTION('Axis2P3D Direction',(0.,0.,-1.)) ;
#803=DIRECTION('Axis2P3D XDirection',(1.,0.,0.)) ;
#807=DIRECTION('Axis2P3D Direction',(0.,0.,-1.)) ;
#816=DIRECTION('Axis2P3D Direction',(0.,0.,-1.)) ;
#830=DIRECTION('Axis2P3D Direction',(0.,0.,-1.)) ;
#831=DIRECTION('Axis2P3D XDirection',(6.12323399574E-17,-1.,0.)) ;
#835=DIRECTION('Vector Direction',(0.,0.,-1.)) ;
#842=DIRECTION('Axis2P3D Direction',(0.,0.,-1.)) ;
#849=DIRECTION('Vector Direction',(0.,0.,-1.)) ;
#861=DIRECTION('Axis2P3D Direction',(0.,0.,-1.)) ;
#873=DIRECTION('Axis2P3D Direction',(0.,0.,1.)) ;
#874=DIRECTION('Axis2P3D XDirection',(-0.965925826289,0.258819045103,0.)) ;
#878=DIRECTION('Vector Direction',(-0.707106781187,0.,0.707106781187)) ;
#887=DIRECTION('Axis2P3D Direction',(0.,0.,1.)) ;
#894=DIRECTION('Vector Direction',(-7.53644380168E-14,-0.707106781187,0.707106781187)) ;
#901=DIRECTION('Axis2P3D Direction',(0.,0.,1.)) ;
#913=DIRECTION('Axis2P3D Direction',(0.707106781187,-0.,0.707106781187)) ;
#914=DIRECTION('Axis2P3D XDirection',(0.,1.,0.)) ;
#918=DIRECTION('Vector Direction',(-0.707106781187,0.,0.707106781187)) ;
#927=DIRECTION('Vector Direction',(0.,1.,0.)) ;
#932=DIRECTION('Vector Direction',(0.,1.,0.)) ;
#944=DIRECTION('Axis2P3D Direction',(0.,0.,1.)) ;
#945=DIRECTION('Axis2P3D XDirection',(0.258819045103,0.965925826289,0.)) ;
#949=DIRECTION('Vector Direction',(0.,0.707106781187,0.707106781187)) ;
#958=DIRECTION('Axis2P3D Direction',(0.,-0.,1.)) ;
#963=DIRECTION('Axis2P3D Direction',(0.,-0.,1.)) ;
#975=DIRECTION('Axis2P3D Direction',(0.,0.707106781187,-0.707106781187)) ;
#976=DIRECTION('Axis2P3D XDirection',(-1.,0.,0.)) ;
#980=DIRECTION('Vector Direction',(0.,0.707106781187,0.707106781187)) ;
#989=DIRECTION('Vector Direction',(-1.,0.,0.)) ;
#994=DIRECTION('Vector Direction',(-1.,0.,0.)) ;
#1006=DIRECTION('Axis2P3D Direction',(0.,0.,1.)) ;
#1007=DIRECTION('Axis2P3D XDirection',(0.965925826289,-0.258819045103,0.)) ;
#1011=DIRECTION('Vector Direction',(0.707106781187,0.,0.707106781187)) ;
#1020=DIRECTION('Axis2P3D Direction',(0.,0.,1.)) ;
#1025=DIRECTION('Axis2P3D Direction',(0.,0.,1.)) ;
#1037=DIRECTION('Axis2P3D Direction',(-0.707106781187,0.,0.707106781187)) ;
#1038=DIRECTION('Axis2P3D XDirection',(0.,-1.,0.)) ;
#1042=DIRECTION('Vector Direction',(0.707106781187,0.,0.707106781187)) ;
#1051=DIRECTION('Vector Direction',(0.,-1.,0.)) ;
#1056=DIRECTION('Vector Direction',(0.,-1.,0.)) ;
#1068=DIRECTION('Axis2P3D Direction',(0.,0.,1.)) ;
#1069=DIRECTION('Axis2P3D XDirection',(-0.258819045103,-0.965925826289,0.)) ;
#1073=DIRECTION('Vector Direction',(0.,-0.707106781187,0.707106781187)) ;
#1082=DIRECTION('Axis2P3D Direction',(0.,0.,1.)) ;
#1087=DIRECTION('Axis2P3D Direction',(0.,0.,1.)) ;
#1099=DIRECTION('Axis2P3D Direction',(0.,-0.707106781187,-0.707106781187)) ;
#1100=DIRECTION('Axis2P3D XDirection',(1.,0.,0.)) ;
#1104=DIRECTION('Vector Direction',(1.,0.,0.)) ;
#1109=DIRECTION('Vector Direction',(1.,0.,0.)) ;
#1121=DIRECTION('Axis2P3D Direction',(0.,-0.,1.)) ;
#1122=DIRECTION('Axis2P3D XDirection',(0.,1.,0.)) ;
#1136=DIRECTION('Vector Direction',(0.,-1.,0.)) ;
#1145=DIRECTION('Axis2P3D Direction',(0.,-0.,1.)) ;
#1152=DIRECTION('Vector Direction',(-1.,0.,0.)) ;
#1159=DIRECTION('Axis2P3D Direction',(0.,-0.,1.)) ;
#1166=DIRECTION('Vector Direction',(0.,1.,0.)) ;
#1173=DIRECTION('Axis2P3D Direction',(0.,-0.,1.)) ;
#1180=DIRECTION('Vector Direction',(1.,0.,0.)) ;
#1187=DIRECTION('Axis2P3D Direction',(0.,-0.,1.)) ;
#1202=DIRECTION('Axis2P3D Direction',(0.,-0.,1.)) ;
#1211=DIRECTION('Axis2P3D Direction',(0.,-0.,1.)) ;
#1220=DIRECTION('Axis2P3D Direction',(0.,-0.,1.)) ;
#1229=DIRECTION('Axis2P3D Direction',(0.,-0.,1.)) ;
#1238=DIRECTION('Axis2P3D Direction',(0.,-0.,1.)) ;
#1247=DIRECTION('Axis2P3D Direction',(0.,-0.,1.)) ;
#1257=DIRECTION('Axis2P3D Direction',(-0.,1.,0.)) ;
#1258=DIRECTION('Axis2P3D XDirection',(1.,0.,0.)) ;
#1262=DIRECTION('Vector Direction',(0.,0.,-1.)) ;
#1267=DIRECTION('Vector Direction',(0.,0.,-1.)) ;
#1279=DIRECTION('Axis2P3D Direction',(0.,0.,-1.)) ;
#1280=DIRECTION('Axis2P3D XDirection',(1.,1.83697019872E-16,0.)) ;
#1284=DIRECTION('Vector Direction',(0.,0.,-1.)) ;
#1296=DIRECTION('Axis2P3D Direction',(1.,0.,0.)) ;
#1297=DIRECTION('Axis2P3D XDirection',(0.,-1.,0.)) ;
#1301=DIRECTION('Vector Direction',(0.,0.,-1.)) ;
#1313=DIRECTION('Axis2P3D Direction',(0.,0.,-1.)) ;
#1314=DIRECTION('Axis2P3D XDirection',(-1.83697019872E-16,1.,-0.)) ;
#1318=DIRECTION('Vector Direction',(0.,0.,-1.)) ;
#1330=DIRECTION('Axis2P3D Direction',(-0.,-1.,-0.)) ;
#1331=DIRECTION('Axis2P3D XDirection',(-1.,0.,0.)) ;
#1335=DIRECTION('Vector Direction',(0.,0.,-1.)) ;
#1347=DIRECTION('Axis2P3D Direction',(0.,0.,-1.)) ;
#1348=DIRECTION('Axis2P3D XDirection',(1.83697019872E-16,-1.,-0.)) ;
#1352=DIRECTION('Vector Direction',(0.,0.,-1.)) ;
#1364=DIRECTION('Axis2P3D Direction',(0.,0.,-1.)) ;
#1365=DIRECTION('Axis2P3D XDirection',(-1.,-1.83697019872E-16,-0.)) ;
#1369=DIRECTION('Vector Direction',(0.,0.,-1.)) ;
#1381=DIRECTION('Axis2P3D Direction',(-1.,0.,0.)) ;
#1382=DIRECTION('Axis2P3D XDirection',(0.,1.,0.)) ;
#1393=DIRECTION('Axis2P3D Direction',(-0.,-0.,1.)) ;
#1394=DIRECTION('Axis2P3D XDirection',(0.479425538604,0.87758256189,0.)) ;
#1398=DIRECTION('Axis2P3D Direction',(-0.,0.,1.)) ;
#1407=DIRECTION('Vector Direction',(0.413233275343,0.756418436719,0.507020126563)) ;
#1412=DIRECTION('Vector Direction',(-0.413233275343,-0.756418436719,0.507020126563)) ;
#1424=DIRECTION('Axis2P3D Direction',(-0.,0.,1.)) ;
#1436=DIRECTION('Axis2P3D Direction',(0.,0.,-1.)) ;
#1437=DIRECTION('Axis2P3D XDirection',(1.,0.,0.)) ;
#1441=DIRECTION('Axis2P3D Direction',(0.,0.,-1.)) ;
#1450=DIRECTION('Axis2P3D Direction',(0.,0.,-1.)) ;
#1459=DIRECTION('Axis2P3D Direction',(0.,0.,-1.)) ;
#1468=DIRECTION('Axis2P3D Direction',(0.,0.,-1.)) ;
#1478=DIRECTION('Axis2P3D Direction',(0.,0.,-1.)) ;
#1479=DIRECTION('Axis2P3D XDirection',(1.,0.,0.)) ;
#1483=DIRECTION('Axis2P3D Direction',(0.,0.,-1.)) ;
#1492=DIRECTION('Axis2P3D Direction',(0.,0.,-1.)) ;
#1501=DIRECTION('Axis2P3D Direction',(0.,0.,-1.)) ;
#1510=DIRECTION('Axis2P3D Direction',(0.,0.,-1.)) ;
#1520=DIRECTION('Axis2P3D Direction',(0.,0.,-1.)) ;
#1521=DIRECTION('Axis2P3D XDirection',(0.479425538604,0.87758256189,0.)) ;
#1525=DIRECTION('Axis2P3D Direction',(0.,0.,-1.)) ;
#1534=DIRECTION('Vector Direction',(0.,0.,-1.)) ;
#1539=DIRECTION('Vector Direction',(0.,0.,-1.)) ;
#1551=DIRECTION('Axis2P3D Direction',(0.,0.,-1.)) ;
#1563=DIRECTION('Axis2P3D Direction',(0.,0.,-1.)) ;
#1564=DIRECTION('Axis2P3D XDirection',(0.479425538604,0.87758256189,0.)) ;
#1568=DIRECTION('Axis2P3D Direction',(0.,0.,-1.)) ;
#1577=DIRECTION('Vector Direction',(0.,0.,-1.)) ;
#1582=DIRECTION('Vector Direction',(0.,0.,-1.)) ;
#1594=DIRECTION('Axis2P3D Direction',(0.,0.,-1.)) ;
#1606=DIRECTION('Axis2P3D Direction',(0.,0.,-1.)) ;
#1607=DIRECTION('Axis2P3D XDirection',(0.479425538604,0.87758256189,0.)) ;
#1611=DIRECTION('Axis2P3D Direction',(-0.87758256189,0.479425538604,0.)) ;
#1616=DIRECTION('Axis2P3D Direction',(0.87758256189,0.479425538604,0.)) ;
#1635=DIRECTION('Axis2P3D Direction',(0.,0.,-1.)) ;
#1636=DIRECTION('Axis2P3D XDirection',(0.479425538604,0.87758256189,0.)) ;
#1640=DIRECTION('Axis2P3D Direction',(0.,0.,-1.)) ;
#1649=DIRECTION('Axis2P3D Direction',(-0.87758256189,0.479425538604,0.)) ;
#1654=DIRECTION('Axis2P3D Direction',(0.87758256189,0.479425538604,0.)) ;
#1666=DIRECTION('Axis2P3D Direction',(0.,0.,-1.)) ;
#1678=DIRECTION('Axis2P3D Direction',(0.,0.,-1.)) ;
#1679=DIRECTION('Axis2P3D XDirection',(0.479425538604,0.87758256189,0.)) ;
#1683=DIRECTION('Axis2P3D Direction',(0.,0.,-1.)) ;
#1692=DIRECTION('Vector Direction',(0.,0.,-1.)) ;
#1697=DIRECTION('Vector Direction',(0.,0.,-1.)) ;
#1709=DIRECTION('Axis2P3D Direction',(0.,0.,-1.)) ;
#1721=DIRECTION('Axis2P3D Direction',(-1.,0.,0.)) ;
#1722=DIRECTION('Axis2P3D XDirection',(0.,1.,0.)) ;
#1726=DIRECTION('Vector Direction',(0.,1.,0.)) ;
#1735=DIRECTION('Vector Direction',(0.,0.,-1.)) ;
#1742=DIRECTION('Vector Direction',(0.,1.,0.)) ;
#1749=DIRECTION('Vector Direction',(0.,0.,-1.)) ;
#1761=DIRECTION('Axis2P3D Direction',(0.,0.,-1.)) ;
#1762=DIRECTION('Axis2P3D XDirection',(-1.,-1.83697019872E-16,-0.)) ;
#1766=DIRECTION('Axis2P3D Direction',(0.,0.,-1.)) ;
#1773=DIRECTION('Axis2P3D Direction',(0.,0.,-1.)) ;
#1780=DIRECTION('Vector Direction',(0.,0.,-1.)) ;
#1792=DIRECTION('Axis2P3D Direction',(-0.,-1.,-0.)) ;
#1793=DIRECTION('Axis2P3D XDirection',(-1.,0.,0.)) ;
#1797=DIRECTION('Vector Direction',(-1.,0.,0.)) ;
#1804=DIRECTION('Vector Direction',(0.,0.,-1.)) ;
#1811=DIRECTION('Vector Direction',(-1.,0.,0.)) ;
#1823=DIRECTION('Axis2P3D Direction',(0.,0.,-1.)) ;
#1824=DIRECTION('Axis2P3D XDirection',(-1.83697019872E-16,1.,-0.)) ;
#1828=DIRECTION('Axis2P3D Direction',(0.,0.,-1.)) ;
#1835=DIRECTION('Axis2P3D Direction',(0.,0.,-1.)) ;
#1842=DIRECTION('Vector Direction',(0.,0.,-1.)) ;
#1854=DIRECTION('Axis2P3D Direction',(-1.,0.,0.)) ;
#1855=DIRECTION('Axis2P3D XDirection',(0.,1.,0.)) ;
#1859=DIRECTION('Vector Direction',(0.,1.,0.)) ;
#1866=DIRECTION('Vector Direction',(0.,0.,-1.)) ;
#1873=DIRECTION('Vector Direction',(0.,-1.,0.)) ;
#1885=DIRECTION('Axis2P3D Direction',(0.,0.,-1.)) ;
#1886=DIRECTION('Axis2P3D XDirection',(0.,-1.,0.)) ;
#1890=DIRECTION('Vector Direction',(0.,0.,-1.)) ;
#1899=DIRECTION('Axis2P3D Direction',(0.,0.,-1.)) ;
#1904=DIRECTION('Axis2P3D Direction',(0.,0.,-1.)) ;
#1916=DIRECTION('Axis2P3D Direction',(-0.,1.,0.)) ;
#1917=DIRECTION('Axis2P3D XDirection',(1.,0.,0.)) ;
#1921=DIRECTION('Vector Direction',(1.,0.,0.)) ;
#1928=DIRECTION('Vector Direction',(0.,0.,-1.)) ;
#1935=DIRECTION('Vector Direction',(1.,0.,0.)) ;
#1947=DIRECTION('Axis2P3D Direction',(0.,0.,-1.)) ;
#1948=DIRECTION('Axis2P3D XDirection',(1.,0.,0.)) ;
#1952=DIRECTION('Vector Direction',(0.,0.,-1.)) ;
#1961=DIRECTION('Axis2P3D Direction',(0.,0.,-1.)) ;
#1966=DIRECTION('Axis2P3D Direction',(0.,0.,-1.)) ;
#1978=DIRECTION('Axis2P3D Direction',(1.,0.,0.)) ;
#1979=DIRECTION('Axis2P3D XDirection',(0.,-1.,0.)) ;
#1983=DIRECTION('Vector Direction',(0.,-1.,0.)) ;
#1990=DIRECTION('Vector Direction',(0.,0.,-1.)) ;
#1997=DIRECTION('Vector Direction',(0.,1.,0.)) ;
#2009=DIRECTION('Axis2P3D Direction',(0.,0.,-1.)) ;
#2010=DIRECTION('Axis2P3D XDirection',(-1.,-1.83697019872E-16,-0.)) ;
#2014=DIRECTION('Axis2P3D Direction',(0.,0.,-1.)) ;
#2021=DIRECTION('Axis2P3D Direction',(0.,0.,-1.)) ;
#2028=DIRECTION('Vector Direction',(0.,0.,-1.)) ;
#2040=DIRECTION('Vector Direction',(0.,0.,-1.)) ;
#2049=DIRECTION('Vector Direction',(-1.,0.,0.)) ;
#2054=DIRECTION('Vector Direction',(-1.,0.,0.)) ;
#2066=DIRECTION('Axis2P3D Direction',(0.,0.,-1.)) ;
#2067=DIRECTION('Axis2P3D XDirection',(-1.83697019872E-16,1.,-0.)) ;
#2071=DIRECTION('Axis2P3D Direction',(0.,0.,-1.)) ;
#2078=DIRECTION('Axis2P3D Direction',(0.,0.,-1.)) ;
#2085=DIRECTION('Vector Direction',(0.,0.,-1.)) ;
#2097=DIRECTION('Axis2P3D Direction',(1.,0.,0.)) ;
#2098=DIRECTION('Axis2P3D XDirection',(0.,-1.,0.)) ;
#2102=DIRECTION('Vector Direction',(0.,-1.,0.)) ;
#2109=DIRECTION('Vector Direction',(0.,0.,-1.)) ;
#2116=DIRECTION('Vector Direction',(0.,-1.,0.)) ;
#2128=DIRECTION('Axis2P3D Direction',(0.,0.,-1.)) ;
#2129=DIRECTION('Axis2P3D XDirection',(1.,1.83697019872E-16,0.)) ;
#2133=DIRECTION('Axis2P3D Direction',(0.,0.,-1.)) ;
#2140=DIRECTION('Axis2P3D Direction',(0.,0.,-1.)) ;
#2147=DIRECTION('Vector Direction',(0.,0.,-1.)) ;
#2159=DIRECTION('Axis2P3D Direction',(-0.,1.,0.)) ;
#2160=DIRECTION('Axis2P3D XDirection',(1.,0.,0.)) ;
#2164=DIRECTION('Vector Direction',(1.,0.,0.)) ;
#2171=DIRECTION('Vector Direction',(0.,0.,-1.)) ;
#2178=DIRECTION('Vector Direction',(1.,0.,0.)) ;
#2190=DIRECTION('Axis2P3D Direction',(0.,0.,-1.)) ;
#2191=DIRECTION('Axis2P3D XDirection',(1.83697019872E-16,-1.,-0.)) ;
#2195=DIRECTION('Axis2P3D Direction',(0.,0.,-1.)) ;
#2202=DIRECTION('Axis2P3D Direction',(0.,0.,-1.)) ;
#2209=DIRECTION('Vector Direction',(0.,0.,-1.)) ;
#2221=DIRECTION('Vector Direction',(0.,-1.,0.)) ;
#2228=DIRECTION('Vector Direction',(0.,0.,-1.)) ;
#2235=DIRECTION('Vector Direction',(0.,-1.,0.)) ;
#2247=DIRECTION('Axis2P3D Direction',(0.,0.,-1.)) ;
#2248=DIRECTION('Axis2P3D XDirection',(0.,1.,0.)) ;
#2252=DIRECTION('Vector Direction',(0.,0.,-1.)) ;
#2261=DIRECTION('Axis2P3D Direction',(0.,0.,-1.)) ;
#2266=DIRECTION('Axis2P3D Direction',(0.,0.,-1.)) ;
#2278=DIRECTION('Axis2P3D Direction',(-0.,1.,0.)) ;
#2279=DIRECTION('Axis2P3D XDirection',(1.,0.,0.)) ;
#2283=DIRECTION('Vector Direction',(1.,0.,0.)) ;
#2290=DIRECTION('Vector Direction',(0.,0.,-1.)) ;
#2297=DIRECTION('Vector Direction',(1.,0.,0.)) ;
#2309=DIRECTION('Axis2P3D Direction',(0.,0.,-1.)) ;
#2310=DIRECTION('Axis2P3D XDirection',(-1.,0.,0.)) ;
#2314=DIRECTION('Vector Direction',(0.,0.,-1.)) ;
#2323=DIRECTION('Axis2P3D Direction',(0.,0.,-1.)) ;
#2328=DIRECTION('Axis2P3D Direction',(0.,0.,-1.)) ;
#2340=DIRECTION('Vector Direction',(0.,1.,0.)) ;
#2347=DIRECTION('Vector Direction',(0.,0.,-1.)) ;
#2354=DIRECTION('Vector Direction',(0.,1.,0.)) ;
#2366=DIRECTION('Axis2P3D Direction',(0.,0.,-1.)) ;
#2367=DIRECTION('Axis2P3D XDirection',(1.,1.83697019872E-16,0.)) ;
#2371=DIRECTION('Axis2P3D Direction',(0.,0.,-1.)) ;
#2378=DIRECTION('Axis2P3D Direction',(0.,0.,-1.)) ;
#2385=DIRECTION('Vector Direction',(0.,0.,-1.)) ;
#2397=DIRECTION('Axis2P3D Direction',(0.,0.,-1.)) ;
#2398=DIRECTION('Axis2P3D XDirection',(1.83697019872E-16,-1.,-0.)) ;
#2402=DIRECTION('Axis2P3D Direction',(0.,0.,-1.)) ;
#2409=DIRECTION('Vector Direction',(0.,0.,-1.)) ;
#2416=DIRECTION('Axis2P3D Direction',(0.,0.,-1.)) ;
#2428=DIRECTION('Vector Direction',(1.,0.,0.)) ;
#2433=DIRECTION('Vector Direction',(1.,0.,0.)) ;
#2445=DIRECTION('Axis2P3D Direction',(0.,-0.,1.)) ;
#2446=DIRECTION('Axis2P3D XDirection',(0.,1.,0.)) ;
#2481=DIRECTION('Axis2P3D Direction',(-1.,0.,0.)) ;
#2482=DIRECTION('Axis2P3D XDirection',(0.,-1.,0.)) ;
#2486=DIRECTION('Vector Direction',(0.,0.,1.)) ;
#2493=DIRECTION('Vector Direction',(0.,-1.,0.)) ;
#2500=DIRECTION('Vector Direction',(0.,0.,1.)) ;
#2512=DIRECTION('Axis2P3D Direction',(0.,-0.,1.)) ;
#2513=DIRECTION('Axis2P3D XDirection',(0.,1.,0.)) ;
#2517=DIRECTION('Vector Direction',(0.,0.,1.)) ;
#2524=DIRECTION('Axis2P3D Direction',(0.,-0.,1.)) ;
#2536=DIRECTION('Axis2P3D Direction',(0.,-1.,0.)) ;
#2537=DIRECTION('Axis2P3D XDirection',(1.,0.,0.)) ;
#2541=DIRECTION('Vector Direction',(0.,0.,1.)) ;
#2548=DIRECTION('Vector Direction',(1.,0.,0.)) ;
#2560=DIRECTION('Axis2P3D Direction',(0.,0.,1.)) ;
#2561=DIRECTION('Axis2P3D XDirection',(-1.,0.,0.)) ;
#2565=DIRECTION('Axis2P3D Direction',(0.,0.,1.)) ;
#2572=DIRECTION('Vector Direction',(0.,0.,1.)) ;
#2584=DIRECTION('Axis2P3D Direction',(0.,1.,-0.)) ;
#2585=DIRECTION('Axis2P3D XDirection',(-1.,0.,0.)) ;
#2589=DIRECTION('Vector Direction',(-1.,0.,0.)) ;
#2596=DIRECTION('Vector Direction',(0.,0.,1.)) ;
#2608=DIRECTION('Axis2P3D Direction',(0.,0.,1.)) ;
#2609=DIRECTION('Axis2P3D XDirection',(1.,0.,0.)) ;
#2613=DIRECTION('Vector Direction',(0.,0.,1.)) ;
#2620=DIRECTION('Axis2P3D Direction',(0.,0.,1.)) ;
#2632=DIRECTION('Axis2P3D Direction',(0.,0.,1.)) ;
#2633=DIRECTION('Axis2P3D XDirection',(0.,-1.,0.)) ;
#2637=DIRECTION('Axis2P3D Direction',(0.,0.,1.)) ;
#2644=DIRECTION('Vector Direction',(0.,0.,1.)) ;
#2656=DIRECTION('Axis2P3D Direction',(1.,0.,0.)) ;
#2657=DIRECTION('Axis2P3D XDirection',(0.,1.,0.)) ;
#2661=DIRECTION('Vector Direction',(0.,1.,0.)) ;
#2673=DIRECTION('Axis2P3D Direction',(0.,-0.,1.)) ;
#2674=DIRECTION('Axis2P3D XDirection',(0.,1.,0.)) ;
#2678=DIRECTION('Axis2P3D Direction',(0.,-0.,1.)) ;
#2687=DIRECTION('Vector Direction',(0.,0.,1.)) ;
#2694=DIRECTION('Axis2P3D Direction',(0.,-0.,1.)) ;
#2701=DIRECTION('Vector Direction',(0.,0.,1.)) ;
#2713=DIRECTION('Axis2P3D Direction',(0.,-0.,1.)) ;
#2718=DIRECTION('Axis2P3D Direction',(0.,-0.,1.)) ;
#2730=DIRECTION('Axis2P3D Direction',(0.,-0.,1.)) ;
#2731=DIRECTION('Axis2P3D XDirection',(0.,1.,0.)) ;
#2744=DIRECTION('Vector Direction',(0.,-1.,0.)) ;
#2753=DIRECTION('Vector Direction',(0.,0.,-1.)) ;
#2758=DIRECTION('Vector Direction',(0.,0.,-1.)) ;
#2770=DIRECTION('Axis2P3D Direction',(0.,0.,-1.)) ;
#2771=DIRECTION('Axis2P3D XDirection',(1.83697019872E-16,-1.,-0.)) ;
#2775=DIRECTION('Axis2P3D Direction',(0.,0.,-1.)) ;
#2782=DIRECTION('Vector Direction',(0.,0.,-1.)) ;
#2794=DIRECTION('Vector Direction',(0.,0.,-1.)) ;
#2801=DIRECTION('Vector Direction',(1.,0.,0.)) ;
#2813=DIRECTION('Axis2P3D Direction',(0.,0.,-1.)) ;
#2814=DIRECTION('Axis2P3D XDirection',(1.,1.83697019872E-16,0.)) ;
#2818=DIRECTION('Axis2P3D Direction',(0.,0.,-1.)) ;
#2825=DIRECTION('Vector Direction',(0.,0.,-1.)) ;
#2837=DIRECTION('Vector Direction',(0.,1.,0.)) ;
#2844=DIRECTION('Vector Direction',(0.,0.,-1.)) ;
#2856=DIRECTION('Axis2P3D Direction',(0.,0.,-1.)) ;
#2857=DIRECTION('Axis2P3D XDirection',(-1.,0.,0.)) ;
#2861=DIRECTION('Axis2P3D Direction',(0.,0.,-1.)) ;
#2868=DIRECTION('Vector Direction',(0.,0.,-1.)) ;
#2880=DIRECTION('Vector Direction',(-1.,0.,0.)) ;
#2887=DIRECTION('Vector Direction',(0.,0.,-1.)) ;
#2899=DIRECTION('Axis2P3D Direction',(0.,0.,-1.)) ;
#2900=DIRECTION('Axis2P3D XDirection',(0.,1.,0.)) ;
#2904=DIRECTION('Axis2P3D Direction',(0.,0.,-1.)) ;
#2911=DIRECTION('Vector Direction',(0.,0.,-1.)) ;
#2923=DIRECTION('Vector Direction',(0.,-1.,0.)) ;
#2930=DIRECTION('Vector Direction',(0.,0.,-1.)) ;
#2942=DIRECTION('Axis2P3D Direction',(0.,0.,-1.)) ;
#2943=DIRECTION('Axis2P3D XDirection',(1.,0.,0.)) ;
#2947=DIRECTION('Axis2P3D Direction',(0.,0.,-1.)) ;
#2954=DIRECTION('Vector Direction',(0.,0.,-1.)) ;
#2966=DIRECTION('Vector Direction',(1.,0.,0.)) ;
#2973=DIRECTION('Vector Direction',(0.,0.,-1.)) ;
#2985=DIRECTION('Axis2P3D Direction',(0.,0.,-1.)) ;
#2986=DIRECTION('Axis2P3D XDirection',(0.,-1.,0.)) ;
#2990=DIRECTION('Axis2P3D Direction',(0.,0.,-1.)) ;
#2997=DIRECTION('Vector Direction',(0.,0.,-1.)) ;
#3009=DIRECTION('Vector Direction',(0.,-1.,0.)) ;
#3016=DIRECTION('Vector Direction',(0.,0.,-1.)) ;
#3028=DIRECTION('Axis2P3D Direction',(0.,0.,-1.)) ;
#3029=DIRECTION('Axis2P3D XDirection',(-1.83697019872E-16,1.,-0.)) ;
#3033=DIRECTION('Axis2P3D Direction',(0.,0.,-1.)) ;
#3040=DIRECTION('Vector Direction',(0.,0.,-1.)) ;
#3052=DIRECTION('Vector Direction',(1.,0.,0.)) ;
#3059=DIRECTION('Vector Direction',(0.,0.,-1.)) ;
#3071=DIRECTION('Axis2P3D Direction',(0.,0.,-1.)) ;
#3072=DIRECTION('Axis2P3D XDirection',(0.,1.,0.)) ;
#3076=DIRECTION('Vector Direction',(0.,0.,-1.)) ;
#3083=DIRECTION('Axis2P3D Direction',(0.,0.,-1.)) ;
#3095=DIRECTION('Vector Direction',(0.,0.,-1.)) ;
#3102=DIRECTION('Vector Direction',(-1.,0.,0.)) ;
#3114=DIRECTION('Axis2P3D Direction',(0.,-0.,1.)) ;
#3115=DIRECTION('Axis2P3D XDirection',(0.,1.,0.)) ;
#3119=DIRECTION('Axis2P3D Direction',(0.,-0.,1.)) ;
#3126=DIRECTION('Vector Direction',(0.,1.,0.)) ;
#3133=DIRECTION('Axis2P3D Direction',(0.,-0.,1.)) ;
#3140=DIRECTION('Vector Direction',(1.,0.,0.)) ;
#3147=DIRECTION('Axis2P3D Direction',(0.,-0.,1.)) ;
#3154=DIRECTION('Vector Direction',(0.,1.,0.)) ;
#3161=DIRECTION('Axis2P3D Direction',(0.,-0.,1.)) ;
#3197=DIRECTION('Axis2P3D Direction',(0.,0.,-1.)) ;
#3198=DIRECTION('Axis2P3D XDirection',(-1.,-1.83697019872E-16,-0.)) ;
#3202=DIRECTION('Vector Direction',(0.,0.,-1.)) ;
#3214=DIRECTION('Vector Direction',(0.,0.,-1.)) ;
#3226=DIRECTION('Axis2P3D Direction',(0.,0.,-1.)) ;
#3227=DIRECTION('Axis2P3D XDirection',(-1.,0.,0.)) ;
#3231=DIRECTION('Vector Direction',(0.,0.,-1.)) ;
#3243=DIRECTION('Vector Direction',(0.,0.,-1.)) ;
#3255=DIRECTION('Axis2P3D Direction',(0.,0.,-1.)) ;
#3256=DIRECTION('Axis2P3D XDirection',(0.,-1.,0.)) ;
#3260=DIRECTION('Vector Direction',(0.,0.,-1.)) ;
#3272=DIRECTION('Axis2P3D Direction',(0.,0.,-1.)) ;
#3273=DIRECTION('Axis2P3D XDirection',(1.,0.,0.)) ;
#3277=DIRECTION('Vector Direction',(0.,0.,-1.)) ;
#3296=DIRECTION('Axis2P3D Direction',(0.,-0.,1.)) ;
#3297=DIRECTION('Axis2P3D XDirection',(0.,1.,0.)) ;
#3338=DIRECTION('Axis2P3D Direction',(0.,0.,-1.)) ;
#3339=DIRECTION('Axis2P3D XDirection',(1.,0.,0.)) ;
#3352=DIRECTION('Axis2P3D Direction',(-0.,-0.,1.)) ;
#3353=DIRECTION('Axis2P3D XDirection',(-1.83697019872E-16,-1.,0.)) ;
#3357=DIRECTION('Vector Direction',(-1.59187841061E-16,-0.371390676354,0.928476690885)) ;
#3362=DIRECTION('Vector Direction',(1.13705600758E-16,0.371390676354,0.928476690885)) ;
#3381=DIRECTION('Axis2P3D Direction',(0.,0.,1.)) ;
#3382=DIRECTION('Axis2P3D XDirection',(0.,1.,0.)) ;
#3386=DIRECTION('Vector Direction',(0.,0.,1.)) ;
#3393=DIRECTION('Axis2P3D Direction',(0.,0.,1.)) ;
#3400=DIRECTION('Vector Direction',(0.,0.,1.)) ;
#3412=DIRECTION('Axis2P3D Direction',(0.,0.,1.)) ;
#3424=DIRECTION('Axis2P3D Direction',(0.,-0.,1.)) ;
#3425=DIRECTION('Axis2P3D XDirection',(0.,1.,0.)) ;
#3434=DIRECTION('Axis2P3D Direction',(0.,0.,1.)) ;
#3435=DIRECTION('Axis2P3D XDirection',(0.,1.,0.)) ;
#3439=DIRECTION('Vector Direction',(0.,0.,1.)) ;
#3446=DIRECTION('Axis2P3D Direction',(0.,0.,1.)) ;
#3453=DIRECTION('Vector Direction',(0.,0.,1.)) ;
#3465=DIRECTION('Axis2P3D Direction',(0.,0.,1.)) ;
#3492=DIRECTION('NONE',(1.,0.,0.)) ;
#3493=DIRECTION('NONE',(0.,0.,1.)) ;
#3494=DIRECTION('NONE',(1.,0.,0.)) ;
#3495=DIRECTION('NONE',(0.,0.,1.)) ;
#3515=DIRECTION('Axis2P3D Direction',(0.,0.,1.)) ;
#3516=DIRECTION('Axis2P3D XDirection',(1.,0.,0.)) ;
#3520=DIRECTION('Vector Direction',(0.,1.,0.)) ;
#3529=DIRECTION('Axis2P3D Direction',(0.,0.,1.)) ;
#3536=DIRECTION('Vector Direction',(-1.,0.,0.)) ;
#3543=DIRECTION('Axis2P3D Direction',(0.,0.,1.)) ;
#3550=DIRECTION('Vector Direction',(0.,-1.,0.)) ;
#3557=DIRECTION('Axis2P3D Direction',(0.,0.,1.)) ;
#3564=DIRECTION('Vector Direction',(1.,0.,0.)) ;
#3571=DIRECTION('Axis2P3D Direction',(0.,0.,1.)) ;
#3586=DIRECTION('Axis2P3D Direction',(0.,0.,1.)) ;
#3595=DIRECTION('Axis2P3D Direction',(0.,0.,1.)) ;
#3605=DIRECTION('Axis2P3D Direction',(1.,0.,0.)) ;
#3606=DIRECTION('Axis2P3D XDirection',(-0.,1.83697019872E-16,1.)) ;
#3610=DIRECTION('Axis2P3D Direction',(1.,0.,0.)) ;
#3617=DIRECTION('Vector Direction',(1.,0.,0.)) ;
#3624=DIRECTION('Axis2P3D Direction',(1.,0.,0.)) ;
#3636=DIRECTION('Axis2P3D Direction',(-0.,0.,1.)) ;
#3637=DIRECTION('Axis2P3D XDirection',(-1.,-1.7763568394E-15,0.)) ;
#3641=DIRECTION('Axis2P3D Direction',(-8.40622042026E-16,1.,-0.)) ;
#3648=DIRECTION('Axis2P3D Direction',(-0.,0.,1.)) ;
#3660=DIRECTION('Axis2P3D Direction',(0.,0.,1.)) ;
#3661=DIRECTION('Axis2P3D XDirection',(0.,-1.,0.)) ;
#3665=DIRECTION('Axis2P3D Direction',(0.,0.,1.)) ;
#3672=DIRECTION('Axis2P3D Direction',(1.60812264968E-16,-1.,0.)) ;
#3684=DIRECTION('Axis2P3D Direction',(0.,-1.,0.)) ;
#3685=DIRECTION('Axis2P3D XDirection',(1.83697019872E-16,0.,1.)) ;
#3689=DIRECTION('Axis2P3D Direction',(0.,-1.,0.)) ;
#3696=DIRECTION('Vector Direction',(0.,-1.,0.)) ;
#3708=DIRECTION('Axis2P3D Direction',(0.,0.,1.)) ;
#3709=DIRECTION('Axis2P3D XDirection',(0.,1.,0.)) ;
#3713=DIRECTION('Axis2P3D Direction',(1.,0.,-0.)) ;
#3720=DIRECTION('Axis2P3D Direction',(0.,0.,1.)) ;
#3732=DIRECTION('Axis2P3D Direction',(-1.,0.,0.)) ;
#3733=DIRECTION('Axis2P3D XDirection',(-0.,-1.83697019872E-16,1.)) ;
#3737=DIRECTION('Axis2P3D Direction',(-1.,0.,0.)) ;
#3744=DIRECTION('Vector Direction',(-1.,0.,0.)) ;
#3756=DIRECTION('Axis2P3D Direction',(0.,0.,1.)) ;
#3757=DIRECTION('Axis2P3D XDirection',(1.,1.7763568394E-15,0.)) ;
#3761=DIRECTION('Axis2P3D Direction',(8.40622042026E-16,-1.,0.)) ;
#3768=DIRECTION('Axis2P3D Direction',(0.,0.,1.)) ;
#3780=DIRECTION('Axis2P3D Direction',(-0.,1.,0.)) ;
#3781=DIRECTION('Axis2P3D XDirection',(-1.83697019872E-16,-0.,1.)) ;
#3785=DIRECTION('Vector Direction',(0.,1.,0.)) ;
#3797=DIRECTION('Axis2P3D Direction',(0.,-0.,1.)) ;
#3798=DIRECTION('Axis2P3D XDirection',(0.,1.,0.)) ;
#3802=DIRECTION('Axis2P3D Direction',(0.,-0.,1.)) ;
#3811=DIRECTION('Vector Direction',(1.,0.,0.)) ;
#3821=DIRECTION('Vector Direction',(1.,0.,0.)) ;
#3830=DIRECTION('Axis2P3D Direction',(0.,-0.,1.)) ;
#3840=DIRECTION('Axis2P3D Direction',(0.,0.,-1.)) ;
#3841=DIRECTION('Axis2P3D XDirection',(0.479425538604,0.87758256189,0.)) ;
#3845=DIRECTION('Vector Direction',(0.,0.,-1.)) ;
#3854=DIRECTION('Axis2P3D Direction',(0.,0.,-1.)) ;
#3861=DIRECTION('Vector Direction',(0.,0.,-1.)) ;
#3868=DIRECTION('Axis2P3D Direction',(0.,0.,-1.)) ;
#3880=DIRECTION('Axis2P3D Direction',(0.,0.,-1.)) ;
#3885=DIRECTION('Axis2P3D Direction',(0.,0.,-1.)) ;
#3897=DIRECTION('Axis2P3D Direction',(0.,0.,-1.)) ;
#3898=DIRECTION('Axis2P3D XDirection',(0.479425538604,0.87758256189,0.)) ;
#3902=DIRECTION('Vector Direction',(0.,0.,-1.)) ;
#3909=DIRECTION('Vector Direction',(0.,0.,-1.)) ;
#3916=DIRECTION('Axis2P3D Direction',(0.,0.,-1.)) ;
#3928=DIRECTION('Axis2P3D Direction',(0.,0.,-1.)) ;
#3940=DIRECTION('Axis2P3D Direction',(0.,0.,-1.)) ;
#3941=DIRECTION('Axis2P3D XDirection',(1.,0.,0.)) ;
#3949=DIRECTION('Axis2P3D Direction',(0.,0.,-1.)) ;
#3958=DIRECTION('Axis2P3D Direction',(0.,0.,-1.)) ;
#3968=DIRECTION('Axis2P3D Direction',(0.,0.,-1.)) ;
#3969=DIRECTION('Axis2P3D XDirection',(1.,0.,0.)) ;
#3982=DIRECTION('Axis2P3D Direction',(0.,0.,1.)) ;
#3983=DIRECTION('Axis2P3D XDirection',(-1.83697019872E-16,-1.,-0.)) ;
#3987=DIRECTION('Vector Direction',(0.,0.,1.)) ;
#3994=DIRECTION('Vector Direction',(0.,0.,1.)) ;
#4001=DIRECTION('Axis2P3D Direction',(0.,0.,1.)) ;
#4013=DIRECTION('Axis2P3D Direction',(0.,-0.,1.)) ;
#4014=DIRECTION('Axis2P3D XDirection',(1.,-1.83697019872E-16,-0.)) ;
#4018=DIRECTION('Vector Direction',(0.,0.,1.)) ;
#4025=DIRECTION('Vector Direction',(0.,0.,1.)) ;
#4032=DIRECTION('Axis2P3D Direction',(0.,-0.,1.)) ;
#4044=DIRECTION('Axis2P3D Direction',(1.,0.,0.)) ;
#4045=DIRECTION('Axis2P3D XDirection',(0.,1.,0.)) ;
#4049=DIRECTION('Vector Direction',(0.,1.,0.)) ;
#4061=DIRECTION('Axis2P3D Direction',(0.,0.,1.)) ;
#4062=DIRECTION('Axis2P3D XDirection',(-0.258819045103,-0.965925826289,0.)) ;
#4066=DIRECTION('Vector Direction',(0.,-0.707106781187,0.707106781187)) ;
#4073=DIRECTION('Axis2P3D Direction',(0.,0.,1.)) ;
#4080=DIRECTION('Vector Direction',(0.707106781187,0.,0.707106781187)) ;
#4092=DIRECTION('Axis2P3D Direction',(0.707106781187,0.,-0.707106781187)) ;
#4093=DIRECTION('Axis2P3D XDirection',(0.,1.,0.)) ;
#4097=DIRECTION('Vector Direction',(0.,1.,0.)) ;
#4104=DIRECTION('Vector Direction',(0.707106781187,0.,0.707106781187)) ;
#4116=DIRECTION('Axis2P3D Direction',(-4.4408920985E-15,0.,1.)) ;
#4117=DIRECTION('Axis2P3D XDirection',(0.965925826289,-0.258819045103,4.34639375269E-15)) ;
#4121=DIRECTION('Axis2P3D Direction',(-2.97483362867E-16,-1.11022302463E-15,1.)) ;
#4128=DIRECTION('Vector Direction',(-6.28036983474E-15,0.707106781187,0.707106781187)) ;
#4140=DIRECTION('Axis2P3D Direction',(0.,0.707106781187,-0.707106781187)) ;
#4141=DIRECTION('Axis2P3D XDirection',(-1.,0.,0.)) ;
#4145=DIRECTION('Vector Direction',(-1.,0.,0.)) ;
#4152=DIRECTION('Vector Direction',(-1.,0.,0.)) ;
#4172=DIRECTION('Axis2P3D Direction',(0.,-0.707106781187,-0.707106781187)) ;
#4173=DIRECTION('Axis2P3D XDirection',(1.,0.,0.)) ;
#4177=DIRECTION('Vector Direction',(1.,0.,0.)) ;
#4184=DIRECTION('Vector Direction',(1.,0.,0.)) ;
#4204=DIRECTION('Axis2P3D Direction',(0.,0.,1.)) ;
#4205=DIRECTION('Axis2P3D XDirection',(-1.,1.83697019872E-16,0.)) ;
#4209=DIRECTION('Vector Direction',(0.,0.,1.)) ;
#4216=DIRECTION('Vector Direction',(0.,0.,1.)) ;
#4223=DIRECTION('Axis2P3D Direction',(0.,0.,1.)) ;
#4235=DIRECTION('Axis2P3D Direction',(-1.,0.,0.)) ;
#4236=DIRECTION('Axis2P3D XDirection',(0.,-1.,0.)) ;
#4240=DIRECTION('Vector Direction',(0.,0.,1.)) ;
#4247=DIRECTION('Vector Direction',(0.,-1.,0.)) ;
#4259=DIRECTION('Axis2P3D Direction',(0.,0.,1.)) ;
#4260=DIRECTION('Axis2P3D XDirection',(1.83697019872E-16,1.,-0.)) ;
#4264=DIRECTION('Vector Direction',(0.,0.,1.)) ;
#4271=DIRECTION('Axis2P3D Direction',(0.,0.,1.)) ;
#4283=DIRECTION('Axis2P3D Direction',(0.,-1.,0.)) ;
#4284=DIRECTION('Axis2P3D XDirection',(1.,0.,0.)) ;
#4288=DIRECTION('Vector Direction',(0.,0.,1.)) ;
#4295=DIRECTION('Vector Direction',(0.,0.,1.)) ;
#4300=DIRECTION('Vector Direction',(1.,0.,0.)) ;
#4316=DIRECTION('Axis2P3D Direction',(0.,1.,-0.)) ;
#4317=DIRECTION('Axis2P3D XDirection',(-1.,0.,0.)) ;
#4321=DIRECTION('Vector Direction',(0.,0.,1.)) ;
#4326=DIRECTION('Vector Direction',(0.,0.,1.)) ;
#4333=DIRECTION('Vector Direction',(-1.,0.,0.)) ;
#4349=DIRECTION('Axis2P3D Direction',(0.,-0.,1.)) ;
#4350=DIRECTION('Axis2P3D XDirection',(0.992156741649,0.125,0.)) ;
#4362=DIRECTION('Axis2P3D Direction',(0.,-0.,1.)) ;
#4376=DIRECTION('Axis2P3D Direction',(0.,-0.,1.)) ;
#4377=DIRECTION('Axis2P3D XDirection',(-0.992156741649,-0.125,0.)) ;
#4389=DIRECTION('Axis2P3D Direction',(0.,-0.,1.)) ;
#4403=DIRECTION('Axis2P3D Direction',(0.,0.,1.)) ;
#4404=DIRECTION('Axis2P3D XDirection',(0.258819045103,0.965925826289,0.)) ;
#4408=DIRECTION('Vector Direction',(0.,0.707106781187,0.707106781187)) ;
#4415=DIRECTION('Axis2P3D Direction',(0.,-0.,1.)) ;
#4422=DIRECTION('Vector Direction',(-0.707106781187,0.,0.707106781187)) ;
#4434=DIRECTION('Axis2P3D Direction',(-0.707106781187,-0.,-0.707106781187)) ;
#4435=DIRECTION('Axis2P3D XDirection',(0.,-1.,0.)) ;
#4439=DIRECTION('Vector Direction',(0.,-1.,0.)) ;
#4446=DIRECTION('Vector Direction',(-0.707106781187,0.,0.707106781187)) ;
#4458=DIRECTION('Axis2P3D Direction',(4.4408920985E-15,0.,1.)) ;
#4459=DIRECTION('Axis2P3D XDirection',(-0.965925826289,0.258819045103,4.34639375269E-15)) ;
#4463=DIRECTION('Axis2P3D Direction',(2.97483362867E-16,1.11022302463E-15,1.)) ;
#4470=DIRECTION('Vector Direction',(6.28036983474E-15,-0.707106781187,0.707106781187)) ;
#4482=DIRECTION('Axis2P3D Direction',(0.,-0.707106781187,-0.707106781187)) ;
#4483=DIRECTION('Axis2P3D XDirection',(1.,0.,0.)) ;
#4487=DIRECTION('Vector Direction',(1.,0.,0.)) ;
#4499=DIRECTION('Axis2P3D Direction',(0.,0.707106781187,-0.707106781187)) ;
#4500=DIRECTION('Axis2P3D XDirection',(-1.,0.,0.)) ;
#4504=DIRECTION('Vector Direction',(-1.,0.,0.)) ;
#4516=DIRECTION('Axis2P3D Direction',(0.,0.,-1.)) ;
#4517=DIRECTION('Axis2P3D XDirection',(0.479425538604,0.87758256189,0.)) ;
#4521=DIRECTION('Axis2P3D Direction',(0.,0.,-1.)) ;
#4530=DIRECTION('Vector Direction',(0.,0.,-1.)) ;
#4535=DIRECTION('Vector Direction',(0.,0.,-1.)) ;
#4547=DIRECTION('Axis2P3D Direction',(0.,0.,-1.)) ;
#4559=DIRECTION('Axis2P3D Direction',(0.,-0.,1.)) ;
#4560=DIRECTION('Axis2P3D XDirection',(0.,1.,0.)) ;
#4578=DIRECTION('Axis2P3D Direction',(0.,-0.,1.)) ;
#4587=DIRECTION('Axis2P3D Direction',(0.,-0.,1.)) ;
#4597=DIRECTION('Axis2P3D Direction',(-3.33066907388E-15,-6.66133814775E-15,-1.)) ;
#4598=DIRECTION('Axis2P3D XDirection',(0.479425538604,0.87758256189,-7.507407391E-15)) ;
#4602=DIRECTION('Vector Direction',(-0.339005049421,-0.620544580564,-0.707106781187)) ;
#4607=DIRECTION('Vector Direction',(0.339005049421,0.620544580564,-0.707106781187)) ;
#4619=DIRECTION('Axis2P3D Direction',(-1.11022302463E-15,-1.11022302463E-15,-1.)) ;
#4620=DIRECTION('Axis2P3D XDirection',(-0.999721561817,-0.0235965852909,1.18538011437E-15)) ;
#4641=DIRECTION('NONE',(1.,0.,0.)) ;
#4642=DIRECTION('NONE',(0.,0.,1.)) ;
#4643=DIRECTION('NONE',(1.,0.,0.)) ;
#4644=DIRECTION('NONE',(0.,0.,1.)) ;
#4664=DIRECTION('Axis2P3D Direction',(0.,-0.,1.)) ;
#4665=DIRECTION('Axis2P3D XDirection',(0.,1.,0.)) ;
#4669=DIRECTION('Axis2P3D Direction',(0.,-0.,1.)) ;
#4678=DIRECTION('Vector Direction',(0.,-1.,0.)) ;
#4685=DIRECTION('Axis2P3D Direction',(0.,-0.,1.)) ;
#4692=DIRECTION('Vector Direction',(1.,0.,0.)) ;
#4699=DIRECTION('Vector Direction',(0.,1.,0.)) ;
#4706=DIRECTION('Vector Direction',(1.,0.,0.)) ;
#4713=DIRECTION('Vector Direction',(0.,-1.,0.)) ;
#4720=DIRECTION('Vector Direction',(1.,0.,0.)) ;
#4727=DIRECTION('Axis2P3D Direction',(0.,-0.,1.)) ;
#4734=DIRECTION('Vector Direction',(0.,1.,0.)) ;
#4741=DIRECTION('Axis2P3D Direction',(0.,-0.,1.)) ;
#4748=DIRECTION('Vector Direction',(-1.,0.,0.)) ;
#4755=DIRECTION('Vector Direction',(0.,1.,0.)) ;
#4762=DIRECTION('Vector Direction',(1.,0.,0.)) ;
#4769=DIRECTION('Vector Direction',(0.,-1.,0.)) ;
#4776=DIRECTION('Vector Direction',(-1.,0.,0.)) ;
#4799=DIRECTION('Axis2P3D Direction',(0.,-0.,1.)) ;
#4808=DIRECTION('Axis2P3D Direction',(0.,-0.,1.)) ;
#4818=DIRECTION('Axis2P3D Direction',(0.,0.,1.)) ;
#4819=DIRECTION('Axis2P3D XDirection',(1.,0.,0.)) ;
#4823=DIRECTION('Vector Direction',(-1.,0.,0.)) ;
#4832=DIRECTION('Axis2P3D Direction',(0.,0.,1.)) ;
#4839=DIRECTION('Vector Direction',(0.,1.,0.)) ;
#4846=DIRECTION('Axis2P3D Direction',(0.,0.,1.)) ;
#4853=DIRECTION('Vector Direction',(1.,0.,0.)) ;
#4860=DIRECTION('Axis2P3D Direction',(0.,0.,1.)) ;
#4867=DIRECTION('Vector Direction',(0.,-1.,0.)) ;
#4874=DIRECTION('Axis2P3D Direction',(0.,0.,1.)) ;
#4889=DIRECTION('Axis2P3D Direction',(0.,0.,1.)) ;
#4898=DIRECTION('Vector Direction',(1.97372982156E-16,-1.,0.)) ;
#4905=DIRECTION('Axis2P3D Direction',(0.,0.,1.)) ;
#4912=DIRECTION('Vector Direction',(-1.,0.,0.)) ;
#4919=DIRECTION('Axis2P3D Direction',(0.,0.,1.)) ;
#4926=DIRECTION('Vector Direction',(0.,1.,0.)) ;
#4933=DIRECTION('Axis2P3D Direction',(0.,0.,1.)) ;
#4940=DIRECTION('Vector Direction',(1.,-1.614869854E-15,0.)) ;
#4956=DIRECTION('Axis2P3D Direction',(1.,0.,0.)) ;
#4957=DIRECTION('Axis2P3D XDirection',(0.,1.,0.)) ;
#4961=DIRECTION('Vector Direction',(0.,0.,1.)) ;
#4966=DIRECTION('Vector Direction',(0.,0.,1.)) ;
#4978=DIRECTION('Axis2P3D Direction',(0.,0.,1.)) ;
#4979=DIRECTION('Axis2P3D XDirection',(1.83697019872E-16,1.,-0.)) ;
#4983=DIRECTION('Vector Direction',(0.,0.,1.)) ;
#4995=DIRECTION('Axis2P3D Direction',(0.,0.,1.)) ;
#4996=DIRECTION('Axis2P3D XDirection',(-1.,1.83697019872E-16,0.)) ;
#5000=DIRECTION('Vector Direction',(0.,0.,1.)) ;
#5012=DIRECTION('Axis2P3D Direction',(0.,1.,-0.)) ;
#5013=DIRECTION('Axis2P3D XDirection',(-1.,0.,0.)) ;
#5017=DIRECTION('Vector Direction',(0.,0.,1.)) ;
#5024=DIRECTION('Vector Direction',(-1.,0.,0.)) ;
#5031=DIRECTION('Vector Direction',(0.,0.,1.)) ;
#5036=DIRECTION('Vector Direction',(0.,0.,1.)) ;
#5052=DIRECTION('Axis2P3D Direction',(0.,-0.,1.)) ;
#5053=DIRECTION('Axis2P3D XDirection',(1.,-1.83697019872E-16,-0.)) ;
#5057=DIRECTION('Vector Direction',(0.,0.,1.)) ;
#5069=DIRECTION('Axis2P3D Direction',(-1.,0.,0.)) ;
#5070=DIRECTION('Axis2P3D XDirection',(0.,-1.,0.)) ;
#5074=DIRECTION('Vector Direction',(0.,0.,1.)) ;
#5086=DIRECTION('Axis2P3D Direction',(0.,0.,1.)) ;
#5087=DIRECTION('Axis2P3D XDirection',(-1.83697019872E-16,-1.,-0.)) ;
#5091=DIRECTION('Vector Direction',(0.,0.,1.)) ;
#5103=DIRECTION('Axis2P3D Direction',(0.,-1.,0.)) ;
#5104=DIRECTION('Axis2P3D XDirection',(1.,0.,0.)) ;
#5108=DIRECTION('Vector Direction',(0.,0.,1.)) ;
#5115=DIRECTION('Vector Direction',(-1.,0.,0.)) ;
#5122=DIRECTION('Vector Direction',(0.,0.,1.)) ;
#5138=DIRECTION('Axis2P3D Direction',(0.,-1.,0.)) ;
#5139=DIRECTION('Axis2P3D XDirection',(1.,0.,0.)) ;
#5143=DIRECTION('Vector Direction',(1.,0.,0.)) ;
#5152=DIRECTION('Vector Direction',(0.,0.,1.)) ;
#5157=DIRECTION('Vector Direction',(0.,0.,1.)) ;
#5169=DIRECTION('Axis2P3D Direction',(-1.,0.,0.)) ;
#5170=DIRECTION('Axis2P3D XDirection',(0.,-1.,0.)) ;
#5174=DIRECTION('Vector Direction',(0.,-1.,0.)) ;
#5186=DIRECTION('Axis2P3D Direction',(1.,0.,0.)) ;
#5187=DIRECTION('Axis2P3D XDirection',(0.,1.,0.)) ;
#5191=DIRECTION('Vector Direction',(0.,1.,0.)) ;
#5203=DIRECTION('Axis2P3D Direction',(0.,-0.,1.)) ;
#5204=DIRECTION('Axis2P3D XDirection',(0.,1.,0.)) ;
#5215=DIRECTION('Vector Direction',(0.,-1.,0.)) ;
#5222=DIRECTION('Vector Direction',(0.,0.,1.)) ;
#5234=DIRECTION('Vector Direction',(0.,1.,0.)) ;
#5241=DIRECTION('Vector Direction',(0.,0.,1.)) ;
#5253=DIRECTION('Axis2P3D Direction',(0.,-1.,0.)) ;
#5254=DIRECTION('Axis2P3D XDirection',(1.,0.,0.)) ;
#5258=DIRECTION('Vector Direction',(1.,0.,0.)) ;
#5277=DIRECTION('Axis2P3D Direction',(0.,-0.,1.)) ;
#5278=DIRECTION('Axis2P3D XDirection',(0.,1.,0.)) ;
#5282=DIRECTION('Vector Direction',(1.,0.,0.)) ;
#5291=DIRECTION('Axis2P3D Direction',(0.,-0.,1.)) ;
#5301=DIRECTION('Axis2P3D Direction',(-0.,-1.,-0.)) ;
#5302=DIRECTION('Axis2P3D XDirection',(-1.,0.,0.)) ;
#5306=DIRECTION('Vector Direction',(0.,0.,-1.)) ;
#5313=DIRECTION('Vector Direction',(-1.,0.,0.)) ;
#5320=DIRECTION('Vector Direction',(0.,0.,-1.)) ;
#5327=DIRECTION('Vector Direction',(1.,0.,0.)) ;
#5334=DIRECTION('Vector Direction',(0.,0.,-1.)) ;
#5341=DIRECTION('Vector Direction',(-1.,0.,0.)) ;
#5348=DIRECTION('Vector Direction',(0.,0.,-1.)) ;
#5364=DIRECTION('Axis2P3D Direction',(0.,0.,-1.)) ;
#5365=DIRECTION('Axis2P3D XDirection',(-1.,0.,0.)) ;
#5369=DIRECTION('Vector Direction',(0.,0.,-1.)) ;
#5376=DIRECTION('Axis2P3D Direction',(0.,0.,-1.)) ;
#5388=DIRECTION('Axis2P3D Direction',(0.,0.,-1.)) ;
#5389=DIRECTION('Axis2P3D XDirection',(0.,1.,0.)) ;
#5393=DIRECTION('Axis2P3D Direction',(0.,0.,-1.)) ;
#5400=DIRECTION('Vector Direction',(0.,0.,-1.)) ;
#5412=DIRECTION('Axis2P3D Direction',(1.,2.1984614349E-16,0.)) ;
#5413=DIRECTION('Axis2P3D XDirection',(2.1984614349E-16,-1.,0.)) ;
#5417=DIRECTION('Vector Direction',(1.97372982156E-16,-1.,0.)) ;
#5424=DIRECTION('Vector Direction',(0.,0.,-1.)) ;
#5436=DIRECTION('Axis2P3D Direction',(-0.,0.,-1.)) ;
#5437=DIRECTION('Axis2P3D XDirection',(-1.614869854E-15,-1.,0.)) ;
#5441=DIRECTION('Vector Direction',(0.,0.,-1.)) ;
#5448=DIRECTION('Axis2P3D Direction',(-0.,0.,-1.)) ;
#5460=DIRECTION('Axis2P3D Direction',(-1.,0.,0.)) ;
#5461=DIRECTION('Axis2P3D XDirection',(0.,1.,0.)) ;
#5465=DIRECTION('Vector Direction',(0.,1.,0.)) ;
#5472=DIRECTION('Vector Direction',(0.,0.,-1.)) ;
#5484=DIRECTION('Axis2P3D Direction',(0.,0.,-1.)) ;
#5485=DIRECTION('Axis2P3D XDirection',(1.,0.,0.)) ;
#5489=DIRECTION('Axis2P3D Direction',(0.,0.,-1.)) ;
#5496=DIRECTION('Vector Direction',(0.,0.,-1.)) ;
#5508=DIRECTION('Axis2P3D Direction',(0.,-0.,1.)) ;
#5509=DIRECTION('Axis2P3D XDirection',(-0.997624703088,-0.0688836104513,0.)) ;
#5513=DIRECTION('Axis2P3D Direction',(0.,-0.,1.)) ;
#5518=DIRECTION('Axis2P3D Direction',(0.,-0.,1.)) ;
#5530=DIRECTION('Axis2P3D Direction',(0.,0.,1.)) ;
#5531=DIRECTION('Axis2P3D XDirection',(1.,0.,0.)) ;
#5535=DIRECTION('Vector Direction',(1.,0.,0.)) ;
#5542=DIRECTION('Axis2P3D Direction',(0.,0.,1.)) ;
#5549=DIRECTION('Vector Direction',(1.,0.,0.)) ;
#5568=DIRECTION('Axis2P3D Direction',(0.,0.,1.)) ;
#5577=DIRECTION('Axis2P3D Direction',(0.,0.,1.)) ;
#5587=DIRECTION('Axis2P3D Direction',(0.,-0.,1.)) ;
#5588=DIRECTION('Axis2P3D XDirection',(0.997624703088,0.0688836104513,0.)) ;
#5592=DIRECTION('Vector Direction',(0.,0.,1.)) ;
#5597=DIRECTION('Vector Direction',(0.,0.,1.)) ;
#5609=DIRECTION('Axis2P3D Direction',(1.51179305481E-15,1.,0.)) ;
#5610=DIRECTION('Axis2P3D XDirection',(1.,-1.51179305481E-15,0.)) ;
#5630=DIRECTION('Axis2P3D Direction',(0.,-0.,1.)) ;
#5631=DIRECTION('Axis2P3D XDirection',(0.,1.,0.)) ;
#5635=DIRECTION('Axis2P3D Direction',(0.,-0.,1.)) ;
#5644=DIRECTION('Vector Direction',(0.,0.,1.)) ;
#5649=DIRECTION('Vector Direction',(0.,0.,1.)) ;
#5661=DIRECTION('Axis2P3D Direction',(0.,-0.,1.)) ;
#5673=DIRECTION('Axis2P3D Direction',(-2.6645352591E-15,3.10862446895E-15,-1.)) ;
#5674=DIRECTION('Axis2P3D XDirection',(8.42263229379E-30,1.,3.16101363832E-15)) ;
#5678=DIRECTION('Vector Direction',(-2.07834919273E-15,0.707106781187,-0.707106781187)) ;
#5683=DIRECTION('Vector Direction',(-1.97070655604E-15,-0.707106781187,-0.707106781187)) ;
#5695=DIRECTION('Axis2P3D Direction',(-1.51996181455E-15,1.7763568394E-15,-1.)) ;
#5696=DIRECTION('Axis2P3D XDirection',(-0.866025403784,-0.5,3.9512670479E-16)) ;
#5717=DIRECTION('NONE',(1.,0.,0.)) ;
#5718=DIRECTION('NONE',(0.,0.,1.)) ;
#5719=DIRECTION('NONE',(1.,0.,0.)) ;
#5720=DIRECTION('NONE',(0.,0.,1.)) ;
#5740=DIRECTION('Axis2P3D Direction',(0.,-0.,1.)) ;
#5741=DIRECTION('Axis2P3D XDirection',(0.,1.,0.)) ;
#5745=DIRECTION('Vector Direction',(0.,1.,0.)) ;
#5754=DIRECTION('Vector Direction',(1.,0.,0.)) ;
#5761=DIRECTION('Vector Direction',(0.,1.,0.)) ;
#5768=DIRECTION('Vector Direction',(1.,0.,0.)) ;
#5780=DIRECTION('Axis2P3D Direction',(0.,1.,0.)) ;
#5781=DIRECTION('Axis2P3D XDirection',(1.,-0.,1.83697019872E-16)) ;
#5785=DIRECTION('Axis2P3D Direction',(0.,1.,0.)) ;
#5792=DIRECTION('Vector Direction',(0.,1.,0.)) ;
#5799=DIRECTION('Axis2P3D Direction',(0.,1.,0.)) ;
#5811=DIRECTION('Axis2P3D Direction',(0.,1.,0.)) ;
#5812=DIRECTION('Axis2P3D XDirection',(1.83697019872E-16,0.,-1.)) ;
#5816=DIRECTION('Axis2P3D Direction',(0.,1.,0.)) ;
#5823=DIRECTION('Axis2P3D Direction',(0.,1.,0.)) ;
#5830=DIRECTION('Vector Direction',(0.,1.,0.)) ;
#5842=DIRECTION('Axis2P3D Direction',(0.,-0.,1.)) ;
#5843=DIRECTION('Axis2P3D XDirection',(0.,1.,0.)) ;
#5847=DIRECTION('Axis2P3D Direction',(0.,-0.,1.)) ;
#5856=DIRECTION('Vector Direction',(0.,1.,0.)) ;
#5863=DIRECTION('Vector Direction',(1.,0.,0.)) ;
#5870=DIRECTION('Vector Direction',(0.,-1.,0.)) ;
#5877=DIRECTION('Axis2P3D Direction',(0.,-0.,1.)) ;
#5884=DIRECTION('Vector Direction',(-1.,0.,0.)) ;
#5898=DIRECTION('Axis2P3D Direction',(-0.,1.,0.)) ;
#5899=DIRECTION('Axis2P3D XDirection',(1.,0.,0.)) ;
#5903=DIRECTION('Vector Direction',(0.,0.,-1.)) ;
#5910=DIRECTION('Axis2P3D Direction',(-0.,1.,0.)) ;
#5917=DIRECTION('Vector Direction',(1.,0.,0.)) ;
#5924=DIRECTION('Axis2P3D Direction',(-0.,1.,0.)) ;
#5931=DIRECTION('Vector Direction',(1.,0.,0.)) ;
#5936=DIRECTION('Vector Direction',(0.,0.,-1.)) ;
#5954=DIRECTION('Axis2P3D Direction',(0.,0.,-1.)) ;
#5955=DIRECTION('Axis2P3D XDirection',(0.,1.,0.)) ;
#5959=DIRECTION('Vector Direction',(0.,1.,0.)) ;
#5966=DIRECTION('Vector Direction',(-1.,0.,0.)) ;
#5977=DIRECTION('Axis2P3D Direction',(0.,0.,-1.)) ;
#5986=DIRECTION('Vector Direction',(-0.866025403784,0.5,0.)) ;
#5993=DIRECTION('Vector Direction',(-0.5,-0.866025403784,0.)) ;
#6000=DIRECTION('Vector Direction',(0.866025403784,-0.5,0.)) ;
#6007=DIRECTION('Axis2P3D Direction',(0.,0.,-1.)) ;
#6014=DIRECTION('Vector Direction',(-0.866025403784,-0.5,0.)) ;
#6021=DIRECTION('Vector Direction',(0.5,-0.866025403784,0.)) ;
#6028=DIRECTION('Vector Direction',(0.866025403784,0.5,0.)) ;
#6035=DIRECTION('Axis2P3D Direction',(0.,0.,-1.)) ;
#6042=DIRECTION('Vector Direction',(0.,-1.,0.)) ;
#6049=DIRECTION('Vector Direction',(1.,0.,0.)) ;
#6056=DIRECTION('Vector Direction',(0.,1.,0.)) ;
#6063=DIRECTION('Axis2P3D Direction',(0.,0.,-1.)) ;
#6070=DIRECTION('Vector Direction',(0.866025403784,-0.5,0.)) ;
#6077=DIRECTION('Vector Direction',(0.5,0.866025403784,0.)) ;
#6084=DIRECTION('Vector Direction',(-0.866025403784,0.5,0.)) ;
#6091=DIRECTION('Axis2P3D Direction',(0.,0.,-1.)) ;
#6098=DIRECTION('Vector Direction',(0.866025403784,0.5,0.)) ;
#6105=DIRECTION('Vector Direction',(-0.5,0.866025403784,0.)) ;
#6112=DIRECTION('Vector Direction',(-0.866025403784,-0.5,0.)) ;
#6119=DIRECTION('Axis2P3D Direction',(0.,0.,-1.)) ;
#6126=DIRECTION('Vector Direction',(0.,1.,0.)) ;
#6133=DIRECTION('Vector Direction',(-1.,0.,0.)) ;
#6140=DIRECTION('Vector Direction',(-5.07472527663E-16,-1.,0.)) ;
#6171=DIRECTION('Vector Direction',(1.,0.,0.)) ;
#6180=DIRECTION('Axis2P3D Direction',(0.,0.,-1.)) ;
#6187=DIRECTION('Vector Direction',(0.,1.,0.)) ;
#6194=DIRECTION('Axis2P3D Direction',(0.,0.,-1.)) ;
#6201=DIRECTION('Vector Direction',(-1.,0.,0.)) ;
#6208=DIRECTION('Axis2P3D Direction',(0.,0.,-1.)) ;
#6215=DIRECTION('Vector Direction',(0.,-1.,0.)) ;
#6222=DIRECTION('Axis2P3D Direction',(0.,0.,-1.)) ;
#6238=DIRECTION('Axis2P3D Direction',(1.,0.,0.)) ;
#6239=DIRECTION('Axis2P3D XDirection',(0.,-1.,0.)) ;
#6243=DIRECTION('Vector Direction',(0.,0.,-1.)) ;
#6252=DIRECTION('Vector Direction',(0.,-1.,0.)) ;
#6259=DIRECTION('Vector Direction',(0.,0.,-1.)) ;
#6266=DIRECTION('Vector Direction',(0.,-1.,0.)) ;
#6278=DIRECTION('Axis2P3D Direction',(0.,0.,-1.)) ;
#6279=DIRECTION('Axis2P3D XDirection',(1.,0.,0.)) ;
#6283=DIRECTION('Axis2P3D Direction',(0.,0.,-1.)) ;
#6290=DIRECTION('Vector Direction',(0.,0.,-1.)) ;
#6297=DIRECTION('Axis2P3D Direction',(0.,0.,-1.)) ;
#6309=DIRECTION('Axis2P3D Direction',(0.,0.,-1.)) ;
#6310=DIRECTION('Axis2P3D XDirection',(0.,1.,0.)) ;
#6314=DIRECTION('Vector Direction',(0.,0.,-1.)) ;
#6323=DIRECTION('Axis2P3D Direction',(0.,0.,-1.)) ;
#6328=DIRECTION('Axis2P3D Direction',(0.,0.,-1.)) ;
#6340=DIRECTION('Axis2P3D Direction',(-0.,1.,0.)) ;
#6341=DIRECTION('Axis2P3D XDirection',(1.,0.,0.)) ;
#6345=DIRECTION('Vector Direction',(1.,0.,0.)) ;
#6352=DIRECTION('Vector Direction',(1.,0.,0.)) ;
#6359=DIRECTION('Vector Direction',(0.,0.,-1.)) ;
#6371=DIRECTION('Axis2P3D Direction',(0.,0.,-1.)) ;
#6372=DIRECTION('Axis2P3D XDirection',(0.,-1.,0.)) ;
#6376=DIRECTION('Axis2P3D Direction',(0.,0.,-1.)) ;
#6383=DIRECTION('Vector Direction',(0.,0.,-1.)) ;
#6390=DIRECTION('Axis2P3D Direction',(0.,0.,-1.)) ;
#6402=DIRECTION('Axis2P3D Direction',(-1.,0.,0.)) ;
#6403=DIRECTION('Axis2P3D XDirection',(0.,1.,0.)) ;
#6407=DIRECTION('Vector Direction',(0.,1.,0.)) ;
#6414=DIRECTION('Vector Direction',(0.,0.,-1.)) ;
#6421=DIRECTION('Vector Direction',(0.,1.,0.)) ;
#6433=DIRECTION('Axis2P3D Direction',(0.,0.,-1.)) ;
#6434=DIRECTION('Axis2P3D XDirection',(-1.,0.,0.)) ;
#6438=DIRECTION('Axis2P3D Direction',(0.,0.,-1.)) ;
#6445=DIRECTION('Vector Direction',(0.,0.,-1.)) ;
#6452=DIRECTION('Axis2P3D Direction',(0.,0.,-1.)) ;
#6464=DIRECTION('Axis2P3D Direction',(-0.,-1.,-0.)) ;
#6465=DIRECTION('Axis2P3D XDirection',(-1.,0.,0.)) ;
#6469=DIRECTION('Vector Direction',(-1.,0.,0.)) ;
#6474=DIRECTION('Vector Direction',(-1.,0.,0.)) ;
#6486=DIRECTION('Axis2P3D Direction',(-0.,-1.,-0.)) ;
#6487=DIRECTION('Axis2P3D XDirection',(-1.,0.,0.)) ;
#6491=DIRECTION('Axis2P3D Direction',(-0.,-1.,-0.)) ;
#6498=DIRECTION('Vector Direction',(1.,0.,0.)) ;
#6505=DIRECTION('Axis2P3D Direction',(-0.,-1.,-0.)) ;
#6512=DIRECTION('Vector Direction',(0.,0.,-1.)) ;
#6519=DIRECTION('Vector Direction',(1.,0.,0.)) ;
#6526=DIRECTION('Vector Direction',(0.,0.,-1.)) ;
#6544=DIRECTION('Axis2P3D Direction',(0.,-0.,1.)) ;
#6545=DIRECTION('Axis2P3D XDirection',(-1.22464679915E-16,-1.,0.)) ;
#6549=DIRECTION('Axis2P3D Direction',(0.,-0.,1.)) ;
#6558=DIRECTION('Vector Direction',(0.,0.,1.)) ;
#6565=DIRECTION('Axis2P3D Direction',(0.,-0.,1.)) ;
#6572=DIRECTION('Vector Direction',(0.,0.,1.)) ;
#6584=DIRECTION('Axis2P3D Direction',(0.,-0.,1.)) ;
#6589=DIRECTION('Axis2P3D Direction',(0.,-0.,1.)) ;
#6601=DIRECTION('Axis2P3D Direction',(0.,-0.,1.)) ;
#6610=DIRECTION('Vector Direction',(1.,0.,0.)) ;
#6617=DIRECTION('Axis2P3D Direction',(0.,-0.,1.)) ;
#6624=DIRECTION('Vector Direction',(0.,-1.,0.)) ;
#6629=DIRECTION('Vector Direction',(0.,1.,0.)) ;
#6643=DIRECTION('Axis2P3D Direction',(0.,-0.,1.)) ;
#6644=DIRECTION('Axis2P3D XDirection',(0.,1.,0.)) ;
#6658=DIRECTION('Axis2P3D Direction',(0.,-0.,1.)) ;
#6667=DIRECTION('Axis2P3D Direction',(0.,-0.,1.)) ;
#6677=DIRECTION('Axis2P3D Direction',(0.,-0.,1.)) ;
#6678=DIRECTION('Axis2P3D XDirection',(0.,1.,0.)) ;
#6682=DIRECTION('Axis2P3D Direction',(0.,-0.,1.)) ;
#6691=DIRECTION('Axis2P3D Direction',(0.,-0.,1.)) ;
#6705=DIRECTION('Axis2P3D Direction',(0.,-0.,1.)) ;
#6706=DIRECTION('Axis2P3D XDirection',(-1.22464679915E-16,-1.,0.)) ;
#6710=DIRECTION('Vector Direction',(0.,0.,1.)) ;
#6715=DIRECTION('Vector Direction',(0.,0.,1.)) ;
#6734=DIRECTION('Vector Direction',(0.,1.,0.)) ;
#6739=DIRECTION('Vector Direction',(0.,1.,0.)) ;
#6751=DIRECTION('Axis2P3D Direction',(0.,1.,0.)) ;
#6752=DIRECTION('Axis2P3D XDirection',(1.83697019872E-16,0.,-1.)) ;
#6763=DIRECTION('Axis2P3D Direction',(0.,1.,0.)) ;
#6764=DIRECTION('Axis2P3D XDirection',(1.,-0.,1.83697019872E-16)) ;
#6768=DIRECTION('Vector Direction',(0.,1.,0.)) ;
#6780=DIRECTION('Axis2P3D Direction',(1.,0.,0.)) ;
#6781=DIRECTION('Axis2P3D XDirection',(0.,-1.,0.)) ;
#6785=DIRECTION('Vector Direction',(0.,0.,-1.)) ;
#6792=DIRECTION('Vector Direction',(0.,-1.,0.)) ;
#6799=DIRECTION('Vector Direction',(0.,0.,-1.)) ;
#6815=DIRECTION('Axis2P3D Direction',(0.,0.,-1.)) ;
#6816=DIRECTION('Axis2P3D XDirection',(-1.,-1.83697019872E-16,-0.)) ;
#6820=DIRECTION('Axis2P3D Direction',(0.,0.,-1.)) ;
#6827=DIRECTION('Vector Direction',(0.,0.,-1.)) ;
#6839=DIRECTION('Axis2P3D Direction',(0.,0.,-1.)) ;
#6840=DIRECTION('Axis2P3D XDirection',(1.83697019872E-16,-1.,-0.)) ;
#6844=DIRECTION('Vector Direction',(0.,0.,-1.)) ;
#6851=DIRECTION('Axis2P3D Direction',(0.,0.,-1.)) ;
#6863=DIRECTION('Axis2P3D Direction',(-0.,-1.,-0.)) ;
#6864=DIRECTION('Axis2P3D XDirection',(-1.,0.,0.)) ;
#6868=DIRECTION('Vector Direction',(0.,0.,-1.)) ;
#6875=DIRECTION('Vector Direction',(-1.,0.,0.)) ;
#6887=DIRECTION('Axis2P3D Direction',(0.,0.,-1.)) ;
#6888=DIRECTION('Axis2P3D XDirection',(-1.83697019872E-16,1.,-0.)) ;
#6892=DIRECTION('Axis2P3D Direction',(0.,0.,-1.)) ;
#6899=DIRECTION('Vector Direction',(0.,0.,-1.)) ;
#6911=DIRECTION('Axis2P3D Direction',(-0.,1.,0.)) ;
#6912=DIRECTION('Axis2P3D XDirection',(1.,0.,0.)) ;
#6916=DIRECTION('Vector Direction',(0.,0.,-1.)) ;
#6923=DIRECTION('Vector Direction',(1.,0.,0.)) ;
#6935=DIRECTION('Axis2P3D Direction',(0.,0.,-1.)) ;
#6936=DIRECTION('Axis2P3D XDirection',(1.,1.83697019872E-16,0.)) ;
#6940=DIRECTION('Vector Direction',(0.,0.,-1.)) ;
#6947=DIRECTION('Axis2P3D Direction',(0.,0.,-1.)) ;
#6959=DIRECTION('Axis2P3D Direction',(0.,-0.,1.)) ;
#6960=DIRECTION('Axis2P3D XDirection',(0.,1.,0.)) ;
#6964=DIRECTION('Vector Direction',(0.,1.,0.)) ;
#6989=DIRECTION('Axis2P3D Direction',(0.,-0.,1.)) ;
#6998=DIRECTION('Axis2P3D Direction',(0.,-0.,1.)) ;
#7007=DIRECTION('Vector Direction',(0.,-1.,0.)) ;
#7016=DIRECTION('Axis2P3D Direction',(0.,-0.,1.)) ;
#7023=DIRECTION('Vector Direction',(-1.,0.,0.)) ;
#7030=DIRECTION('Axis2P3D Direction',(0.,-0.,1.)) ;
#7037=DIRECTION('Vector Direction',(0.,1.,0.)) ;
#7044=DIRECTION('Vector Direction',(1.,0.,0.)) ;
#7057=DIRECTION('Vector Direction',(1.,0.,0.)) ;
#7066=DIRECTION('Vector Direction',(0.,1.,0.)) ;
#7073=DIRECTION('Axis2P3D Direction',(0.,-0.,1.)) ;
#7080=DIRECTION('Vector Direction',(-1.,0.,0.)) ;
#7087=DIRECTION('Axis2P3D Direction',(0.,-0.,1.)) ;
#7094=DIRECTION('Vector Direction',(0.,-1.,0.)) ;
#7107=DIRECTION('Axis2P3D Direction',(0.,-0.,1.)) ;
#7116=DIRECTION('Axis2P3D Direction',(0.,-0.,1.)) ;
#7125=DIRECTION('Axis2P3D Direction',(0.,-0.,1.)) ;
#7134=DIRECTION('Axis2P3D Direction',(0.,-0.,1.)) ;
#7144=DIRECTION('Axis2P3D Direction',(-1.,0.,0.)) ;
#7145=DIRECTION('Axis2P3D XDirection',(0.,1.,0.)) ;
#7160=DIRECTION('Axis2P3D Direction',(-1.,0.,0.)) ;
#7161=DIRECTION('Axis2P3D XDirection',(0.,1.,0.)) ;
#7165=DIRECTION('Vector Direction',(0.,0.,-1.)) ;
#7172=DIRECTION('Vector Direction',(0.,1.,0.)) ;
#7179=DIRECTION('Vector Direction',(0.,0.,-1.)) ;
#7191=DIRECTION('Axis2P3D Direction',(0.,0.,-1.)) ;
#7192=DIRECTION('Axis2P3D XDirection',(1.,1.83697019872E-16,0.)) ;
#7196=DIRECTION('Vector Direction',(0.,0.,-1.)) ;
#7203=DIRECTION('Axis2P3D Direction',(0.,0.,-1.)) ;
#7215=DIRECTION('Axis2P3D Direction',(0.,0.,-1.)) ;
#7216=DIRECTION('Axis2P3D XDirection',(-1.83697019872E-16,1.,-0.)) ;
#7220=DIRECTION('Axis2P3D Direction',(0.,0.,-1.)) ;
#7227=DIRECTION('Vector Direction',(0.,0.,-1.)) ;
#7239=DIRECTION('Axis2P3D Direction',(-0.,1.,0.)) ;
#7240=DIRECTION('Axis2P3D XDirection',(1.,0.,0.)) ;
#7244=DIRECTION('Vector Direction',(0.,0.,-1.)) ;
#7251=DIRECTION('Vector Direction',(1.,0.,0.)) ;
#7263=DIRECTION('Axis2P3D Direction',(0.,0.,-1.)) ;
#7264=DIRECTION('Axis2P3D XDirection',(1.83697019872E-16,-1.,-0.)) ;
#7268=DIRECTION('Vector Direction',(0.,0.,-1.)) ;
#7275=DIRECTION('Axis2P3D Direction',(0.,0.,-1.)) ;
#7287=DIRECTION('Axis2P3D Direction',(1.,0.,0.)) ;
#7288=DIRECTION('Axis2P3D XDirection',(0.,-1.,0.)) ;
#7292=DIRECTION('Vector Direction',(0.,0.,-1.)) ;
#7299=DIRECTION('Vector Direction',(0.,-1.,0.)) ;
#7311=DIRECTION('Axis2P3D Direction',(0.,0.,-1.)) ;
#7312=DIRECTION('Axis2P3D XDirection',(-1.,-1.83697019872E-16,-0.)) ;
#7316=DIRECTION('Vector Direction',(0.,0.,-1.)) ;
#7323=DIRECTION('Axis2P3D Direction',(0.,0.,-1.)) ;
#7335=DIRECTION('Axis2P3D Direction',(-0.,-1.,-0.)) ;
#7336=DIRECTION('Axis2P3D XDirection',(-1.,0.,0.)) ;
#7340=DIRECTION('Vector Direction',(-1.,0.,0.)) ;
#7352=DIRECTION('Axis2P3D Direction',(0.,0.,-1.)) ;
#7353=DIRECTION('Axis2P3D XDirection',(0.,1.,0.)) ;
#7367=DIRECTION('Axis2P3D Direction',(0.,0.,-1.)) ;
#7376=DIRECTION('Axis2P3D Direction',(0.,0.,-1.)) ;
#7386=DIRECTION('Axis2P3D Direction',(0.,-0.,1.)) ;
#7387=DIRECTION('Axis2P3D XDirection',(0.,1.,0.)) ;
#7391=DIRECTION('Axis2P3D Direction',(0.,-0.,1.)) ;
#7400=DIRECTION('Axis2P3D Direction',(0.,-0.,1.)) ;
#7409=DIRECTION('Axis2P3D Direction',(0.,-0.,1.)) ;
#7418=DIRECTION('Axis2P3D Direction',(0.,-0.,1.)) ;
#7428=DIRECTION('Axis2P3D Direction',(-8.881784197E-16,-7.1054273576E-15,1.)) ;
#7429=DIRECTION('Axis2P3D XDirection',(-1.2183517417E-16,1.,7.11228068621E-15)) ;
#7511=DIRECTION('Vector Direction',(-8.27730777901E-16,0.707106781187,0.707106781187)) ;
#7516=DIRECTION('Vector Direction',(-6.28482111254E-16,-0.707106781187,0.707106781187)) ;
#7540=DIRECTION('Axis2P3D Direction',(-1.7763568394E-15,0.,1.)) ;
#7541=DIRECTION('Axis2P3D XDirection',(-0.866025403784,-0.5,-1.58050681916E-15)) ;
#7638=DIRECTION('Axis2P3D Direction',(0.,0.,-1.)) ;
#7639=DIRECTION('Axis2P3D XDirection',(0.,1.,0.)) ;
#7690=DIRECTION('Axis2P3D Direction',(0.,-0.,1.)) ;
#7691=DIRECTION('Axis2P3D XDirection',(-1.22464679915E-16,-1.,0.)) ;
#7695=DIRECTION('Vector Direction',(0.,0.,1.)) ;
#7700=DIRECTION('Vector Direction',(0.,0.,1.)) ;
#7719=DIRECTION('Axis2P3D Direction',(-1.,0.,0.)) ;
#7720=DIRECTION('Axis2P3D XDirection',(0.,1.,0.)) ;
#7724=DIRECTION('Vector Direction',(0.,0.,-1.)) ;
#7731=DIRECTION('Vector Direction',(0.,1.,0.)) ;
#7738=DIRECTION('Vector Direction',(0.,0.,-1.)) ;
#7750=DIRECTION('Axis2P3D Direction',(0.,0.,-1.)) ;
#7751=DIRECTION('Axis2P3D XDirection',(1.83697019872E-16,-1.,-0.)) ;
#7755=DIRECTION('Vector Direction',(0.,0.,-1.)) ;
#7762=DIRECTION('Axis2P3D Direction',(0.,0.,-1.)) ;
#7774=DIRECTION('Axis2P3D Direction',(-0.,-1.,-0.)) ;
#7775=DIRECTION('Axis2P3D XDirection',(-1.,0.,0.)) ;
#7779=DIRECTION('Vector Direction',(0.,0.,-1.)) ;
#7786=DIRECTION('Vector Direction',(-1.,0.,0.)) ;
#7798=DIRECTION('Axis2P3D Direction',(0.,0.,-1.)) ;
#7799=DIRECTION('Axis2P3D XDirection',(1.,1.83697019872E-16,0.)) ;
#7803=DIRECTION('Vector Direction',(0.,0.,-1.)) ;
#7810=DIRECTION('Axis2P3D Direction',(0.,0.,-1.)) ;
#7822=DIRECTION('Axis2P3D Direction',(1.,0.,0.)) ;
#7823=DIRECTION('Axis2P3D XDirection',(0.,-1.,0.)) ;
#7827=DIRECTION('Vector Direction',(0.,0.,-1.)) ;
#7834=DIRECTION('Vector Direction',(0.,-1.,0.)) ;
#7846=DIRECTION('Axis2P3D Direction',(-0.,1.,0.)) ;
#7847=DIRECTION('Axis2P3D XDirection',(1.,0.,0.)) ;
#7851=DIRECTION('Vector Direction',(1.,0.,0.)) ;
#7863=DIRECTION('Axis2P3D Direction',(0.,-0.,1.)) ;
#7864=DIRECTION('Axis2P3D XDirection',(0.,1.,0.)) ;
#7877=DIRECTION('Vector Direction',(0.,0.,-1.)) ;
#7884=DIRECTION('Vector Direction',(0.,1.,0.)) ;
#7891=DIRECTION('Vector Direction',(0.,0.,-1.)) ;
#7903=DIRECTION('Axis2P3D Direction',(0.,0.,1.)) ;
#7904=DIRECTION('Axis2P3D XDirection',(1.83697019872E-16,1.,-0.)) ;
#7908=DIRECTION('Axis2P3D Direction',(0.,0.,1.)) ;
#7915=DIRECTION('Vector Direction',(0.,0.,1.)) ;
#7927=DIRECTION('Axis2P3D Direction',(-0.,-1.,-0.)) ;
#7928=DIRECTION('Axis2P3D XDirection',(-1.,0.,0.)) ;
#7932=DIRECTION('Vector Direction',(-1.,0.,0.)) ;
#7939=DIRECTION('Vector Direction',(0.,0.,-1.)) ;
#7951=DIRECTION('Axis2P3D Direction',(-0.,0.,1.)) ;
#7952=DIRECTION('Axis2P3D XDirection',(1.,-1.83697019872E-16,0.)) ;
#7956=DIRECTION('Axis2P3D Direction',(-0.,0.,1.)) ;
#7963=DIRECTION('Vector Direction',(0.,0.,1.)) ;
#7975=DIRECTION('Vector Direction',(0.,-1.,0.)) ;
#7982=DIRECTION('Vector Direction',(0.,0.,-1.)) ;
#7994=DIRECTION('Axis2P3D Direction',(-0.,1.,0.)) ;
#7995=DIRECTION('Axis2P3D XDirection',(1.,0.,0.)) ;
#7999=DIRECTION('Vector Direction',(1.,0.,0.)) ;
#8020=DIRECTION('Axis2P3D Direction',(0.,-0.,1.)) ;
#8021=DIRECTION('Axis2P3D XDirection',(0.,1.,0.)) ;
#8025=DIRECTION('Axis2P3D Direction',(0.,-0.,1.)) ;
#8034=DIRECTION('Vector Direction',(0.,0.,1.)) ;
#8039=DIRECTION('Vector Direction',(0.,0.,1.)) ;
#8051=DIRECTION('Axis2P3D Direction',(0.,-0.,1.)) ;
#8063=DIRECTION('Axis2P3D Direction',(0.,-0.,1.)) ;
#8064=DIRECTION('Axis2P3D XDirection',(0.,1.,0.)) ;
#8068=DIRECTION('Axis2P3D Direction',(0.,-0.,1.)) ;
#8077=DIRECTION('Vector Direction',(0.866025403784,-0.5,0.)) ;
#8084=DIRECTION('Vector Direction',(-6.01537182493E-16,-1.,0.)) ;
#8095=DIRECTION('Axis2P3D Direction',(0.,-0.,1.)) ;
#8104=DIRECTION('Axis2P3D Direction',(0.,-0.,1.)) ;
#8111=DIRECTION('Vector Direction',(-7.35212111935E-16,-1.,0.)) ;
#8118=DIRECTION('Vector Direction',(-0.866025403784,-0.5,0.)) ;
#8130=DIRECTION('Axis2P3D Direction',(0.,-0.,1.)) ;
#8139=DIRECTION('Vector Direction',(0.866025403784,0.5,0.)) ;
#8146=DIRECTION('Vector Direction',(0.866025403784,-0.5,0.)) ;
#8157=DIRECTION('Axis2P3D Direction',(0.,-0.,1.)) ;
#8166=DIRECTION('Vector Direction',(-0.866025403784,-0.5,0.)) ;
#8173=DIRECTION('Vector Direction',(-0.866025403784,0.5,0.)) ;
#8184=DIRECTION('Axis2P3D Direction',(0.,-0.,1.)) ;
#8193=DIRECTION('Axis2P3D Direction',(0.,-0.,1.)) ;
#8200=DIRECTION('Vector Direction',(0.,1.,0.)) ;
#8207=DIRECTION('Vector Direction',(0.866025403784,0.5,0.)) ;
#8219=DIRECTION('Axis2P3D Direction',(0.,-0.,1.)) ;
#8228=DIRECTION('Vector Direction',(-0.866025403784,0.5,0.)) ;
#8235=DIRECTION('Vector Direction',(0.,1.,0.)) ;
#8246=DIRECTION('Axis2P3D Direction',(0.,-0.,1.)) ;
#8247=DIRECTION('Axis2P3D XDirection',(0.,1.,0.)) ;
#8251=DIRECTION('Axis2P3D Direction',(0.,-0.,1.)) ;
#8260=DIRECTION('Vector Direction',(0.,1.,0.)) ;
#8267=DIRECTION('Vector Direction',(1.,0.,0.)) ;
#8274=DIRECTION('Vector Direction',(0.,-1.,0.)) ;
#8286=DIRECTION('Axis2P3D Direction',(-0.,1.,0.)) ;
#8287=DIRECTION('Axis2P3D XDirection',(1.,0.,0.)) ;
#8291=DIRECTION('Vector Direction',(0.,0.,-1.)) ;
#8296=DIRECTION('Vector Direction',(0.,0.,-1.)) ;
#8308=DIRECTION('Axis2P3D Direction',(1.,0.,0.)) ;
#8309=DIRECTION('Axis2P3D XDirection',(0.,-1.,0.)) ;
#8321=DIRECTION('Vector Direction',(0.,0.,-1.)) ;
#8328=DIRECTION('Vector Direction',(0.,-0.999194395114,0.0401317925326)) ;
#8335=DIRECTION('Vector Direction',(0.,-1.,0.)) ;
#8342=DIRECTION('Vector Direction',(0.,0.,1.)) ;
#8360=DIRECTION('Axis2P3D Direction',(-1.,0.,0.)) ;
#8361=DIRECTION('Axis2P3D XDirection',(0.,1.,0.)) ;
#8373=DIRECTION('Vector Direction',(0.,0.,1.)) ;
#8380=DIRECTION('Vector Direction',(0.,1.,0.)) ;
#8387=DIRECTION('Vector Direction',(0.,-0.999194395114,0.0401317925326)) ;
#8394=DIRECTION('Vector Direction',(0.,0.,-1.)) ;
#8412=DIRECTION('Axis2P3D Direction',(-0.,-1.,-0.)) ;
#8413=DIRECTION('Axis2P3D XDirection',(-1.,0.,0.)) ;
#8417=DIRECTION('Vector Direction',(-1.,0.,0.)) ;
#8430=DIRECTION('Axis2P3D Direction',(-0.,0.0401317925326,0.999194395114)) ;
#8431=DIRECTION('Axis2P3D XDirection',(1.,0.,0.)) ;
#8435=DIRECTION('Vector Direction',(1.,0.,0.)) ;
#8447=DIRECTION('Axis2P3D Direction',(0.,-0.,1.)) ;
#8456=DIRECTION('Vector Direction',(-0.866025403784,0.5,0.)) ;
#8463=DIRECTION('Vector Direction',(0.5,0.866025403784,0.)) ;
#8470=DIRECTION('Vector Direction',(0.866025403784,-0.5,0.)) ;
#8482=DIRECTION('Axis2P3D Direction',(-0.866025403784,0.5,0.)) ;
#8483=DIRECTION('Axis2P3D XDirection',(0.5,0.866025403784,0.)) ;
#8487=DIRECTION('Vector Direction',(0.,0.,-1.)) ;
#8492=DIRECTION('Vector Direction',(0.,0.,-1.)) ;
#8504=DIRECTION('Axis2P3D Direction',(0.5,0.866025403784,0.)) ;
#8505=DIRECTION('Axis2P3D XDirection',(0.866025403784,-0.5,0.)) ;
#8517=DIRECTION('Vector Direction',(0.,0.,-1.)) ;
#8524=DIRECTION('Vector Direction',(0.865327729488,-0.499597197557,0.0401317925326)) ;
#8531=DIRECTION('Vector Direction',(0.866025403784,-0.5,0.)) ;
#8549=DIRECTION('Axis2P3D Direction',(-0.5,-0.866025403784,-0.)) ;
#8550=DIRECTION('Axis2P3D XDirection',(-0.866025403784,0.5,0.)) ;
#8562=DIRECTION('Vector Direction',(0.,0.,1.)) ;
#8569=DIRECTION('Vector Direction',(-0.866025403784,0.5,0.)) ;
#8576=DIRECTION('Vector Direction',(0.865327729488,-0.499597197557,0.0401317925326)) ;
#8583=DIRECTION('Vector Direction',(0.,0.,-1.)) ;
#8601=DIRECTION('Axis2P3D Direction',(0.866025403784,-0.5,0.)) ;
#8602=DIRECTION('Axis2P3D XDirection',(-0.5,-0.866025403784,0.)) ;
#8606=DIRECTION('Vector Direction',(-0.5,-0.866025403784,0.)) ;
#8618=DIRECTION('Axis2P3D Direction',(-0.0347551518326,0.0200658962663,0.999194395114)) ;
#8619=DIRECTION('Axis2P3D XDirection',(0.5,0.866025403784,0.)) ;
#8623=DIRECTION('Vector Direction',(0.5,0.866025403784,0.)) ;
#8635=DIRECTION('Axis2P3D Direction',(0.,-0.,1.)) ;
#8644=DIRECTION('Vector Direction',(-0.866025403784,-0.5,0.)) ;
#8651=DIRECTION('Vector Direction',(-0.5,0.866025403784,0.)) ;
#8658=DIRECTION('Vector Direction',(0.866025403784,0.5,0.)) ;
#8670=DIRECTION('Axis2P3D Direction',(-0.866025403784,-0.5,-0.)) ;
#8671=DIRECTION('Axis2P3D XDirection',(-0.5,0.866025403784,0.)) ;
#8675=DIRECTION('Vector Direction',(0.,0.,-1.)) ;
#8680=DIRECTION('Vector Direction',(0.,0.,-1.)) ;
#8692=DIRECTION('Axis2P3D Direction',(-0.5,0.866025403784,0.)) ;
#8693=DIRECTION('Axis2P3D XDirection',(0.866025403784,0.5,0.)) ;
#8705=DIRECTION('Vector Direction',(0.,0.,-1.)) ;
#8712=DIRECTION('Vector Direction',(0.865327729488,0.499597197557,0.0401317925326)) ;
#8719=DIRECTION('Vector Direction',(0.866025403784,0.5,0.)) ;
#8737=DIRECTION('Axis2P3D Direction',(0.5,-0.866025403784,0.)) ;
#8738=DIRECTION('Axis2P3D XDirection',(-0.866025403784,-0.5,0.)) ;
#8750=DIRECTION('Vector Direction',(0.,0.,1.)) ;
#8757=DIRECTION('Vector Direction',(-0.866025403784,-0.5,0.)) ;
#8764=DIRECTION('Vector Direction',(0.865327729488,0.499597197557,0.0401317925326)) ;
#8771=DIRECTION('Vector Direction',(0.,0.,-1.)) ;
#8789=DIRECTION('Axis2P3D Direction',(0.866025403784,0.5,0.)) ;
#8790=DIRECTION('Axis2P3D XDirection',(0.5,-0.866025403784,0.)) ;
#8794=DIRECTION('Vector Direction',(0.5,-0.866025403784,0.)) ;
#8806=DIRECTION('Axis2P3D Direction',(-0.0347551518326,-0.0200658962663,0.999194395114)) ;
#8807=DIRECTION('Axis2P3D XDirection',(-0.5,0.866025403784,0.)) ;
#8811=DIRECTION('Vector Direction',(-0.5,0.866025403784,0.)) ;
#8823=DIRECTION('Axis2P3D Direction',(0.,-0.,1.)) ;
#8832=DIRECTION('Vector Direction',(-6.00568006655E-16,-1.,0.)) ;
#8839=DIRECTION('Vector Direction',(-1.,0.,0.)) ;
#8846=DIRECTION('Vector Direction',(6.00568006655E-16,1.,0.)) ;
#8858=DIRECTION('Axis2P3D Direction',(-5.66553889765E-16,-1.,-0.)) ;
#8859=DIRECTION('Axis2P3D XDirection',(-1.,5.66553889765E-16,0.)) ;
#8863=DIRECTION('Vector Direction',(0.,0.,-1.)) ;
#8868=DIRECTION('Vector Direction',(0.,0.,-1.)) ;
#8880=DIRECTION('Axis2P3D Direction',(-1.,5.66553889765E-16,0.)) ;
#8881=DIRECTION('Axis2P3D XDirection',(5.66553889765E-16,1.,0.)) ;
#8893=DIRECTION('Vector Direction',(0.,0.,-1.)) ;
#8900=DIRECTION('Vector Direction',(5.32477739454E-16,0.999194395114,0.0401317925326)) ;
#8907=DIRECTION('Vector Direction',(6.475373775E-16,1.,0.)) ;
#8925=DIRECTION('Axis2P3D Direction',(1.,-5.66553889765E-16,0.)) ;
#8926=DIRECTION('Axis2P3D XDirection',(-5.66553889765E-16,-1.,0.)) ;
#8938=DIRECTION('Vector Direction',(0.,0.,1.)) ;
#8945=DIRECTION('Vector Direction',(-6.475373775E-16,-1.,0.)) ;
#8952=DIRECTION('Vector Direction',(5.32477739454E-16,0.999194395114,0.0401317925326)) ;
#8959=DIRECTION('Vector Direction',(0.,0.,-1.)) ;
#8977=DIRECTION('Axis2P3D Direction',(5.66553889765E-16,1.,0.)) ;
#8978=DIRECTION('Axis2P3D XDirection',(1.,-5.66553889765E-16,0.)) ;
#8982=DIRECTION('Vector Direction',(1.,0.,0.)) ;
#8995=DIRECTION('Axis2P3D Direction',(-2.27368231626E-17,-0.0401317925326,0.999194395114)) ;
#8996=DIRECTION('Axis2P3D XDirection',(-1.,5.66553889765E-16,0.)) ;
#9000=DIRECTION('Vector Direction',(-1.,5.66554092529E-16,0.)) ;
#9012=DIRECTION('Axis2P3D Direction',(0.,-0.,1.)) ;
#9021=DIRECTION('Vector Direction',(0.866025403784,-0.5,0.)) ;
#9028=DIRECTION('Vector Direction',(-0.5,-0.866025403784,0.)) ;
#9035=DIRECTION('Vector Direction',(-0.866025403784,0.5,0.)) ;
#9047=DIRECTION('Axis2P3D Direction',(0.866025403784,-0.5,0.)) ;
#9048=DIRECTION('Axis2P3D XDirection',(-0.5,-0.866025403784,0.)) ;
#9052=DIRECTION('Vector Direction',(0.,0.,-1.)) ;
#9057=DIRECTION('Vector Direction',(0.,0.,-1.)) ;
#9069=DIRECTION('Axis2P3D Direction',(-0.5,-0.866025403784,-0.)) ;
#9070=DIRECTION('Axis2P3D XDirection',(-0.866025403784,0.5,0.)) ;
#9082=DIRECTION('Vector Direction',(0.,0.,-1.)) ;
#9089=DIRECTION('Vector Direction',(-0.865327729488,0.499597197557,0.0401317925326)) ;
#9096=DIRECTION('Vector Direction',(-0.866025403784,0.5,0.)) ;
#9114=DIRECTION('Axis2P3D Direction',(0.5,0.866025403784,0.)) ;
#9115=DIRECTION('Axis2P3D XDirection',(0.866025403784,-0.5,0.)) ;
#9127=DIRECTION('Vector Direction',(0.,0.,1.)) ;
#9134=DIRECTION('Vector Direction',(0.866025403784,-0.5,0.)) ;
#9141=DIRECTION('Vector Direction',(-0.865327729488,0.499597197557,0.0401317925326)) ;
#9148=DIRECTION('Vector Direction',(0.,0.,-1.)) ;
#9166=DIRECTION('Axis2P3D Direction',(-0.866025403784,0.5,0.)) ;
#9167=DIRECTION('Axis2P3D XDirection',(0.5,0.866025403784,0.)) ;
#9171=DIRECTION('Vector Direction',(0.5,0.866025403784,0.)) ;
#9183=DIRECTION('Axis2P3D Direction',(0.0347551518326,-0.0200658962663,0.999194395114)) ;
#9184=DIRECTION('Axis2P3D XDirection',(-0.5,-0.866025403784,0.)) ;
#9188=DIRECTION('Vector Direction',(-0.5,-0.866025403784,0.)) ;
#9200=DIRECTION('Axis2P3D Direction',(0.,-0.,1.)) ;
#9209=DIRECTION('Vector Direction',(0.866025403784,0.5,0.)) ;
#9216=DIRECTION('Vector Direction',(0.5,-0.866025403784,0.)) ;
#9223=DIRECTION('Vector Direction',(-0.866025403784,-0.5,0.)) ;
#9235=DIRECTION('Axis2P3D Direction',(0.866025403784,0.5,0.)) ;
#9236=DIRECTION('Axis2P3D XDirection',(0.5,-0.866025403784,0.)) ;
#9240=DIRECTION('Vector Direction',(0.,0.,-1.)) ;
#9245=DIRECTION('Vector Direction',(0.,0.,-1.)) ;
#9257=DIRECTION('Axis2P3D Direction',(0.5,-0.866025403784,0.)) ;
#9258=DIRECTION('Axis2P3D XDirection',(-0.866025403784,-0.5,0.)) ;
#9270=DIRECTION('Vector Direction',(0.,0.,-1.)) ;
#9277=DIRECTION('Vector Direction',(-0.865327729488,-0.499597197557,0.0401317925326)) ;
#9284=DIRECTION('Vector Direction',(-0.866025403784,-0.5,0.)) ;
#9302=DIRECTION('Axis2P3D Direction',(-0.5,0.866025403784,0.)) ;
#9303=DIRECTION('Axis2P3D XDirection',(0.866025403784,0.5,0.)) ;
#9315=DIRECTION('Vector Direction',(0.866025403784,0.5,0.)) ;
#9322=DIRECTION('Vector Direction',(-0.865327729488,-0.499597197557,0.0401317925326)) ;
#9329=DIRECTION('Vector Direction',(0.,0.,-1.)) ;
#9347=DIRECTION('Axis2P3D Direction',(-0.866025403784,-0.5,-0.)) ;
#9348=DIRECTION('Axis2P3D XDirection',(-0.5,0.866025403784,0.)) ;
#9352=DIRECTION('Vector Direction',(-0.5,0.866025403784,0.)) ;
#9364=DIRECTION('Axis2P3D Direction',(0.0347551518326,0.0200658962663,0.999194395114)) ;
#9365=DIRECTION('Axis2P3D XDirection',(0.5,-0.866025403784,0.)) ;
#9369=DIRECTION('Vector Direction',(0.5,-0.866025403784,0.)) ;
#9381=DIRECTION('Axis2P3D Direction',(0.,-0.,1.)) ;
#9382=DIRECTION('Axis2P3D XDirection',(0.,1.,0.)) ;
#9406=DIRECTION('Axis2P3D Direction',(0.,-0.,1.)) ;
#9415=DIRECTION('Axis2P3D Direction',(0.,-0.,1.)) ;
#9425=DIRECTION('Axis2P3D Direction',(0.,-0.,1.)) ;
#9426=DIRECTION('Axis2P3D XDirection',(0.,1.,0.)) ;
#9430=DIRECTION('Vector Direction',(0.,0.,1.)) ;
#9435=DIRECTION('Vector Direction',(0.,0.,1.)) ;
#9454=DIRECTION('Axis2P3D Direction',(-0.,-0.,1.)) ;
#9455=DIRECTION('Axis2P3D XDirection',(0.479425538604,0.87758256189,0.)) ;
#9459=DIRECTION('Vector Direction',(-0.339005049421,-0.620544580564,0.707106781187)) ;
#9466=DIRECTION('Axis2P3D Direction',(-0.,0.,1.)) ;
#9473=DIRECTION('Vector Direction',(0.339005049421,0.620544580564,0.707106781187)) ;
#9497=DIRECTION('Axis2P3D Direction',(-0.,0.,1.)) ;
#9521=DIRECTION('Axis2P3D Direction',(0.,0.,-1.)) ;
#9522=DIRECTION('Axis2P3D XDirection',(1.,0.,0.)) ;
#9535=DIRECTION('Axis2P3D Direction',(0.,-0.,1.)) ;
#9536=DIRECTION('Axis2P3D XDirection',(0.,1.,0.)) ;
#9540=DIRECTION('Vector Direction',(0.,0.,1.)) ;
#9547=DIRECTION('Vector Direction',(0.,0.,1.)) ;
#9554=DIRECTION('Axis2P3D Direction',(0.,-0.,1.)) ;
#9566=DIRECTION('Axis2P3D Direction',(0.,-0.,1.)) ;
#9578=DIRECTION('Axis2P3D Direction',(0.,-0.,1.)) ;
#9579=DIRECTION('Axis2P3D XDirection',(0.,1.,0.)) ;
#9588=DIRECTION('Axis2P3D Direction',(0.,-0.,1.)) ;
#9589=DIRECTION('Axis2P3D XDirection',(0.,1.,0.)) ;
#9593=DIRECTION('Vector Direction',(0.,0.,1.)) ;
#9600=DIRECTION('Vector Direction',(0.,0.,1.)) ;
#9607=DIRECTION('Axis2P3D Direction',(0.,-0.,1.)) ;
#9619=DIRECTION('Axis2P3D Direction',(0.,-0.,1.)) ;
#9646=DIRECTION('NONE',(1.,0.,0.)) ;
#9647=DIRECTION('NONE',(0.,0.,1.)) ;
#9648=DIRECTION('NONE',(1.,-1.22464679915E-16,0.)) ;
#9649=DIRECTION('NONE',(0.,0.,1.)) ;
#9677=DIRECTION('Axis2P3D Direction',(0.,0.,1.)) ;
#9678=DIRECTION('Axis2P3D XDirection',(-1.07187543957E-15,-1.,0.)) ;
#9682=DIRECTION('Vector Direction',(5.31644212394E-17,0.173648177667,0.984807753012)) ;
#9691=DIRECTION('Axis2P3D Direction',(0.,0.,1.)) ;
#9698=DIRECTION('Vector Direction',(-1.86129216768E-16,-0.173648177667,0.984807753012)) ;
#9705=DIRECTION('Axis2P3D Direction',(0.,0.,1.)) ;
#9717=DIRECTION('Axis2P3D Direction',(0.,0.,1.)) ;
#9722=DIRECTION('Axis2P3D Direction',(0.,0.,1.)) ;
#9734=DIRECTION('Axis2P3D Direction',(0.,0.,1.)) ;
#9735=DIRECTION('Axis2P3D XDirection',(1.,0.,0.)) ;
#9743=DIRECTION('Axis2P3D Direction',(0.,0.,1.)) ;
#9752=DIRECTION('Axis2P3D Direction',(0.,0.,1.)) ;
#9762=DIRECTION('Axis2P3D Direction',(0.,0.,1.)) ;
#9763=DIRECTION('Axis2P3D XDirection',(1.,0.,0.)) ;
#9767=DIRECTION('Axis2P3D Direction',(0.,0.,1.)) ;
#9776=DIRECTION('Axis2P3D Direction',(0.,0.,1.)) ;
#9790=DIRECTION('Axis2P3D Direction',(0.,0.,1.)) ;
#9791=DIRECTION('Axis2P3D XDirection',(-1.83697019872E-16,-1.,-0.)) ;
#9795=DIRECTION('Vector Direction',(0.,0.,1.)) ;
#9802=DIRECTION('Vector Direction',(0.,0.,1.)) ;
#9809=DIRECTION('Axis2P3D Direction',(0.,0.,1.)) ;
#9821=DIRECTION('Axis2P3D Direction',(0.,0.,1.)) ;
#9833=DIRECTION('Axis2P3D Direction',(0.,0.,1.)) ;
#9834=DIRECTION('Axis2P3D XDirection',(1.,0.,0.)) ;
#9842=DIRECTION('Axis2P3D Direction',(0.,0.,1.)) ;
#9851=DIRECTION('Axis2P3D Direction',(0.,0.,1.)) ;
#9861=DIRECTION('Axis2P3D Direction',(0.,0.,1.)) ;
#9862=DIRECTION('Axis2P3D XDirection',(-1.83697019872E-16,-1.,-0.)) ;
#9866=DIRECTION('Vector Direction',(0.,0.,1.)) ;
#9873=DIRECTION('Vector Direction',(0.,0.,1.)) ;
#9880=DIRECTION('Axis2P3D Direction',(0.,0.,1.)) ;
#9892=DIRECTION('Axis2P3D Direction',(0.,0.,1.)) ;
#9904=DIRECTION('Axis2P3D Direction',(0.,0.,1.)) ;
#9905=DIRECTION('Axis2P3D XDirection',(-1.83697019872E-16,-1.,0.)) ;
#9909=DIRECTION('Axis2P3D Direction',(1.,5.82016719913E-16,-0.)) ;
#9918=DIRECTION('Axis2P3D Direction',(0.,0.,1.)) ;
#9925=DIRECTION('Axis2P3D Direction',(-1.,1.83697019872E-16,0.)) ;
#9932=DIRECTION('Axis2P3D Direction',(0.,0.,1.)) ;
#9944=DIRECTION('Axis2P3D Direction',(0.,0.,1.)) ;
#9949=DIRECTION('Axis2P3D Direction',(0.,0.,1.)) ;
#9961=DIRECTION('Axis2P3D Direction',(0.,0.,1.)) ;
#9962=DIRECTION('Axis2P3D XDirection',(1.,0.,0.)) ;
#9970=DIRECTION('Axis2P3D Direction',(0.,0.,1.)) ;
#9979=DIRECTION('Axis2P3D Direction',(0.,0.,1.)) ;
#9989=DIRECTION('Axis2P3D Direction',(0.,0.,1.)) ;
#9998=DIRECTION('Axis2P3D Direction',(0.,0.,1.)) ;
#10012=DIRECTION('Axis2P3D Direction',(0.,0.,1.)) ;
#10013=DIRECTION('Axis2P3D XDirection',(-6.66133814775E-16,-1.,0.)) ;
#10017=DIRECTION('Axis2P3D Direction',(0.,0.,1.)) ;
#10026=DIRECTION('Axis2P3D Direction',(-1.,4.99600361081E-16,0.)) ;
#10031=DIRECTION('Axis2P3D Direction',(1.,-3.88578058619E-16,0.)) ;
#10043=DIRECTION('Axis2P3D Direction',(0.,-0.,1.)) ;
#10044=DIRECTION('Axis2P3D XDirection',(3.33066907388E-16,1.,0.)) ;
#10048=DIRECTION('Axis2P3D Direction',(0.,-0.,1.)) ;
#10060=DIRECTION('Axis2P3D Direction',(0.,0.,1.)) ;
#10061=DIRECTION('Axis2P3D XDirection',(-1.83697019872E-16,-1.,-0.)) ;
#10065=DIRECTION('Vector Direction',(0.,0.,1.)) ;
#10072=DIRECTION('Vector Direction',(0.,0.,1.)) ;
#10079=DIRECTION('Axis2P3D Direction',(0.,0.,1.)) ;
#10091=DIRECTION('Axis2P3D Direction',(0.,0.,1.)) ;
#10103=DIRECTION('Axis2P3D Direction',(0.,0.,1.)) ;
#10104=DIRECTION('Axis2P3D XDirection',(-1.83697019872E-16,-1.,-0.)) ;
#10108=DIRECTION('Vector Direction',(0.,0.,1.)) ;
#10115=DIRECTION('Axis2P3D Direction',(0.,0.,1.)) ;
#10122=DIRECTION('Vector Direction',(0.,0.,1.)) ;
#10134=DIRECTION('Axis2P3D Direction',(0.,0.,1.)) ;
#10146=DIRECTION('Axis2P3D Direction',(0.,0.,1.)) ;
#10147=DIRECTION('Axis2P3D XDirection',(1.,0.,0.)) ;
#10151=DIRECTION('Axis2P3D Direction',(0.,0.,1.)) ;
#10160=DIRECTION('Axis2P3D Direction',(0.,0.,1.)) ;
#10174=DIRECTION('Axis2P3D Direction',(0.,0.,1.)) ;
#10175=DIRECTION('Axis2P3D XDirection',(1.,0.,0.)) ;
#10188=DIRECTION('Axis2P3D Direction',(0.,-0.,1.)) ;
#10189=DIRECTION('Axis2P3D XDirection',(-1.92438657602E-15,1.,0.)) ;
#10193=DIRECTION('Axis2P3D Direction',(1.,-5.55111512313E-17,-0.)) ;
#10200=DIRECTION('Axis2P3D Direction',(0.,-0.,1.)) ;
#10207=DIRECTION('Axis2P3D Direction',(-1.,3.05311331772E-15,0.)) ;
#10219=DIRECTION('Axis2P3D Direction',(0.,0.,1.)) ;
#10220=DIRECTION('Axis2P3D XDirection',(-9.86864910778E-17,-1.,0.)) ;
#10224=DIRECTION('Axis2P3D Direction',(0.,0.,1.)) ;
#10236=DIRECTION('Axis2P3D Direction',(0.,0.,1.)) ;
#10237=DIRECTION('Axis2P3D XDirection',(-1.83697019872E-16,-1.,-0.)) ;
#10241=DIRECTION('Vector Direction',(0.,0.,1.)) ;
#10248=DIRECTION('Axis2P3D Direction',(0.,0.,1.)) ;
#10255=DIRECTION('Vector Direction',(0.,0.,1.)) ;
#10267=DIRECTION('Axis2P3D Direction',(0.,0.,1.)) ;
#10279=DIRECTION('Axis2P3D Direction',(0.,0.,1.)) ;
#10280=DIRECTION('Axis2P3D XDirection',(1.,0.,0.)) ;
#10288=DIRECTION('Axis2P3D Direction',(0.,0.,1.)) ;
#10297=DIRECTION('Axis2P3D Direction',(0.,0.,1.)) ;
#10307=DIRECTION('Axis2P3D Direction',(-0.,-0.,-1.)) ;
#10308=DIRECTION('Axis2P3D XDirection',(6.12323399574E-17,-1.,0.)) ;
#10312=DIRECTION('Vector Direction',(-1.29893408435E-16,0.707106781187,-0.707106781187)) ;
#10319=DIRECTION('Vector Direction',(2.16489014059E-16,-0.707106781187,-0.707106781187)) ;
#10326=DIRECTION('Axis2P3D Direction',(0.,0.,-1.)) ;
#10338=DIRECTION('Axis2P3D Direction',(0.,0.,-1.)) ;
#10350=DIRECTION('Axis2P3D Direction',(0.,0.,1.)) ;
#10351=DIRECTION('Axis2P3D XDirection',(-1.83697019872E-16,-1.,-0.)) ;
#10355=DIRECTION('Vector Direction',(0.,0.,1.)) ;
#10360=DIRECTION('Vector Direction',(0.,0.,1.)) ;
#10389=DIRECTION('NONE',(1.,0.,0.)) ;
#10390=DIRECTION('NONE',(0.,0.,1.)) ;
#10391=DIRECTION('NONE',(1.,0.,0.)) ;
#10392=DIRECTION('NONE',(0.,0.,1.)) ;
#10402=DIRECTION('NONE',(1.,0.,0.)) ;
#10403=DIRECTION('NONE',(0.,0.,1.)) ;
#10404=DIRECTION('NONE',(1.,0.,0.)) ;
#10405=DIRECTION('NONE',(0.,0.,1.)) ;
#10433=DIRECTION('Axis2P3D Direction',(0.,0.,1.)) ;
#10434=DIRECTION('Axis2P3D XDirection',(1.,0.,0.)) ;
#10523=DIRECTION('Axis2P3D Direction',(0.,0.,1.)) ;
#10524=DIRECTION('Axis2P3D XDirection',(-1.83697019872E-16,-1.,-0.)) ;
#10528=DIRECTION('Vector Direction',(0.,0.,1.)) ;
#10535=DIRECTION('Vector Direction',(0.,0.,1.)) ;
#10542=DIRECTION('Axis2P3D Direction',(0.,0.,1.)) ;
#10554=DIRECTION('Axis2P3D Direction',(0.,0.,1.)) ;
#10566=DIRECTION('Axis2P3D Direction',(0.,0.,1.)) ;
#10567=DIRECTION('Axis2P3D XDirection',(-1.83697019872E-16,-1.,-0.)) ;
#10571=DIRECTION('Vector Direction',(0.,0.,1.)) ;
#10578=DIRECTION('Vector Direction',(0.,0.,1.)) ;
#10585=DIRECTION('Axis2P3D Direction',(0.,0.,1.)) ;
#10597=DIRECTION('Axis2P3D Direction',(0.,0.,1.)) ;
#10609=DIRECTION('Axis2P3D Direction',(0.,0.,1.)) ;
#10610=DIRECTION('Axis2P3D XDirection',(1.,0.,0.)) ;
#10614=DIRECTION('Axis2P3D Direction',(0.,0.,1.)) ;
#10623=DIRECTION('Axis2P3D Direction',(0.,0.,1.)) ;
#10637=DIRECTION('Axis2P3D Direction',(0.,0.,1.)) ;
#10638=DIRECTION('Axis2P3D XDirection',(-1.83697019872E-16,-1.,-0.)) ;
#10642=DIRECTION('Vector Direction',(0.,0.,1.)) ;
#10649=DIRECTION('Vector Direction',(0.,0.,1.)) ;
#10656=DIRECTION('Axis2P3D Direction',(0.,0.,1.)) ;
#10668=DIRECTION('Axis2P3D Direction',(0.,0.,1.)) ;
#10680=DIRECTION('Axis2P3D Direction',(0.,0.,1.)) ;
#10681=DIRECTION('Axis2P3D XDirection',(1.,0.,0.)) ;
#10699=DIRECTION('Vector Direction',(0.,0.,1.)) ;
#10706=DIRECTION('Axis2P3D Direction',(0.,0.,1.)) ;
#10713=DIRECTION('Vector Direction',(0.,0.,1.)) ;
#10725=DIRECTION('Axis2P3D Direction',(0.,0.,1.)) ;
#10737=DIRECTION('Axis2P3D Direction',(0.,0.,1.)) ;
#10738=DIRECTION('Axis2P3D XDirection',(-1.83697019872E-16,-1.,-0.)) ;
#10742=DIRECTION('Axis2P3D Direction',(0.,0.,1.)) ;
#10751=DIRECTION('Vector Direction',(0.,0.,1.)) ;
#10758=DIRECTION('Axis2P3D Direction',(0.,0.,1.)) ;
#10765=DIRECTION('Vector Direction',(0.,0.,1.)) ;
#10777=DIRECTION('Axis2P3D Direction',(0.,0.,1.)) ;
#10782=DIRECTION('Axis2P3D Direction',(0.,0.,1.)) ;
#10794=DIRECTION('Axis2P3D Direction',(0.,0.,1.)) ;
#10803=DIRECTION('Vector Direction',(0.,0.,1.)) ;
#10810=DIRECTION('Axis2P3D Direction',(0.,0.,1.)) ;
#10817=DIRECTION('Vector Direction',(0.,0.,1.)) ;
#10829=DIRECTION('Axis2P3D Direction',(0.,0.,1.)) ;
#10834=DIRECTION('Axis2P3D Direction',(0.,0.,1.)) ;
#10855=DIRECTION('Axis2P3D Direction',(0.,0.,1.)) ;
#10856=DIRECTION('Axis2P3D XDirection',(1.,0.,0.)) ;
#10895=DIRECTION('Vector Direction',(0.,0.,1.)) ;
#10900=DIRECTION('Vector Direction',(0.,0.,1.)) ;
#10968=DIRECTION('NONE',(1.,0.,0.)) ;
#10969=DIRECTION('NONE',(0.,0.,1.)) ;
#10970=DIRECTION('NONE',(1.,0.,0.)) ;
#10971=DIRECTION('NONE',(0.,0.,1.)) ;
#10981=DIRECTION('NONE',(1.,0.,0.)) ;
#10982=DIRECTION('NONE',(0.,0.,1.)) ;
#10983=DIRECTION('NONE',(1.,0.,0.)) ;
#10984=DIRECTION('NONE',(0.,0.,1.)) ;
#10994=DIRECTION('NONE',(1.,0.,0.)) ;
#10995=DIRECTION('NONE',(0.,0.,1.)) ;
#10996=DIRECTION('NONE',(1.,0.,0.)) ;
#10997=DIRECTION('NONE',(0.,0.,1.)) ;
#11018=DIRECTION('Axis2P3D Direction',(-1.,0.,0.)) ;
#11019=DIRECTION('Axis2P3D XDirection',(0.,1.,0.)) ;
#11023=DIRECTION('Vector Direction',(0.,0.,-1.)) ;
#11032=DIRECTION('Vector Direction',(0.,1.,0.)) ;
#11039=DIRECTION('Vector Direction',(0.,0.,-1.)) ;
#11046=DIRECTION('Vector Direction',(0.,1.,0.)) ;
#11058=DIRECTION('Axis2P3D Direction',(-0.,1.,0.)) ;
#11059=DIRECTION('Axis2P3D XDirection',(1.,0.,0.)) ;
#11063=DIRECTION('Vector Direction',(0.,0.,-1.)) ;
#11072=DIRECTION('Vector Direction',(1.,0.,0.)) ;
#11077=DIRECTION('Vector Direction',(1.,0.,0.)) ;
#11089=DIRECTION('Axis2P3D Direction',(-0.,-1.,-0.)) ;
#11090=DIRECTION('Axis2P3D XDirection',(-1.,0.,0.)) ;
#11094=DIRECTION('Vector Direction',(-1.,0.,0.)) ;
#11101=DIRECTION('Vector Direction',(0.,0.,-1.)) ;
#11108=DIRECTION('Vector Direction',(-1.,0.,0.)) ;
#11120=DIRECTION('Axis2P3D Direction',(0.,-0.,1.)) ;
#11121=DIRECTION('Axis2P3D XDirection',(0.,1.,0.)) ;
#11125=DIRECTION('Vector Direction',(0.,1.,0.)) ;
#11137=DIRECTION('Axis2P3D Direction',(-1.,0.,0.)) ;
#11138=DIRECTION('Axis2P3D XDirection',(0.,1.,0.)) ;
#11142=DIRECTION('Vector Direction',(0.,1.,0.)) ;
#11154=DIRECTION('Axis2P3D Direction',(0.,-0.,1.)) ;
#11155=DIRECTION('Axis2P3D XDirection',(0.,1.,0.)) ;
#11159=DIRECTION('Vector Direction',(0.,1.,0.)) ;
#11168=DIRECTION('Axis2P3D Direction',(0.,-0.,1.)) ;
#11175=DIRECTION('Vector Direction',(1.,0.,0.)) ;
#11182=DIRECTION('Axis2P3D Direction',(0.,-0.,1.)) ;
#11189=DIRECTION('Vector Direction',(0.,-1.,0.)) ;
#11196=DIRECTION('Axis2P3D Direction',(0.,-0.,1.)) ;
#11203=DIRECTION('Vector Direction',(-1.,0.,0.)) ;
#11210=DIRECTION('Axis2P3D Direction',(0.,-0.,1.)) ;
#11231=DIRECTION('Axis2P3D Direction',(0.,-0.,1.)) ;
#11240=DIRECTION('Vector Direction',(-1.,0.,0.)) ;
#11247=DIRECTION('Axis2P3D Direction',(0.,-0.,1.)) ;
#11254=DIRECTION('Vector Direction',(0.,-1.,0.)) ;
#11261=DIRECTION('Axis2P3D Direction',(0.,-0.,1.)) ;
#11268=DIRECTION('Vector Direction',(1.,0.,0.)) ;
#11275=DIRECTION('Axis2P3D Direction',(0.,-0.,1.)) ;
#11282=DIRECTION('Vector Direction',(0.,-1.,0.)) ;
#11289=DIRECTION('Axis2P3D Direction',(0.,-0.,1.)) ;
#11296=DIRECTION('Vector Direction',(1.,0.,0.)) ;
#11303=DIRECTION('Axis2P3D Direction',(0.,-0.,1.)) ;
#11310=DIRECTION('Vector Direction',(0.,1.,0.)) ;
#11317=DIRECTION('Axis2P3D Direction',(0.,-0.,1.)) ;
#11324=DIRECTION('Vector Direction',(1.,0.,0.)) ;
#11331=DIRECTION('Axis2P3D Direction',(0.,-0.,1.)) ;
#11338=DIRECTION('Vector Direction',(0.,1.,0.)) ;
#11345=DIRECTION('Axis2P3D Direction',(0.,-0.,1.)) ;
#11352=DIRECTION('Vector Direction',(-1.,0.,0.)) ;
#11359=DIRECTION('Axis2P3D Direction',(0.,-0.,1.)) ;
#11366=DIRECTION('Vector Direction',(0.,-1.,0.)) ;
#11373=DIRECTION('Axis2P3D Direction',(0.,-0.,1.)) ;
#11380=DIRECTION('Vector Direction',(1.,0.,0.)) ;
#11387=DIRECTION('Axis2P3D Direction',(0.,-0.,1.)) ;
#11394=DIRECTION('Vector Direction',(0.,1.,0.)) ;
#11426=DIRECTION('Axis2P3D Direction',(0.,0.,1.)) ;
#11427=DIRECTION('Axis2P3D XDirection',(-0.965925826289,0.258819045103,0.)) ;
#11431=DIRECTION('Vector Direction',(-0.707106781187,0.,0.707106781187)) ;
#11440=DIRECTION('Axis2P3D Direction',(0.,0.,1.)) ;
#11447=DIRECTION('Vector Direction',(-7.53644380168E-14,-0.707106781187,0.707106781187)) ;
#11454=DIRECTION('Axis2P3D Direction',(0.,0.,1.)) ;
#11466=DIRECTION('Axis2P3D Direction',(0.707106781187,-0.,0.707106781187)) ;
#11467=DIRECTION('Axis2P3D XDirection',(0.,1.,0.)) ;
#11471=DIRECTION('Vector Direction',(-0.707106781187,0.,0.707106781187)) ;
#11480=DIRECTION('Vector Direction',(0.,1.,0.)) ;
#11485=DIRECTION('Vector Direction',(0.,1.,0.)) ;
#11497=DIRECTION('Axis2P3D Direction',(0.,0.,1.)) ;
#11498=DIRECTION('Axis2P3D XDirection',(0.258819045103,0.965925826289,0.)) ;
#11502=DIRECTION('Vector Direction',(0.,0.707106781187,0.707106781187)) ;
#11511=DIRECTION('Axis2P3D Direction',(0.,-0.,1.)) ;
#11516=DIRECTION('Axis2P3D Direction',(0.,-0.,1.)) ;
#11528=DIRECTION('Axis2P3D Direction',(0.,0.707106781187,-0.707106781187)) ;
#11529=DIRECTION('Axis2P3D XDirection',(-1.,0.,0.)) ;
#11533=DIRECTION('Vector Direction',(0.,0.707106781187,0.707106781187)) ;
#11542=DIRECTION('Vector Direction',(-1.,0.,0.)) ;
#11547=DIRECTION('Vector Direction',(-1.,0.,0.)) ;
#11559=DIRECTION('Axis2P3D Direction',(0.,0.,1.)) ;
#11560=DIRECTION('Axis2P3D XDirection',(0.965925826289,-0.258819045103,0.)) ;
#11564=DIRECTION('Vector Direction',(0.707106781187,0.,0.707106781187)) ;
#11573=DIRECTION('Axis2P3D Direction',(0.,0.,1.)) ;
#11578=DIRECTION('Axis2P3D Direction',(0.,0.,1.)) ;
#11590=DIRECTION('Axis2P3D Direction',(-0.707106781187,0.,0.707106781187)) ;
#11591=DIRECTION('Axis2P3D XDirection',(0.,-1.,0.)) ;
#11595=DIRECTION('Vector Direction',(0.707106781187,0.,0.707106781187)) ;
#11604=DIRECTION('Vector Direction',(0.,-1.,0.)) ;
#11609=DIRECTION('Vector Direction',(0.,-1.,0.)) ;
#11621=DIRECTION('Axis2P3D Direction',(0.,0.,1.)) ;
#11622=DIRECTION('Axis2P3D XDirection',(-0.258819045103,-0.965925826289,0.)) ;
#11626=DIRECTION('Vector Direction',(0.,-0.707106781187,0.707106781187)) ;
#11635=DIRECTION('Axis2P3D Direction',(0.,0.,1.)) ;
#11640=DIRECTION('Axis2P3D Direction',(0.,0.,1.)) ;
#11652=DIRECTION('Axis2P3D Direction',(0.,-0.707106781187,-0.707106781187)) ;
#11653=DIRECTION('Axis2P3D XDirection',(1.,0.,0.)) ;
#11657=DIRECTION('Vector Direction',(1.,0.,0.)) ;
#11662=DIRECTION('Vector Direction',(1.,0.,0.)) ;
#11674=DIRECTION('Axis2P3D Direction',(0.,-0.,1.)) ;
#11675=DIRECTION('Axis2P3D XDirection',(0.,1.,0.)) ;
#11689=DIRECTION('Vector Direction',(0.,-1.,0.)) ;
#11698=DIRECTION('Axis2P3D Direction',(0.,-0.,1.)) ;
#11705=DIRECTION('Vector Direction',(-1.,0.,0.)) ;
#11712=DIRECTION('Axis2P3D Direction',(0.,-0.,1.)) ;
#11719=DIRECTION('Vector Direction',(0.,1.,0.)) ;
#11726=DIRECTION('Axis2P3D Direction',(0.,-0.,1.)) ;
#11733=DIRECTION('Vector Direction',(1.,0.,0.)) ;
#11740=DIRECTION('Axis2P3D Direction',(0.,-0.,1.)) ;
#11755=DIRECTION('Axis2P3D Direction',(0.,-0.,1.)) ;
#11764=DIRECTION('Axis2P3D Direction',(0.,-0.,1.)) ;
#11773=DIRECTION('Axis2P3D Direction',(0.,-0.,1.)) ;
#11782=DIRECTION('Axis2P3D Direction',(0.,-0.,1.)) ;
#11792=DIRECTION('Axis2P3D Direction',(-0.,1.,0.)) ;
#11793=DIRECTION('Axis2P3D XDirection',(1.,0.,0.)) ;
#11797=DIRECTION('Vector Direction',(0.,0.,-1.)) ;
#11802=DIRECTION('Vector Direction',(0.,0.,-1.)) ;
#11814=DIRECTION('Axis2P3D Direction',(0.,0.,-1.)) ;
#11815=DIRECTION('Axis2P3D XDirection',(1.,1.83697019872E-16,0.)) ;
#11819=DIRECTION('Vector Direction',(0.,0.,-1.)) ;
#11831=DIRECTION('Axis2P3D Direction',(1.,0.,0.)) ;
#11832=DIRECTION('Axis2P3D XDirection',(0.,-1.,0.)) ;
#11836=DIRECTION('Vector Direction',(0.,0.,-1.)) ;
#11848=DIRECTION('Axis2P3D Direction',(0.,0.,-1.)) ;
#11849=DIRECTION('Axis2P3D XDirection',(-1.83697019872E-16,1.,-0.)) ;
#11853=DIRECTION('Vector Direction',(0.,0.,-1.)) ;
#11865=DIRECTION('Axis2P3D Direction',(-0.,-1.,-0.)) ;
#11866=DIRECTION('Axis2P3D XDirection',(-1.,0.,0.)) ;
#11870=DIRECTION('Vector Direction',(0.,0.,-1.)) ;
#11882=DIRECTION('Axis2P3D Direction',(0.,0.,-1.)) ;
#11883=DIRECTION('Axis2P3D XDirection',(1.83697019872E-16,-1.,-0.)) ;
#11887=DIRECTION('Vector Direction',(0.,0.,-1.)) ;
#11899=DIRECTION('Axis2P3D Direction',(0.,0.,-1.)) ;
#11900=DIRECTION('Axis2P3D XDirection',(-1.,-1.83697019872E-16,-0.)) ;
#11904=DIRECTION('Vector Direction',(0.,0.,-1.)) ;
#11916=DIRECTION('Axis2P3D Direction',(-1.,0.,0.)) ;
#11917=DIRECTION('Axis2P3D XDirection',(0.,1.,0.)) ;
#11928=DIRECTION('Axis2P3D Direction',(0.,0.,-1.)) ;
#11929=DIRECTION('Axis2P3D XDirection',(1.,0.,0.)) ;
#11933=DIRECTION('Axis2P3D Direction',(0.,0.,-1.)) ;
#11942=DIRECTION('Axis2P3D Direction',(0.,0.,-1.)) ;
#11951=DIRECTION('Axis2P3D Direction',(0.,0.,-1.)) ;
#11960=DIRECTION('Axis2P3D Direction',(0.,0.,-1.)) ;
#11970=DIRECTION('Axis2P3D Direction',(0.,0.,-1.)) ;
#11971=DIRECTION('Axis2P3D XDirection',(1.,0.,0.)) ;
#11975=DIRECTION('Axis2P3D Direction',(0.,0.,-1.)) ;
#11984=DIRECTION('Axis2P3D Direction',(0.,0.,-1.)) ;
#11993=DIRECTION('Axis2P3D Direction',(0.,0.,-1.)) ;
#12002=DIRECTION('Axis2P3D Direction',(0.,0.,-1.)) ;
#12012=DIRECTION('Axis2P3D Direction',(0.,0.,-1.)) ;
#12013=DIRECTION('Axis2P3D XDirection',(0.479425538604,0.87758256189,0.)) ;
#12017=DIRECTION('Axis2P3D Direction',(0.,0.,-1.)) ;
#12026=DIRECTION('Vector Direction',(0.,0.,-1.)) ;
#12031=DIRECTION('Vector Direction',(0.,0.,-1.)) ;
#12043=DIRECTION('Axis2P3D Direction',(0.,0.,-1.)) ;
#12055=DIRECTION('Axis2P3D Direction',(0.,0.,-1.)) ;
#12056=DIRECTION('Axis2P3D XDirection',(0.479425538604,0.87758256189,0.)) ;
#12060=DIRECTION('Axis2P3D Direction',(0.,0.,-1.)) ;
#12069=DIRECTION('Vector Direction',(0.,0.,-1.)) ;
#12074=DIRECTION('Vector Direction',(0.,0.,-1.)) ;
#12086=DIRECTION('Axis2P3D Direction',(0.,0.,-1.)) ;
#12098=DIRECTION('Axis2P3D Direction',(0.,0.,-1.)) ;
#12099=DIRECTION('Axis2P3D XDirection',(0.479425538604,0.87758256189,0.)) ;
#12103=DIRECTION('Axis2P3D Direction',(-0.87758256189,0.479425538604,0.)) ;
#12108=DIRECTION('Axis2P3D Direction',(0.87758256189,0.479425538604,0.)) ;
#12127=DIRECTION('Axis2P3D Direction',(0.,0.,-1.)) ;
#12128=DIRECTION('Axis2P3D XDirection',(0.479425538604,0.87758256189,0.)) ;
#12132=DIRECTION('Axis2P3D Direction',(0.,0.,-1.)) ;
#12141=DIRECTION('Axis2P3D Direction',(-0.87758256189,0.479425538604,0.)) ;
#12146=DIRECTION('Axis2P3D Direction',(0.87758256189,0.479425538604,0.)) ;
#12158=DIRECTION('Axis2P3D Direction',(0.,0.,-1.)) ;
#12170=DIRECTION('Axis2P3D Direction',(0.,0.,-1.)) ;
#12171=DIRECTION('Axis2P3D XDirection',(0.479425538604,0.87758256189,0.)) ;
#12175=DIRECTION('Axis2P3D Direction',(0.,0.,-1.)) ;
#12184=DIRECTION('Vector Direction',(0.,0.,-1.)) ;
#12189=DIRECTION('Vector Direction',(0.,0.,-1.)) ;
#12201=DIRECTION('Axis2P3D Direction',(0.,0.,-1.)) ;
#12213=DIRECTION('Axis2P3D Direction',(-1.,0.,0.)) ;
#12214=DIRECTION('Axis2P3D XDirection',(0.,1.,0.)) ;
#12218=DIRECTION('Vector Direction',(0.,1.,0.)) ;
#12227=DIRECTION('Vector Direction',(0.,0.,-1.)) ;
#12234=DIRECTION('Vector Direction',(0.,1.,0.)) ;
#12241=DIRECTION('Vector Direction',(0.,0.,-1.)) ;
#12253=DIRECTION('Axis2P3D Direction',(0.,0.,-1.)) ;
#12254=DIRECTION('Axis2P3D XDirection',(-1.,-1.83697019872E-16,-0.)) ;
#12258=DIRECTION('Axis2P3D Direction',(0.,0.,-1.)) ;
#12265=DIRECTION('Axis2P3D Direction',(0.,0.,-1.)) ;
#12272=DIRECTION('Vector Direction',(0.,0.,-1.)) ;
#12284=DIRECTION('Axis2P3D Direction',(-0.,-1.,-0.)) ;
#12285=DIRECTION('Axis2P3D XDirection',(-1.,0.,0.)) ;
#12289=DIRECTION('Vector Direction',(-1.,0.,0.)) ;
#12296=DIRECTION('Vector Direction',(0.,0.,-1.)) ;
#12303=DIRECTION('Vector Direction',(-1.,0.,0.)) ;
#12315=DIRECTION('Axis2P3D Direction',(0.,0.,-1.)) ;
#12316=DIRECTION('Axis2P3D XDirection',(-1.83697019872E-16,1.,-0.)) ;
#12320=DIRECTION('Axis2P3D Direction',(0.,0.,-1.)) ;
#12327=DIRECTION('Axis2P3D Direction',(0.,0.,-1.)) ;
#12334=DIRECTION('Vector Direction',(0.,0.,-1.)) ;
#12346=DIRECTION('Axis2P3D Direction',(-1.,0.,0.)) ;
#12347=DIRECTION('Axis2P3D XDirection',(0.,1.,0.)) ;
#12351=DIRECTION('Vector Direction',(0.,1.,0.)) ;
#12358=DIRECTION('Vector Direction',(0.,0.,-1.)) ;
#12365=DIRECTION('Vector Direction',(0.,-1.,0.)) ;
#12377=DIRECTION('Axis2P3D Direction',(0.,0.,-1.)) ;
#12378=DIRECTION('Axis2P3D XDirection',(0.,-1.,0.)) ;
#12382=DIRECTION('Vector Direction',(0.,0.,-1.)) ;
#12391=DIRECTION('Axis2P3D Direction',(0.,0.,-1.)) ;
#12396=DIRECTION('Axis2P3D Direction',(0.,0.,-1.)) ;
#12408=DIRECTION('Axis2P3D Direction',(-0.,1.,0.)) ;
#12409=DIRECTION('Axis2P3D XDirection',(1.,0.,0.)) ;
#12413=DIRECTION('Vector Direction',(1.,0.,0.)) ;
#12420=DIRECTION('Vector Direction',(0.,0.,-1.)) ;
#12427=DIRECTION('Vector Direction',(1.,0.,0.)) ;
#12439=DIRECTION('Axis2P3D Direction',(0.,0.,-1.)) ;
#12440=DIRECTION('Axis2P3D XDirection',(1.,0.,0.)) ;
#12444=DIRECTION('Vector Direction',(0.,0.,-1.)) ;
#12453=DIRECTION('Axis2P3D Direction',(0.,0.,-1.)) ;
#12458=DIRECTION('Axis2P3D Direction',(0.,0.,-1.)) ;
#12470=DIRECTION('Axis2P3D Direction',(1.,0.,0.)) ;
#12471=DIRECTION('Axis2P3D XDirection',(0.,-1.,0.)) ;
#12475=DIRECTION('Vector Direction',(0.,-1.,0.)) ;
#12482=DIRECTION('Vector Direction',(0.,0.,-1.)) ;
#12489=DIRECTION('Vector Direction',(0.,1.,0.)) ;
#12501=DIRECTION('Axis2P3D Direction',(0.,0.,-1.)) ;
#12502=DIRECTION('Axis2P3D XDirection',(-1.,-1.83697019872E-16,-0.)) ;
#12506=DIRECTION('Axis2P3D Direction',(0.,0.,-1.)) ;
#12513=DIRECTION('Axis2P3D Direction',(0.,0.,-1.)) ;
#12520=DIRECTION('Vector Direction',(0.,0.,-1.)) ;
#12532=DIRECTION('Vector Direction',(0.,0.,-1.)) ;
#12541=DIRECTION('Vector Direction',(-1.,0.,0.)) ;
#12546=DIRECTION('Vector Direction',(-1.,0.,0.)) ;
#12558=DIRECTION('Axis2P3D Direction',(0.,0.,-1.)) ;
#12559=DIRECTION('Axis2P3D XDirection',(-1.83697019872E-16,1.,-0.)) ;
#12563=DIRECTION('Axis2P3D Direction',(0.,0.,-1.)) ;
#12570=DIRECTION('Axis2P3D Direction',(0.,0.,-1.)) ;
#12577=DIRECTION('Vector Direction',(0.,0.,-1.)) ;
#12589=DIRECTION('Axis2P3D Direction',(1.,0.,0.)) ;
#12590=DIRECTION('Axis2P3D XDirection',(0.,-1.,0.)) ;
#12594=DIRECTION('Vector Direction',(0.,-1.,0.)) ;
#12601=DIRECTION('Vector Direction',(0.,0.,-1.)) ;
#12608=DIRECTION('Vector Direction',(0.,-1.,0.)) ;
#12620=DIRECTION('Axis2P3D Direction',(0.,0.,-1.)) ;
#12621=DIRECTION('Axis2P3D XDirection',(1.,1.83697019872E-16,0.)) ;
#12625=DIRECTION('Axis2P3D Direction',(0.,0.,-1.)) ;
#12632=DIRECTION('Axis2P3D Direction',(0.,0.,-1.)) ;
#12639=DIRECTION('Vector Direction',(0.,0.,-1.)) ;
#12651=DIRECTION('Axis2P3D Direction',(-0.,1.,0.)) ;
#12652=DIRECTION('Axis2P3D XDirection',(1.,0.,0.)) ;
#12656=DIRECTION('Vector Direction',(1.,0.,0.)) ;
#12663=DIRECTION('Vector Direction',(0.,0.,-1.)) ;
#12670=DIRECTION('Vector Direction',(1.,0.,0.)) ;
#12682=DIRECTION('Axis2P3D Direction',(0.,0.,-1.)) ;
#12683=DIRECTION('Axis2P3D XDirection',(1.83697019872E-16,-1.,-0.)) ;
#12687=DIRECTION('Axis2P3D Direction',(0.,0.,-1.)) ;
#12694=DIRECTION('Axis2P3D Direction',(0.,0.,-1.)) ;
#12701=DIRECTION('Vector Direction',(0.,0.,-1.)) ;
#12713=DIRECTION('Vector Direction',(0.,-1.,0.)) ;
#12720=DIRECTION('Vector Direction',(0.,0.,-1.)) ;
#12727=DIRECTION('Vector Direction',(0.,-1.,0.)) ;
#12739=DIRECTION('Axis2P3D Direction',(0.,0.,-1.)) ;
#12740=DIRECTION('Axis2P3D XDirection',(0.,1.,0.)) ;
#12744=DIRECTION('Vector Direction',(0.,0.,-1.)) ;
#12753=DIRECTION('Axis2P3D Direction',(0.,0.,-1.)) ;
#12758=DIRECTION('Axis2P3D Direction',(0.,0.,-1.)) ;
#12770=DIRECTION('Axis2P3D Direction',(-0.,1.,0.)) ;
#12771=DIRECTION('Axis2P3D XDirection',(1.,0.,0.)) ;
#12775=DIRECTION('Vector Direction',(1.,0.,0.)) ;
#12782=DIRECTION('Vector Direction',(0.,0.,-1.)) ;
#12789=DIRECTION('Vector Direction',(1.,0.,0.)) ;
#12801=DIRECTION('Axis2P3D Direction',(0.,0.,-1.)) ;
#12802=DIRECTION('Axis2P3D XDirection',(-1.,0.,0.)) ;
#12806=DIRECTION('Vector Direction',(0.,0.,-1.)) ;
#12815=DIRECTION('Axis2P3D Direction',(0.,0.,-1.)) ;
#12820=DIRECTION('Axis2P3D Direction',(0.,0.,-1.)) ;
#12832=DIRECTION('Vector Direction',(0.,1.,0.)) ;
#12839=DIRECTION('Vector Direction',(0.,0.,-1.)) ;
#12846=DIRECTION('Vector Direction',(0.,1.,0.)) ;
#12858=DIRECTION('Axis2P3D Direction',(0.,0.,-1.)) ;
#12859=DIRECTION('Axis2P3D XDirection',(1.,1.83697019872E-16,0.)) ;
#12863=DIRECTION('Axis2P3D Direction',(0.,0.,-1.)) ;
#12870=DIRECTION('Axis2P3D Direction',(0.,0.,-1.)) ;
#12877=DIRECTION('Vector Direction',(0.,0.,-1.)) ;
#12889=DIRECTION('Axis2P3D Direction',(0.,0.,-1.)) ;
#12890=DIRECTION('Axis2P3D XDirection',(1.83697019872E-16,-1.,-0.)) ;
#12894=DIRECTION('Axis2P3D Direction',(0.,0.,-1.)) ;
#12901=DIRECTION('Vector Direction',(0.,0.,-1.)) ;
#12908=DIRECTION('Axis2P3D Direction',(0.,0.,-1.)) ;
#12920=DIRECTION('Vector Direction',(1.,0.,0.)) ;
#12925=DIRECTION('Vector Direction',(1.,0.,0.)) ;
#12937=DIRECTION('Axis2P3D Direction',(0.,-0.,1.)) ;
#12938=DIRECTION('Axis2P3D XDirection',(0.,1.,0.)) ;
#12973=DIRECTION('Axis2P3D Direction',(-1.,0.,0.)) ;
#12974=DIRECTION('Axis2P3D XDirection',(0.,-1.,0.)) ;
#12978=DIRECTION('Vector Direction',(0.,0.,1.)) ;
#12985=DIRECTION('Vector Direction',(0.,-1.,0.)) ;
#12992=DIRECTION('Vector Direction',(0.,0.,1.)) ;
#13004=DIRECTION('Axis2P3D Direction',(0.,-0.,1.)) ;
#13005=DIRECTION('Axis2P3D XDirection',(0.,1.,0.)) ;
#13009=DIRECTION('Vector Direction',(0.,0.,1.)) ;
#13016=DIRECTION('Axis2P3D Direction',(0.,-0.,1.)) ;
#13028=DIRECTION('Axis2P3D Direction',(0.,-1.,0.)) ;
#13029=DIRECTION('Axis2P3D XDirection',(1.,0.,0.)) ;
#13033=DIRECTION('Vector Direction',(0.,0.,1.)) ;
#13040=DIRECTION('Vector Direction',(1.,0.,0.)) ;
#13052=DIRECTION('Axis2P3D Direction',(0.,0.,1.)) ;
#13053=DIRECTION('Axis2P3D XDirection',(-1.,0.,0.)) ;
#13057=DIRECTION('Axis2P3D Direction',(0.,0.,1.)) ;
#13064=DIRECTION('Vector Direction',(0.,0.,1.)) ;
#13076=DIRECTION('Axis2P3D Direction',(0.,1.,-0.)) ;
#13077=DIRECTION('Axis2P3D XDirection',(-1.,0.,0.)) ;
#13081=DIRECTION('Vector Direction',(-1.,0.,0.)) ;
#13088=DIRECTION('Vector Direction',(0.,0.,1.)) ;
#13100=DIRECTION('Axis2P3D Direction',(0.,0.,1.)) ;
#13101=DIRECTION('Axis2P3D XDirection',(1.,0.,0.)) ;
#13105=DIRECTION('Vector Direction',(0.,0.,1.)) ;
#13112=DIRECTION('Axis2P3D Direction',(0.,0.,1.)) ;
#13124=DIRECTION('Axis2P3D Direction',(0.,0.,1.)) ;
#13125=DIRECTION('Axis2P3D XDirection',(0.,-1.,0.)) ;
#13129=DIRECTION('Axis2P3D Direction',(0.,0.,1.)) ;
#13136=DIRECTION('Vector Direction',(0.,0.,1.)) ;
#13148=DIRECTION('Axis2P3D Direction',(1.,0.,0.)) ;
#13149=DIRECTION('Axis2P3D XDirection',(0.,1.,0.)) ;
#13153=DIRECTION('Vector Direction',(0.,1.,0.)) ;
#13165=DIRECTION('Axis2P3D Direction',(0.,-0.,1.)) ;
#13166=DIRECTION('Axis2P3D XDirection',(0.,1.,0.)) ;
#13170=DIRECTION('Axis2P3D Direction',(0.,-0.,1.)) ;
#13179=DIRECTION('Vector Direction',(0.,0.,1.)) ;
#13186=DIRECTION('Axis2P3D Direction',(0.,-0.,1.)) ;
#13193=DIRECTION('Vector Direction',(0.,0.,1.)) ;
#13205=DIRECTION('Axis2P3D Direction',(0.,-0.,1.)) ;
#13210=DIRECTION('Axis2P3D Direction',(0.,-0.,1.)) ;
#13222=DIRECTION('Axis2P3D Direction',(0.,-0.,1.)) ;
#13223=DIRECTION('Axis2P3D XDirection',(0.,1.,0.)) ;
#13236=DIRECTION('Vector Direction',(0.,-1.,0.)) ;
#13245=DIRECTION('Vector Direction',(0.,0.,-1.)) ;
#13250=DIRECTION('Vector Direction',(0.,0.,-1.)) ;
#13262=DIRECTION('Axis2P3D Direction',(0.,0.,-1.)) ;
#13263=DIRECTION('Axis2P3D XDirection',(1.83697019872E-16,-1.,-0.)) ;
#13267=DIRECTION('Axis2P3D Direction',(0.,0.,-1.)) ;
#13274=DIRECTION('Vector Direction',(0.,0.,-1.)) ;
#13286=DIRECTION('Vector Direction',(0.,0.,-1.)) ;
#13293=DIRECTION('Vector Direction',(1.,0.,0.)) ;
#13305=DIRECTION('Axis2P3D Direction',(0.,0.,-1.)) ;
#13306=DIRECTION('Axis2P3D XDirection',(1.,1.83697019872E-16,0.)) ;
#13310=DIRECTION('Axis2P3D Direction',(0.,0.,-1.)) ;
#13317=DIRECTION('Vector Direction',(0.,0.,-1.)) ;
#13329=DIRECTION('Vector Direction',(0.,1.,0.)) ;
#13336=DIRECTION('Vector Direction',(0.,0.,-1.)) ;
#13348=DIRECTION('Axis2P3D Direction',(0.,0.,-1.)) ;
#13349=DIRECTION('Axis2P3D XDirection',(-1.,0.,0.)) ;
#13353=DIRECTION('Axis2P3D Direction',(0.,0.,-1.)) ;
#13360=DIRECTION('Vector Direction',(0.,0.,-1.)) ;
#13372=DIRECTION('Vector Direction',(-1.,0.,0.)) ;
#13379=DIRECTION('Vector Direction',(0.,0.,-1.)) ;
#13391=DIRECTION('Axis2P3D Direction',(0.,0.,-1.)) ;
#13392=DIRECTION('Axis2P3D XDirection',(0.,1.,0.)) ;
#13396=DIRECTION('Axis2P3D Direction',(0.,0.,-1.)) ;
#13403=DIRECTION('Vector Direction',(0.,0.,-1.)) ;
#13415=DIRECTION('Vector Direction',(0.,-1.,0.)) ;
#13422=DIRECTION('Vector Direction',(0.,0.,-1.)) ;
#13434=DIRECTION('Axis2P3D Direction',(0.,0.,-1.)) ;
#13435=DIRECTION('Axis2P3D XDirection',(1.,0.,0.)) ;
#13439=DIRECTION('Axis2P3D Direction',(0.,0.,-1.)) ;
#13446=DIRECTION('Vector Direction',(0.,0.,-1.)) ;
#13458=DIRECTION('Vector Direction',(1.,0.,0.)) ;
#13465=DIRECTION('Vector Direction',(0.,0.,-1.)) ;
#13477=DIRECTION('Axis2P3D Direction',(0.,0.,-1.)) ;
#13478=DIRECTION('Axis2P3D XDirection',(0.,-1.,0.)) ;
#13482=DIRECTION('Axis2P3D Direction',(0.,0.,-1.)) ;
#13489=DIRECTION('Vector Direction',(0.,0.,-1.)) ;
#13501=DIRECTION('Vector Direction',(0.,-1.,0.)) ;
#13508=DIRECTION('Vector Direction',(0.,0.,-1.)) ;
#13520=DIRECTION('Axis2P3D Direction',(0.,0.,-1.)) ;
#13521=DIRECTION('Axis2P3D XDirection',(-1.83697019872E-16,1.,-0.)) ;
#13525=DIRECTION('Axis2P3D Direction',(0.,0.,-1.)) ;
#13532=DIRECTION('Vector Direction',(0.,0.,-1.)) ;
#13544=DIRECTION('Vector Direction',(1.,0.,0.)) ;
#13551=DIRECTION('Vector Direction',(0.,0.,-1.)) ;
#13563=DIRECTION('Axis2P3D Direction',(0.,0.,-1.)) ;
#13564=DIRECTION('Axis2P3D XDirection',(0.,1.,0.)) ;
#13568=DIRECTION('Vector Direction',(0.,0.,-1.)) ;
#13575=DIRECTION('Axis2P3D Direction',(0.,0.,-1.)) ;
#13587=DIRECTION('Vector Direction',(0.,0.,-1.)) ;
#13594=DIRECTION('Vector Direction',(-1.,0.,0.)) ;
#13606=DIRECTION('Axis2P3D Direction',(0.,-0.,1.)) ;
#13607=DIRECTION('Axis2P3D XDirection',(0.,1.,0.)) ;
#13611=DIRECTION('Axis2P3D Direction',(0.,-0.,1.)) ;
#13618=DIRECTION('Vector Direction',(0.,1.,0.)) ;
#13625=DIRECTION('Axis2P3D Direction',(0.,-0.,1.)) ;
#13632=DIRECTION('Vector Direction',(1.,0.,0.)) ;
#13639=DIRECTION('Axis2P3D Direction',(0.,-0.,1.)) ;
#13646=DIRECTION('Vector Direction',(0.,1.,0.)) ;
#13653=DIRECTION('Axis2P3D Direction',(0.,-0.,1.)) ;
#13689=DIRECTION('Axis2P3D Direction',(0.,0.,-1.)) ;
#13690=DIRECTION('Axis2P3D XDirection',(-1.,-1.83697019872E-16,-0.)) ;
#13694=DIRECTION('Vector Direction',(0.,0.,-1.)) ;
#13706=DIRECTION('Vector Direction',(0.,0.,-1.)) ;
#13718=DIRECTION('Axis2P3D Direction',(0.,0.,-1.)) ;
#13719=DIRECTION('Axis2P3D XDirection',(-1.,0.,0.)) ;
#13723=DIRECTION('Vector Direction',(0.,0.,-1.)) ;
#13735=DIRECTION('Vector Direction',(0.,0.,-1.)) ;
#13747=DIRECTION('Axis2P3D Direction',(0.,0.,-1.)) ;
#13748=DIRECTION('Axis2P3D XDirection',(0.,-1.,0.)) ;
#13752=DIRECTION('Vector Direction',(0.,0.,-1.)) ;
#13764=DIRECTION('Axis2P3D Direction',(0.,0.,-1.)) ;
#13765=DIRECTION('Axis2P3D XDirection',(1.,0.,0.)) ;
#13769=DIRECTION('Vector Direction',(0.,0.,-1.)) ;
#13788=DIRECTION('Axis2P3D Direction',(0.,-0.,1.)) ;
#13789=DIRECTION('Axis2P3D XDirection',(0.,1.,0.)) ;
#13830=DIRECTION('Axis2P3D Direction',(0.,0.,1.)) ;
#13831=DIRECTION('Axis2P3D XDirection',(0.,1.,0.)) ;
#13835=DIRECTION('Vector Direction',(0.,0.,1.)) ;
#13842=DIRECTION('Axis2P3D Direction',(0.,0.,1.)) ;
#13849=DIRECTION('Vector Direction',(0.,0.,1.)) ;
#13861=DIRECTION('Axis2P3D Direction',(0.,0.,1.)) ;
#13873=DIRECTION('Axis2P3D Direction',(0.,-0.,1.)) ;
#13874=DIRECTION('Axis2P3D XDirection',(0.,1.,0.)) ;
#13883=DIRECTION('Axis2P3D Direction',(0.,0.,1.)) ;
#13884=DIRECTION('Axis2P3D XDirection',(0.,1.,0.)) ;
#13888=DIRECTION('Vector Direction',(0.,0.,1.)) ;
#13895=DIRECTION('Axis2P3D Direction',(0.,0.,1.)) ;
#13902=DIRECTION('Vector Direction',(0.,0.,1.)) ;
#13914=DIRECTION('Axis2P3D Direction',(0.,0.,1.)) ;
#13941=DIRECTION('NONE',(1.,0.,0.)) ;
#13942=DIRECTION('NONE',(0.,0.,1.)) ;
#13943=DIRECTION('NONE',(1.,0.,0.)) ;
#13944=DIRECTION('NONE',(0.,0.,1.)) ;
#13954=DIRECTION('NONE',(1.,0.,0.)) ;
#13955=DIRECTION('NONE',(0.,0.,1.)) ;
#13956=DIRECTION('NONE',(1.,0.,0.)) ;
#13957=DIRECTION('NONE',(0.,0.,1.)) ;
#13970=DIRECTION('Axis2P3D Direction',(0.,-0.,1.)) ;
#13971=DIRECTION('Axis2P3D XDirection',(0.,1.,0.)) ;
#13975=DIRECTION('Axis2P3D Direction',(0.,-0.,1.)) ;
#13984=DIRECTION('Vector Direction',(1.,0.,0.)) ;
#13991=DIRECTION('Vector Direction',(0.,1.,0.)) ;
#13998=DIRECTION('Vector Direction',(1.,0.,0.)) ;
#14005=DIRECTION('Vector Direction',(0.,-1.,0.)) ;
#14012=DIRECTION('Vector Direction',(1.,0.,0.)) ;
#14019=DIRECTION('Axis2P3D Direction',(0.,-0.,1.)) ;
#14026=DIRECTION('Vector Direction',(0.,1.,0.)) ;
#14033=DIRECTION('Axis2P3D Direction',(0.,-0.,1.)) ;
#14040=DIRECTION('Vector Direction',(-1.,0.,0.)) ;
#14047=DIRECTION('Vector Direction',(0.,1.,0.)) ;
#14054=DIRECTION('Vector Direction',(1.,0.,0.)) ;
#14061=DIRECTION('Vector Direction',(0.,-1.,0.)) ;
#14068=DIRECTION('Vector Direction',(-1.,0.,0.)) ;
#14075=DIRECTION('Axis2P3D Direction',(0.,-0.,1.)) ;
#14082=DIRECTION('Vector Direction',(0.,-1.,0.)) ;
#14105=DIRECTION('Axis2P3D Direction',(0.,-0.,1.)) ;
#14114=DIRECTION('Axis2P3D Direction',(0.,-0.,1.)) ;
#14124=DIRECTION('Axis2P3D Direction',(0.,0.,1.)) ;
#14125=DIRECTION('Axis2P3D XDirection',(1.,0.,0.)) ;
#14129=DIRECTION('Vector Direction',(0.,-1.,0.)) ;
#14138=DIRECTION('Axis2P3D Direction',(0.,0.,1.)) ;
#14145=DIRECTION('Vector Direction',(-1.,0.,0.)) ;
#14152=DIRECTION('Axis2P3D Direction',(0.,0.,1.)) ;
#14159=DIRECTION('Vector Direction',(0.,1.,0.)) ;
#14166=DIRECTION('Axis2P3D Direction',(0.,0.,1.)) ;
#14173=DIRECTION('Vector Direction',(1.,0.,0.)) ;
#14180=DIRECTION('Axis2P3D Direction',(0.,0.,1.)) ;
#14195=DIRECTION('Axis2P3D Direction',(0.,0.,1.)) ;
#14204=DIRECTION('Vector Direction',(-1.,0.,0.)) ;
#14211=DIRECTION('Axis2P3D Direction',(0.,0.,1.)) ;
#14218=DIRECTION('Vector Direction',(0.,1.,0.)) ;
#14225=DIRECTION('Axis2P3D Direction',(0.,0.,1.)) ;
#14232=DIRECTION('Vector Direction',(1.,-1.614869854E-15,0.)) ;
#14239=DIRECTION('Axis2P3D Direction',(0.,0.,1.)) ;
#14246=DIRECTION('Vector Direction',(1.97372982156E-16,-1.,0.)) ;
#14262=DIRECTION('Axis2P3D Direction',(1.,0.,0.)) ;
#14263=DIRECTION('Axis2P3D XDirection',(0.,1.,0.)) ;
#14267=DIRECTION('Vector Direction',(0.,0.,1.)) ;
#14272=DIRECTION('Vector Direction',(0.,0.,1.)) ;
#14284=DIRECTION('Axis2P3D Direction',(0.,0.,1.)) ;
#14285=DIRECTION('Axis2P3D XDirection',(1.83697019872E-16,1.,-0.)) ;
#14289=DIRECTION('Vector Direction',(0.,0.,1.)) ;
#14301=DIRECTION('Axis2P3D Direction',(0.,0.,1.)) ;
#14302=DIRECTION('Axis2P3D XDirection',(-1.,1.83697019872E-16,0.)) ;
#14306=DIRECTION('Vector Direction',(0.,0.,1.)) ;
#14318=DIRECTION('Axis2P3D Direction',(0.,1.,-0.)) ;
#14319=DIRECTION('Axis2P3D XDirection',(-1.,0.,0.)) ;
#14323=DIRECTION('Vector Direction',(0.,0.,1.)) ;
#14328=DIRECTION('Vector Direction',(0.,0.,1.)) ;
#14335=DIRECTION('Vector Direction',(-1.,0.,0.)) ;
#14342=DIRECTION('Vector Direction',(0.,0.,1.)) ;
#14358=DIRECTION('Axis2P3D Direction',(0.,-0.,1.)) ;
#14359=DIRECTION('Axis2P3D XDirection',(1.,-1.83697019872E-16,-0.)) ;
#14363=DIRECTION('Vector Direction',(0.,0.,1.)) ;
#14375=DIRECTION('Axis2P3D Direction',(-1.,0.,0.)) ;
#14376=DIRECTION('Axis2P3D XDirection',(0.,-1.,0.)) ;
#14380=DIRECTION('Vector Direction',(0.,0.,1.)) ;
#14392=DIRECTION('Axis2P3D Direction',(0.,0.,1.)) ;
#14393=DIRECTION('Axis2P3D XDirection',(-1.83697019872E-16,-1.,-0.)) ;
#14397=DIRECTION('Vector Direction',(0.,0.,1.)) ;
#14409=DIRECTION('Axis2P3D Direction',(0.,-1.,0.)) ;
#14410=DIRECTION('Axis2P3D XDirection',(1.,0.,0.)) ;
#14414=DIRECTION('Vector Direction',(0.,0.,1.)) ;
#14421=DIRECTION('Vector Direction',(-1.,0.,0.)) ;
#14428=DIRECTION('Vector Direction',(0.,0.,1.)) ;
#14444=DIRECTION('Axis2P3D Direction',(0.,-1.,0.)) ;
#14445=DIRECTION('Axis2P3D XDirection',(1.,0.,0.)) ;
#14449=DIRECTION('Vector Direction',(1.,0.,0.)) ;
#14458=DIRECTION('Vector Direction',(0.,0.,1.)) ;
#14463=DIRECTION('Vector Direction',(0.,0.,1.)) ;
#14475=DIRECTION('Axis2P3D Direction',(-1.,0.,0.)) ;
#14476=DIRECTION('Axis2P3D XDirection',(0.,-1.,0.)) ;
#14480=DIRECTION('Vector Direction',(0.,-1.,0.)) ;
#14492=DIRECTION('Axis2P3D Direction',(1.,0.,0.)) ;
#14493=DIRECTION('Axis2P3D XDirection',(0.,1.,0.)) ;
#14497=DIRECTION('Vector Direction',(0.,1.,0.)) ;
#14509=DIRECTION('Axis2P3D Direction',(0.,-0.,1.)) ;
#14510=DIRECTION('Axis2P3D XDirection',(0.,1.,0.)) ;
#14521=DIRECTION('Vector Direction',(0.,-1.,0.)) ;
#14528=DIRECTION('Vector Direction',(0.,0.,1.)) ;
#14540=DIRECTION('Vector Direction',(0.,1.,0.)) ;
#14547=DIRECTION('Vector Direction',(0.,0.,1.)) ;
#14559=DIRECTION('Axis2P3D Direction',(0.,-1.,0.)) ;
#14560=DIRECTION('Axis2P3D XDirection',(1.,0.,0.)) ;
#14564=DIRECTION('Vector Direction',(1.,0.,0.)) ;
#14583=DIRECTION('Axis2P3D Direction',(0.,-0.,1.)) ;
#14584=DIRECTION('Axis2P3D XDirection',(0.,1.,0.)) ;
#14588=DIRECTION('Vector Direction',(1.,0.,0.)) ;
#14597=DIRECTION('Axis2P3D Direction',(0.,-0.,1.)) ;
#14607=DIRECTION('Axis2P3D Direction',(-0.,-1.,-0.)) ;
#14608=DIRECTION('Axis2P3D XDirection',(-1.,0.,0.)) ;
#14612=DIRECTION('Vector Direction',(-1.,0.,0.)) ;
#14621=DIRECTION('Vector Direction',(0.,0.,-1.)) ;
#14628=DIRECTION('Vector Direction',(1.,0.,0.)) ;
#14635=DIRECTION('Vector Direction',(0.,0.,-1.)) ;
#14642=DIRECTION('Vector Direction',(-1.,0.,0.)) ;
#14649=DIRECTION('Vector Direction',(0.,0.,-1.)) ;
#14654=DIRECTION('Vector Direction',(0.,0.,-1.)) ;
#14670=DIRECTION('Axis2P3D Direction',(0.,0.,-1.)) ;
#14671=DIRECTION('Axis2P3D XDirection',(-1.,0.,0.)) ;
#14675=DIRECTION('Vector Direction',(0.,0.,-1.)) ;
#14682=DIRECTION('Axis2P3D Direction',(0.,0.,-1.)) ;
#14694=DIRECTION('Axis2P3D Direction',(0.,0.,-1.)) ;
#14695=DIRECTION('Axis2P3D XDirection',(0.,1.,0.)) ;
#14699=DIRECTION('Axis2P3D Direction',(0.,0.,-1.)) ;
#14706=DIRECTION('Vector Direction',(0.,0.,-1.)) ;
#14718=DIRECTION('Axis2P3D Direction',(1.,2.1984614349E-16,0.)) ;
#14719=DIRECTION('Axis2P3D XDirection',(2.1984614349E-16,-1.,0.)) ;
#14723=DIRECTION('Vector Direction',(0.,0.,-1.)) ;
#14730=DIRECTION('Vector Direction',(1.97372982156E-16,-1.,0.)) ;
#14742=DIRECTION('Axis2P3D Direction',(-0.,0.,-1.)) ;
#14743=DIRECTION('Axis2P3D XDirection',(-1.614869854E-15,-1.,0.)) ;
#14747=DIRECTION('Vector Direction',(0.,0.,-1.)) ;
#14754=DIRECTION('Axis2P3D Direction',(-0.,0.,-1.)) ;
#14766=DIRECTION('Axis2P3D Direction',(-1.,0.,0.)) ;
#14767=DIRECTION('Axis2P3D XDirection',(0.,1.,0.)) ;
#14771=DIRECTION('Vector Direction',(0.,1.,0.)) ;
#14778=DIRECTION('Vector Direction',(0.,0.,-1.)) ;
#14790=DIRECTION('Axis2P3D Direction',(0.,0.,-1.)) ;
#14791=DIRECTION('Axis2P3D XDirection',(1.,0.,0.)) ;
#14795=DIRECTION('Axis2P3D Direction',(0.,0.,-1.)) ;
#14802=DIRECTION('Vector Direction',(0.,0.,-1.)) ;
#14814=DIRECTION('Axis2P3D Direction',(0.,-0.,1.)) ;
#14815=DIRECTION('Axis2P3D XDirection',(-0.997624703088,-0.0688836104513,0.)) ;
#14819=DIRECTION('Axis2P3D Direction',(0.,-0.,1.)) ;
#14824=DIRECTION('Axis2P3D Direction',(0.,-0.,1.)) ;
#14836=DIRECTION('Axis2P3D Direction',(0.,0.,1.)) ;
#14837=DIRECTION('Axis2P3D XDirection',(1.,0.,0.)) ;
#14841=DIRECTION('Vector Direction',(1.,0.,0.)) ;
#14848=DIRECTION('Axis2P3D Direction',(0.,0.,1.)) ;
#14855=DIRECTION('Vector Direction',(1.,0.,0.)) ;
#14874=DIRECTION('Axis2P3D Direction',(0.,0.,1.)) ;
#14883=DIRECTION('Axis2P3D Direction',(0.,0.,1.)) ;
#14893=DIRECTION('Axis2P3D Direction',(0.,-0.,1.)) ;
#14894=DIRECTION('Axis2P3D XDirection',(0.997624703088,0.0688836104513,0.)) ;
#14898=DIRECTION('Vector Direction',(0.,0.,1.)) ;
#14903=DIRECTION('Vector Direction',(0.,0.,1.)) ;
#14915=DIRECTION('Axis2P3D Direction',(1.51179305481E-15,1.,0.)) ;
#14916=DIRECTION('Axis2P3D XDirection',(1.,-1.51179305481E-15,0.)) ;
#14936=DIRECTION('Axis2P3D Direction',(0.,-0.,1.)) ;
#14937=DIRECTION('Axis2P3D XDirection',(0.,1.,0.)) ;
#14941=DIRECTION('Axis2P3D Direction',(0.,-0.,1.)) ;
#14950=DIRECTION('Vector Direction',(0.,0.,1.)) ;
#14955=DIRECTION('Vector Direction',(0.,0.,1.)) ;
#14967=DIRECTION('Axis2P3D Direction',(0.,-0.,1.)) ;
#14979=DIRECTION('Axis2P3D Direction',(-2.6645352591E-15,3.10862446895E-15,-1.)) ;
#14980=DIRECTION('Axis2P3D XDirection',(8.42263229379E-30,1.,3.16101363832E-15)) ;
#14984=DIRECTION('Vector Direction',(-2.07834919273E-15,0.707106781187,-0.707106781187)) ;
#14989=DIRECTION('Vector Direction',(-1.97070655604E-15,-0.707106781187,-0.707106781187)) ;
#15001=DIRECTION('Axis2P3D Direction',(-1.51996181455E-15,1.7763568394E-15,-1.)) ;
#15002=DIRECTION('Axis2P3D XDirection',(-0.866025403784,-0.5,3.9512670479E-16)) ;
#15023=DIRECTION('NONE',(1.,0.,0.)) ;
#15024=DIRECTION('NONE',(0.,0.,1.)) ;
#15025=DIRECTION('NONE',(1.,0.,0.)) ;
#15026=DIRECTION('NONE',(0.,0.,1.)) ;
#15039=DIRECTION('Axis2P3D Direction',(0.,-0.,1.)) ;
#15040=DIRECTION('Axis2P3D XDirection',(0.,1.,0.)) ;
#15044=DIRECTION('Vector Direction',(0.,1.,0.)) ;
#15053=DIRECTION('Vector Direction',(1.,0.,0.)) ;
#15060=DIRECTION('Vector Direction',(0.,1.,0.)) ;
#15067=DIRECTION('Vector Direction',(1.,0.,0.)) ;
#15079=DIRECTION('Axis2P3D Direction',(0.,1.,0.)) ;
#15080=DIRECTION('Axis2P3D XDirection',(1.,-0.,1.83697019872E-16)) ;
#15084=DIRECTION('Axis2P3D Direction',(0.,1.,0.)) ;
#15091=DIRECTION('Vector Direction',(0.,1.,0.)) ;
#15098=DIRECTION('Axis2P3D Direction',(0.,1.,0.)) ;
#15110=DIRECTION('Axis2P3D Direction',(0.,1.,0.)) ;
#15111=DIRECTION('Axis2P3D XDirection',(1.83697019872E-16,0.,-1.)) ;
#15115=DIRECTION('Axis2P3D Direction',(0.,1.,0.)) ;
#15122=DIRECTION('Axis2P3D Direction',(0.,1.,0.)) ;
#15129=DIRECTION('Vector Direction',(0.,1.,0.)) ;
#15141=DIRECTION('Axis2P3D Direction',(0.,-0.,1.)) ;
#15142=DIRECTION('Axis2P3D XDirection',(0.,1.,0.)) ;
#15146=DIRECTION('Axis2P3D Direction',(0.,-0.,1.)) ;
#15155=DIRECTION('Vector Direction',(0.,1.,0.)) ;
#15162=DIRECTION('Vector Direction',(1.,0.,0.)) ;
#15169=DIRECTION('Vector Direction',(0.,-1.,0.)) ;
#15176=DIRECTION('Axis2P3D Direction',(0.,-0.,1.)) ;
#15183=DIRECTION('Vector Direction',(-1.,0.,0.)) ;
#15197=DIRECTION('Axis2P3D Direction',(-0.,1.,0.)) ;
#15198=DIRECTION('Axis2P3D XDirection',(1.,0.,0.)) ;
#15202=DIRECTION('Vector Direction',(0.,0.,-1.)) ;
#15209=DIRECTION('Axis2P3D Direction',(-0.,1.,0.)) ;
#15216=DIRECTION('Vector Direction',(1.,0.,0.)) ;
#15223=DIRECTION('Axis2P3D Direction',(-0.,1.,0.)) ;
#15230=DIRECTION('Vector Direction',(1.,0.,0.)) ;
#15235=DIRECTION('Vector Direction',(0.,0.,-1.)) ;
#15253=DIRECTION('Axis2P3D Direction',(0.,0.,-1.)) ;
#15254=DIRECTION('Axis2P3D XDirection',(0.,1.,0.)) ;
#15258=DIRECTION('Vector Direction',(0.,1.,0.)) ;
#15265=DIRECTION('Vector Direction',(-1.,0.,0.)) ;
#15276=DIRECTION('Vector Direction',(1.,0.,0.)) ;
#15285=DIRECTION('Axis2P3D Direction',(0.,0.,-1.)) ;
#15292=DIRECTION('Vector Direction',(0.,1.,0.)) ;
#15299=DIRECTION('Axis2P3D Direction',(0.,0.,-1.)) ;
#15306=DIRECTION('Vector Direction',(-1.,0.,0.)) ;
#15313=DIRECTION('Axis2P3D Direction',(0.,0.,-1.)) ;
#15320=DIRECTION('Vector Direction',(0.,-1.,0.)) ;
#15327=DIRECTION('Axis2P3D Direction',(0.,0.,-1.)) ;
#15343=DIRECTION('Axis2P3D Direction',(1.,0.,0.)) ;
#15344=DIRECTION('Axis2P3D XDirection',(0.,-1.,0.)) ;
#15348=DIRECTION('Vector Direction',(0.,0.,-1.)) ;
#15357=DIRECTION('Vector Direction',(0.,-1.,0.)) ;
#15364=DIRECTION('Vector Direction',(0.,0.,-1.)) ;
#15371=DIRECTION('Vector Direction',(0.,-1.,0.)) ;
#15383=DIRECTION('Axis2P3D Direction',(0.,0.,-1.)) ;
#15384=DIRECTION('Axis2P3D XDirection',(1.,0.,0.)) ;
#15388=DIRECTION('Axis2P3D Direction',(0.,0.,-1.)) ;
#15395=DIRECTION('Vector Direction',(0.,0.,-1.)) ;
#15402=DIRECTION('Axis2P3D Direction',(0.,0.,-1.)) ;
#15414=DIRECTION('Axis2P3D Direction',(0.,0.,-1.)) ;
#15415=DIRECTION('Axis2P3D XDirection',(0.,1.,0.)) ;
#15419=DIRECTION('Vector Direction',(0.,0.,-1.)) ;
#15428=DIRECTION('Axis2P3D Direction',(0.,0.,-1.)) ;
#15433=DIRECTION('Axis2P3D Direction',(0.,0.,-1.)) ;
#15445=DIRECTION('Axis2P3D Direction',(-0.,1.,0.)) ;
#15446=DIRECTION('Axis2P3D XDirection',(1.,0.,0.)) ;
#15450=DIRECTION('Vector Direction',(1.,0.,0.)) ;
#15457=DIRECTION('Vector Direction',(1.,0.,0.)) ;
#15464=DIRECTION('Vector Direction',(0.,0.,-1.)) ;
#15476=DIRECTION('Axis2P3D Direction',(0.,0.,-1.)) ;
#15477=DIRECTION('Axis2P3D XDirection',(0.,-1.,0.)) ;
#15481=DIRECTION('Axis2P3D Direction',(0.,0.,-1.)) ;
#15488=DIRECTION('Vector Direction',(0.,0.,-1.)) ;
#15495=DIRECTION('Axis2P3D Direction',(0.,0.,-1.)) ;
#15507=DIRECTION('Axis2P3D Direction',(-1.,0.,0.)) ;
#15508=DIRECTION('Axis2P3D XDirection',(0.,1.,0.)) ;
#15512=DIRECTION('Vector Direction',(0.,1.,0.)) ;
#15519=DIRECTION('Vector Direction',(0.,0.,-1.)) ;
#15526=DIRECTION('Vector Direction',(0.,1.,0.)) ;
#15538=DIRECTION('Axis2P3D Direction',(0.,0.,-1.)) ;
#15539=DIRECTION('Axis2P3D XDirection',(-1.,0.,0.)) ;
#15543=DIRECTION('Axis2P3D Direction',(0.,0.,-1.)) ;
#15550=DIRECTION('Vector Direction',(0.,0.,-1.)) ;
#15557=DIRECTION('Axis2P3D Direction',(0.,0.,-1.)) ;
#15569=DIRECTION('Axis2P3D Direction',(-0.,-1.,-0.)) ;
#15570=DIRECTION('Axis2P3D XDirection',(-1.,0.,0.)) ;
#15574=DIRECTION('Vector Direction',(-1.,0.,0.)) ;
#15579=DIRECTION('Vector Direction',(-1.,0.,0.)) ;
#15591=DIRECTION('Axis2P3D Direction',(-0.,-1.,-0.)) ;
#15592=DIRECTION('Axis2P3D XDirection',(-1.,0.,0.)) ;
#15596=DIRECTION('Axis2P3D Direction',(-0.,-1.,-0.)) ;
#15603=DIRECTION('Vector Direction',(1.,0.,0.)) ;
#15610=DIRECTION('Axis2P3D Direction',(-0.,-1.,-0.)) ;
#15617=DIRECTION('Vector Direction',(0.,0.,-1.)) ;
#15624=DIRECTION('Vector Direction',(1.,0.,0.)) ;
#15631=DIRECTION('Vector Direction',(0.,0.,-1.)) ;
#15649=DIRECTION('Axis2P3D Direction',(0.,-0.,1.)) ;
#15650=DIRECTION('Axis2P3D XDirection',(-1.22464679915E-16,-1.,0.)) ;
#15654=DIRECTION('Axis2P3D Direction',(0.,-0.,1.)) ;
#15663=DIRECTION('Vector Direction',(0.,0.,1.)) ;
#15670=DIRECTION('Axis2P3D Direction',(0.,-0.,1.)) ;
#15677=DIRECTION('Vector Direction',(0.,0.,1.)) ;
#15689=DIRECTION('Axis2P3D Direction',(0.,-0.,1.)) ;
#15694=DIRECTION('Axis2P3D Direction',(0.,-0.,1.)) ;
#15706=DIRECTION('Axis2P3D Direction',(0.,-0.,1.)) ;
#15715=DIRECTION('Vector Direction',(1.,0.,0.)) ;
#15722=DIRECTION('Axis2P3D Direction',(0.,-0.,1.)) ;
#15729=DIRECTION('Vector Direction',(0.,-1.,0.)) ;
#15734=DIRECTION('Vector Direction',(0.,1.,0.)) ;
#15748=DIRECTION('Axis2P3D Direction',(0.,-0.,1.)) ;
#15749=DIRECTION('Axis2P3D XDirection',(0.,1.,0.)) ;
#15763=DIRECTION('Axis2P3D Direction',(0.,-0.,1.)) ;
#15772=DIRECTION('Axis2P3D Direction',(0.,-0.,1.)) ;
#15782=DIRECTION('Axis2P3D Direction',(0.,-0.,1.)) ;
#15783=DIRECTION('Axis2P3D XDirection',(0.,1.,0.)) ;
#15787=DIRECTION('Axis2P3D Direction',(0.,-0.,1.)) ;
#15796=DIRECTION('Axis2P3D Direction',(0.,-0.,1.)) ;
#15810=DIRECTION('Axis2P3D Direction',(0.,-0.,1.)) ;
#15811=DIRECTION('Axis2P3D XDirection',(-1.22464679915E-16,-1.,0.)) ;
#15815=DIRECTION('Vector Direction',(0.,0.,1.)) ;
#15820=DIRECTION('Vector Direction',(0.,0.,1.)) ;
#15839=DIRECTION('Vector Direction',(0.,1.,0.)) ;
#15844=DIRECTION('Vector Direction',(0.,1.,0.)) ;
#15856=DIRECTION('Axis2P3D Direction',(0.,1.,0.)) ;
#15857=DIRECTION('Axis2P3D XDirection',(1.83697019872E-16,0.,-1.)) ;
#15868=DIRECTION('Axis2P3D Direction',(0.,1.,0.)) ;
#15869=DIRECTION('Axis2P3D XDirection',(1.,-0.,1.83697019872E-16)) ;
#15873=DIRECTION('Vector Direction',(0.,1.,0.)) ;
#15885=DIRECTION('Axis2P3D Direction',(1.,0.,0.)) ;
#15886=DIRECTION('Axis2P3D XDirection',(0.,-1.,0.)) ;
#15890=DIRECTION('Vector Direction',(0.,0.,-1.)) ;
#15897=DIRECTION('Vector Direction',(0.,-1.,0.)) ;
#15904=DIRECTION('Vector Direction',(0.,0.,-1.)) ;
#15920=DIRECTION('Axis2P3D Direction',(0.,0.,-1.)) ;
#15921=DIRECTION('Axis2P3D XDirection',(-1.,-1.83697019872E-16,-0.)) ;
#15925=DIRECTION('Axis2P3D Direction',(0.,0.,-1.)) ;
#15932=DIRECTION('Vector Direction',(0.,0.,-1.)) ;
#15944=DIRECTION('Axis2P3D Direction',(0.,0.,-1.)) ;
#15945=DIRECTION('Axis2P3D XDirection',(1.83697019872E-16,-1.,-0.)) ;
#15949=DIRECTION('Vector Direction',(0.,0.,-1.)) ;
#15956=DIRECTION('Axis2P3D Direction',(0.,0.,-1.)) ;
#15968=DIRECTION('Axis2P3D Direction',(-0.,-1.,-0.)) ;
#15969=DIRECTION('Axis2P3D XDirection',(-1.,0.,0.)) ;
#15973=DIRECTION('Vector Direction',(0.,0.,-1.)) ;
#15980=DIRECTION('Vector Direction',(-1.,0.,0.)) ;
#15992=DIRECTION('Axis2P3D Direction',(0.,0.,-1.)) ;
#15993=DIRECTION('Axis2P3D XDirection',(-1.83697019872E-16,1.,-0.)) ;
#15997=DIRECTION('Axis2P3D Direction',(0.,0.,-1.)) ;
#16004=DIRECTION('Vector Direction',(0.,0.,-1.)) ;
#16016=DIRECTION('Axis2P3D Direction',(-0.,1.,0.)) ;
#16017=DIRECTION('Axis2P3D XDirection',(1.,0.,0.)) ;
#16021=DIRECTION('Vector Direction',(0.,0.,-1.)) ;
#16028=DIRECTION('Vector Direction',(1.,0.,0.)) ;
#16040=DIRECTION('Axis2P3D Direction',(0.,0.,-1.)) ;
#16041=DIRECTION('Axis2P3D XDirection',(1.,1.83697019872E-16,0.)) ;
#16045=DIRECTION('Vector Direction',(0.,0.,-1.)) ;
#16052=DIRECTION('Axis2P3D Direction',(0.,0.,-1.)) ;
#16064=DIRECTION('Axis2P3D Direction',(0.,-0.,1.)) ;
#16065=DIRECTION('Axis2P3D XDirection',(0.,1.,0.)) ;
#16069=DIRECTION('Vector Direction',(0.,1.,0.)) ;
#16094=DIRECTION('Vector Direction',(0.,-1.,0.)) ;
#16103=DIRECTION('Axis2P3D Direction',(0.,-0.,1.)) ;
#16110=DIRECTION('Vector Direction',(-1.,0.,0.)) ;
#16117=DIRECTION('Axis2P3D Direction',(0.,-0.,1.)) ;
#16124=DIRECTION('Vector Direction',(0.,1.,0.)) ;
#16131=DIRECTION('Vector Direction',(1.,0.,0.)) ;
#16144=DIRECTION('Vector Direction',(1.,0.,0.)) ;
#16153=DIRECTION('Vector Direction',(0.,1.,0.)) ;
#16160=DIRECTION('Axis2P3D Direction',(0.,-0.,1.)) ;
#16167=DIRECTION('Vector Direction',(-1.,0.,0.)) ;
#16174=DIRECTION('Axis2P3D Direction',(0.,-0.,1.)) ;
#16181=DIRECTION('Vector Direction',(0.,-1.,0.)) ;
#16194=DIRECTION('Axis2P3D Direction',(0.,-0.,1.)) ;
#16203=DIRECTION('Axis2P3D Direction',(0.,-0.,1.)) ;
#16212=DIRECTION('Axis2P3D Direction',(0.,-0.,1.)) ;
#16221=DIRECTION('Axis2P3D Direction',(0.,-0.,1.)) ;
#16231=DIRECTION('Axis2P3D Direction',(-1.,0.,0.)) ;
#16232=DIRECTION('Axis2P3D XDirection',(0.,1.,0.)) ;
#16247=DIRECTION('Axis2P3D Direction',(-1.,0.,0.)) ;
#16248=DIRECTION('Axis2P3D XDirection',(0.,1.,0.)) ;
#16252=DIRECTION('Vector Direction',(0.,0.,-1.)) ;
#16259=DIRECTION('Vector Direction',(0.,1.,0.)) ;
#16266=DIRECTION('Vector Direction',(0.,0.,-1.)) ;
#16278=DIRECTION('Axis2P3D Direction',(0.,0.,-1.)) ;
#16279=DIRECTION('Axis2P3D XDirection',(1.,1.83697019872E-16,0.)) ;
#16283=DIRECTION('Vector Direction',(0.,0.,-1.)) ;
#16290=DIRECTION('Axis2P3D Direction',(0.,0.,-1.)) ;
#16302=DIRECTION('Axis2P3D Direction',(0.,0.,-1.)) ;
#16303=DIRECTION('Axis2P3D XDirection',(-1.83697019872E-16,1.,-0.)) ;
#16307=DIRECTION('Axis2P3D Direction',(0.,0.,-1.)) ;
#16314=DIRECTION('Vector Direction',(0.,0.,-1.)) ;
#16326=DIRECTION('Axis2P3D Direction',(-0.,1.,0.)) ;
#16327=DIRECTION('Axis2P3D XDirection',(1.,0.,0.)) ;
#16331=DIRECTION('Vector Direction',(0.,0.,-1.)) ;
#16338=DIRECTION('Vector Direction',(1.,0.,0.)) ;
#16350=DIRECTION('Axis2P3D Direction',(0.,0.,-1.)) ;
#16351=DIRECTION('Axis2P3D XDirection',(1.83697019872E-16,-1.,-0.)) ;
#16355=DIRECTION('Vector Direction',(0.,0.,-1.)) ;
#16362=DIRECTION('Axis2P3D Direction',(0.,0.,-1.)) ;
#16374=DIRECTION('Axis2P3D Direction',(1.,0.,0.)) ;
#16375=DIRECTION('Axis2P3D XDirection',(0.,-1.,0.)) ;
#16379=DIRECTION('Vector Direction',(0.,0.,-1.)) ;
#16386=DIRECTION('Vector Direction',(0.,-1.,0.)) ;
#16398=DIRECTION('Axis2P3D Direction',(0.,0.,-1.)) ;
#16399=DIRECTION('Axis2P3D XDirection',(-1.,-1.83697019872E-16,-0.)) ;
#16403=DIRECTION('Vector Direction',(0.,0.,-1.)) ;
#16410=DIRECTION('Axis2P3D Direction',(0.,0.,-1.)) ;
#16422=DIRECTION('Axis2P3D Direction',(-0.,-1.,-0.)) ;
#16423=DIRECTION('Axis2P3D XDirection',(-1.,0.,0.)) ;
#16427=DIRECTION('Vector Direction',(-1.,0.,0.)) ;
#16439=DIRECTION('Axis2P3D Direction',(0.,0.,-1.)) ;
#16440=DIRECTION('Axis2P3D XDirection',(0.,1.,0.)) ;
#16454=DIRECTION('Axis2P3D Direction',(0.,0.,-1.)) ;
#16463=DIRECTION('Axis2P3D Direction',(0.,0.,-1.)) ;
#16473=DIRECTION('Axis2P3D Direction',(0.,0.,-1.)) ;
#16474=DIRECTION('Axis2P3D XDirection',(0.,1.,0.)) ;
#16525=DIRECTION('Axis2P3D Direction',(0.,-0.,1.)) ;
#16526=DIRECTION('Axis2P3D XDirection',(-1.22464679915E-16,-1.,0.)) ;
#16530=DIRECTION('Vector Direction',(0.,0.,1.)) ;
#16535=DIRECTION('Vector Direction',(0.,0.,1.)) ;
#16554=DIRECTION('Axis2P3D Direction',(-1.,0.,0.)) ;
#16555=DIRECTION('Axis2P3D XDirection',(0.,1.,0.)) ;
#16559=DIRECTION('Vector Direction',(0.,0.,-1.)) ;
#16566=DIRECTION('Vector Direction',(0.,1.,0.)) ;
#16573=DIRECTION('Vector Direction',(0.,0.,-1.)) ;
#16585=DIRECTION('Axis2P3D Direction',(0.,0.,-1.)) ;
#16586=DIRECTION('Axis2P3D XDirection',(1.83697019872E-16,-1.,-0.)) ;
#16590=DIRECTION('Vector Direction',(0.,0.,-1.)) ;
#16597=DIRECTION('Axis2P3D Direction',(0.,0.,-1.)) ;
#16609=DIRECTION('Axis2P3D Direction',(-0.,-1.,-0.)) ;
#16610=DIRECTION('Axis2P3D XDirection',(-1.,0.,0.)) ;
#16614=DIRECTION('Vector Direction',(0.,0.,-1.)) ;
#16621=DIRECTION('Vector Direction',(-1.,0.,0.)) ;
#16633=DIRECTION('Axis2P3D Direction',(0.,0.,-1.)) ;
#16634=DIRECTION('Axis2P3D XDirection',(1.,1.83697019872E-16,0.)) ;
#16638=DIRECTION('Vector Direction',(0.,0.,-1.)) ;
#16645=DIRECTION('Axis2P3D Direction',(0.,0.,-1.)) ;
#16657=DIRECTION('Axis2P3D Direction',(1.,0.,0.)) ;
#16658=DIRECTION('Axis2P3D XDirection',(0.,-1.,0.)) ;
#16662=DIRECTION('Vector Direction',(0.,0.,-1.)) ;
#16669=DIRECTION('Vector Direction',(0.,-1.,0.)) ;
#16681=DIRECTION('Axis2P3D Direction',(-0.,1.,0.)) ;
#16682=DIRECTION('Axis2P3D XDirection',(1.,0.,0.)) ;
#16686=DIRECTION('Vector Direction',(1.,0.,0.)) ;
#16698=DIRECTION('Axis2P3D Direction',(0.,-0.,1.)) ;
#16699=DIRECTION('Axis2P3D XDirection',(0.,1.,0.)) ;
#16712=DIRECTION('Vector Direction',(0.,0.,-1.)) ;
#16719=DIRECTION('Vector Direction',(0.,1.,0.)) ;
#16726=DIRECTION('Vector Direction',(0.,0.,-1.)) ;
#16738=DIRECTION('Axis2P3D Direction',(0.,0.,1.)) ;
#16739=DIRECTION('Axis2P3D XDirection',(1.83697019872E-16,1.,-0.)) ;
#16743=DIRECTION('Axis2P3D Direction',(0.,0.,1.)) ;
#16750=DIRECTION('Vector Direction',(0.,0.,1.)) ;
#16762=DIRECTION('Axis2P3D Direction',(-0.,-1.,-0.)) ;
#16763=DIRECTION('Axis2P3D XDirection',(-1.,0.,0.)) ;
#16767=DIRECTION('Vector Direction',(-1.,0.,0.)) ;
#16774=DIRECTION('Vector Direction',(0.,0.,-1.)) ;
#16786=DIRECTION('Axis2P3D Direction',(-0.,0.,1.)) ;
#16787=DIRECTION('Axis2P3D XDirection',(1.,-1.83697019872E-16,0.)) ;
#16791=DIRECTION('Axis2P3D Direction',(-0.,0.,1.)) ;
#16798=DIRECTION('Vector Direction',(0.,0.,1.)) ;
#16810=DIRECTION('Vector Direction',(0.,-1.,0.)) ;
#16817=DIRECTION('Vector Direction',(0.,0.,-1.)) ;
#16829=DIRECTION('Axis2P3D Direction',(-0.,1.,0.)) ;
#16830=DIRECTION('Axis2P3D XDirection',(1.,0.,0.)) ;
#16834=DIRECTION('Vector Direction',(1.,0.,0.)) ;
#16855=DIRECTION('Axis2P3D Direction',(0.,-0.,1.)) ;
#16856=DIRECTION('Axis2P3D XDirection',(0.,1.,0.)) ;
#16860=DIRECTION('Vector Direction',(0.,0.,1.)) ;
#16867=DIRECTION('Vector Direction',(0.,0.,1.)) ;
#16874=DIRECTION('Axis2P3D Direction',(0.,-0.,1.)) ;
#16886=DIRECTION('Axis2P3D Direction',(0.,-0.,1.)) ;
#16898=DIRECTION('Axis2P3D Direction',(0.,-0.,1.)) ;
#16899=DIRECTION('Axis2P3D XDirection',(0.,1.,0.)) ;
#16908=DIRECTION('Axis2P3D Direction',(0.,-0.,1.)) ;
#16909=DIRECTION('Axis2P3D XDirection',(0.,1.,0.)) ;
#16913=DIRECTION('Vector Direction',(0.,0.,1.)) ;
#16920=DIRECTION('Vector Direction',(0.,0.,1.)) ;
#16927=DIRECTION('Axis2P3D Direction',(0.,-0.,1.)) ;
#16939=DIRECTION('Axis2P3D Direction',(0.,-0.,1.)) ;
#16966=DIRECTION('NONE',(1.,0.,0.)) ;
#16967=DIRECTION('NONE',(0.,0.,1.)) ;
#16968=DIRECTION('NONE',(1.,-1.22464679915E-16,0.)) ;
#16969=DIRECTION('NONE',(0.,0.,1.)) ;
#16990=DIRECTION('Axis2P3D Direction',(0.,0.,1.)) ;
#16991=DIRECTION('Axis2P3D XDirection',(-1.07187543957E-15,-1.,0.)) ;
#16995=DIRECTION('Vector Direction',(5.31644212394E-17,0.173648177667,0.984807753012)) ;
#17004=DIRECTION('Axis2P3D Direction',(0.,0.,1.)) ;
#17011=DIRECTION('Vector Direction',(-1.86129216768E-16,-0.173648177667,0.984807753012)) ;
#17018=DIRECTION('Axis2P3D Direction',(0.,0.,1.)) ;
#17030=DIRECTION('Axis2P3D Direction',(0.,0.,1.)) ;
#17035=DIRECTION('Axis2P3D Direction',(0.,0.,1.)) ;
#17047=DIRECTION('Axis2P3D Direction',(0.,0.,1.)) ;
#17048=DIRECTION('Axis2P3D XDirection',(1.,0.,0.)) ;
#17056=DIRECTION('Axis2P3D Direction',(0.,0.,1.)) ;
#17065=DIRECTION('Axis2P3D Direction',(0.,0.,1.)) ;
#17075=DIRECTION('Axis2P3D Direction',(0.,0.,1.)) ;
#17076=DIRECTION('Axis2P3D XDirection',(1.,0.,0.)) ;
#17080=DIRECTION('Axis2P3D Direction',(0.,0.,1.)) ;
#17089=DIRECTION('Axis2P3D Direction',(0.,0.,1.)) ;
#17103=DIRECTION('Axis2P3D Direction',(0.,0.,1.)) ;
#17104=DIRECTION('Axis2P3D XDirection',(-1.83697019872E-16,-1.,-0.)) ;
#17108=DIRECTION('Vector Direction',(0.,0.,1.)) ;
#17115=DIRECTION('Vector Direction',(0.,0.,1.)) ;
#17122=DIRECTION('Axis2P3D Direction',(0.,0.,1.)) ;
#17134=DIRECTION('Axis2P3D Direction',(0.,0.,1.)) ;
#17146=DIRECTION('Axis2P3D Direction',(0.,0.,1.)) ;
#17147=DIRECTION('Axis2P3D XDirection',(1.,0.,0.)) ;
#17155=DIRECTION('Axis2P3D Direction',(0.,0.,1.)) ;
#17164=DIRECTION('Axis2P3D Direction',(0.,0.,1.)) ;
#17174=DIRECTION('Axis2P3D Direction',(0.,0.,1.)) ;
#17175=DIRECTION('Axis2P3D XDirection',(-1.83697019872E-16,-1.,-0.)) ;
#17179=DIRECTION('Vector Direction',(0.,0.,1.)) ;
#17186=DIRECTION('Vector Direction',(0.,0.,1.)) ;
#17193=DIRECTION('Axis2P3D Direction',(0.,0.,1.)) ;
#17205=DIRECTION('Axis2P3D Direction',(0.,0.,1.)) ;
#17217=DIRECTION('Axis2P3D Direction',(0.,0.,1.)) ;
#17218=DIRECTION('Axis2P3D XDirection',(-1.83697019872E-16,-1.,0.)) ;
#17222=DIRECTION('Axis2P3D Direction',(1.,5.82016719913E-16,-0.)) ;
#17231=DIRECTION('Axis2P3D Direction',(0.,0.,1.)) ;
#17238=DIRECTION('Axis2P3D Direction',(-1.,1.83697019872E-16,0.)) ;
#17245=DIRECTION('Axis2P3D Direction',(0.,0.,1.)) ;
#17257=DIRECTION('Axis2P3D Direction',(0.,0.,1.)) ;
#17262=DIRECTION('Axis2P3D Direction',(0.,0.,1.)) ;
#17274=DIRECTION('Axis2P3D Direction',(0.,0.,1.)) ;
#17275=DIRECTION('Axis2P3D XDirection',(1.,0.,0.)) ;
#17283=DIRECTION('Axis2P3D Direction',(0.,0.,1.)) ;
#17292=DIRECTION('Axis2P3D Direction',(0.,0.,1.)) ;
#17302=DIRECTION('Axis2P3D Direction',(0.,0.,1.)) ;
#17311=DIRECTION('Axis2P3D Direction',(0.,0.,1.)) ;
#17325=DIRECTION('Axis2P3D Direction',(0.,-0.,1.)) ;
#17326=DIRECTION('Axis2P3D XDirection',(3.33066907388E-16,1.,0.)) ;
#17330=DIRECTION('Axis2P3D Direction',(0.,-0.,1.)) ;
#17339=DIRECTION('Axis2P3D Direction',(1.,3.33066907388E-16,0.)) ;
#17344=DIRECTION('Axis2P3D Direction',(-1.,5.55111512313E-17,0.)) ;
#17356=DIRECTION('Axis2P3D Direction',(0.,0.,1.)) ;
#17357=DIRECTION('Axis2P3D XDirection',(-4.99600361081E-16,-1.,0.)) ;
#17361=DIRECTION('Axis2P3D Direction',(0.,0.,1.)) ;
#17373=DIRECTION('Axis2P3D Direction',(0.,0.,1.)) ;
#17374=DIRECTION('Axis2P3D XDirection',(-1.83697019872E-16,-1.,-0.)) ;
#17378=DIRECTION('Vector Direction',(0.,0.,1.)) ;
#17385=DIRECTION('Vector Direction',(0.,0.,1.)) ;
#17392=DIRECTION('Axis2P3D Direction',(0.,0.,1.)) ;
#17404=DIRECTION('Axis2P3D Direction',(0.,0.,1.)) ;
#17416=DIRECTION('Axis2P3D Direction',(0.,0.,1.)) ;
#17417=DIRECTION('Axis2P3D XDirection',(-1.83697019872E-16,-1.,-0.)) ;
#17421=DIRECTION('Vector Direction',(0.,0.,1.)) ;
#17428=DIRECTION('Axis2P3D Direction',(0.,0.,1.)) ;
#17435=DIRECTION('Vector Direction',(0.,0.,1.)) ;
#17447=DIRECTION('Axis2P3D Direction',(0.,0.,1.)) ;
#17459=DIRECTION('Axis2P3D Direction',(0.,0.,1.)) ;
#17460=DIRECTION('Axis2P3D XDirection',(1.,0.,0.)) ;
#17464=DIRECTION('Axis2P3D Direction',(0.,0.,1.)) ;
#17473=DIRECTION('Axis2P3D Direction',(0.,0.,1.)) ;
#17487=DIRECTION('Axis2P3D Direction',(0.,0.,1.)) ;
#17488=DIRECTION('Axis2P3D XDirection',(1.,0.,0.)) ;
#17501=DIRECTION('Axis2P3D Direction',(0.,0.,1.)) ;
#17502=DIRECTION('Axis2P3D XDirection',(-9.86864910778E-17,-1.,0.)) ;
#17506=DIRECTION('Axis2P3D Direction',(-1.,9.43689570931E-16,0.)) ;
#17513=DIRECTION('Axis2P3D Direction',(0.,0.,1.)) ;
#17520=DIRECTION('Axis2P3D Direction',(1.,-2.77555756156E-16,0.)) ;
#17532=DIRECTION('Axis2P3D Direction',(0.,-0.,1.)) ;
#17533=DIRECTION('Axis2P3D XDirection',(-1.92438657602E-15,1.,0.)) ;
#17537=DIRECTION('Axis2P3D Direction',(0.,-0.,1.)) ;
#17549=DIRECTION('Axis2P3D Direction',(0.,0.,1.)) ;
#17550=DIRECTION('Axis2P3D XDirection',(-1.83697019872E-16,-1.,-0.)) ;
#17554=DIRECTION('Vector Direction',(0.,0.,1.)) ;
#17561=DIRECTION('Axis2P3D Direction',(0.,0.,1.)) ;
#17568=DIRECTION('Vector Direction',(0.,0.,1.)) ;
#17580=DIRECTION('Axis2P3D Direction',(0.,0.,1.)) ;
#17592=DIRECTION('Axis2P3D Direction',(0.,0.,1.)) ;
#17593=DIRECTION('Axis2P3D XDirection',(1.,0.,0.)) ;
#17601=DIRECTION('Axis2P3D Direction',(0.,0.,1.)) ;
#17610=DIRECTION('Axis2P3D Direction',(0.,0.,1.)) ;
#17620=DIRECTION('Axis2P3D Direction',(-0.,-0.,-1.)) ;
#17621=DIRECTION('Axis2P3D XDirection',(6.12323399574E-17,-1.,0.)) ;
#17625=DIRECTION('Vector Direction',(-1.29893408435E-16,0.707106781187,-0.707106781187)) ;
#17632=DIRECTION('Vector Direction',(2.16489014059E-16,-0.707106781187,-0.707106781187)) ;
#17639=DIRECTION('Axis2P3D Direction',(0.,0.,-1.)) ;
#17651=DIRECTION('Axis2P3D Direction',(0.,0.,-1.)) ;
#17663=DIRECTION('Axis2P3D Direction',(0.,0.,1.)) ;
#17664=DIRECTION('Axis2P3D XDirection',(-1.83697019872E-16,-1.,-0.)) ;
#17668=DIRECTION('Vector Direction',(0.,0.,1.)) ;
#17673=DIRECTION('Vector Direction',(0.,0.,1.)) ;
#17702=DIRECTION('NONE',(1.,0.,0.)) ;
#17703=DIRECTION('NONE',(0.,0.,1.)) ;
#17704=DIRECTION('NONE',(1.,0.,0.)) ;
#17705=DIRECTION('NONE',(0.,0.,1.)) ;
#17715=DIRECTION('NONE',(1.,0.,0.)) ;
#17716=DIRECTION('NONE',(0.,0.,1.)) ;
#17717=DIRECTION('NONE',(1.,0.,0.)) ;
#17718=DIRECTION('NONE',(0.,0.,1.)) ;
#17728=DIRECTION('NONE',(1.,0.,0.)) ;
#17729=DIRECTION('NONE',(0.,0.,1.)) ;
#17730=DIRECTION('NONE',(1.,0.,0.)) ;
#17731=DIRECTION('NONE',(0.,0.,1.)) ;
#17741=DIRECTION('NONE',(1.,0.,0.)) ;
#17742=DIRECTION('NONE',(0.,0.,1.)) ;
#17743=DIRECTION('NONE',(1.,0.,0.)) ;
#17744=DIRECTION('NONE',(0.,0.,-1.)) ;
#37=CARTESIAN_POINT('NONE',(0.,0.,0.)) ;
#38=CARTESIAN_POINT('NONE',(0.,0.,0.)) ;
#69=CARTESIAN_POINT('Axis2P3D Location',(0.5,-39.,0.)) ;
#74=CARTESIAN_POINT('Line Origine',(0.5,-39.,-0.1)) ;
#78=CARTESIAN_POINT('Vertex',(0.5,-39.,0.)) ;
#80=CARTESIAN_POINT('Vertex',(0.5,-39.,-0.2)) ;
#83=CARTESIAN_POINT('Line Origine',(0.5,-38.5,0.)) ;
#87=CARTESIAN_POINT('Vertex',(0.5,-38.,0.)) ;
#90=CARTESIAN_POINT('Line Origine',(0.5,-38.,-0.1)) ;
#94=CARTESIAN_POINT('Vertex',(0.5,-38.,-0.2)) ;
#97=CARTESIAN_POINT('Line Origine',(0.5,-38.5,-0.2)) ;
#109=CARTESIAN_POINT('Axis2P3D Location',(-0.5,-39.,0.)) ;
#114=CARTESIAN_POINT('Line Origine',(-0.5,-39.,-0.1)) ;
#118=CARTESIAN_POINT('Vertex',(-0.5,-39.,0.)) ;
#120=CARTESIAN_POINT('Vertex',(-0.5,-39.,-0.2)) ;
#123=CARTESIAN_POINT('Line Origine',(-1.7763568394E-15,-39.,0.)) ;
#128=CARTESIAN_POINT('Line Origine',(-1.7763568394E-15,-39.,-0.2)) ;
#140=CARTESIAN_POINT('Axis2P3D Location',(0.5,-38.,0.)) ;
#145=CARTESIAN_POINT('Line Origine',(1.,-38.,0.)) ;
#149=CARTESIAN_POINT('Vertex',(1.5,-38.,0.)) ;
#152=CARTESIAN_POINT('Line Origine',(1.5,-38.,-0.1)) ;
#156=CARTESIAN_POINT('Vertex',(1.5,-38.,-0.2)) ;
#159=CARTESIAN_POINT('Line Origine',(1.,-38.,-0.2)) ;
#171=CARTESIAN_POINT('Axis2P3D Location',(0.,0.,-0.2)) ;
#176=CARTESIAN_POINT('Line Origine',(1.5,-37.5,-0.2)) ;
#180=CARTESIAN_POINT('Vertex',(1.5,-37.,-0.2)) ;
#183=CARTESIAN_POINT('Line Origine',(1.,-37.,-0.2)) ;
#187=CARTESIAN_POINT('Vertex',(0.5,-37.,-0.2)) ;
#190=CARTESIAN_POINT('Line Origine',(0.5,-36.5,-0.2)) ;
#194=CARTESIAN_POINT('Vertex',(0.5,-36.,-0.2)) ;
#197=CARTESIAN_POINT('Line Origine',(-1.7763568394E-15,-36.,-0.2)) ;
#201=CARTESIAN_POINT('Vertex',(-0.5,-36.,-0.2)) ;
#204=CARTESIAN_POINT('Line Origine',(-0.5,-36.5,-0.2)) ;
#208=CARTESIAN_POINT('Vertex',(-0.5,-37.,-0.2)) ;
#211=CARTESIAN_POINT('Line Origine',(-1.,-37.,-0.2)) ;
#215=CARTESIAN_POINT('Vertex',(-1.5,-37.,-0.2)) ;
#218=CARTESIAN_POINT('Line Origine',(-1.5,-37.5,-0.2)) ;
#222=CARTESIAN_POINT('Vertex',(-1.5,-38.,-0.2)) ;
#225=CARTESIAN_POINT('Line Origine',(-1.,-38.,-0.2)) ;
#229=CARTESIAN_POINT('Vertex',(-0.5,-38.,-0.2)) ;
#232=CARTESIAN_POINT('Line Origine',(-0.5,-38.5,-0.2)) ;
#252=CARTESIAN_POINT('Axis2P3D Location',(-0.5,-37.,0.)) ;
#257=CARTESIAN_POINT('Line Origine',(-0.5,-38.,-0.1)) ;
#261=CARTESIAN_POINT('Vertex',(-0.5,-38.,0.)) ;
#264=CARTESIAN_POINT('Line Origine',(-0.5,-38.5,0.)) ;
#276=CARTESIAN_POINT('Axis2P3D Location',(1.5,-38.,0.)) ;
#281=CARTESIAN_POINT('Line Origine',(1.5,-37.5,0.)) ;
#285=CARTESIAN_POINT('Vertex',(1.5,-37.,0.)) ;
#288=CARTESIAN_POINT('Line Origine',(1.5,-37.,-0.1)) ;
#300=CARTESIAN_POINT('Axis2P3D Location',(0.5,-37.,0.)) ;
#305=CARTESIAN_POINT('Line Origine',(1.,-37.,0.)) ;
#309=CARTESIAN_POINT('Vertex',(0.5,-37.,0.)) ;
#312=CARTESIAN_POINT('Line Origine',(0.5,-37.,-0.1)) ;
#324=CARTESIAN_POINT('Line Origine',(0.5,-36.5,0.)) ;
#328=CARTESIAN_POINT('Vertex',(0.5,-36.,0.)) ;
#331=CARTESIAN_POINT('Line Origine',(0.5,-36.,-0.1)) ;
#343=CARTESIAN_POINT('Axis2P3D Location',(0.5,-36.,0.)) ;
#348=CARTESIAN_POINT('Line Origine',(-1.7763568394E-15,-36.,0.)) ;
#352=CARTESIAN_POINT('Vertex',(-0.5,-36.,0.)) ;
#355=CARTESIAN_POINT('Line Origine',(-0.5,-36.,-0.1)) ;
#367=CARTESIAN_POINT('Line Origine',(-0.5,-36.5,0.)) ;
#371=CARTESIAN_POINT('Vertex',(-0.5,-37.,0.)) ;
#374=CARTESIAN_POINT('Line Origine',(-0.5,-37.,-0.1)) ;
#386=CARTESIAN_POINT('Line Origine',(-1.,-37.,0.)) ;
#390=CARTESIAN_POINT('Vertex',(-1.5,-37.,0.)) ;
#393=CARTESIAN_POINT('Line Origine',(-1.5,-37.,-0.1)) ;
#405=CARTESIAN_POINT('Axis2P3D Location',(-1.5,-37.,0.)) ;
#410=CARTESIAN_POINT('Line Origine',(-1.5,-37.5,0.)) ;
#414=CARTESIAN_POINT('Vertex',(-1.5,-38.,0.)) ;
#417=CARTESIAN_POINT('Line Origine',(-1.5,-38.,-0.1)) ;
#429=CARTESIAN_POINT('Line Origine',(-1.,-38.,0.)) ;
#441=CARTESIAN_POINT('Axis2P3D Location',(0.,0.,0.)) ;
#446=CARTESIAN_POINT('Line Origine',(-23.565,1.42108547152E-14,0.)) ;
#450=CARTESIAN_POINT('Vertex',(-23.565,60.57,0.)) ;
#452=CARTESIAN_POINT('Vertex',(-23.565,-60.57,0.)) ;
#455=CARTESIAN_POINT('Axis2P3D Location',(-21.865,-60.57,0.)) ;
#459=CARTESIAN_POINT('Vertex',(-21.865,-62.27,0.)) ;
#462=CARTESIAN_POINT('Line Origine',(0.,-62.27,0.)) ;
#466=CARTESIAN_POINT('Vertex',(21.865,-62.27,0.)) ;
#469=CARTESIAN_POINT('Axis2P3D Location',(21.865,-60.57,0.)) ;
#473=CARTESIAN_POINT('Vertex',(23.565,-60.57,0.)) ;
#476=CARTESIAN_POINT('Line Origine',(23.565,-7.1054273576E-15,0.)) ;
#480=CARTESIAN_POINT('Vertex',(23.565,60.57,0.)) ;
#483=CARTESIAN_POINT('Axis2P3D Location',(21.865,60.57,0.)) ;
#487=CARTESIAN_POINT('Vertex',(21.865,62.27,0.)) ;
#490=CARTESIAN_POINT('Line Origine',(-7.1054273576E-15,62.27,0.)) ;
#494=CARTESIAN_POINT('Vertex',(-21.865,62.27,0.)) ;
#497=CARTESIAN_POINT('Axis2P3D Location',(-21.865,60.57,0.)) ;
#526=CARTESIAN_POINT('Axis2P3D Location',(1.2,21.,0.)) ;
#530=CARTESIAN_POINT('Vertex',(1.,21.,0.)) ;
#532=CARTESIAN_POINT('Vertex',(1.2,21.2,0.)) ;
#535=CARTESIAN_POINT('Line Origine',(3.35,21.2,0.)) ;
#539=CARTESIAN_POINT('Vertex',(5.5,21.2,0.)) ;
#542=CARTESIAN_POINT('Axis2P3D Location',(5.5,18.,0.)) ;
#546=CARTESIAN_POINT('Vertex',(8.7,18.,0.)) ;
#549=CARTESIAN_POINT('Line Origine',(8.7,-7.1054273576E-15,0.)) ;
#553=CARTESIAN_POINT('Vertex',(8.7,-18.,0.)) ;
#556=CARTESIAN_POINT('Axis2P3D Location',(5.5,-18.,0.)) ;
#560=CARTESIAN_POINT('Vertex',(5.5,-21.2,0.)) ;
#563=CARTESIAN_POINT('Line Origine',(3.35,-21.2,0.)) ;
#567=CARTESIAN_POINT('Vertex',(1.2,-21.2,0.)) ;
#570=CARTESIAN_POINT('Axis2P3D Location',(1.2,-21.,0.)) ;
#574=CARTESIAN_POINT('Vertex',(1.,-21.,0.)) ;
#577=CARTESIAN_POINT('Line Origine',(1.,-20.5,0.)) ;
#581=CARTESIAN_POINT('Vertex',(1.,-20.,0.)) ;
#584=CARTESIAN_POINT('Axis2P3D Location',(0.8,-20.,0.)) ;
#588=CARTESIAN_POINT('Vertex',(0.8,-19.8,0.)) ;
#591=CARTESIAN_POINT('Line Origine',(0.,-19.8,0.)) ;
#595=CARTESIAN_POINT('Vertex',(-0.8,-19.8,0.)) ;
#598=CARTESIAN_POINT('Axis2P3D Location',(-0.8,-20.,0.)) ;
#602=CARTESIAN_POINT('Vertex',(-1.,-20.,0.)) ;
#605=CARTESIAN_POINT('Line Origine',(-1.,-20.5,0.)) ;
#609=CARTESIAN_POINT('Vertex',(-1.,-21.,0.)) ;
#612=CARTESIAN_POINT('Axis2P3D Location',(-1.2,-21.,0.)) ;
#616=CARTESIAN_POINT('Vertex',(-1.2,-21.2,0.)) ;
#619=CARTESIAN_POINT('Line Origine',(-3.35,-21.2,0.)) ;
#623=CARTESIAN_POINT('Vertex',(-5.5,-21.2,0.)) ;
#626=CARTESIAN_POINT('Axis2P3D Location',(-5.5,-18.,0.)) ;
#630=CARTESIAN_POINT('Vertex',(-8.7,-18.,0.)) ;
#633=CARTESIAN_POINT('Line Origine',(-8.7,-7.1054273576E-15,0.)) ;
#637=CARTESIAN_POINT('Vertex',(-8.7,18.,0.)) ;
#640=CARTESIAN_POINT('Axis2P3D Location',(-5.5,18.,0.)) ;
#644=CARTESIAN_POINT('Vertex',(-5.5,21.2,0.)) ;
#647=CARTESIAN_POINT('Line Origine',(-3.35,21.2,0.)) ;
#651=CARTESIAN_POINT('Vertex',(-1.2,21.2,0.)) ;
#654=CARTESIAN_POINT('Axis2P3D Location',(-1.2,21.,0.)) ;
#658=CARTESIAN_POINT('Vertex',(-1.,21.,0.)) ;
#661=CARTESIAN_POINT('Line Origine',(-1.,20.5,0.)) ;
#665=CARTESIAN_POINT('Vertex',(-1.,20.,0.)) ;
#668=CARTESIAN_POINT('Axis2P3D Location',(-0.8,20.,0.)) ;
#672=CARTESIAN_POINT('Vertex',(-0.8,19.8,0.)) ;
#675=CARTESIAN_POINT('Line Origine',(1.11022302463E-16,19.8,0.)) ;
#679=CARTESIAN_POINT('Vertex',(0.8,19.8,0.)) ;
#682=CARTESIAN_POINT('Axis2P3D Location',(0.8,20.,0.)) ;
#686=CARTESIAN_POINT('Vertex',(1.,20.,0.)) ;
#689=CARTESIAN_POINT('Line Origine',(1.,20.5,0.)) ;
#720=CARTESIAN_POINT('Axis2P3D Location',(0.,40.,0.)) ;
#724=CARTESIAN_POINT('Vertex',(1.53080849893E-15,45.,1.55431223448E-15)) ;
#726=CARTESIAN_POINT('Vertex',(-9.18485099361E-16,35.,1.55431223448E-15)) ;
#729=CARTESIAN_POINT('Axis2P3D Location',(0.,40.,0.)) ;
#739=CARTESIAN_POINT('Axis2P3D Location',(1.55431223448E-15,40.,-2.7)) ;
#744=CARTESIAN_POINT('Line Origine',(-5.64907169989E-18,38.4,-1.1)) ;
#748=CARTESIAN_POINT('Vertex',(-1.28515509611E-15,38.3,-1.)) ;
#750=CARTESIAN_POINT('Vertex',(1.79151017923E-15,38.5,-1.2)) ;
#753=CARTESIAN_POINT('Axis2P3D Location',(-1.11022302463E-16,40.,-1.2)) ;
#757=CARTESIAN_POINT('Vertex',(-2.75545529808E-16,41.5,-1.2)) ;
#760=CARTESIAN_POINT('Line Origine',(-8.29434573085E-16,41.6,-1.1)) ;
#764=CARTESIAN_POINT('Vertex',(-6.08011606045E-16,41.7,-1.)) ;
#767=CARTESIAN_POINT('Axis2P3D Location',(-3.33066907388E-16,40.,-1.)) ;
#779=CARTESIAN_POINT('Axis2P3D Location',(-2.10942374679E-15,40.,-2.7)) ;
#784=CARTESIAN_POINT('Axis2P3D Location',(-4.4408920985E-16,40.,-1.2)) ;
#789=CARTESIAN_POINT('Axis2P3D Location',(-2.22044604925E-16,40.,-1.)) ;
#801=CARTESIAN_POINT('Axis2P3D Location',(0.,35.4,-1.)) ;
#806=CARTESIAN_POINT('Axis2P3D Location',(0.,40.,-1.)) ;
#810=CARTESIAN_POINT('Vertex',(-1.97168134663E-15,35.4,-1.)) ;
#812=CARTESIAN_POINT('Vertex',(1.40834381902E-15,44.6,-1.)) ;
#815=CARTESIAN_POINT('Axis2P3D Location',(0.,40.,-1.)) ;
#829=CARTESIAN_POINT('Axis2P3D Location',(0.,40.,-1.25)) ;
#834=CARTESIAN_POINT('Line Origine',(-2.75545529808E-16,41.5,-1.75)) ;
#838=CARTESIAN_POINT('Vertex',(-2.75545529808E-16,41.5,-2.5)) ;
#841=CARTESIAN_POINT('Axis2P3D Location',(0.,40.,-2.5)) ;
#845=CARTESIAN_POINT('Vertex',(9.18485099361E-17,38.5,-2.5)) ;
#848=CARTESIAN_POINT('Line Origine',(1.79151017923E-15,38.5,-1.75)) ;
#860=CARTESIAN_POINT('Axis2P3D Location',(0.,40.,-2.5)) ;
#872=CARTESIAN_POINT('Axis2P3D Location',(-21.865,-60.57,-3.4)) ;
#877=CARTESIAN_POINT('Line Origine',(-23.415,-60.57,-1.85)) ;
#881=CARTESIAN_POINT('Vertex',(-23.565,-60.57,-1.7)) ;
#883=CARTESIAN_POINT('Vertex',(-23.265,-60.57,-2.)) ;
#886=CARTESIAN_POINT('Axis2P3D Location',(-21.865,-60.57,-2.)) ;
#890=CARTESIAN_POINT('Vertex',(-21.865,-61.97,-2.)) ;
#893=CARTESIAN_POINT('Line Origine',(-21.865,-62.12,-1.85)) ;
#897=CARTESIAN_POINT('Vertex',(-21.865,-62.27,-1.7)) ;
#900=CARTESIAN_POINT('Axis2P3D Location',(-21.865,-60.57,-1.7)) ;
#912=CARTESIAN_POINT('Axis2P3D Location',(-23.265,0.,-2.)) ;
#917=CARTESIAN_POINT('Line Origine',(-23.415,60.57,-1.85)) ;
#921=CARTESIAN_POINT('Vertex',(-23.565,60.57,-1.7)) ;
#923=CARTESIAN_POINT('Vertex',(-23.265,60.57,-2.)) ;
#926=CARTESIAN_POINT('Line Origine',(-23.265,0.,-2.)) ;
#931=CARTESIAN_POINT('Line Origine',(-23.565,0.,-1.7)) ;
#943=CARTESIAN_POINT('Axis2P3D Location',(-21.865,60.57,-3.4)) ;
#948=CARTESIAN_POINT('Line Origine',(-21.865,62.12,-1.85)) ;
#952=CARTESIAN_POINT('Vertex',(-21.865,62.27,-1.7)) ;
#954=CARTESIAN_POINT('Vertex',(-21.865,61.97,-2.)) ;
#957=CARTESIAN_POINT('Axis2P3D Location',(-21.865,60.57,-2.)) ;
#962=CARTESIAN_POINT('Axis2P3D Location',(-21.865,60.57,-1.7)) ;
#974=CARTESIAN_POINT('Axis2P3D Location',(0.,61.97,-2.)) ;
#979=CARTESIAN_POINT('Line Origine',(21.865,62.12,-1.85)) ;
#983=CARTESIAN_POINT('Vertex',(21.865,62.27,-1.7)) ;
#985=CARTESIAN_POINT('Vertex',(21.865,61.97,-2.)) ;
#988=CARTESIAN_POINT('Line Origine',(0.,61.97,-2.)) ;
#993=CARTESIAN_POINT('Line Origine',(0.,62.27,-1.7)) ;
#1005=CARTESIAN_POINT('Axis2P3D Location',(21.865,60.57,-3.4)) ;
#1010=CARTESIAN_POINT('Line Origine',(23.415,60.57,-1.85)) ;
#1014=CARTESIAN_POINT('Vertex',(23.565,60.57,-1.7)) ;
#1016=CARTESIAN_POINT('Vertex',(23.265,60.57,-2.)) ;
#1019=CARTESIAN_POINT('Axis2P3D Location',(21.865,60.57,-2.)) ;
#1024=CARTESIAN_POINT('Axis2P3D Location',(21.865,60.57,-1.7)) ;
#1036=CARTESIAN_POINT('Axis2P3D Location',(23.265,0.,-2.)) ;
#1041=CARTESIAN_POINT('Line Origine',(23.415,-60.57,-1.85)) ;
#1045=CARTESIAN_POINT('Vertex',(23.565,-60.57,-1.7)) ;
#1047=CARTESIAN_POINT('Vertex',(23.265,-60.57,-2.)) ;
#1050=CARTESIAN_POINT('Line Origine',(23.265,0.,-2.)) ;
#1055=CARTESIAN_POINT('Line Origine',(23.565,0.,-1.7)) ;
#1067=CARTESIAN_POINT('Axis2P3D Location',(21.865,-60.57,-3.4)) ;
#1072=CARTESIAN_POINT('Line Origine',(21.865,-62.12,-1.85)) ;
#1076=CARTESIAN_POINT('Vertex',(21.865,-62.27,-1.7)) ;
#1078=CARTESIAN_POINT('Vertex',(21.865,-61.97,-2.)) ;
#1081=CARTESIAN_POINT('Axis2P3D Location',(21.865,-60.57,-2.)) ;
#1086=CARTESIAN_POINT('Axis2P3D Location',(21.865,-60.57,-1.7)) ;
#1098=CARTESIAN_POINT('Axis2P3D Location',(0.,-61.97,-2.)) ;
#1103=CARTESIAN_POINT('Line Origine',(0.,-61.97,-2.)) ;
#1108=CARTESIAN_POINT('Line Origine',(0.,-62.27,-1.7)) ;
#1120=CARTESIAN_POINT('Axis2P3D Location',(0.,0.,-2.)) ;
#1135=CARTESIAN_POINT('Line Origine',(-9.7,-3.5527136788E-15,-2.)) ;
#1139=CARTESIAN_POINT('Vertex',(-9.7,18.7,-2.)) ;
#1141=CARTESIAN_POINT('Vertex',(-9.7,-18.7,-2.)) ;
#1144=CARTESIAN_POINT('Axis2P3D Location',(-6.2,-18.7,-2.)) ;
#1148=CARTESIAN_POINT('Vertex',(-6.2,-22.2,-2.)) ;
#1151=CARTESIAN_POINT('Line Origine',(0.,-22.2,-2.)) ;
#1155=CARTESIAN_POINT('Vertex',(6.2,-22.2,-2.)) ;
#1158=CARTESIAN_POINT('Axis2P3D Location',(6.2,-18.7,-2.)) ;
#1162=CARTESIAN_POINT('Vertex',(9.7,-18.7,-2.)) ;
#1165=CARTESIAN_POINT('Line Origine',(9.7,-3.5527136788E-15,-2.)) ;
#1169=CARTESIAN_POINT('Vertex',(9.7,18.7,-2.)) ;
#1172=CARTESIAN_POINT('Axis2P3D Location',(6.2,18.7,-2.)) ;
#1176=CARTESIAN_POINT('Vertex',(6.2,22.2,-2.)) ;
#1179=CARTESIAN_POINT('Line Origine',(0.,22.2,-2.)) ;
#1183=CARTESIAN_POINT('Vertex',(-6.2,22.2,-2.)) ;
#1186=CARTESIAN_POINT('Axis2P3D Location',(-6.2,18.7,-2.)) ;
#1201=CARTESIAN_POINT('Axis2P3D Location',(0.,40.,-2.)) ;
#1205=CARTESIAN_POINT('Vertex',(-2.51698407767,35.3926915501,-2.)) ;
#1207=CARTESIAN_POINT('Vertex',(2.51698407767,44.6073084499,-2.)) ;
#1210=CARTESIAN_POINT('Axis2P3D Location',(0.,40.,-2.)) ;
#1219=CARTESIAN_POINT('Axis2P3D Location',(0.,51.17,-2.)) ;
#1223=CARTESIAN_POINT('Vertex',(-1.83697019872E-16,49.67,-2.)) ;
#1225=CARTESIAN_POINT('Vertex',(0.,52.67,-2.)) ;
#1228=CARTESIAN_POINT('Axis2P3D Location',(0.,51.17,-2.)) ;
#1237=CARTESIAN_POINT('Axis2P3D Location',(0.,-51.17,-2.)) ;
#1241=CARTESIAN_POINT('Vertex',(-1.83697019872E-16,-52.67,-2.)) ;
#1243=CARTESIAN_POINT('Vertex',(0.,-49.67,-2.)) ;
#1246=CARTESIAN_POINT('Axis2P3D Location',(0.,-51.17,-2.)) ;
#1256=CARTESIAN_POINT('Axis2P3D Location',(-23.565,-62.27,0.)) ;
#1261=CARTESIAN_POINT('Line Origine',(21.865,-62.27,-0.85)) ;
#1266=CARTESIAN_POINT('Line Origine',(-21.865,-62.27,-0.85)) ;
#1278=CARTESIAN_POINT('Axis2P3D Location',(21.865,-60.57,-1.)) ;
#1283=CARTESIAN_POINT('Line Origine',(23.565,-60.57,-1.)) ;
#1295=CARTESIAN_POINT('Axis2P3D Location',(23.565,62.27,0.)) ;
#1300=CARTESIAN_POINT('Line Origine',(23.565,60.57,-0.85)) ;
#1312=CARTESIAN_POINT('Axis2P3D Location',(21.865,60.57,-1.)) ;
#1317=CARTESIAN_POINT('Line Origine',(21.865,62.27,-1.)) ;
#1329=CARTESIAN_POINT('Axis2P3D Location',(23.565,62.27,0.)) ;
#1334=CARTESIAN_POINT('Line Origine',(-21.865,62.27,-0.85)) ;
#1346=CARTESIAN_POINT('Axis2P3D Location',(-21.865,-60.57,-1.)) ;
#1351=CARTESIAN_POINT('Line Origine',(-23.565,-60.57,-1.)) ;
#1363=CARTESIAN_POINT('Axis2P3D Location',(-21.865,60.57,-1.)) ;
#1368=CARTESIAN_POINT('Line Origine',(-23.565,60.57,-1.)) ;
#1380=CARTESIAN_POINT('Axis2P3D Location',(-23.565,-62.27,0.)) ;
#1392=CARTESIAN_POINT('Axis2P3D Location',(0.,40.,-2.5)) ;
#1397=CARTESIAN_POINT('Axis2P3D Location',(0.,40.,-2.5)) ;
#1401=CARTESIAN_POINT('Vertex',(2.10947236986,43.8613632723,-2.5)) ;
#1403=CARTESIAN_POINT('Vertex',(-2.10947236986,36.1386367277,-2.5)) ;
#1406=CARTESIAN_POINT('Line Origine',(2.31322822377,44.2343358611,-2.25)) ;
#1411=CARTESIAN_POINT('Line Origine',(-2.31322822377,35.7656641389,-2.25)) ;
#1423=CARTESIAN_POINT('Axis2P3D Location',(0.,40.,-2.5)) ;
#1435=CARTESIAN_POINT('Axis2P3D Location',(0.,5.1,-2.)) ;
#1440=CARTESIAN_POINT('Axis2P3D Location',(0.,1.42108547152E-14,-2.)) ;
#1444=CARTESIAN_POINT('Vertex',(3.83540430883,-7.02066049512,-2.)) ;
#1446=CARTESIAN_POINT('Vertex',(3.83540430883,7.02066049512,-2.)) ;
#1449=CARTESIAN_POINT('Axis2P3D Location',(0.,1.42108547152E-14,-2.)) ;
#1458=CARTESIAN_POINT('Axis2P3D Location',(0.,1.42108547152E-14,-2.)) ;
#1462=CARTESIAN_POINT('Vertex',(2.44507024688,-4.47567106564,-2.)) ;
#1464=CARTESIAN_POINT('Vertex',(2.44507024688,4.47567106564,-2.)) ;
#1467=CARTESIAN_POINT('Axis2P3D Location',(0.,1.42108547152E-14,-2.)) ;
#1477=CARTESIAN_POINT('Axis2P3D Location',(0.,4.8,-2.25)) ;
#1482=CARTESIAN_POINT('Axis2P3D Location',(0.,1.42108547152E-14,-2.25)) ;
#1486=CARTESIAN_POINT('Vertex',(2.39712769302,-4.38791280945,-2.25)) ;
#1488=CARTESIAN_POINT('Vertex',(2.39712769302,4.38791280945,-2.25)) ;
#1491=CARTESIAN_POINT('Axis2P3D Location',(0.,1.42108547152E-14,-2.25)) ;
#1500=CARTESIAN_POINT('Axis2P3D Location',(0.,1.42108547152E-14,-2.25)) ;
#1504=CARTESIAN_POINT('Vertex',(2.3012425853,-4.21239629707,-2.25)) ;
#1506=CARTESIAN_POINT('Vertex',(2.3012425853,4.21239629707,-2.25)) ;
#1509=CARTESIAN_POINT('Axis2P3D Location',(0.,1.42108547152E-14,-2.25)) ;
#1519=CARTESIAN_POINT('Axis2P3D Location',(0.,1.42108547152E-14,7.1054273576E-15)) ;
#1524=CARTESIAN_POINT('Axis2P3D Location',(0.,1.42108547152E-14,-2.4)) ;
#1528=CARTESIAN_POINT('Vertex',(3.83540430883,-7.02066049512,-2.4)) ;
#1530=CARTESIAN_POINT('Vertex',(3.83540430883,7.02066049512,-2.4)) ;
#1533=CARTESIAN_POINT('Line Origine',(3.83540430883,-7.02066049512,-11.)) ;
#1538=CARTESIAN_POINT('Line Origine',(3.83540430883,7.02066049512,-11.)) ;
#1550=CARTESIAN_POINT('Axis2P3D Location',(0.,1.42108547152E-14,-2.4)) ;
#1562=CARTESIAN_POINT('Axis2P3D Location',(0.,1.42108547152E-14,7.1054273576E-15)) ;
#1567=CARTESIAN_POINT('Axis2P3D Location',(0.,1.42108547152E-14,-2.15)) ;
#1571=CARTESIAN_POINT('Vertex',(2.44507024688,-4.47567106564,-2.15)) ;
#1573=CARTESIAN_POINT('Vertex',(2.44507024688,4.47567106564,-2.15)) ;
#1576=CARTESIAN_POINT('Line Origine',(2.44507024688,4.47567106564,-2.075)) ;
#1581=CARTESIAN_POINT('Line Origine',(2.44507024688,-4.47567106564,-2.075)) ;
#1593=CARTESIAN_POINT('Axis2P3D Location',(0.,1.42108547152E-14,-2.15)) ;
#1605=CARTESIAN_POINT('Axis2P3D Location',(0.,1.42108547152E-14,-2.15)) ;
#1610=CARTESIAN_POINT('Axis2P3D Location',(2.39712769302,4.38791280945,-2.15)) ;
#1615=CARTESIAN_POINT('Axis2P3D Location',(2.39712769302,-4.38791280945,-2.15)) ;
#1634=CARTESIAN_POINT('Axis2P3D Location',(0.,1.42108547152E-14,-2.15)) ;
#1639=CARTESIAN_POINT('Axis2P3D Location',(0.,1.42108547152E-14,-2.15)) ;
#1643=CARTESIAN_POINT('Vertex',(2.25330003144,-4.12463804088,-2.15)) ;
#1645=CARTESIAN_POINT('Vertex',(2.25330003144,4.12463804088,-2.15)) ;
#1648=CARTESIAN_POINT('Axis2P3D Location',(2.3012425853,4.21239629707,-2.15)) ;
#1653=CARTESIAN_POINT('Axis2P3D Location',(2.3012425853,-4.21239629707,-2.15)) ;
#1665=CARTESIAN_POINT('Axis2P3D Location',(0.,1.42108547152E-14,-2.15)) ;
#1677=CARTESIAN_POINT('Axis2P3D Location',(0.,1.42108547152E-14,7.1054273576E-15)) ;
#1682=CARTESIAN_POINT('Axis2P3D Location',(0.,1.42108547152E-14,-0.9)) ;
#1686=CARTESIAN_POINT('Vertex',(2.25330003144,-4.12463804088,-0.9)) ;
#1688=CARTESIAN_POINT('Vertex',(2.25330003144,4.12463804088,-0.9)) ;
#1691=CARTESIAN_POINT('Line Origine',(2.25330003144,4.12463804088,8.925)) ;
#1696=CARTESIAN_POINT('Line Origine',(2.25330003144,-4.12463804088,8.925)) ;
#1708=CARTESIAN_POINT('Axis2P3D Location',(0.,1.42108547152E-14,-0.9)) ;
#1720=CARTESIAN_POINT('Axis2P3D Location',(-8.7,-21.2,0.)) ;
#1725=CARTESIAN_POINT('Line Origine',(-8.7,-1.06581410364E-14,-2.4)) ;
#1729=CARTESIAN_POINT('Vertex',(-8.7,18.7,-2.4)) ;
#1731=CARTESIAN_POINT('Vertex',(-8.7,-18.7,-2.4)) ;
#1734=CARTESIAN_POINT('Line Origine',(-8.7,-18.7,-2.05)) ;
#1738=CARTESIAN_POINT('Vertex',(-8.7,-18.7,-1.7)) ;
#1741=CARTESIAN_POINT('Line Origine',(-8.7,-1.06581410364E-14,-1.7)) ;
#1745=CARTESIAN_POINT('Vertex',(-8.7,18.7,-1.7)) ;
#1748=CARTESIAN_POINT('Line Origine',(-8.7,18.7,-2.05)) ;
#1760=CARTESIAN_POINT('Axis2P3D Location',(-6.2,18.7,-2.05)) ;
#1765=CARTESIAN_POINT('Axis2P3D Location',(-6.2,18.7,-2.4)) ;
#1769=CARTESIAN_POINT('Vertex',(-6.2,21.2,-2.4)) ;
#1772=CARTESIAN_POINT('Axis2P3D Location',(-6.2,18.7,-1.7)) ;
#1776=CARTESIAN_POINT('Vertex',(-6.2,21.2,-1.7)) ;
#1779=CARTESIAN_POINT('Line Origine',(-6.2,21.2,-2.05)) ;
#1791=CARTESIAN_POINT('Axis2P3D Location',(8.7,21.2,0.)) ;
#1796=CARTESIAN_POINT('Line Origine',(-3.7,21.2,-1.7)) ;
#1800=CARTESIAN_POINT('Vertex',(-1.2,21.2,-1.7)) ;
#1803=CARTESIAN_POINT('Line Origine',(-1.2,21.2,-2.05)) ;
#1807=CARTESIAN_POINT('Vertex',(-1.2,21.2,-2.4)) ;
#1810=CARTESIAN_POINT('Line Origine',(-3.7,21.2,-2.4)) ;
#1822=CARTESIAN_POINT('Axis2P3D Location',(-1.2,21.,-2.05)) ;
#1827=CARTESIAN_POINT('Axis2P3D Location',(-1.2,21.,-2.4)) ;
#1831=CARTESIAN_POINT('Vertex',(-1.,21.,-2.4)) ;
#1834=CARTESIAN_POINT('Axis2P3D Location',(-1.2,21.,-1.7)) ;
#1838=CARTESIAN_POINT('Vertex',(-1.,21.,-1.7)) ;
#1841=CARTESIAN_POINT('Line Origine',(-1.,21.,-2.05)) ;
#1853=CARTESIAN_POINT('Axis2P3D Location',(-1.,-21.2,0.)) ;
#1858=CARTESIAN_POINT('Line Origine',(-1.,20.5,-1.7)) ;
#1862=CARTESIAN_POINT('Vertex',(-1.,20.,-1.7)) ;
#1865=CARTESIAN_POINT('Line Origine',(-1.,20.,-2.05)) ;
#1869=CARTESIAN_POINT('Vertex',(-1.,20.,-2.4)) ;
#1872=CARTESIAN_POINT('Line Origine',(-1.,20.5,-2.4)) ;
#1884=CARTESIAN_POINT('Axis2P3D Location',(-0.8,20.,-2.05)) ;
#1889=CARTESIAN_POINT('Line Origine',(-0.8,19.8,-2.05)) ;
#1893=CARTESIAN_POINT('Vertex',(-0.8,19.8,-2.4)) ;
#1895=CARTESIAN_POINT('Vertex',(-0.8,19.8,-1.7)) ;
#1898=CARTESIAN_POINT('Axis2P3D Location',(-0.8,20.,-2.4)) ;
#1903=CARTESIAN_POINT('Axis2P3D Location',(-0.8,20.,-1.7)) ;
#1915=CARTESIAN_POINT('Axis2P3D Location',(-1.,19.8,0.)) ;
#1920=CARTESIAN_POINT('Line Origine',(0.,19.8,-1.7)) ;
#1924=CARTESIAN_POINT('Vertex',(0.8,19.8,-1.7)) ;
#1927=CARTESIAN_POINT('Line Origine',(0.8,19.8,-2.05)) ;
#1931=CARTESIAN_POINT('Vertex',(0.8,19.8,-2.4)) ;
#1934=CARTESIAN_POINT('Line Origine',(0.,19.8,-2.4)) ;
#1946=CARTESIAN_POINT('Axis2P3D Location',(0.8,20.,-2.05)) ;
#1951=CARTESIAN_POINT('Line Origine',(1.,20.,-2.05)) ;
#1955=CARTESIAN_POINT('Vertex',(1.,20.,-2.4)) ;
#1957=CARTESIAN_POINT('Vertex',(1.,20.,-1.7)) ;
#1960=CARTESIAN_POINT('Axis2P3D Location',(0.8,20.,-2.4)) ;
#1965=CARTESIAN_POINT('Axis2P3D Location',(0.8,20.,-1.7)) ;
#1977=CARTESIAN_POINT('Axis2P3D Location',(1.,-19.8,0.)) ;
#1982=CARTESIAN_POINT('Line Origine',(1.,20.5,-1.7)) ;
#1986=CARTESIAN_POINT('Vertex',(1.,21.,-1.7)) ;
#1989=CARTESIAN_POINT('Line Origine',(1.,21.,-2.05)) ;
#1993=CARTESIAN_POINT('Vertex',(1.,21.,-2.4)) ;
#1996=CARTESIAN_POINT('Line Origine',(1.,20.5,-2.4)) ;
#2008=CARTESIAN_POINT('Axis2P3D Location',(1.2,21.,-2.05)) ;
#2013=CARTESIAN_POINT('Axis2P3D Location',(1.2,21.,-2.4)) ;
#2017=CARTESIAN_POINT('Vertex',(1.2,21.2,-2.4)) ;
#2020=CARTESIAN_POINT('Axis2P3D Location',(1.2,21.,-1.7)) ;
#2024=CARTESIAN_POINT('Vertex',(1.2,21.2,-1.7)) ;
#2027=CARTESIAN_POINT('Line Origine',(1.2,21.2,-2.05)) ;
#2039=CARTESIAN_POINT('Line Origine',(6.2,21.2,-2.05)) ;
#2043=CARTESIAN_POINT('Vertex',(6.2,21.2,-1.7)) ;
#2045=CARTESIAN_POINT('Vertex',(6.2,21.2,-2.4)) ;
#2048=CARTESIAN_POINT('Line Origine',(3.7,21.2,-2.4)) ;
#2053=CARTESIAN_POINT('Line Origine',(3.7,21.2,-1.7)) ;
#2065=CARTESIAN_POINT('Axis2P3D Location',(6.2,18.7,-2.05)) ;
#2070=CARTESIAN_POINT('Axis2P3D Location',(6.2,18.7,-2.4)) ;
#2074=CARTESIAN_POINT('Vertex',(8.7,18.7,-2.4)) ;
#2077=CARTESIAN_POINT('Axis2P3D Location',(6.2,18.7,-1.7)) ;
#2081=CARTESIAN_POINT('Vertex',(8.7,18.7,-1.7)) ;
#2084=CARTESIAN_POINT('Line Origine',(8.7,18.7,-2.05)) ;
#2096=CARTESIAN_POINT('Axis2P3D Location',(8.7,21.2,0.)) ;
#2101=CARTESIAN_POINT('Line Origine',(8.7,-3.5527136788E-15,-1.7)) ;
#2105=CARTESIAN_POINT('Vertex',(8.7,-18.7,-1.7)) ;
#2108=CARTESIAN_POINT('Line Origine',(8.7,-18.7,-2.05)) ;
#2112=CARTESIAN_POINT('Vertex',(8.7,-18.7,-2.4)) ;
#2115=CARTESIAN_POINT('Line Origine',(8.7,-3.5527136788E-15,-2.4)) ;
#2127=CARTESIAN_POINT('Axis2P3D Location',(6.2,-18.7,-2.05)) ;
#2132=CARTESIAN_POINT('Axis2P3D Location',(6.2,-18.7,-2.4)) ;
#2136=CARTESIAN_POINT('Vertex',(6.2,-21.2,-2.4)) ;
#2139=CARTESIAN_POINT('Axis2P3D Location',(6.2,-18.7,-1.7)) ;
#2143=CARTESIAN_POINT('Vertex',(6.2,-21.2,-1.7)) ;
#2146=CARTESIAN_POINT('Line Origine',(6.2,-21.2,-2.05)) ;
#2158=CARTESIAN_POINT('Axis2P3D Location',(-8.7,-21.2,0.)) ;
#2163=CARTESIAN_POINT('Line Origine',(3.7,-21.2,-1.7)) ;
#2167=CARTESIAN_POINT('Vertex',(1.2,-21.2,-1.7)) ;
#2170=CARTESIAN_POINT('Line Origine',(1.2,-21.2,-2.05)) ;
#2174=CARTESIAN_POINT('Vertex',(1.2,-21.2,-2.4)) ;
#2177=CARTESIAN_POINT('Line Origine',(3.7,-21.2,-2.4)) ;
#2189=CARTESIAN_POINT('Axis2P3D Location',(1.2,-21.,-2.05)) ;
#2194=CARTESIAN_POINT('Axis2P3D Location',(1.2,-21.,-2.4)) ;
#2198=CARTESIAN_POINT('Vertex',(1.,-21.,-2.4)) ;
#2201=CARTESIAN_POINT('Axis2P3D Location',(1.2,-21.,-1.7)) ;
#2205=CARTESIAN_POINT('Vertex',(1.,-21.,-1.7)) ;
#2208=CARTESIAN_POINT('Line Origine',(1.,-21.,-2.05)) ;
#2220=CARTESIAN_POINT('Line Origine',(1.,-20.5,-1.7)) ;
#2224=CARTESIAN_POINT('Vertex',(1.,-20.,-1.7)) ;
#2227=CARTESIAN_POINT('Line Origine',(1.,-20.,-2.05)) ;
#2231=CARTESIAN_POINT('Vertex',(1.,-20.,-2.4)) ;
#2234=CARTESIAN_POINT('Line Origine',(1.,-20.5,-2.4)) ;
#2246=CARTESIAN_POINT('Axis2P3D Location',(0.8,-20.,-2.05)) ;
#2251=CARTESIAN_POINT('Line Origine',(0.8,-19.8,-2.05)) ;
#2255=CARTESIAN_POINT('Vertex',(0.8,-19.8,-2.4)) ;
#2257=CARTESIAN_POINT('Vertex',(0.8,-19.8,-1.7)) ;
#2260=CARTESIAN_POINT('Axis2P3D Location',(0.8,-20.,-2.4)) ;
#2265=CARTESIAN_POINT('Axis2P3D Location',(0.8,-20.,-1.7)) ;
#2277=CARTESIAN_POINT('Axis2P3D Location',(-1.,-19.8,0.)) ;
#2282=CARTESIAN_POINT('Line Origine',(1.11022302463E-16,-19.8,-1.7)) ;
#2286=CARTESIAN_POINT('Vertex',(-0.8,-19.8,-1.7)) ;
#2289=CARTESIAN_POINT('Line Origine',(-0.8,-19.8,-2.05)) ;
#2293=CARTESIAN_POINT('Vertex',(-0.8,-19.8,-2.4)) ;
#2296=CARTESIAN_POINT('Line Origine',(1.11022302463E-16,-19.8,-2.4)) ;
#2308=CARTESIAN_POINT('Axis2P3D Location',(-0.8,-20.,-2.05)) ;
#2313=CARTESIAN_POINT('Line Origine',(-1.,-20.,-2.05)) ;
#2317=CARTESIAN_POINT('Vertex',(-1.,-20.,-2.4)) ;
#2319=CARTESIAN_POINT('Vertex',(-1.,-20.,-1.7)) ;
#2322=CARTESIAN_POINT('Axis2P3D Location',(-0.8,-20.,-2.4)) ;
#2327=CARTESIAN_POINT('Axis2P3D Location',(-0.8,-20.,-1.7)) ;
#2339=CARTESIAN_POINT('Line Origine',(-1.,-20.5,-1.7)) ;
#2343=CARTESIAN_POINT('Vertex',(-1.,-21.,-1.7)) ;
#2346=CARTESIAN_POINT('Line Origine',(-1.,-21.,-2.05)) ;
#2350=CARTESIAN_POINT('Vertex',(-1.,-21.,-2.4)) ;
#2353=CARTESIAN_POINT('Line Origine',(-1.,-20.5,-2.4)) ;
#2365=CARTESIAN_POINT('Axis2P3D Location',(-1.2,-21.,-2.05)) ;
#2370=CARTESIAN_POINT('Axis2P3D Location',(-1.2,-21.,-2.4)) ;
#2374=CARTESIAN_POINT('Vertex',(-1.2,-21.2,-2.4)) ;
#2377=CARTESIAN_POINT('Axis2P3D Location',(-1.2,-21.,-1.7)) ;
#2381=CARTESIAN_POINT('Vertex',(-1.2,-21.2,-1.7)) ;
#2384=CARTESIAN_POINT('Line Origine',(-1.2,-21.2,-2.05)) ;
#2396=CARTESIAN_POINT('Axis2P3D Location',(-6.2,-18.7,-2.05)) ;
#2401=CARTESIAN_POINT('Axis2P3D Location',(-6.2,-18.7,-2.4)) ;
#2405=CARTESIAN_POINT('Vertex',(-6.2,-21.2,-2.4)) ;
#2408=CARTESIAN_POINT('Line Origine',(-6.2,-21.2,-2.05)) ;
#2412=CARTESIAN_POINT('Vertex',(-6.2,-21.2,-1.7)) ;
#2415=CARTESIAN_POINT('Axis2P3D Location',(-6.2,-18.7,-1.7)) ;
#2427=CARTESIAN_POINT('Line Origine',(-3.7,-21.2,-2.4)) ;
#2432=CARTESIAN_POINT('Line Origine',(-3.7,-21.2,-1.7)) ;
#2444=CARTESIAN_POINT('Axis2P3D Location',(0.,0.,-2.4)) ;
#2480=CARTESIAN_POINT('Axis2P3D Location',(-9.7,22.2,-2.)) ;
#2485=CARTESIAN_POINT('Line Origine',(-9.7,18.7,-1.85)) ;
#2489=CARTESIAN_POINT('Vertex',(-9.7,18.7,-1.7)) ;
#2492=CARTESIAN_POINT('Line Origine',(-9.7,-3.5527136788E-15,-1.7)) ;
#2496=CARTESIAN_POINT('Vertex',(-9.7,-18.7,-1.7)) ;
#2499=CARTESIAN_POINT('Line Origine',(-9.7,-18.7,-1.85)) ;
#2511=CARTESIAN_POINT('Axis2P3D Location',(-6.2,18.7,-1.85)) ;
#2516=CARTESIAN_POINT('Line Origine',(-6.2,22.2,-1.85)) ;
#2520=CARTESIAN_POINT('Vertex',(-6.2,22.2,-1.7)) ;
#2523=CARTESIAN_POINT('Axis2P3D Location',(-6.2,18.7,-1.7)) ;
#2535=CARTESIAN_POINT('Axis2P3D Location',(-9.7,22.2,-2.)) ;
#2540=CARTESIAN_POINT('Line Origine',(6.2,22.2,-1.85)) ;
#2544=CARTESIAN_POINT('Vertex',(6.2,22.2,-1.7)) ;
#2547=CARTESIAN_POINT('Line Origine',(0.,22.2,-1.7)) ;
#2559=CARTESIAN_POINT('Axis2P3D Location',(-6.2,-18.7,-1.85)) ;
#2564=CARTESIAN_POINT('Axis2P3D Location',(-6.2,-18.7,-1.7)) ;
#2568=CARTESIAN_POINT('Vertex',(-6.2,-22.2,-1.7)) ;
#2571=CARTESIAN_POINT('Line Origine',(-6.2,-22.2,-1.85)) ;
#2583=CARTESIAN_POINT('Axis2P3D Location',(9.7,-22.2,-2.)) ;
#2588=CARTESIAN_POINT('Line Origine',(0.,-22.2,-1.7)) ;
#2592=CARTESIAN_POINT('Vertex',(6.2,-22.2,-1.7)) ;
#2595=CARTESIAN_POINT('Line Origine',(6.2,-22.2,-1.85)) ;
#2607=CARTESIAN_POINT('Axis2P3D Location',(6.2,18.7,-1.85)) ;
#2612=CARTESIAN_POINT('Line Origine',(9.7,18.7,-1.85)) ;
#2616=CARTESIAN_POINT('Vertex',(9.7,18.7,-1.7)) ;
#2619=CARTESIAN_POINT('Axis2P3D Location',(6.2,18.7,-1.7)) ;
#2631=CARTESIAN_POINT('Axis2P3D Location',(6.2,-18.7,-1.85)) ;
#2636=CARTESIAN_POINT('Axis2P3D Location',(6.2,-18.7,-1.7)) ;
#2640=CARTESIAN_POINT('Vertex',(9.7,-18.7,-1.7)) ;
#2643=CARTESIAN_POINT('Line Origine',(9.7,-18.7,-1.85)) ;
#2655=CARTESIAN_POINT('Axis2P3D Location',(9.7,-22.2,-2.)) ;
#2660=CARTESIAN_POINT('Line Origine',(9.7,-3.5527136788E-15,-1.7)) ;
#2672=CARTESIAN_POINT('Axis2P3D Location',(0.,1.42108547152E-14,-0.08999999999)) ;
#2677=CARTESIAN_POINT('Axis2P3D Location',(0.,1.42108547152E-14,-0.5)) ;
#2681=CARTESIAN_POINT('Vertex',(0.,6.,-0.5)) ;
#2683=CARTESIAN_POINT('Vertex',(-7.34788079488E-16,-6.,-0.5)) ;
#2686=CARTESIAN_POINT('Line Origine',(-7.34788079488E-16,-6.,-0.08999999999)) ;
#2690=CARTESIAN_POINT('Vertex',(-7.34788079488E-16,-6.,-0.9)) ;
#2693=CARTESIAN_POINT('Axis2P3D Location',(0.,1.42108547152E-14,-0.9)) ;
#2697=CARTESIAN_POINT('Vertex',(0.,6.,-0.9)) ;
#2700=CARTESIAN_POINT('Line Origine',(0.,6.,-0.08999999999)) ;
#2712=CARTESIAN_POINT('Axis2P3D Location',(0.,1.42108547152E-14,-0.5)) ;
#2717=CARTESIAN_POINT('Axis2P3D Location',(0.,1.42108547152E-14,-0.9)) ;
#2729=CARTESIAN_POINT('Axis2P3D Location',(0.,0.,-0.9)) ;
#2743=CARTESIAN_POINT('Line Origine',(-1.,20.5,-0.5)) ;
#2747=CARTESIAN_POINT('Vertex',(-1.,20.,-0.5)) ;
#2749=CARTESIAN_POINT('Vertex',(-1.,21.,-0.5)) ;
#2752=CARTESIAN_POINT('Line Origine',(-1.,20.,-0.25)) ;
#2757=CARTESIAN_POINT('Line Origine',(-1.,21.,-0.25)) ;
#2769=CARTESIAN_POINT('Axis2P3D Location',(-0.8,20.,-0.25)) ;
#2774=CARTESIAN_POINT('Axis2P3D Location',(-0.8,20.,-0.5)) ;
#2778=CARTESIAN_POINT('Vertex',(-0.8,19.8,-0.5)) ;
#2781=CARTESIAN_POINT('Line Origine',(-0.8,19.8,-0.25)) ;
#2793=CARTESIAN_POINT('Line Origine',(0.8,19.8,-0.25)) ;
#2797=CARTESIAN_POINT('Vertex',(0.8,19.8,-0.5)) ;
#2800=CARTESIAN_POINT('Line Origine',(1.11022302463E-16,19.8,-0.5)) ;
#2812=CARTESIAN_POINT('Axis2P3D Location',(0.8,20.,-0.25)) ;
#2817=CARTESIAN_POINT('Axis2P3D Location',(0.8,20.,-0.5)) ;
#2821=CARTESIAN_POINT('Vertex',(1.,20.,-0.5)) ;
#2824=CARTESIAN_POINT('Line Origine',(1.,20.,-0.25)) ;
#2836=CARTESIAN_POINT('Line Origine',(1.,20.5,-0.5)) ;
#2840=CARTESIAN_POINT('Vertex',(1.,21.,-0.5)) ;
#2843=CARTESIAN_POINT('Line Origine',(1.,21.,-0.25)) ;
#2855=CARTESIAN_POINT('Axis2P3D Location',(1.2,21.,-0.25)) ;
#2860=CARTESIAN_POINT('Axis2P3D Location',(1.2,21.,-0.5)) ;
#2864=CARTESIAN_POINT('Vertex',(1.2,21.2,-0.5)) ;
#2867=CARTESIAN_POINT('Line Origine',(1.2,21.2,-0.25)) ;
#2879=CARTESIAN_POINT('Line Origine',(3.35,21.2,-0.5)) ;
#2883=CARTESIAN_POINT('Vertex',(5.5,21.2,-0.5)) ;
#2886=CARTESIAN_POINT('Line Origine',(5.5,21.2,-0.25)) ;
#2898=CARTESIAN_POINT('Axis2P3D Location',(5.5,18.,-0.25)) ;
#2903=CARTESIAN_POINT('Axis2P3D Location',(5.5,18.,-0.5)) ;
#2907=CARTESIAN_POINT('Vertex',(8.7,18.,-0.5)) ;
#2910=CARTESIAN_POINT('Line Origine',(8.7,18.,-0.25)) ;
#2922=CARTESIAN_POINT('Line Origine',(8.7,-7.1054273576E-15,-0.5)) ;
#2926=CARTESIAN_POINT('Vertex',(8.7,-18.,-0.5)) ;
#2929=CARTESIAN_POINT('Line Origine',(8.7,-18.,-0.25)) ;
#2941=CARTESIAN_POINT('Axis2P3D Location',(5.5,-18.,-0.25)) ;
#2946=CARTESIAN_POINT('Axis2P3D Location',(5.5,-18.,-0.5)) ;
#2950=CARTESIAN_POINT('Vertex',(5.5,-21.2,-0.5)) ;
#2953=CARTESIAN_POINT('Line Origine',(5.5,-21.2,-0.25)) ;
#2965=CARTESIAN_POINT('Line Origine',(3.35,-21.2,-0.5)) ;
#2969=CARTESIAN_POINT('Vertex',(1.2,-21.2,-0.5)) ;
#2972=CARTESIAN_POINT('Line Origine',(1.2,-21.2,-0.25)) ;
#2984=CARTESIAN_POINT('Axis2P3D Location',(1.2,-21.,-0.25)) ;
#2989=CARTESIAN_POINT('Axis2P3D Location',(1.2,-21.,-0.5)) ;
#2993=CARTESIAN_POINT('Vertex',(1.,-21.,-0.5)) ;
#2996=CARTESIAN_POINT('Line Origine',(1.,-21.,-0.25)) ;
#3008=CARTESIAN_POINT('Line Origine',(1.,-20.5,-0.5)) ;
#3012=CARTESIAN_POINT('Vertex',(1.,-20.,-0.5)) ;
#3015=CARTESIAN_POINT('Line Origine',(1.,-20.,-0.25)) ;
#3027=CARTESIAN_POINT('Axis2P3D Location',(0.8,-20.,-0.25)) ;
#3032=CARTESIAN_POINT('Axis2P3D Location',(0.8,-20.,-0.5)) ;
#3036=CARTESIAN_POINT('Vertex',(0.8,-19.8,-0.5)) ;
#3039=CARTESIAN_POINT('Line Origine',(0.8,-19.8,-0.25)) ;
#3051=CARTESIAN_POINT('Line Origine',(0.,-19.8,-0.5)) ;
#3055=CARTESIAN_POINT('Vertex',(-0.8,-19.8,-0.5)) ;
#3058=CARTESIAN_POINT('Line Origine',(-0.8,-19.8,-0.25)) ;
#3070=CARTESIAN_POINT('Axis2P3D Location',(-1.2,21.,-0.25)) ;
#3075=CARTESIAN_POINT('Line Origine',(-1.2,21.2,-0.25)) ;
#3079=CARTESIAN_POINT('Vertex',(-1.2,21.2,-0.5)) ;
#3082=CARTESIAN_POINT('Axis2P3D Location',(-1.2,21.,-0.5)) ;
#3094=CARTESIAN_POINT('Line Origine',(-5.5,21.2,-0.25)) ;
#3098=CARTESIAN_POINT('Vertex',(-5.5,21.2,-0.5)) ;
#3101=CARTESIAN_POINT('Line Origine',(-3.35,21.2,-0.5)) ;
#3113=CARTESIAN_POINT('Axis2P3D Location',(0.,0.,-0.5)) ;
#3118=CARTESIAN_POINT('Axis2P3D Location',(-5.5,18.,-0.5)) ;
#3122=CARTESIAN_POINT('Vertex',(-8.7,18.,-0.5)) ;
#3125=CARTESIAN_POINT('Line Origine',(-8.7,-7.1054273576E-15,-0.5)) ;
#3129=CARTESIAN_POINT('Vertex',(-8.7,-18.,-0.5)) ;
#3132=CARTESIAN_POINT('Axis2P3D Location',(-5.5,-18.,-0.5)) ;
#3136=CARTESIAN_POINT('Vertex',(-5.5,-21.2,-0.5)) ;
#3139=CARTESIAN_POINT('Line Origine',(-3.35,-21.2,-0.5)) ;
#3143=CARTESIAN_POINT('Vertex',(-1.2,-21.2,-0.5)) ;
#3146=CARTESIAN_POINT('Axis2P3D Location',(-1.2,-21.,-0.5)) ;
#3150=CARTESIAN_POINT('Vertex',(-1.,-21.,-0.5)) ;
#3153=CARTESIAN_POINT('Line Origine',(-1.,-20.5,-0.5)) ;
#3157=CARTESIAN_POINT('Vertex',(-1.,-20.,-0.5)) ;
#3160=CARTESIAN_POINT('Axis2P3D Location',(-0.8,-20.,-0.5)) ;
#3196=CARTESIAN_POINT('Axis2P3D Location',(-0.8,-20.,-0.25)) ;
#3201=CARTESIAN_POINT('Line Origine',(-1.,-20.,-0.25)) ;
#3213=CARTESIAN_POINT('Line Origine',(-1.,-21.,-0.25)) ;
#3225=CARTESIAN_POINT('Axis2P3D Location',(-5.5,18.,-0.25)) ;
#3230=CARTESIAN_POINT('Line Origine',(-8.7,18.,-0.25)) ;
#3242=CARTESIAN_POINT('Line Origine',(-8.7,-18.,-0.25)) ;
#3254=CARTESIAN_POINT('Axis2P3D Location',(-5.5,-18.,-0.25)) ;
#3259=CARTESIAN_POINT('Line Origine',(-5.5,-21.2,-0.25)) ;
#3271=CARTESIAN_POINT('Axis2P3D Location',(-1.2,-21.,-0.25)) ;
#3276=CARTESIAN_POINT('Line Origine',(-1.2,-21.2,-0.25)) ;
#3295=CARTESIAN_POINT('Axis2P3D Location',(0.,0.,-1.7)) ;
#3337=CARTESIAN_POINT('Axis2P3D Location',(0.,44.4,-2.5)) ;
#3351=CARTESIAN_POINT('Axis2P3D Location',(0.,40.,-1.)) ;
#3356=CARTESIAN_POINT('Line Origine',(-2.05740662257E-15,35.2,-0.5)) ;
#3361=CARTESIAN_POINT('Line Origine',(1.46957615898E-15,44.8,-0.5)) ;
#3380=CARTESIAN_POINT('Axis2P3D Location',(0.,51.17,-1.75)) ;
#3385=CARTESIAN_POINT('Line Origine',(0.,52.67,-1.75)) ;
#3389=CARTESIAN_POINT('Vertex',(0.,52.67,-1.5)) ;
#3392=CARTESIAN_POINT('Axis2P3D Location',(0.,51.17,-1.5)) ;
#3396=CARTESIAN_POINT('Vertex',(-1.83697019872E-16,49.67,-1.5)) ;
#3399=CARTESIAN_POINT('Line Origine',(-1.83697019872E-16,49.67,-1.75)) ;
#3411=CARTESIAN_POINT('Axis2P3D Location',(0.,51.17,-1.5)) ;
#3423=CARTESIAN_POINT('Axis2P3D Location',(0.,0.,-1.5)) ;
#3433=CARTESIAN_POINT('Axis2P3D Location',(0.,-51.17,-1.75)) ;
#3438=CARTESIAN_POINT('Line Origine',(0.,-49.67,-1.75)) ;
#3442=CARTESIAN_POINT('Vertex',(0.,-49.67,-1.5)) ;
#3445=CARTESIAN_POINT('Axis2P3D Location',(0.,-51.17,-1.5)) ;
#3449=CARTESIAN_POINT('Vertex',(-1.83697019872E-16,-52.67,-1.5)) ;
#3452=CARTESIAN_POINT('Line Origine',(-1.83697019872E-16,-52.67,-1.75)) ;
#3464=CARTESIAN_POINT('Axis2P3D Location',(0.,-51.17,-1.5)) ;
#3490=CARTESIAN_POINT('NONE',(0.,0.,0.)) ;
#3491=CARTESIAN_POINT('NONE',(0.,-7.1054273576E-15,0.)) ;
#3514=CARTESIAN_POINT('Axis2P3D Location',(0.,0.,2.7)) ;
#3519=CARTESIAN_POINT('Line Origine',(7.3,0.,2.7)) ;
#3523=CARTESIAN_POINT('Vertex',(7.3,-18.,2.7)) ;
#3525=CARTESIAN_POINT('Vertex',(7.3,18.,2.7)) ;
#3528=CARTESIAN_POINT('Axis2P3D Location',(5.5,18.,2.7)) ;
#3532=CARTESIAN_POINT('Vertex',(5.5,19.8,2.7)) ;
#3535=CARTESIAN_POINT('Line Origine',(0.,19.8,2.7)) ;
#3539=CARTESIAN_POINT('Vertex',(-5.5,19.8,2.7)) ;
#3542=CARTESIAN_POINT('Axis2P3D Location',(-5.5,18.,2.7)) ;
#3546=CARTESIAN_POINT('Vertex',(-7.3,18.,2.7)) ;
#3549=CARTESIAN_POINT('Line Origine',(-7.3,0.,2.7)) ;
#3553=CARTESIAN_POINT('Vertex',(-7.3,-18.,2.7)) ;
#3556=CARTESIAN_POINT('Axis2P3D Location',(-5.5,-18.,2.7)) ;
#3560=CARTESIAN_POINT('Vertex',(-5.5,-19.8,2.7)) ;
#3563=CARTESIAN_POINT('Line Origine',(0.,-19.8,2.7)) ;
#3567=CARTESIAN_POINT('Vertex',(5.5,-19.8,2.7)) ;
#3570=CARTESIAN_POINT('Axis2P3D Location',(5.5,-18.,2.7)) ;
#3585=CARTESIAN_POINT('Axis2P3D Location',(0.,0.,2.7)) ;
#3589=CARTESIAN_POINT('Vertex',(-2.63684046232,-4.8267040904,2.7)) ;
#3591=CARTESIAN_POINT('Vertex',(2.63684046232,4.8267040904,2.7)) ;
#3594=CARTESIAN_POINT('Axis2P3D Location',(0.,0.,2.7)) ;
#3604=CARTESIAN_POINT('Axis2P3D Location',(0.,-19.8,2.5)) ;
#3609=CARTESIAN_POINT('Axis2P3D Location',(-5.5,-19.8,2.5)) ;
#3613=CARTESIAN_POINT('Vertex',(-5.5,-20.,2.5)) ;
#3616=CARTESIAN_POINT('Line Origine',(0.,-20.,2.5)) ;
#3620=CARTESIAN_POINT('Vertex',(5.5,-20.,2.5)) ;
#3623=CARTESIAN_POINT('Axis2P3D Location',(5.5,-19.8,2.5)) ;
#3635=CARTESIAN_POINT('Axis2P3D Location',(-5.5,-18.,2.5)) ;
#3640=CARTESIAN_POINT('Axis2P3D Location',(-7.3,-18.,2.5)) ;
#3644=CARTESIAN_POINT('Vertex',(-7.5,-18.,2.5)) ;
#3647=CARTESIAN_POINT('Axis2P3D Location',(-5.5,-18.,2.5)) ;
#3659=CARTESIAN_POINT('Axis2P3D Location',(5.5,-18.,2.5)) ;
#3664=CARTESIAN_POINT('Axis2P3D Location',(5.5,-18.,2.5)) ;
#3668=CARTESIAN_POINT('Vertex',(7.5,-18.,2.5)) ;
#3671=CARTESIAN_POINT('Axis2P3D Location',(7.3,-18.,2.5)) ;
#3683=CARTESIAN_POINT('Axis2P3D Location',(-7.3,0.,2.5)) ;
#3688=CARTESIAN_POINT('Axis2P3D Location',(-7.3,18.,2.5)) ;
#3692=CARTESIAN_POINT('Vertex',(-7.5,18.,2.5)) ;
#3695=CARTESIAN_POINT('Line Origine',(-7.5,0.,2.5)) ;
#3707=CARTESIAN_POINT('Axis2P3D Location',(-5.5,18.,2.5)) ;
#3712=CARTESIAN_POINT('Axis2P3D Location',(-5.5,19.8,2.5)) ;
#3716=CARTESIAN_POINT('Vertex',(-5.5,20.,2.5)) ;
#3719=CARTESIAN_POINT('Axis2P3D Location',(-5.5,18.,2.5)) ;
#3731=CARTESIAN_POINT('Axis2P3D Location',(0.,19.8,2.5)) ;
#3736=CARTESIAN_POINT('Axis2P3D Location',(5.5,19.8,2.5)) ;
#3740=CARTESIAN_POINT('Vertex',(5.5,20.,2.5)) ;
#3743=CARTESIAN_POINT('Line Origine',(0.,20.,2.5)) ;
#3755=CARTESIAN_POINT('Axis2P3D Location',(5.5,18.,2.5)) ;
#3760=CARTESIAN_POINT('Axis2P3D Location',(7.3,18.,2.5)) ;
#3764=CARTESIAN_POINT('Vertex',(7.5,18.,2.5)) ;
#3767=CARTESIAN_POINT('Axis2P3D Location',(5.5,18.,2.5)) ;
#3779=CARTESIAN_POINT('Axis2P3D Location',(7.3,0.,2.5)) ;
#3784=CARTESIAN_POINT('Line Origine',(7.5,0.,2.5)) ;
#3796=CARTESIAN_POINT('Axis2P3D Location',(0.,0.,0.8)) ;
#3801=CARTESIAN_POINT('Axis2P3D Location',(0.,-20.4,0.8)) ;
#3805=CARTESIAN_POINT('Vertex',(3.17490157328,-20.,0.8)) ;
#3807=CARTESIAN_POINT('Vertex',(-3.17490157328,-20.,0.8)) ;
#3810=CARTESIAN_POINT('Line Origine',(8.881784197E-16,-20.,0.8)) ;
#3820=CARTESIAN_POINT('Line Origine',(4.4408920985E-16,20.,0.8)) ;
#3824=CARTESIAN_POINT('Vertex',(3.17490157328,20.,0.8)) ;
#3826=CARTESIAN_POINT('Vertex',(-3.17490157328,20.,0.8)) ;
#3829=CARTESIAN_POINT('Axis2P3D Location',(1.11022302463E-16,20.4,0.8)) ;
#3839=CARTESIAN_POINT('Axis2P3D Location',(0.,0.,1.35)) ;
#3844=CARTESIAN_POINT('Line Origine',(-2.25330003144,-4.12463804088,1.9)) ;
#3848=CARTESIAN_POINT('Vertex',(-2.25330003144,-4.12463804088,1.6)) ;
#3850=CARTESIAN_POINT('Vertex',(-2.25330003144,-4.12463804088,2.2)) ;
#3853=CARTESIAN_POINT('Axis2P3D Location',(0.,0.,2.2)) ;
#3857=CARTESIAN_POINT('Vertex',(2.25330003144,4.12463804088,2.2)) ;
#3860=CARTESIAN_POINT('Line Origine',(2.25330003144,4.12463804088,1.9)) ;
#3864=CARTESIAN_POINT('Vertex',(2.25330003144,4.12463804088,1.6)) ;
#3867=CARTESIAN_POINT('Axis2P3D Location',(0.,0.,1.6)) ;
#3879=CARTESIAN_POINT('Axis2P3D Location',(0.,0.,2.2)) ;
#3884=CARTESIAN_POINT('Axis2P3D Location',(0.,0.,1.6)) ;
#3896=CARTESIAN_POINT('Axis2P3D Location',(0.,0.,1.35)) ;
#3901=CARTESIAN_POINT('Line Origine',(-2.63684046232,-4.8267040904,2.45)) ;
#3905=CARTESIAN_POINT('Vertex',(-2.63684046232,-4.8267040904,2.2)) ;
#3908=CARTESIAN_POINT('Line Origine',(2.63684046232,4.8267040904,2.45)) ;
#3912=CARTESIAN_POINT('Vertex',(2.63684046232,4.8267040904,2.2)) ;
#3915=CARTESIAN_POINT('Axis2P3D Location',(0.,0.,2.2)) ;
#3927=CARTESIAN_POINT('Axis2P3D Location',(0.,0.,2.2)) ;
#3939=CARTESIAN_POINT('Axis2P3D Location',(0.,4.3,1.6)) ;
#3948=CARTESIAN_POINT('Axis2P3D Location',(0.,0.,1.6)) ;
#3952=CARTESIAN_POINT('Vertex',(-2.061529816,-3.77360501613,1.6)) ;
#3954=CARTESIAN_POINT('Vertex',(2.061529816,3.77360501613,1.6)) ;
#3957=CARTESIAN_POINT('Axis2P3D Location',(0.,0.,1.6)) ;
#3967=CARTESIAN_POINT('Axis2P3D Location',(0.,4.7,2.2)) ;
#3981=CARTESIAN_POINT('Axis2P3D Location',(5.5,-18.,1.35)) ;
#3986=CARTESIAN_POINT('Line Origine',(7.5,-18.,1.35)) ;
#3990=CARTESIAN_POINT('Vertex',(7.5,-18.,0.2)) ;
#3993=CARTESIAN_POINT('Line Origine',(5.5,-20.,1.35)) ;
#3997=CARTESIAN_POINT('Vertex',(5.5,-20.,0.2)) ;
#4000=CARTESIAN_POINT('Axis2P3D Location',(5.5,-18.,0.2)) ;
#4012=CARTESIAN_POINT('Axis2P3D Location',(5.5,18.,1.35)) ;
#4017=CARTESIAN_POINT('Line Origine',(5.5,20.,1.35)) ;
#4021=CARTESIAN_POINT('Vertex',(5.5,20.,0.2)) ;
#4024=CARTESIAN_POINT('Line Origine',(7.5,18.,1.35)) ;
#4028=CARTESIAN_POINT('Vertex',(7.5,18.,0.2)) ;
#4031=CARTESIAN_POINT('Axis2P3D Location',(5.5,18.,0.2)) ;
#4043=CARTESIAN_POINT('Axis2P3D Location',(7.5,-20.,0.)) ;
#4048=CARTESIAN_POINT('Line Origine',(7.5,0.,0.2)) ;
#4060=CARTESIAN_POINT('Axis2P3D Location',(5.5,-18.,-1.8)) ;
#4065=CARTESIAN_POINT('Line Origine',(5.5,-19.9,0.1)) ;
#4069=CARTESIAN_POINT('Vertex',(5.5,-19.8,0.)) ;
#4072=CARTESIAN_POINT('Axis2P3D Location',(5.5,-18.,-6.66133814775E-16)) ;
#4076=CARTESIAN_POINT('Vertex',(7.3,-18.,0.)) ;
#4079=CARTESIAN_POINT('Line Origine',(7.4,-18.,0.1)) ;
#4091=CARTESIAN_POINT('Axis2P3D Location',(7.3,0.,0.)) ;
#4096=CARTESIAN_POINT('Line Origine',(7.3,0.,0.)) ;
#4100=CARTESIAN_POINT('Vertex',(7.3,18.,0.)) ;
#4103=CARTESIAN_POINT('Line Origine',(7.4,18.,0.1)) ;
#4115=CARTESIAN_POINT('Axis2P3D Location',(5.5,18.,-1.8)) ;
#4120=CARTESIAN_POINT('Axis2P3D Location',(5.5,18.,-7.32747196253E-15)) ;
#4124=CARTESIAN_POINT('Vertex',(5.5,19.8,0.)) ;
#4127=CARTESIAN_POINT('Line Origine',(5.5,19.9,0.1)) ;
#4139=CARTESIAN_POINT('Axis2P3D Location',(0.,19.8,0.)) ;
#4144=CARTESIAN_POINT('Line Origine',(0.,20.,0.2)) ;
#4148=CARTESIAN_POINT('Vertex',(3.17490157328,20.,0.2)) ;
#4151=CARTESIAN_POINT('Line Origine',(0.,19.8,0.)) ;
#4155=CARTESIAN_POINT('Vertex',(3.1432467291,19.8,0.)) ;
#4159=CARTESIAN_POINT('Control Point',(3.17490157328,20.,0.2)) ;
#4160=CARTESIAN_POINT('Control Point',(3.16648290919,19.9331789253,0.133178925334)) ;
#4161=CARTESIAN_POINT('Control Point',(3.15593733343,19.8664828343,0.0664828342726)) ;
#4162=CARTESIAN_POINT('Control Point',(3.1432467291,19.8,-1.38777878078E-17)) ;
#4171=CARTESIAN_POINT('Axis2P3D Location',(0.,-19.8,0.)) ;
#4176=CARTESIAN_POINT('Line Origine',(0.,-19.8,0.)) ;
#4180=CARTESIAN_POINT('Vertex',(3.1432467291,-19.8,0.)) ;
#4183=CARTESIAN_POINT('Line Origine',(0.,-20.,0.2)) ;
#4187=CARTESIAN_POINT('Vertex',(3.17490157328,-20.,0.2)) ;
#4191=CARTESIAN_POINT('Control Point',(3.17490157328,-20.,0.2)) ;
#4192=CARTESIAN_POINT('Control Point',(3.16648290919,-19.9331789253,0.133178925334)) ;
#4193=CARTESIAN_POINT('Control Point',(3.15593733343,-19.8664828343,0.0664828342726)) ;
#4194=CARTESIAN_POINT('Control Point',(3.1432467291,-19.8,-1.38777878078E-17)) ;
#4203=CARTESIAN_POINT('Axis2P3D Location',(-5.5,-18.,1.35)) ;
#4208=CARTESIAN_POINT('Line Origine',(-5.5,-20.,1.35)) ;
#4212=CARTESIAN_POINT('Vertex',(-5.5,-20.,0.2)) ;
#4215=CARTESIAN_POINT('Line Origine',(-7.5,-18.,1.35)) ;
#4219=CARTESIAN_POINT('Vertex',(-7.5,-18.,0.2)) ;
#4222=CARTESIAN_POINT('Axis2P3D Location',(-5.5,-18.,0.2)) ;
#4234=CARTESIAN_POINT('Axis2P3D Location',(-7.5,20.,0.)) ;
#4239=CARTESIAN_POINT('Line Origine',(-7.5,18.,1.35)) ;
#4243=CARTESIAN_POINT('Vertex',(-7.5,18.,0.2)) ;
#4246=CARTESIAN_POINT('Line Origine',(-7.5,0.,0.2)) ;
#4258=CARTESIAN_POINT('Axis2P3D Location',(-5.5,18.,1.35)) ;
#4263=CARTESIAN_POINT('Line Origine',(-5.5,20.,1.35)) ;
#4267=CARTESIAN_POINT('Vertex',(-5.5,20.,0.2)) ;
#4270=CARTESIAN_POINT('Axis2P3D Location',(-5.5,18.,0.2)) ;
#4282=CARTESIAN_POINT('Axis2P3D Location',(-7.5,-20.,0.)) ;
#4287=CARTESIAN_POINT('Line Origine',(-3.17490157328,-20.,0.5)) ;
#4291=CARTESIAN_POINT('Vertex',(-3.17490157328,-20.,0.2)) ;
#4294=CARTESIAN_POINT('Line Origine',(3.17490157328,-20.,0.5)) ;
#4299=CARTESIAN_POINT('Line Origine',(-4.33745078664,-20.,0.2)) ;
#4315=CARTESIAN_POINT('Axis2P3D Location',(7.5,20.,0.)) ;
#4320=CARTESIAN_POINT('Line Origine',(3.17490157328,20.,0.5)) ;
#4325=CARTESIAN_POINT('Line Origine',(-3.17490157328,20.,0.5)) ;
#4329=CARTESIAN_POINT('Vertex',(-3.17490157328,20.,0.2)) ;
#4332=CARTESIAN_POINT('Line Origine',(-4.33745078664,20.,0.2)) ;
#4348=CARTESIAN_POINT('Axis2P3D Location',(0.,-20.4,0.4)) ;
#4354=CARTESIAN_POINT('Control Point',(-3.17490157328,-20.,0.2)) ;
#4355=CARTESIAN_POINT('Control Point',(-3.16648290919,-19.9331789253,0.133178925334)) ;
#4356=CARTESIAN_POINT('Control Point',(-3.15593733343,-19.8664828343,0.0664828342726)) ;
#4357=CARTESIAN_POINT('Control Point',(-3.1432467291,-19.8,-5.55111512313E-17)) ;
#4358=CARTESIAN_POINT('Vertex',(-3.1432467291,-19.8,0.)) ;
#4361=CARTESIAN_POINT('Axis2P3D Location',(0.,-20.4,0.)) ;
#4375=CARTESIAN_POINT('Axis2P3D Location',(1.11022302463E-16,20.4,0.4)) ;
#4381=CARTESIAN_POINT('Control Point',(-3.17490157328,20.,0.2)) ;
#4382=CARTESIAN_POINT('Control Point',(-3.16648290919,19.9331789253,0.133178925334)) ;
#4383=CARTESIAN_POINT('Control Point',(-3.15593733343,19.8664828343,0.0664828342726)) ;
#4384=CARTESIAN_POINT('Control Point',(-3.1432467291,19.8,5.61234361008E-18)) ;
#4385=CARTESIAN_POINT('Vertex',(-3.1432467291,19.8,0.)) ;
#4388=CARTESIAN_POINT('Axis2P3D Location',(1.11022302463E-16,20.4,0.)) ;
#4402=CARTESIAN_POINT('Axis2P3D Location',(-5.5,18.,-1.8)) ;
#4407=CARTESIAN_POINT('Line Origine',(-5.5,19.9,0.1)) ;
#4411=CARTESIAN_POINT('Vertex',(-5.5,19.8,0.)) ;
#4414=CARTESIAN_POINT('Axis2P3D Location',(-5.5,18.,-6.66133814775E-16)) ;
#4418=CARTESIAN_POINT('Vertex',(-7.3,18.,0.)) ;
#4421=CARTESIAN_POINT('Line Origine',(-7.4,18.,0.1)) ;
#4433=CARTESIAN_POINT('Axis2P3D Location',(-7.3,0.,0.)) ;
#4438=CARTESIAN_POINT('Line Origine',(-7.3,0.,0.)) ;
#4442=CARTESIAN_POINT('Vertex',(-7.3,-18.,0.)) ;
#4445=CARTESIAN_POINT('Line Origine',(-7.4,-18.,0.1)) ;
#4457=CARTESIAN_POINT('Axis2P3D Location',(-5.5,-18.,-1.8)) ;
#4462=CARTESIAN_POINT('Axis2P3D Location',(-5.5,-18.,-7.32747196253E-15)) ;
#4466=CARTESIAN_POINT('Vertex',(-5.5,-19.8,0.)) ;
#4469=CARTESIAN_POINT('Line Origine',(-5.5,-19.9,0.1)) ;
#4481=CARTESIAN_POINT('Axis2P3D Location',(-0.1,-19.8,0.)) ;
#4486=CARTESIAN_POINT('Line Origine',(-0.1,-19.8,0.)) ;
#4498=CARTESIAN_POINT('Axis2P3D Location',(-0.1,19.8,0.)) ;
#4503=CARTESIAN_POINT('Line Origine',(-0.1,19.8,0.)) ;
#4515=CARTESIAN_POINT('Axis2P3D Location',(0.,0.,1.35)) ;
#4520=CARTESIAN_POINT('Axis2P3D Location',(0.,0.,0.2)) ;
#4524=CARTESIAN_POINT('Vertex',(2.061529816,3.77360501613,0.2)) ;
#4526=CARTESIAN_POINT('Vertex',(-2.061529816,-3.77360501613,0.2)) ;
#4529=CARTESIAN_POINT('Line Origine',(-2.061529816,-3.77360501613,0.8)) ;
#4534=CARTESIAN_POINT('Line Origine',(2.061529816,3.77360501613,0.8)) ;
#4546=CARTESIAN_POINT('Axis2P3D Location',(0.,0.,0.2)) ;
#4558=CARTESIAN_POINT('Axis2P3D Location',(0.,0.,0.)) ;
#4577=CARTESIAN_POINT('Axis2P3D Location',(-5.40223262238E-16,-4.72695354458E-16,0.)) ;
#4581=CARTESIAN_POINT('Vertex',(-2.15741492372,-3.94912152851,0.)) ;
#4583=CARTESIAN_POINT('Vertex',(2.15741492372,3.94912152851,0.)) ;
#4586=CARTESIAN_POINT('Axis2P3D Location',(-5.40223262238E-16,-4.72695354458E-16,0.)) ;
#4596=CARTESIAN_POINT('Axis2P3D Location',(1.49880108324E-14,2.93098878501E-14,4.5)) ;
#4601=CARTESIAN_POINT('Line Origine',(-2.10947236986,-3.86136327232,0.1)) ;
#4606=CARTESIAN_POINT('Line Origine',(2.10947236986,3.86136327232,0.1)) ;
#4618=CARTESIAN_POINT('Axis2P3D Location',(4.99600361081E-15,4.32986979604E-15,4.5)) ;
#4639=CARTESIAN_POINT('NONE',(0.,0.,0.)) ;
#4640=CARTESIAN_POINT('NONE',(0.,1.42108547152E-14,0.35)) ;
#4663=CARTESIAN_POINT('Axis2P3D Location',(0.,0.,0.)) ;
#4668=CARTESIAN_POINT('Axis2P3D Location',(5.5,18.,0.)) ;
#4672=CARTESIAN_POINT('Vertex',(8.5,18.,0.)) ;
#4674=CARTESIAN_POINT('Vertex',(5.5,21.,0.)) ;
#4677=CARTESIAN_POINT('Line Origine',(8.5,0.,0.)) ;
#4681=CARTESIAN_POINT('Vertex',(8.5,-18.,0.)) ;
#4684=CARTESIAN_POINT('Axis2P3D Location',(5.5,-18.,0.)) ;
#4688=CARTESIAN_POINT('Vertex',(5.5,-21.,0.)) ;
#4691=CARTESIAN_POINT('Line Origine',(3.3,-21.,0.)) ;
#4695=CARTESIAN_POINT('Vertex',(1.1,-21.,0.)) ;
#4698=CARTESIAN_POINT('Line Origine',(1.1,-19.9,0.)) ;
#4702=CARTESIAN_POINT('Vertex',(1.1,-18.8,0.)) ;
#4705=CARTESIAN_POINT('Line Origine',(0.,-18.8,0.)) ;
#4709=CARTESIAN_POINT('Vertex',(-1.1,-18.8,0.)) ;
#4712=CARTESIAN_POINT('Line Origine',(-1.1,-19.9,0.)) ;
#4716=CARTESIAN_POINT('Vertex',(-1.1,-21.,0.)) ;
#4719=CARTESIAN_POINT('Line Origine',(-3.3,-21.,0.)) ;
#4723=CARTESIAN_POINT('Vertex',(-5.5,-21.,0.)) ;
#4726=CARTESIAN_POINT('Axis2P3D Location',(-5.5,-18.,0.)) ;
#4730=CARTESIAN_POINT('Vertex',(-8.5,-18.,0.)) ;
#4733=CARTESIAN_POINT('Line Origine',(-8.5,3.5527136788E-15,0.)) ;
#4737=CARTESIAN_POINT('Vertex',(-8.5,18.,0.)) ;
#4740=CARTESIAN_POINT('Axis2P3D Location',(-5.5,18.,0.)) ;
#4744=CARTESIAN_POINT('Vertex',(-5.5,21.,0.)) ;
#4747=CARTESIAN_POINT('Line Origine',(-3.3,21.,0.)) ;
#4751=CARTESIAN_POINT('Vertex',(-1.1,21.,0.)) ;
#4754=CARTESIAN_POINT('Line Origine',(-1.1,19.9,0.)) ;
#4758=CARTESIAN_POINT('Vertex',(-1.1,18.8,0.)) ;
#4761=CARTESIAN_POINT('Line Origine',(0.,18.8,0.)) ;
#4765=CARTESIAN_POINT('Vertex',(1.1,18.8,0.)) ;
#4768=CARTESIAN_POINT('Line Origine',(1.1,19.9,0.)) ;
#4772=CARTESIAN_POINT('Vertex',(1.1,21.,0.)) ;
#4775=CARTESIAN_POINT('Line Origine',(3.3,21.,0.)) ;
#4798=CARTESIAN_POINT('Axis2P3D Location',(0.,0.,0.)) ;
#4802=CARTESIAN_POINT('Vertex',(0.,5.35,0.)) ;
#4804=CARTESIAN_POINT('Vertex',(-6.55186037544E-16,-5.35,0.)) ;
#4807=CARTESIAN_POINT('Axis2P3D Location',(0.,0.,0.)) ;
#4817=CARTESIAN_POINT('Axis2P3D Location',(0.,0.,3.)) ;
#4822=CARTESIAN_POINT('Line Origine',(-8.881784197E-16,21.,3.)) ;
#4826=CARTESIAN_POINT('Vertex',(5.5,21.,3.)) ;
#4828=CARTESIAN_POINT('Vertex',(-5.5,21.,3.)) ;
#4831=CARTESIAN_POINT('Axis2P3D Location',(-5.5,18.,3.)) ;
#4835=CARTESIAN_POINT('Vertex',(-8.5,18.,3.)) ;
#4838=CARTESIAN_POINT('Line Origine',(-8.5,3.5527136788E-15,3.)) ;
#4842=CARTESIAN_POINT('Vertex',(-8.5,-18.,3.)) ;
#4845=CARTESIAN_POINT('Axis2P3D Location',(-5.5,-18.,3.)) ;
#4849=CARTESIAN_POINT('Vertex',(-5.5,-21.,3.)) ;
#4852=CARTESIAN_POINT('Line Origine',(8.881784197E-16,-21.,3.)) ;
#4856=CARTESIAN_POINT('Vertex',(5.5,-21.,3.)) ;
#4859=CARTESIAN_POINT('Axis2P3D Location',(5.5,-18.,3.)) ;
#4863=CARTESIAN_POINT('Vertex',(8.5,-18.,3.)) ;
#4866=CARTESIAN_POINT('Line Origine',(8.5,0.,3.)) ;
#4870=CARTESIAN_POINT('Vertex',(8.5,18.,3.)) ;
#4873=CARTESIAN_POINT('Axis2P3D Location',(5.5,18.,3.)) ;
#4888=CARTESIAN_POINT('Axis2P3D Location',(-5.5,-18.,3.)) ;
#4892=CARTESIAN_POINT('Vertex',(-5.5,-20.2,3.)) ;
#4894=CARTESIAN_POINT('Vertex',(-7.7,-18.,3.)) ;
#4897=CARTESIAN_POINT('Line Origine',(-7.7,3.5527136788E-15,3.)) ;
#4901=CARTESIAN_POINT('Vertex',(-7.7,18.,3.)) ;
#4904=CARTESIAN_POINT('Axis2P3D Location',(-5.5,18.,3.)) ;
#4908=CARTESIAN_POINT('Vertex',(-5.5,20.2,3.)) ;
#4911=CARTESIAN_POINT('Line Origine',(-8.881784197E-16,20.2,3.)) ;
#4915=CARTESIAN_POINT('Vertex',(5.5,20.2,3.)) ;
#4918=CARTESIAN_POINT('Axis2P3D Location',(5.5,18.,3.)) ;
#4922=CARTESIAN_POINT('Vertex',(7.7,18.,3.)) ;
#4925=CARTESIAN_POINT('Line Origine',(7.7,-3.5527136788E-15,3.)) ;
#4929=CARTESIAN_POINT('Vertex',(7.7,-18.,3.)) ;
#4932=CARTESIAN_POINT('Axis2P3D Location',(5.5,-18.,3.)) ;
#4936=CARTESIAN_POINT('Vertex',(5.5,-20.2,3.)) ;
#4939=CARTESIAN_POINT('Line Origine',(-1.7763568394E-15,-20.2,3.)) ;
#4955=CARTESIAN_POINT('Axis2P3D Location',(-8.5,-21.,0.)) ;
#4960=CARTESIAN_POINT('Line Origine',(-8.5,18.,1.5)) ;
#4965=CARTESIAN_POINT('Line Origine',(-8.5,-18.,1.5)) ;
#4977=CARTESIAN_POINT('Axis2P3D Location',(-5.5,18.,1.5)) ;
#4982=CARTESIAN_POINT('Line Origine',(-5.5,21.,1.5)) ;
#4994=CARTESIAN_POINT('Axis2P3D Location',(-5.5,-18.,1.5)) ;
#4999=CARTESIAN_POINT('Line Origine',(-5.5,-21.,1.5)) ;
#5011=CARTESIAN_POINT('Axis2P3D Location',(8.5,21.,0.)) ;
#5016=CARTESIAN_POINT('Line Origine',(1.1,21.,0.3)) ;
#5020=CARTESIAN_POINT('Vertex',(1.1,21.,0.6)) ;
#5023=CARTESIAN_POINT('Line Origine',(-8.881784197E-16,21.,0.6)) ;
#5027=CARTESIAN_POINT('Vertex',(-1.1,21.,0.6)) ;
#5030=CARTESIAN_POINT('Line Origine',(-1.1,21.,0.3)) ;
#5035=CARTESIAN_POINT('Line Origine',(5.5,21.,1.5)) ;
#5051=CARTESIAN_POINT('Axis2P3D Location',(5.5,18.,1.5)) ;
#5056=CARTESIAN_POINT('Line Origine',(8.5,18.,1.5)) ;
#5068=CARTESIAN_POINT('Axis2P3D Location',(8.5,21.,0.)) ;
#5073=CARTESIAN_POINT('Line Origine',(8.5,-18.,1.5)) ;
#5085=CARTESIAN_POINT('Axis2P3D Location',(5.5,-18.,1.5)) ;
#5090=CARTESIAN_POINT('Line Origine',(5.5,-21.,1.5)) ;
#5102=CARTESIAN_POINT('Axis2P3D Location',(-8.5,-21.,0.)) ;
#5107=CARTESIAN_POINT('Line Origine',(-1.1,-21.,0.3)) ;
#5111=CARTESIAN_POINT('Vertex',(-1.1,-21.,0.6)) ;
#5114=CARTESIAN_POINT('Line Origine',(-4.4408920985E-16,-21.,0.6)) ;
#5118=CARTESIAN_POINT('Vertex',(1.1,-21.,0.6)) ;
#5121=CARTESIAN_POINT('Line Origine',(1.1,-21.,0.3)) ;
#5137=CARTESIAN_POINT('Axis2P3D Location',(-1.1,18.8,0.)) ;
#5142=CARTESIAN_POINT('Line Origine',(0.,18.8,0.6)) ;
#5146=CARTESIAN_POINT('Vertex',(-1.1,18.8,0.6)) ;
#5148=CARTESIAN_POINT('Vertex',(1.1,18.8,0.6)) ;
#5151=CARTESIAN_POINT('Line Origine',(1.1,18.8,0.3)) ;
#5156=CARTESIAN_POINT('Line Origine',(-1.1,18.8,0.3)) ;
#5168=CARTESIAN_POINT('Axis2P3D Location',(1.1,21.,0.)) ;
#5173=CARTESIAN_POINT('Line Origine',(1.1,19.9,0.6)) ;
#5185=CARTESIAN_POINT('Axis2P3D Location',(-1.1,18.8,0.)) ;
#5190=CARTESIAN_POINT('Line Origine',(-1.1,19.9,0.6)) ;
#5202=CARTESIAN_POINT('Axis2P3D Location',(0.,0.,0.6)) ;
#5214=CARTESIAN_POINT('Line Origine',(-1.1,-19.9,0.6)) ;
#5218=CARTESIAN_POINT('Vertex',(-1.1,-18.8,0.6)) ;
#5221=CARTESIAN_POINT('Line Origine',(-1.1,-18.8,0.3)) ;
#5233=CARTESIAN_POINT('Line Origine',(1.1,-19.9,0.6)) ;
#5237=CARTESIAN_POINT('Vertex',(1.1,-18.8,0.6)) ;
#5240=CARTESIAN_POINT('Line Origine',(1.1,-18.8,0.3)) ;
#5252=CARTESIAN_POINT('Axis2P3D Location',(-1.1,-18.8,0.)) ;
#5257=CARTESIAN_POINT('Line Origine',(0.,-18.8,0.6)) ;
#5276=CARTESIAN_POINT('Axis2P3D Location',(0.,0.,1.3)) ;
#5281=CARTESIAN_POINT('Line Origine',(-5.53654899704E-11,-20.2,1.3)) ;
#5285=CARTESIAN_POINT('Vertex',(-3.,-20.2,1.3)) ;
#5287=CARTESIAN_POINT('Vertex',(3.,-20.2,1.3)) ;
#5290=CARTESIAN_POINT('Axis2P3D Location',(-5.53654899704E-11,-20.4071428571,1.3)) ;
#5300=CARTESIAN_POINT('Axis2P3D Location',(-3.,20.2,3.)) ;
#5305=CARTESIAN_POINT('Line Origine',(-5.5,20.2,1.9)) ;
#5309=CARTESIAN_POINT('Vertex',(-5.5,20.2,0.8)) ;
#5312=CARTESIAN_POINT('Line Origine',(-4.25,20.2,0.8)) ;
#5316=CARTESIAN_POINT('Vertex',(-3.,20.2,0.8)) ;
#5319=CARTESIAN_POINT('Line Origine',(-3.,20.2,1.05)) ;
#5323=CARTESIAN_POINT('Vertex',(-3.00000000006,20.2,1.3)) ;
#5326=CARTESIAN_POINT('Line Origine',(-5.53641577028E-11,20.2,1.3)) ;
#5330=CARTESIAN_POINT('Vertex',(2.99999999994,20.2,1.3)) ;
#5333=CARTESIAN_POINT('Line Origine',(3.,20.2,1.05)) ;
#5337=CARTESIAN_POINT('Vertex',(3.,20.2,0.8)) ;
#5340=CARTESIAN_POINT('Line Origine',(4.25,20.2,0.8)) ;
#5344=CARTESIAN_POINT('Vertex',(5.5,20.2,0.8)) ;
#5347=CARTESIAN_POINT('Line Origine',(5.5,20.2,1.9)) ;
#5363=CARTESIAN_POINT('Axis2P3D Location',(-5.5,18.,1.9)) ;
#5368=CARTESIAN_POINT('Line Origine',(-7.7,18.,1.9)) ;
#5372=CARTESIAN_POINT('Vertex',(-7.7,18.,0.8)) ;
#5375=CARTESIAN_POINT('Axis2P3D Location',(-5.5,18.,0.8)) ;
#5387=CARTESIAN_POINT('Axis2P3D Location',(5.5,18.,1.9)) ;
#5392=CARTESIAN_POINT('Axis2P3D Location',(5.5,18.,0.8)) ;
#5396=CARTESIAN_POINT('Vertex',(7.7,18.,0.8)) ;
#5399=CARTESIAN_POINT('Line Origine',(7.7,18.,1.9)) ;
#5411=CARTESIAN_POINT('Axis2P3D Location',(-7.7,20.2,3.)) ;
#5416=CARTESIAN_POINT('Line Origine',(-7.7,3.5527136788E-15,0.8)) ;
#5420=CARTESIAN_POINT('Vertex',(-7.7,-18.,0.8)) ;
#5423=CARTESIAN_POINT('Line Origine',(-7.7,-18.,1.9)) ;
#5435=CARTESIAN_POINT('Axis2P3D Location',(-5.5,-18.,1.9)) ;
#5440=CARTESIAN_POINT('Line Origine',(-5.5,-20.2,1.9)) ;
#5444=CARTESIAN_POINT('Vertex',(-5.5,-20.2,0.8)) ;
#5447=CARTESIAN_POINT('Axis2P3D Location',(-5.5,-18.,0.8)) ;
#5459=CARTESIAN_POINT('Axis2P3D Location',(7.7,-20.2,3.)) ;
#5464=CARTESIAN_POINT('Line Origine',(7.7,0.,0.8)) ;
#5468=CARTESIAN_POINT('Vertex',(7.7,-18.,0.8)) ;
#5471=CARTESIAN_POINT('Line Origine',(7.7,-18.,1.9)) ;
#5483=CARTESIAN_POINT('Axis2P3D Location',(5.5,-18.,1.9)) ;
#5488=CARTESIAN_POINT('Axis2P3D Location',(5.5,-18.,0.8)) ;
#5492=CARTESIAN_POINT('Vertex',(5.5,-20.2,0.8)) ;
#5495=CARTESIAN_POINT('Line Origine',(5.5,-20.2,1.9)) ;
#5507=CARTESIAN_POINT('Axis2P3D Location',(1.73472347598E-18,20.4071428571,1.28999999996)) ;
#5512=CARTESIAN_POINT('Axis2P3D Location',(1.73472347598E-18,20.4071428571,0.8)) ;
#5517=CARTESIAN_POINT('Axis2P3D Location',(1.73472347598E-18,20.4071428571,1.3)) ;
#5529=CARTESIAN_POINT('Axis2P3D Location',(0.,0.,0.8)) ;
#5534=CARTESIAN_POINT('Line Origine',(-4.25,-20.2,0.8)) ;
#5538=CARTESIAN_POINT('Vertex',(-3.,-20.2,0.8)) ;
#5541=CARTESIAN_POINT('Axis2P3D Location',(0.,-20.4071428571,0.8)) ;
#5545=CARTESIAN_POINT('Vertex',(3.,-20.2,0.8)) ;
#5548=CARTESIAN_POINT('Line Origine',(4.25,-20.2,0.8)) ;
#5567=CARTESIAN_POINT('Axis2P3D Location',(0.,0.,0.8)) ;
#5571=CARTESIAN_POINT('Vertex',(-8.9093054638E-16,-4.85,0.8)) ;
#5573=CARTESIAN_POINT('Vertex',(2.96976848793E-16,4.85,0.8)) ;
#5576=CARTESIAN_POINT('Axis2P3D Location',(0.,0.,0.8)) ;
#5586=CARTESIAN_POINT('Axis2P3D Location',(0.,-20.4071428571,1.28999999996)) ;
#5591=CARTESIAN_POINT('Line Origine',(3.,-20.2,1.28999999996)) ;
#5596=CARTESIAN_POINT('Line Origine',(-3.,-20.2,1.28999999996)) ;
#5608=CARTESIAN_POINT('Axis2P3D Location',(-7.7,-20.2,3.)) ;
#5629=CARTESIAN_POINT('Axis2P3D Location',(0.,0.,1.01000000001)) ;
#5634=CARTESIAN_POINT('Axis2P3D Location',(0.,0.,0.5)) ;
#5638=CARTESIAN_POINT('Vertex',(-3.31321580193E-29,4.85,0.5)) ;
#5640=CARTESIAN_POINT('Vertex',(7.38313931964E-16,-4.85,0.5)) ;
#5643=CARTESIAN_POINT('Line Origine',(-5.93953697586E-16,-4.85,1.01000000001)) ;
#5648=CARTESIAN_POINT('Line Origine',(1.18790739517E-15,4.85,1.01000000001)) ;
#5660=CARTESIAN_POINT('Axis2P3D Location',(0.,0.,0.5)) ;
#5672=CARTESIAN_POINT('Axis2P3D Location',(1.42552636362E-14,-1.57429624892E-14,5.35)) ;
#5677=CARTESIAN_POINT('Line Origine',(-7.34807403927E-16,5.1,0.25)) ;
#5682=CARTESIAN_POINT('Line Origine',(4.15639472099E-17,-5.1,0.25)) ;
#5694=CARTESIAN_POINT('Axis2P3D Location',(8.26919738754E-15,-9.94759830064E-15,5.35)) ;
#5715=CARTESIAN_POINT('NONE',(0.,0.,0.)) ;
#5716=CARTESIAN_POINT('NONE',(0.,1.42108547152E-14,-0.5)) ;
#5739=CARTESIAN_POINT('Axis2P3D Location',(0.,0.,-1.2)) ;
#5744=CARTESIAN_POINT('Line Origine',(-19.665,-1.42108547152E-14,-1.2)) ;
#5748=CARTESIAN_POINT('Vertex',(-19.665,-55.55,-1.2)) ;
#5750=CARTESIAN_POINT('Vertex',(-19.665,55.55,-1.2)) ;
#5753=CARTESIAN_POINT('Line Origine',(-19.165,55.55,-1.2)) ;
#5757=CARTESIAN_POINT('Vertex',(-18.665,55.55,-1.2)) ;
#5760=CARTESIAN_POINT('Line Origine',(-18.665,-1.42108547152E-14,-1.2)) ;
#5764=CARTESIAN_POINT('Vertex',(-18.665,-55.55,-1.2)) ;
#5767=CARTESIAN_POINT('Line Origine',(-19.165,-55.55,-1.2)) ;
#5779=CARTESIAN_POINT('Axis2P3D Location',(-18.665,-1.42108547152E-14,-0.7)) ;
#5784=CARTESIAN_POINT('Axis2P3D Location',(-18.665,55.55,-0.7)) ;
#5788=CARTESIAN_POINT('Vertex',(-18.165,55.55,-0.7)) ;
#5791=CARTESIAN_POINT('Line Origine',(-18.165,-1.42108547152E-14,-0.7)) ;
#5795=CARTESIAN_POINT('Vertex',(-18.165,-55.55,-0.7)) ;
#5798=CARTESIAN_POINT('Axis2P3D Location',(-18.665,-55.55,-0.7)) ;
#5810=CARTESIAN_POINT('Axis2P3D Location',(-19.665,0.,-0.7)) ;
#5815=CARTESIAN_POINT('Axis2P3D Location',(-19.665,55.55,-0.7)) ;
#5819=CARTESIAN_POINT('Vertex',(-20.165,55.55,-0.7)) ;
#5822=CARTESIAN_POINT('Axis2P3D Location',(-19.665,-55.55,-0.7)) ;
#5826=CARTESIAN_POINT('Vertex',(-20.165,-55.55,-0.7)) ;
#5829=CARTESIAN_POINT('Line Origine',(-20.165,0.,-0.7)) ;
#5841=CARTESIAN_POINT('Axis2P3D Location',(0.,0.,-3.7)) ;
#5846=CARTESIAN_POINT('Axis2P3D Location',(18.865,57.57,-3.7)) ;
#5850=CARTESIAN_POINT('Vertex',(20.165,57.57,-3.7)) ;
#5852=CARTESIAN_POINT('Vertex',(18.865,58.87,-3.7)) ;
#5855=CARTESIAN_POINT('Line Origine',(20.165,56.56,-3.7)) ;
#5859=CARTESIAN_POINT('Vertex',(20.165,55.55,-3.7)) ;
#5862=CARTESIAN_POINT('Line Origine',(0.,55.55,-3.7)) ;
#5866=CARTESIAN_POINT('Vertex',(-20.165,55.55,-3.7)) ;
#5869=CARTESIAN_POINT('Line Origine',(-20.165,56.56,-3.7)) ;
#5873=CARTESIAN_POINT('Vertex',(-20.165,57.57,-3.7)) ;
#5876=CARTESIAN_POINT('Axis2P3D Location',(-18.865,57.57,-3.7)) ;
#5880=CARTESIAN_POINT('Vertex',(-18.865,58.87,-3.7)) ;
#5883=CARTESIAN_POINT('Line Origine',(-3.5527136788E-15,58.87,-3.7)) ;
#5897=CARTESIAN_POINT('Axis2P3D Location',(-25.165,55.55,0.)) ;
#5902=CARTESIAN_POINT('Line Origine',(20.165,55.55,-2.2)) ;
#5906=CARTESIAN_POINT('Vertex',(20.165,55.55,-0.7)) ;
#5909=CARTESIAN_POINT('Axis2P3D Location',(19.665,55.55,-0.7)) ;
#5913=CARTESIAN_POINT('Vertex',(19.665,55.55,-1.2)) ;
#5916=CARTESIAN_POINT('Line Origine',(19.165,55.55,-1.2)) ;
#5920=CARTESIAN_POINT('Vertex',(18.665,55.55,-1.2)) ;
#5923=CARTESIAN_POINT('Axis2P3D Location',(18.665,55.55,-0.7)) ;
#5927=CARTESIAN_POINT('Vertex',(18.165,55.55,-0.7)) ;
#5930=CARTESIAN_POINT('Line Origine',(0.,55.55,-0.7)) ;
#5935=CARTESIAN_POINT('Line Origine',(-20.165,55.55,-2.2)) ;
#5953=CARTESIAN_POINT('Axis2P3D Location',(0.,0.,-0.7)) ;
#5958=CARTESIAN_POINT('Line Origine',(18.165,0.,-0.7)) ;
#5962=CARTESIAN_POINT('Vertex',(18.165,-55.55,-0.7)) ;
#5965=CARTESIAN_POINT('Line Origine',(0.,-55.55,-0.7)) ;
#5976=CARTESIAN_POINT('Axis2P3D Location',(0.,40.,-0.7)) ;
#5980=CARTESIAN_POINT('Vertex',(1.6,32.8877500044,-0.7)) ;
#5982=CARTESIAN_POINT('Vertex',(5.35938917426,35.0582343561,-0.7)) ;
#5985=CARTESIAN_POINT('Line Origine',(6.30671271473,34.511296855,-0.7)) ;
#5989=CARTESIAN_POINT('Vertex',(7.2540362552,33.9643593539,-0.7)) ;
#5992=CARTESIAN_POINT('Line Origine',(8.0540362552,35.35,-0.7)) ;
#5996=CARTESIAN_POINT('Vertex',(8.8540362552,36.7356406461,-0.7)) ;
#5999=CARTESIAN_POINT('Line Origine',(7.90671271473,37.2825781472,-0.7)) ;
#6003=CARTESIAN_POINT('Vertex',(6.95938917426,37.8295156483,-0.7)) ;
#6006=CARTESIAN_POINT('Axis2P3D Location',(0.,40.,-0.7)) ;
#6010=CARTESIAN_POINT('Vertex',(6.95938917426,42.1704843517,-0.7)) ;
#6013=CARTESIAN_POINT('Line Origine',(7.90671271473,42.7174218528,-0.7)) ;
#6017=CARTESIAN_POINT('Vertex',(8.8540362552,43.2643593539,-0.7)) ;
#6020=CARTESIAN_POINT('Line Origine',(8.0540362552,44.65,-0.7)) ;
#6024=CARTESIAN_POINT('Vertex',(7.2540362552,46.0356406461,-0.7)) ;
#6027=CARTESIAN_POINT('Line Origine',(6.30671271473,45.488703145,-0.7)) ;
#6031=CARTESIAN_POINT('Vertex',(5.35938917426,44.9417656439,-0.7)) ;
#6034=CARTESIAN_POINT('Axis2P3D Location',(0.,40.,-0.7)) ;
#6038=CARTESIAN_POINT('Vertex',(1.6,47.1122499956,-0.7)) ;
#6041=CARTESIAN_POINT('Line Origine',(1.6,48.2061249978,-0.7)) ;
#6045=CARTESIAN_POINT('Vertex',(1.6,49.3,-0.7)) ;
#6048=CARTESIAN_POINT('Line Origine',(-1.7763568394E-15,49.3,-0.7)) ;
#6052=CARTESIAN_POINT('Vertex',(-1.6,49.3,-0.7)) ;
#6055=CARTESIAN_POINT('Line Origine',(-1.6,48.2061249978,-0.7)) ;
#6059=CARTESIAN_POINT('Vertex',(-1.6,47.1122499956,-0.7)) ;
#6062=CARTESIAN_POINT('Axis2P3D Location',(0.,40.,-0.7)) ;
#6066=CARTESIAN_POINT('Vertex',(-5.35938917426,44.9417656439,-0.7)) ;
#6069=CARTESIAN_POINT('Line Origine',(-6.30671271473,45.488703145,-0.7)) ;
#6073=CARTESIAN_POINT('Vertex',(-7.2540362552,46.0356406461,-0.7)) ;
#6076=CARTESIAN_POINT('Line Origine',(-8.0540362552,44.65,-0.7)) ;
#6080=CARTESIAN_POINT('Vertex',(-8.8540362552,43.2643593539,-0.7)) ;
#6083=CARTESIAN_POINT('Line Origine',(-7.90671271473,42.7174218528,-0.7)) ;
#6087=CARTESIAN_POINT('Vertex',(-6.95938917426,42.1704843517,-0.7)) ;
#6090=CARTESIAN_POINT('Axis2P3D Location',(0.,40.,-0.7)) ;
#6094=CARTESIAN_POINT('Vertex',(-6.95938917426,37.8295156483,-0.7)) ;
#6097=CARTESIAN_POINT('Line Origine',(-7.90671271473,37.2825781472,-0.7)) ;
#6101=CARTESIAN_POINT('Vertex',(-8.8540362552,36.7356406461,-0.7)) ;
#6104=CARTESIAN_POINT('Line Origine',(-8.0540362552,35.35,-0.7)) ;
#6108=CARTESIAN_POINT('Vertex',(-7.2540362552,33.9643593539,-0.7)) ;
#6111=CARTESIAN_POINT('Line Origine',(-6.30671271473,34.511296855,-0.7)) ;
#6115=CARTESIAN_POINT('Vertex',(-5.35938917426,35.0582343561,-0.7)) ;
#6118=CARTESIAN_POINT('Axis2P3D Location',(0.,40.,-0.7)) ;
#6122=CARTESIAN_POINT('Vertex',(-1.6,32.8877500044,-0.7)) ;
#6125=CARTESIAN_POINT('Line Origine',(-1.6,31.7938750022,-0.7)) ;
#6129=CARTESIAN_POINT('Vertex',(-1.6,30.7,-0.7)) ;
#6132=CARTESIAN_POINT('Line Origine',(-3.5527136788E-15,30.7,-0.7)) ;
#6136=CARTESIAN_POINT('Vertex',(1.6,30.7,-0.7)) ;
#6139=CARTESIAN_POINT('Line Origine',(1.6,31.7938750022,-0.7)) ;
#6170=CARTESIAN_POINT('Line Origine',(1.7763568394E-15,-20.9,-0.7)) ;
#6174=CARTESIAN_POINT('Vertex',(-7.8,-20.9,-0.7)) ;
#6176=CARTESIAN_POINT('Vertex',(7.8,-20.9,-0.7)) ;
#6179=CARTESIAN_POINT('Axis2P3D Location',(7.8,-17.7,-0.7)) ;
#6183=CARTESIAN_POINT('Vertex',(11.,-17.7,-0.7)) ;
#6186=CARTESIAN_POINT('Line Origine',(11.,0.,-0.7)) ;
#6190=CARTESIAN_POINT('Vertex',(11.,17.7,-0.7)) ;
#6193=CARTESIAN_POINT('Axis2P3D Location',(7.8,17.7,-0.7)) ;
#6197=CARTESIAN_POINT('Vertex',(7.8,20.9,-0.7)) ;
#6200=CARTESIAN_POINT('Line Origine',(-8.881784197E-16,20.9,-0.7)) ;
#6204=CARTESIAN_POINT('Vertex',(-7.8,20.9,-0.7)) ;
#6207=CARTESIAN_POINT('Axis2P3D Location',(-7.8,17.7,-0.7)) ;
#6211=CARTESIAN_POINT('Vertex',(-11.,17.7,-0.7)) ;
#6214=CARTESIAN_POINT('Line Origine',(-11.,0.,-0.7)) ;
#6218=CARTESIAN_POINT('Vertex',(-11.,-17.7,-0.7)) ;
#6221=CARTESIAN_POINT('Axis2P3D Location',(-7.8,-17.7,-0.7)) ;
#6237=CARTESIAN_POINT('Axis2P3D Location',(10.3,20.2,0.)) ;
#6242=CARTESIAN_POINT('Line Origine',(10.3,-17.7,-0.2)) ;
#6246=CARTESIAN_POINT('Vertex',(10.3,-17.7,-0.4)) ;
#6248=CARTESIAN_POINT('Vertex',(10.3,-17.7,0.)) ;
#6251=CARTESIAN_POINT('Line Origine',(10.3,3.5527136788E-15,0.)) ;
#6255=CARTESIAN_POINT('Vertex',(10.3,17.7,0.)) ;
#6258=CARTESIAN_POINT('Line Origine',(10.3,17.7,-0.2)) ;
#6262=CARTESIAN_POINT('Vertex',(10.3,17.7,-0.4)) ;
#6265=CARTESIAN_POINT('Line Origine',(10.3,3.5527136788E-15,-0.4)) ;
#6277=CARTESIAN_POINT('Axis2P3D Location',(7.8,-17.7,-0.2)) ;
#6282=CARTESIAN_POINT('Axis2P3D Location',(7.8,-17.7,-0.4)) ;
#6286=CARTESIAN_POINT('Vertex',(7.8,-20.2,-0.4)) ;
#6289=CARTESIAN_POINT('Line Origine',(7.8,-20.2,-0.2)) ;
#6293=CARTESIAN_POINT('Vertex',(7.8,-20.2,0.)) ;
#6296=CARTESIAN_POINT('Axis2P3D Location',(7.8,-17.7,0.)) ;
#6308=CARTESIAN_POINT('Axis2P3D Location',(7.8,17.7,-0.2)) ;
#6313=CARTESIAN_POINT('Line Origine',(7.8,20.2,-0.2)) ;
#6317=CARTESIAN_POINT('Vertex',(7.8,20.2,-0.4)) ;
#6319=CARTESIAN_POINT('Vertex',(7.8,20.2,0.)) ;
#6322=CARTESIAN_POINT('Axis2P3D Location',(7.8,17.7,-0.4)) ;
#6327=CARTESIAN_POINT('Axis2P3D Location',(7.8,17.7,0.)) ;
#6339=CARTESIAN_POINT('Axis2P3D Location',(-10.3,-20.2,0.)) ;
#6344=CARTESIAN_POINT('Line Origine',(0.,-20.2,0.)) ;
#6348=CARTESIAN_POINT('Vertex',(-7.8,-20.2,0.)) ;
#6351=CARTESIAN_POINT('Line Origine',(0.,-20.2,-0.4)) ;
#6355=CARTESIAN_POINT('Vertex',(-7.8,-20.2,-0.4)) ;
#6358=CARTESIAN_POINT('Line Origine',(-7.8,-20.2,-0.2)) ;
#6370=CARTESIAN_POINT('Axis2P3D Location',(-7.8,-17.7,-0.2)) ;
#6375=CARTESIAN_POINT('Axis2P3D Location',(-7.8,-17.7,-0.4)) ;
#6379=CARTESIAN_POINT('Vertex',(-10.3,-17.7,-0.4)) ;
#6382=CARTESIAN_POINT('Line Origine',(-10.3,-17.7,-0.2)) ;
#6386=CARTESIAN_POINT('Vertex',(-10.3,-17.7,0.)) ;
#6389=CARTESIAN_POINT('Axis2P3D Location',(-7.8,-17.7,0.)) ;
#6401=CARTESIAN_POINT('Axis2P3D Location',(-10.3,-20.2,0.)) ;
#6406=CARTESIAN_POINT('Line Origine',(-10.3,0.,-0.4)) ;
#6410=CARTESIAN_POINT('Vertex',(-10.3,17.7,-0.4)) ;
#6413=CARTESIAN_POINT('Line Origine',(-10.3,17.7,-0.2)) ;
#6417=CARTESIAN_POINT('Vertex',(-10.3,17.7,0.)) ;
#6420=CARTESIAN_POINT('Line Origine',(-10.3,0.,0.)) ;
#6432=CARTESIAN_POINT('Axis2P3D Location',(-7.8,17.7,-0.2)) ;
#6437=CARTESIAN_POINT('Axis2P3D Location',(-7.8,17.7,-0.4)) ;
#6441=CARTESIAN_POINT('Vertex',(-7.8,20.2,-0.4)) ;
#6444=CARTESIAN_POINT('Line Origine',(-7.8,20.2,-0.2)) ;
#6448=CARTESIAN_POINT('Vertex',(-7.8,20.2,0.)) ;
#6451=CARTESIAN_POINT('Axis2P3D Location',(-7.8,17.7,0.)) ;
#6463=CARTESIAN_POINT('Axis2P3D Location',(10.3,20.2,0.)) ;
#6468=CARTESIAN_POINT('Line Origine',(0.,20.2,-0.4)) ;
#6473=CARTESIAN_POINT('Line Origine',(0.,20.2,0.)) ;
#6485=CARTESIAN_POINT('Axis2P3D Location',(25.165,-55.55,0.)) ;
#6490=CARTESIAN_POINT('Axis2P3D Location',(18.665,-55.55,-0.7)) ;
#6494=CARTESIAN_POINT('Vertex',(18.665,-55.55,-1.2)) ;
#6497=CARTESIAN_POINT('Line Origine',(19.165,-55.55,-1.2)) ;
#6501=CARTESIAN_POINT('Vertex',(19.665,-55.55,-1.2)) ;
#6504=CARTESIAN_POINT('Axis2P3D Location',(19.665,-55.55,-0.7)) ;
#6508=CARTESIAN_POINT('Vertex',(20.165,-55.55,-0.7)) ;
#6511=CARTESIAN_POINT('Line Origine',(20.165,-55.55,-2.2)) ;
#6515=CARTESIAN_POINT('Vertex',(20.165,-55.55,-3.7)) ;
#6518=CARTESIAN_POINT('Line Origine',(0.,-55.55,-3.7)) ;
#6522=CARTESIAN_POINT('Vertex',(-20.165,-55.55,-3.7)) ;
#6525=CARTESIAN_POINT('Line Origine',(-20.165,-55.55,-2.2)) ;
#6543=CARTESIAN_POINT('Axis2P3D Location',(0.,-1.42108547152E-14,-0.4)) ;
#6548=CARTESIAN_POINT('Axis2P3D Location',(0.,-1.42108547152E-14,-1.05)) ;
#6552=CARTESIAN_POINT('Vertex',(1.76349139077E-15,7.2,-1.05)) ;
#6554=CARTESIAN_POINT('Vertex',(-8.81745695386E-16,-7.2,-1.05)) ;
#6557=CARTESIAN_POINT('Line Origine',(-8.81745695386E-16,-7.2,-0.4)) ;
#6561=CARTESIAN_POINT('Vertex',(-8.81745695386E-16,-7.2,0.)) ;
#6564=CARTESIAN_POINT('Axis2P3D Location',(0.,-1.42108547152E-14,0.)) ;
#6568=CARTESIAN_POINT('Vertex',(1.76349139077E-15,7.2,-1.44328993201E-15)) ;
#6571=CARTESIAN_POINT('Line Origine',(1.76349139077E-15,7.2,-0.4)) ;
#6583=CARTESIAN_POINT('Axis2P3D Location',(0.,-1.42108547152E-14,-1.05)) ;
#6588=CARTESIAN_POINT('Axis2P3D Location',(0.,-1.42108547152E-14,0.)) ;
#6600=CARTESIAN_POINT('Axis2P3D Location',(18.865,-57.57,-3.7)) ;
#6604=CARTESIAN_POINT('Vertex',(18.865,-58.87,-3.7)) ;
#6606=CARTESIAN_POINT('Vertex',(20.165,-57.57,-3.7)) ;
#6609=CARTESIAN_POINT('Line Origine',(-3.5527136788E-15,-58.87,-3.7)) ;
#6613=CARTESIAN_POINT('Vertex',(-18.865,-58.87,-3.7)) ;
#6616=CARTESIAN_POINT('Axis2P3D Location',(-18.865,-57.57,-3.7)) ;
#6620=CARTESIAN_POINT('Vertex',(-20.165,-57.57,-3.7)) ;
#6623=CARTESIAN_POINT('Line Origine',(-20.165,-56.56,-3.7)) ;
#6628=CARTESIAN_POINT('Line Origine',(20.165,-56.56,-3.7)) ;
#6642=CARTESIAN_POINT('Axis2P3D Location',(0.,0.,-0.4)) ;
#6657=CARTESIAN_POINT('Axis2P3D Location',(0.,-1.42108547152E-14,-0.4)) ;
#6661=CARTESIAN_POINT('Vertex',(1.93494194265E-15,7.9,-0.4)) ;
#6663=CARTESIAN_POINT('Vertex',(-9.67470971326E-16,-7.9,-0.4)) ;
#6666=CARTESIAN_POINT('Axis2P3D Location',(0.,-1.42108547152E-14,-0.4)) ;
#6676=CARTESIAN_POINT('Axis2P3D Location',(0.,0.,0.)) ;
#6681=CARTESIAN_POINT('Axis2P3D Location',(0.,-1.42108547152E-14,0.)) ;
#6685=CARTESIAN_POINT('Vertex',(1.93494194265E-15,7.9,0.)) ;
#6687=CARTESIAN_POINT('Vertex',(-9.67470971326E-16,-7.9,0.)) ;
#6690=CARTESIAN_POINT('Axis2P3D Location',(0.,-1.42108547152E-14,0.)) ;
#6704=CARTESIAN_POINT('Axis2P3D Location',(0.,-1.42108547152E-14,-0.2)) ;
#6709=CARTESIAN_POINT('Line Origine',(1.93494194265E-15,7.9,-0.2)) ;
#6714=CARTESIAN_POINT('Line Origine',(-1.69356319452E-14,-7.9,-0.2)) ;
#6733=CARTESIAN_POINT('Line Origine',(18.665,1.42108547152E-14,-1.2)) ;
#6738=CARTESIAN_POINT('Line Origine',(19.665,1.42108547152E-14,-1.2)) ;
#6750=CARTESIAN_POINT('Axis2P3D Location',(18.665,0.,-0.7)) ;
#6762=CARTESIAN_POINT('Axis2P3D Location',(19.665,1.42108547152E-14,-0.7)) ;
#6767=CARTESIAN_POINT('Line Origine',(20.165,1.42108547152E-14,-0.7)) ;
#6779=CARTESIAN_POINT('Axis2P3D Location',(-20.165,58.87,0.)) ;
#6784=CARTESIAN_POINT('Line Origine',(-20.165,-57.57,-1.85)) ;
#6788=CARTESIAN_POINT('Vertex',(-20.165,-57.57,0.)) ;
#6791=CARTESIAN_POINT('Line Origine',(-20.165,7.1054273576E-15,0.)) ;
#6795=CARTESIAN_POINT('Vertex',(-20.165,57.57,0.)) ;
#6798=CARTESIAN_POINT('Line Origine',(-20.165,57.57,-1.85)) ;
#6814=CARTESIAN_POINT('Axis2P3D Location',(-18.865,57.57,-1.85)) ;
#6819=CARTESIAN_POINT('Axis2P3D Location',(-18.865,57.57,0.)) ;
#6823=CARTESIAN_POINT('Vertex',(-18.865,58.87,0.)) ;
#6826=CARTESIAN_POINT('Line Origine',(-18.865,58.87,-1.85)) ;
#6838=CARTESIAN_POINT('Axis2P3D Location',(-18.865,-57.57,-1.85)) ;
#6843=CARTESIAN_POINT('Line Origine',(-18.865,-58.87,-1.85)) ;
#6847=CARTESIAN_POINT('Vertex',(-18.865,-58.87,0.)) ;
#6850=CARTESIAN_POINT('Axis2P3D Location',(-18.865,-57.57,0.)) ;
#6862=CARTESIAN_POINT('Axis2P3D Location',(20.165,58.87,0.)) ;
#6867=CARTESIAN_POINT('Line Origine',(18.865,58.87,-1.85)) ;
#6871=CARTESIAN_POINT('Vertex',(18.865,58.87,0.)) ;
#6874=CARTESIAN_POINT('Line Origine',(-3.5527136788E-15,58.87,0.)) ;
#6886=CARTESIAN_POINT('Axis2P3D Location',(18.865,57.57,-1.85)) ;
#6891=CARTESIAN_POINT('Axis2P3D Location',(18.865,57.57,0.)) ;
#6895=CARTESIAN_POINT('Vertex',(20.165,57.57,0.)) ;
#6898=CARTESIAN_POINT('Line Origine',(20.165,57.57,-1.85)) ;
#6910=CARTESIAN_POINT('Axis2P3D Location',(-20.165,-58.87,0.)) ;
#6915=CARTESIAN_POINT('Line Origine',(18.865,-58.87,-1.85)) ;
#6919=CARTESIAN_POINT('Vertex',(18.865,-58.87,0.)) ;
#6922=CARTESIAN_POINT('Line Origine',(-3.5527136788E-15,-58.87,0.)) ;
#6934=CARTESIAN_POINT('Axis2P3D Location',(18.865,-57.57,-1.85)) ;
#6939=CARTESIAN_POINT('Line Origine',(20.165,-57.57,-1.85)) ;
#6943=CARTESIAN_POINT('Vertex',(20.165,-57.57,0.)) ;
#6946=CARTESIAN_POINT('Axis2P3D Location',(18.865,-57.57,0.)) ;
#6958=CARTESIAN_POINT('Axis2P3D Location',(0.,0.,0.)) ;
#6963=CARTESIAN_POINT('Line Origine',(20.165,0.,0.)) ;
#6988=CARTESIAN_POINT('Axis2P3D Location',(0.,40.,0.)) ;
#6992=CARTESIAN_POINT('Vertex',(0.,46.3,0.)) ;
#6994=CARTESIAN_POINT('Vertex',(-7.71527483463E-16,33.7,0.)) ;
#6997=CARTESIAN_POINT('Axis2P3D Location',(0.,40.,0.)) ;
#7006=CARTESIAN_POINT('Line Origine',(19.465,-56.91,0.)) ;
#7010=CARTESIAN_POINT('Vertex',(19.465,-56.25,8.881784197E-16)) ;
#7012=CARTESIAN_POINT('Vertex',(19.465,-57.57,0.)) ;
#7015=CARTESIAN_POINT('Axis2P3D Location',(18.865,-57.57,0.)) ;
#7019=CARTESIAN_POINT('Vertex',(18.865,-58.17,4.4408920985E-16)) ;
#7022=CARTESIAN_POINT('Line Origine',(0.,-58.17,0.)) ;
#7026=CARTESIAN_POINT('Vertex',(-18.865,-58.17,0.)) ;
#7029=CARTESIAN_POINT('Axis2P3D Location',(-18.865,-57.57,0.)) ;
#7033=CARTESIAN_POINT('Vertex',(-19.465,-57.57,-4.4408920985E-16)) ;
#7036=CARTESIAN_POINT('Line Origine',(-19.465,-56.91,0.)) ;
#7040=CARTESIAN_POINT('Vertex',(-19.465,-56.25,8.881784197E-16)) ;
#7043=CARTESIAN_POINT('Line Origine',(0.,-56.25,0.)) ;
#7056=CARTESIAN_POINT('Line Origine',(0.,56.25,0.)) ;
#7060=CARTESIAN_POINT('Vertex',(-19.465,56.25,8.881784197E-16)) ;
#7062=CARTESIAN_POINT('Vertex',(19.465,56.25,8.881784197E-16)) ;
#7065=CARTESIAN_POINT('Line Origine',(-19.465,56.91,0.)) ;
#7069=CARTESIAN_POINT('Vertex',(-19.465,57.57,-4.4408920985E-16)) ;
#7072=CARTESIAN_POINT('Axis2P3D Location',(-18.865,57.57,0.)) ;
#7076=CARTESIAN_POINT('Vertex',(-18.865,58.17,0.)) ;
#7079=CARTESIAN_POINT('Line Origine',(0.,58.17,0.)) ;
#7083=CARTESIAN_POINT('Vertex',(18.865,58.17,4.4408920985E-16)) ;
#7086=CARTESIAN_POINT('Axis2P3D Location',(18.865,57.57,0.)) ;
#7090=CARTESIAN_POINT('Vertex',(19.465,57.57,0.)) ;
#7093=CARTESIAN_POINT('Line Origine',(19.465,56.91,0.)) ;
#7106=CARTESIAN_POINT('Axis2P3D Location',(0.,51.17,0.)) ;
#7110=CARTESIAN_POINT('Vertex',(0.,52.67,-2.77555756156E-17)) ;
#7112=CARTESIAN_POINT('Vertex',(-1.83697019872E-16,49.67,-2.77555756156E-17)) ;
#7115=CARTESIAN_POINT('Axis2P3D Location',(0.,51.17,0.)) ;
#7124=CARTESIAN_POINT('Axis2P3D Location',(0.,-51.17,0.)) ;
#7128=CARTESIAN_POINT('Vertex',(0.,-49.67,-2.77555756156E-17)) ;
#7130=CARTESIAN_POINT('Vertex',(-1.83697019872E-16,-52.67,-2.77555756156E-17)) ;
#7133=CARTESIAN_POINT('Axis2P3D Location',(0.,-51.17,0.)) ;
#7143=CARTESIAN_POINT('Axis2P3D Location',(20.165,-58.87,0.)) ;
#7159=CARTESIAN_POINT('Axis2P3D Location',(11.,-20.9,0.)) ;
#7164=CARTESIAN_POINT('Line Origine',(11.,-17.7,-0.9)) ;
#7168=CARTESIAN_POINT('Vertex',(11.,-17.7,-1.1)) ;
#7171=CARTESIAN_POINT('Line Origine',(11.,0.,-1.1)) ;
#7175=CARTESIAN_POINT('Vertex',(11.,17.7,-1.1)) ;
#7178=CARTESIAN_POINT('Line Origine',(11.,17.7,-0.9)) ;
#7190=CARTESIAN_POINT('Axis2P3D Location',(7.8,-17.7,-0.75)) ;
#7195=CARTESIAN_POINT('Line Origine',(7.8,-20.9,-0.75)) ;
#7199=CARTESIAN_POINT('Vertex',(7.8,-20.9,-1.1)) ;
#7202=CARTESIAN_POINT('Axis2P3D Location',(7.8,-17.7,-1.1)) ;
#7214=CARTESIAN_POINT('Axis2P3D Location',(7.8,17.7,-0.75)) ;
#7219=CARTESIAN_POINT('Axis2P3D Location',(7.8,17.7,-1.1)) ;
#7223=CARTESIAN_POINT('Vertex',(7.8,20.9,-1.1)) ;
#7226=CARTESIAN_POINT('Line Origine',(7.8,20.9,-0.75)) ;
#7238=CARTESIAN_POINT('Axis2P3D Location',(-11.,-20.9,0.)) ;
#7243=CARTESIAN_POINT('Line Origine',(-7.8,-20.9,-0.9)) ;
#7247=CARTESIAN_POINT('Vertex',(-7.8,-20.9,-1.1)) ;
#7250=CARTESIAN_POINT('Line Origine',(1.7763568394E-15,-20.9,-1.1)) ;
#7262=CARTESIAN_POINT('Axis2P3D Location',(-7.8,-17.7,-0.75)) ;
#7267=CARTESIAN_POINT('Line Origine',(-11.,-17.7,-0.75)) ;
#7271=CARTESIAN_POINT('Vertex',(-11.,-17.7,-1.1)) ;
#7274=CARTESIAN_POINT('Axis2P3D Location',(-7.8,-17.7,-1.1)) ;
#7286=CARTESIAN_POINT('Axis2P3D Location',(-11.,20.9,0.)) ;
#7291=CARTESIAN_POINT('Line Origine',(-11.,17.7,-0.9)) ;
#7295=CARTESIAN_POINT('Vertex',(-11.,17.7,-1.1)) ;
#7298=CARTESIAN_POINT('Line Origine',(-11.,3.5527136788E-15,-1.1)) ;
#7310=CARTESIAN_POINT('Axis2P3D Location',(-7.8,17.7,-0.75)) ;
#7315=CARTESIAN_POINT('Line Origine',(-7.8,20.9,-0.75)) ;
#7319=CARTESIAN_POINT('Vertex',(-7.8,20.9,-1.1)) ;
#7322=CARTESIAN_POINT('Axis2P3D Location',(-7.8,17.7,-1.1)) ;
#7334=CARTESIAN_POINT('Axis2P3D Location',(11.,20.9,0.)) ;
#7339=CARTESIAN_POINT('Line Origine',(-8.881784197E-16,20.9,-1.1)) ;
#7351=CARTESIAN_POINT('Axis2P3D Location',(0.,0.,-1.1)) ;
#7366=CARTESIAN_POINT('Axis2P3D Location',(0.,0.,-1.1)) ;
#7370=CARTESIAN_POINT('Vertex',(-1.13279828921E-15,-9.25,-1.1)) ;
#7372=CARTESIAN_POINT('Vertex',(2.26559657842E-15,9.25,-1.1)) ;
#7375=CARTESIAN_POINT('Axis2P3D Location',(0.,0.,-1.1)) ;
#7385=CARTESIAN_POINT('Axis2P3D Location',(0.,0.,-1.7)) ;
#7390=CARTESIAN_POINT('Axis2P3D Location',(1.41773310831E-15,40.,-1.7)) ;
#7394=CARTESIAN_POINT('Vertex',(6.47430271651E-16,33.71,-1.7)) ;
#7396=CARTESIAN_POINT('Vertex',(8.54498104156E-15,46.29,-1.7)) ;
#7399=CARTESIAN_POINT('Axis2P3D Location',(1.41773310831E-15,40.,-1.7)) ;
#7408=CARTESIAN_POINT('Axis2P3D Location',(0.,40.,-1.7)) ;
#7412=CARTESIAN_POINT('Vertex',(-2.02066721859E-16,38.35,-1.7)) ;
#7414=CARTESIAN_POINT('Vertex',(0.,41.65,-1.7)) ;
#7417=CARTESIAN_POINT('Axis2P3D Location',(0.,40.,-1.7)) ;
#7427=CARTESIAN_POINT('Axis2P3D Location',(7.36299909931E-15,40.,-7.99)) ;
#7433=CARTESIAN_POINT('Control Point',(7.32747196253E-15,33.7,-1.69)) ;
#7434=CARTESIAN_POINT('Control Point',(-0.522434535593,33.7,-1.69)) ;
#7435=CARTESIAN_POINT('Control Point',(-1.04424093834,33.7,-1.62680223056)) ;
#7436=CARTESIAN_POINT('Control Point',(-1.6,33.7,-1.49)) ;
#7437=CARTESIAN_POINT('Vertex',(1.76350916901E-15,33.7,-1.69)) ;
#7439=CARTESIAN_POINT('Vertex',(-1.6,33.7,-1.48999999965)) ;
#7443=CARTESIAN_POINT('Control Point',(-1.60000000073,33.6999999998,-1.48999999965)) ;
#7444=CARTESIAN_POINT('Control Point',(-1.60000000173,33.4518436024,-1.24947918343)) ;
#7445=CARTESIAN_POINT('Control Point',(-1.6,33.1819502343,-0.987026829025)) ;
#7446=CARTESIAN_POINT('Control Point',(-1.6,32.8877500044,-0.7)) ;
#7449=CARTESIAN_POINT('Control Point',(-4.65596004363,35.4643593532,-1.48999999965)) ;
#7450=CARTESIAN_POINT('Control Point',(-4.87086978742,35.3402811536,-1.24947918343)) ;
#7451=CARTESIAN_POINT('Control Point',(-5.10460430141,35.2053344711,-0.98702682901)) ;
#7452=CARTESIAN_POINT('Control Point',(-5.35938917426,35.0582343561,-0.7)) ;
#7453=CARTESIAN_POINT('Vertex',(-4.65596004384,35.4643593539,-1.48999999965)) ;
#7457=CARTESIAN_POINT('Control Point',(-6.25596004384,38.2356406461,-1.49)) ;
#7458=CARTESIAN_POINT('Control Point',(-5.83879851702,37.5130956866,-1.69537182859)) ;
#7459=CARTESIAN_POINT('Control Point',(-5.45595981221,36.8500001337,-1.74950377122)) ;
#7460=CARTESIAN_POINT('Control Point',(-5.07312157067,36.1869043134,-1.69537182859)) ;
#7461=CARTESIAN_POINT('Control Point',(-4.65596004384,35.4643593539,-1.49)) ;
#7462=CARTESIAN_POINT('Vertex',(-6.25596004384,38.2356406461,-1.48999999965)) ;
#7466=CARTESIAN_POINT('Control Point',(-6.25596004436,38.2356406466,-1.48999999965)) ;
#7467=CARTESIAN_POINT('Control Point',(-6.47086978915,38.1115624487,-1.24947918344)) ;
#7468=CARTESIAN_POINT('Control Point',(-6.70460430142,37.9766157632,-0.987026829001)) ;
#7469=CARTESIAN_POINT('Control Point',(-6.95938917426,37.8295156483,-0.7)) ;
#7472=CARTESIAN_POINT('Control Point',(-6.25596004436,41.7643593534,-1.48999999965)) ;
#7473=CARTESIAN_POINT('Control Point',(-6.47086978914,41.8884375513,-1.24947918344)) ;
#7474=CARTESIAN_POINT('Control Point',(-6.70460430143,42.0233842368,-0.98702682898)) ;
#7475=CARTESIAN_POINT('Control Point',(-6.95938917426,42.1704843517,-0.7)) ;
#7476=CARTESIAN_POINT('Vertex',(-6.25596004384,41.7643593539,-1.48999999965)) ;
#7480=CARTESIAN_POINT('Control Point',(-4.65596004384,44.5356406461,-1.49)) ;
#7481=CARTESIAN_POINT('Control Point',(-5.07312157061,43.8130956867,-1.69537182856)) ;
#7482=CARTESIAN_POINT('Control Point',(-5.45595981221,43.1499998663,-1.74950377125)) ;
#7483=CARTESIAN_POINT('Control Point',(-5.83879851707,42.4869043133,-1.69537182856)) ;
#7484=CARTESIAN_POINT('Control Point',(-6.25596004384,41.7643593539,-1.49)) ;
#7485=CARTESIAN_POINT('Vertex',(-4.65596004384,44.5356406461,-1.48999999965)) ;
#7489=CARTESIAN_POINT('Control Point',(-4.65596004363,44.5356406468,-1.48999999965)) ;
#7490=CARTESIAN_POINT('Control Point',(-4.87086978742,44.6597188464,-1.24947918343)) ;
#7491=CARTESIAN_POINT('Control Point',(-5.10460430141,44.7946655289,-0.987026829011)) ;
#7492=CARTESIAN_POINT('Control Point',(-5.35938917426,44.9417656439,-0.7)) ;
#7495=CARTESIAN_POINT('Control Point',(-1.60000000073,46.3000000002,-1.48999999965)) ;
#7496=CARTESIAN_POINT('Control Point',(-1.60000000173,46.5481563976,-1.24947918344)) ;
#7497=CARTESIAN_POINT('Control Point',(-1.6,46.8180497658,-0.987026829004)) ;
#7498=CARTESIAN_POINT('Control Point',(-1.6,47.1122499956,-0.7)) ;
#7499=CARTESIAN_POINT('Vertex',(-1.6,46.3,-1.48999999965)) ;
#7503=CARTESIAN_POINT('Control Point',(-2.22044604925E-16,46.3,-1.69)) ;
#7504=CARTESIAN_POINT('Control Point',(-0.522434535667,46.3,-1.69)) ;
#7505=CARTESIAN_POINT('Control Point',(-1.04424093826,46.3,-1.62680223058)) ;
#7506=CARTESIAN_POINT('Control Point',(-1.6,46.3,-1.49)) ;
#7507=CARTESIAN_POINT('Vertex',(-1.1705880921E-17,46.3,-1.69)) ;
#7510=CARTESIAN_POINT('Line Origine',(-5.8529404605E-16,46.79,-1.2)) ;
#7515=CARTESIAN_POINT('Line Origine',(1.32799328554E-15,33.21,-1.2)) ;
#7539=CARTESIAN_POINT('Axis2P3D Location',(1.41126231383E-14,40.,-7.99)) ;
#7545=CARTESIAN_POINT('Control Point',(8.881784197E-15,46.3,-1.69)) ;
#7546=CARTESIAN_POINT('Control Point',(0.522434535718,46.3,-1.69)) ;
#7547=CARTESIAN_POINT('Control Point',(1.04424093821,46.3,-1.62680223059)) ;
#7548=CARTESIAN_POINT('Control Point',(1.6,46.3,-1.49)) ;
#7549=CARTESIAN_POINT('Vertex',(1.6,46.3,-1.48999999965)) ;
#7553=CARTESIAN_POINT('Control Point',(1.60000000073,46.3000000002,-1.48999999965)) ;
#7554=CARTESIAN_POINT('Control Point',(1.60000000173,46.5481563976,-1.24947918344)) ;
#7555=CARTESIAN_POINT('Control Point',(1.6,46.8180497658,-0.987026829006)) ;
#7556=CARTESIAN_POINT('Control Point',(1.6,47.1122499956,-0.7)) ;
#7559=CARTESIAN_POINT('Control Point',(4.65596004363,44.5356406468,-1.48999999965)) ;
#7560=CARTESIAN_POINT('Control Point',(4.87086978742,44.6597188464,-1.24947918343)) ;
#7561=CARTESIAN_POINT('Control Point',(5.1046043014,44.7946655289,-0.987026829023)) ;
#7562=CARTESIAN_POINT('Control Point',(5.35938917426,44.9417656439,-0.7)) ;
#7563=CARTESIAN_POINT('Vertex',(4.65596004384,44.5356406461,-1.48999999965)) ;
#7567=CARTESIAN_POINT('Control Point',(6.25596004384,41.7643593539,-1.49)) ;
#7568=CARTESIAN_POINT('Control Point',(5.83879851713,42.4869043132,-1.69537182854)) ;
#7569=CARTESIAN_POINT('Control Point',(5.4559598122,43.1499998663,-1.74950377129)) ;
#7570=CARTESIAN_POINT('Control Point',(5.07312157056,43.8130956868,-1.69537182854)) ;
#7571=CARTESIAN_POINT('Control Point',(4.65596004384,44.5356406461,-1.49)) ;
#7572=CARTESIAN_POINT('Vertex',(6.25596004384,41.7643593539,-1.48999999965)) ;
#7576=CARTESIAN_POINT('Control Point',(6.25596004436,41.7643593534,-1.48999999965)) ;
#7577=CARTESIAN_POINT('Control Point',(6.47086978915,41.8884375513,-1.24947918343)) ;
#7578=CARTESIAN_POINT('Control Point',(6.7046043014,42.0233842368,-0.987026829023)) ;
#7579=CARTESIAN_POINT('Control Point',(6.95938917426,42.1704843517,-0.7)) ;
#7582=CARTESIAN_POINT('Control Point',(6.25596004436,38.2356406466,-1.48999999965)) ;
#7583=CARTESIAN_POINT('Control Point',(6.47086978915,38.1115624487,-1.24947918344)) ;
#7584=CARTESIAN_POINT('Control Point',(6.70460430141,37.9766157632,-0.987026829005)) ;
#7585=CARTESIAN_POINT('Control Point',(6.95938917426,37.8295156483,-0.7)) ;
#7586=CARTESIAN_POINT('Vertex',(6.25596004384,38.2356406461,-1.48999999965)) ;
#7590=CARTESIAN_POINT('Control Point',(4.65596004384,35.4643593539,-1.49)) ;
#7591=CARTESIAN_POINT('Control Point',(5.07312157064,36.1869043133,-1.69537182858)) ;
#7592=CARTESIAN_POINT('Control Point',(5.45595981221,36.8500001337,-1.74950377124)) ;
#7593=CARTESIAN_POINT('Control Point',(5.83879851705,37.5130956867,-1.69537182858)) ;
#7594=CARTESIAN_POINT('Control Point',(6.25596004384,38.2356406461,-1.49)) ;
#7595=CARTESIAN_POINT('Vertex',(4.65596004384,35.4643593539,-1.48999999965)) ;
#7599=CARTESIAN_POINT('Control Point',(4.65596004363,35.4643593532,-1.48999999965)) ;
#7600=CARTESIAN_POINT('Control Point',(4.87086978742,35.3402811536,-1.24947918344)) ;
#7601=CARTESIAN_POINT('Control Point',(5.10460430142,35.2053344711,-0.987026829)) ;
#7602=CARTESIAN_POINT('Control Point',(5.35938917426,35.0582343561,-0.7)) ;
#7605=CARTESIAN_POINT('Control Point',(1.60000000073,33.6999999998,-1.48999999965)) ;
#7606=CARTESIAN_POINT('Control Point',(1.60000000173,33.4518436024,-1.24947918344)) ;
#7607=CARTESIAN_POINT('Control Point',(1.6,33.1819502342,-0.987026828999)) ;
#7608=CARTESIAN_POINT('Control Point',(1.6,32.8877500044,-0.7)) ;
#7609=CARTESIAN_POINT('Vertex',(1.6,33.7,-1.48999999965)) ;
#7613=CARTESIAN_POINT('Control Point',(-8.43769498715E-15,33.7,-1.69)) ;
#7614=CARTESIAN_POINT('Control Point',(0.522434535523,33.7,-1.69)) ;
#7615=CARTESIAN_POINT('Control Point',(1.04424093842,33.7,-1.62680223054)) ;
#7616=CARTESIAN_POINT('Control Point',(1.6,33.7,-1.49)) ;
#7637=CARTESIAN_POINT('Axis2P3D Location',(0.,0.,-1.05)) ;
#7643=CARTESIAN_POINT('Control Point',(6.2172489379E-15,9.25,-1.05)) ;
#7644=CARTESIAN_POINT('Control Point',(1.45298660229,9.25,-1.05)) ;
#7645=CARTESIAN_POINT('Control Point',(2.90597320457,8.96470674778,-1.05)) ;
#7646=CARTESIAN_POINT('Control Point',(4.28417157381,8.3938382916,-1.05)) ;
#7647=CARTESIAN_POINT('Control Point',(6.74247051925,6.74247051925,-1.05)) ;
#7648=CARTESIAN_POINT('Control Point',(8.3938382916,4.28417157381,-1.05)) ;
#7649=CARTESIAN_POINT('Control Point',(8.96470674778,2.90597320457,-1.05)) ;
#7650=CARTESIAN_POINT('Control Point',(9.53529325222,1.9277715475E-14,-1.05)) ;
#7651=CARTESIAN_POINT('Control Point',(8.96470674778,-2.90597320457,-1.05)) ;
#7652=CARTESIAN_POINT('Control Point',(8.3938382916,-4.28417157381,-1.05)) ;
#7653=CARTESIAN_POINT('Control Point',(6.74247051925,-6.74247051925,-1.05)) ;
#7654=CARTESIAN_POINT('Control Point',(4.28417157381,-8.3938382916,-1.05)) ;
#7655=CARTESIAN_POINT('Control Point',(2.90597320457,-8.96470674778,-1.05)) ;
#7656=CARTESIAN_POINT('Control Point',(1.45298660229,-9.25,-1.05)) ;
#7657=CARTESIAN_POINT('Control Point',(3.86011158656E-15,-9.25,-1.05)) ;
#7658=CARTESIAN_POINT('Vertex',(-5.9500538038E-15,9.25,-1.05)) ;
#7660=CARTESIAN_POINT('Vertex',(2.9750269019E-15,-9.25,-1.05)) ;
#7664=CARTESIAN_POINT('Control Point',(-3.10862446895E-15,-9.25,-1.05)) ;
#7665=CARTESIAN_POINT('Control Point',(-1.45298660229,-9.25,-1.05)) ;
#7666=CARTESIAN_POINT('Control Point',(-2.90597320457,-8.96470674778,-1.05)) ;
#7667=CARTESIAN_POINT('Control Point',(-4.28417157381,-8.3938382916,-1.05)) ;
#7668=CARTESIAN_POINT('Control Point',(-6.74247051925,-6.74247051925,-1.05)) ;
#7669=CARTESIAN_POINT('Control Point',(-8.3938382916,-4.28417157381,-1.05)) ;
#7670=CARTESIAN_POINT('Control Point',(-8.96470674778,-2.90597320457,-1.05)) ;
#7671=CARTESIAN_POINT('Control Point',(-9.53529325222,-1.98447071066E-15,-1.05)) ;
#7672=CARTESIAN_POINT('Control Point',(-8.96470674778,2.90597320457,-1.05)) ;
#7673=CARTESIAN_POINT('Control Point',(-8.3938382916,4.28417157381,-1.05)) ;
#7674=CARTESIAN_POINT('Control Point',(-6.74247051925,6.74247051925,-1.05)) ;
#7675=CARTESIAN_POINT('Control Point',(-4.28417157381,8.3938382916,-1.05)) ;
#7676=CARTESIAN_POINT('Control Point',(-2.90597320457,8.96470674778,-1.05)) ;
#7677=CARTESIAN_POINT('Control Point',(-1.45298660229,9.25,-1.05)) ;
#7678=CARTESIAN_POINT('Control Point',(5.77315972805E-15,9.25,-1.05)) ;
#7689=CARTESIAN_POINT('Axis2P3D Location',(0.,0.,-25.14)) ;
#7694=CARTESIAN_POINT('Line Origine',(2.26559657842E-15,9.25,-25.14)) ;
#7699=CARTESIAN_POINT('Line Origine',(-3.39839486763E-15,-9.25,-25.14)) ;
#7718=CARTESIAN_POINT('Axis2P3D Location',(-19.465,-58.17,0.)) ;
#7723=CARTESIAN_POINT('Line Origine',(-19.465,-57.57,-1.5)) ;
#7727=CARTESIAN_POINT('Vertex',(-19.465,-57.57,-3.)) ;
#7730=CARTESIAN_POINT('Line Origine',(-19.465,-56.91,-3.)) ;
#7734=CARTESIAN_POINT('Vertex',(-19.465,-56.25,-3.)) ;
#7737=CARTESIAN_POINT('Line Origine',(-19.465,-56.25,-1.5)) ;
#7749=CARTESIAN_POINT('Axis2P3D Location',(-18.865,-57.57,3.5)) ;
#7754=CARTESIAN_POINT('Line Origine',(-18.865,-58.17,3.5)) ;
#7758=CARTESIAN_POINT('Vertex',(-18.865,-58.17,-3.)) ;
#7761=CARTESIAN_POINT('Axis2P3D Location',(-18.865,-57.57,-3.)) ;
#7773=CARTESIAN_POINT('Axis2P3D Location',(19.465,-58.17,0.)) ;
#7778=CARTESIAN_POINT('Line Origine',(18.865,-58.17,-1.5)) ;
#7782=CARTESIAN_POINT('Vertex',(18.865,-58.17,-3.)) ;
#7785=CARTESIAN_POINT('Line Origine',(0.,-58.17,-3.)) ;
#7797=CARTESIAN_POINT('Axis2P3D Location',(18.865,-57.57,3.5)) ;
#7802=CARTESIAN_POINT('Line Origine',(19.465,-57.57,3.5)) ;
#7806=CARTESIAN_POINT('Vertex',(19.465,-57.57,-3.)) ;
#7809=CARTESIAN_POINT('Axis2P3D Location',(18.865,-57.57,-3.)) ;
#7821=CARTESIAN_POINT('Axis2P3D Location',(19.465,-56.25,0.)) ;
#7826=CARTESIAN_POINT('Line Origine',(19.465,-56.25,-1.5)) ;
#7830=CARTESIAN_POINT('Vertex',(19.465,-56.25,-3.)) ;
#7833=CARTESIAN_POINT('Line Origine',(19.465,-56.91,-3.)) ;
#7845=CARTESIAN_POINT('Axis2P3D Location',(-19.465,-56.25,0.)) ;
#7850=CARTESIAN_POINT('Line Origine',(0.,-56.25,-3.)) ;
#7862=CARTESIAN_POINT('Axis2P3D Location',(0.,0.,-3.)) ;
#7876=CARTESIAN_POINT('Line Origine',(-19.465,56.25,-1.5)) ;
#7880=CARTESIAN_POINT('Vertex',(-19.465,56.25,-3.)) ;
#7883=CARTESIAN_POINT('Line Origine',(-19.465,56.91,-3.)) ;
#7887=CARTESIAN_POINT('Vertex',(-19.465,57.57,-3.)) ;
#7890=CARTESIAN_POINT('Line Origine',(-19.465,57.57,-1.5)) ;
#7902=CARTESIAN_POINT('Axis2P3D Location',(-18.865,57.57,3.5)) ;
#7907=CARTESIAN_POINT('Axis2P3D Location',(-18.865,57.57,-3.)) ;
#7911=CARTESIAN_POINT('Vertex',(-18.865,58.17,-3.)) ;
#7914=CARTESIAN_POINT('Line Origine',(-18.865,58.17,3.5)) ;
#7926=CARTESIAN_POINT('Axis2P3D Location',(19.465,58.17,0.)) ;
#7931=CARTESIAN_POINT('Line Origine',(0.,58.17,-3.)) ;
#7935=CARTESIAN_POINT('Vertex',(18.865,58.17,-3.)) ;
#7938=CARTESIAN_POINT('Line Origine',(18.865,58.17,-1.5)) ;
#7950=CARTESIAN_POINT('Axis2P3D Location',(18.865,57.57,3.5)) ;
#7955=CARTESIAN_POINT('Axis2P3D Location',(18.865,57.57,-3.)) ;
#7959=CARTESIAN_POINT('Vertex',(19.465,57.57,-3.)) ;
#7962=CARTESIAN_POINT('Line Origine',(19.465,57.57,3.5)) ;
#7974=CARTESIAN_POINT('Line Origine',(19.465,56.91,-3.)) ;
#7978=CARTESIAN_POINT('Vertex',(19.465,56.25,-3.)) ;
#7981=CARTESIAN_POINT('Line Origine',(19.465,56.25,-1.5)) ;
#7993=CARTESIAN_POINT('Axis2P3D Location',(-19.465,56.25,0.)) ;
#7998=CARTESIAN_POINT('Line Origine',(0.,56.25,-3.)) ;
#8019=CARTESIAN_POINT('Axis2P3D Location',(0.,40.,-0.1)) ;
#8024=CARTESIAN_POINT('Axis2P3D Location',(0.,40.,-0.5)) ;
#8028=CARTESIAN_POINT('Vertex',(-7.71527483463E-16,33.7,-0.5)) ;
#8030=CARTESIAN_POINT('Vertex',(0.,46.3,-0.5)) ;
#8033=CARTESIAN_POINT('Line Origine',(0.,46.3,-0.1)) ;
#8038=CARTESIAN_POINT('Line Origine',(-7.71527483463E-16,33.7,-0.1)) ;
#8050=CARTESIAN_POINT('Axis2P3D Location',(0.,40.,-0.5)) ;
#8062=CARTESIAN_POINT('Axis2P3D Location',(0.,0.,-1.2)) ;
#8067=CARTESIAN_POINT('Axis2P3D Location',(0.,40.,-1.2)) ;
#8071=CARTESIAN_POINT('Vertex',(4.47707305237,35.5676398066,-1.2)) ;
#8073=CARTESIAN_POINT('Vertex',(1.6,33.9065609054,-1.2)) ;
#8076=CARTESIAN_POINT('Line Origine',(3.03853652618,36.3981792573,-1.2)) ;
#8080=CARTESIAN_POINT('Vertex',(1.6,37.2287187079,-1.2)) ;
#8083=CARTESIAN_POINT('Line Origine',(1.6,35.5676398066,-1.2)) ;
#8094=CARTESIAN_POINT('Axis2P3D Location',(0.,40.,-1.2)) ;
#8098=CARTESIAN_POINT('Vertex',(-3.02038089321,34.4712298601,-1.2)) ;
#8100=CARTESIAN_POINT('Vertex',(-4.47707305237,35.5676398066,-1.2)) ;
#8103=CARTESIAN_POINT('Axis2P3D Location',(0.,40.,-1.2)) ;
#8107=CARTESIAN_POINT('Vertex',(-1.6,33.9065609054,-1.2)) ;
#8110=CARTESIAN_POINT('Line Origine',(-1.6,35.5676398066,-1.2)) ;
#8114=CARTESIAN_POINT('Vertex',(-1.6,37.2287187079,-1.2)) ;
#8117=CARTESIAN_POINT('Line Origine',(-3.03853652618,36.3981792573,-1.2)) ;
#8129=CARTESIAN_POINT('Axis2P3D Location',(0.,40.,-1.2)) ;
#8133=CARTESIAN_POINT('Vertex',(6.07707305237,41.6610789013,-1.2)) ;
#8135=CARTESIAN_POINT('Vertex',(6.07707305237,38.3389210987,-1.2)) ;
#8138=CARTESIAN_POINT('Line Origine',(4.63853652618,40.8305394506,-1.2)) ;
#8142=CARTESIAN_POINT('Vertex',(3.2,40.,-1.2)) ;
#8145=CARTESIAN_POINT('Line Origine',(4.63853652618,39.1694605494,-1.2)) ;
#8156=CARTESIAN_POINT('Axis2P3D Location',(0.,40.,-1.2)) ;
#8160=CARTESIAN_POINT('Vertex',(-6.07707305237,38.3389210987,-1.2)) ;
#8162=CARTESIAN_POINT('Vertex',(-6.07707305237,41.6610789013,-1.2)) ;
#8165=CARTESIAN_POINT('Line Origine',(-4.63853652618,39.1694605494,-1.2)) ;
#8169=CARTESIAN_POINT('Vertex',(-3.2,40.,-1.2)) ;
#8172=CARTESIAN_POINT('Line Origine',(-4.63853652618,40.8305394506,-1.2)) ;
#8183=CARTESIAN_POINT('Axis2P3D Location',(0.,40.,-1.2)) ;
#8187=CARTESIAN_POINT('Vertex',(3.02038089321,45.5287701399,-1.2)) ;
#8189=CARTESIAN_POINT('Vertex',(4.47707305237,44.4323601934,-1.2)) ;
#8192=CARTESIAN_POINT('Axis2P3D Location',(0.,40.,-1.2)) ;
#8196=CARTESIAN_POINT('Vertex',(1.6,46.0934390946,-1.2)) ;
#8199=CARTESIAN_POINT('Line Origine',(1.6,44.4323601934,-1.2)) ;
#8203=CARTESIAN_POINT('Vertex',(1.6,42.7712812921,-1.2)) ;
#8206=CARTESIAN_POINT('Line Origine',(3.03853652618,43.6018207427,-1.2)) ;
#8218=CARTESIAN_POINT('Axis2P3D Location',(0.,40.,-1.2)) ;
#8222=CARTESIAN_POINT('Vertex',(-4.47707305237,44.4323601934,-1.2)) ;
#8224=CARTESIAN_POINT('Vertex',(-1.6,46.0934390946,-1.2)) ;
#8227=CARTESIAN_POINT('Line Origine',(-3.03853652618,43.6018207427,-1.2)) ;
#8231=CARTESIAN_POINT('Vertex',(-1.6,42.7712812921,-1.2)) ;
#8234=CARTESIAN_POINT('Line Origine',(-1.6,44.4323601934,-1.2)) ;
#8245=CARTESIAN_POINT('Axis2P3D Location',(0.,0.,-0.6)) ;
#8250=CARTESIAN_POINT('Axis2P3D Location',(0.,40.,-0.6)) ;
#8254=CARTESIAN_POINT('Vertex',(1.6,46.7119296778,-0.6)) ;
#8256=CARTESIAN_POINT('Vertex',(-1.6,46.7119296778,-0.6)) ;
#8259=CARTESIAN_POINT('Line Origine',(-1.6,48.0059648389,-0.6)) ;
#8263=CARTESIAN_POINT('Vertex',(-1.6,49.3,-0.6)) ;
#8266=CARTESIAN_POINT('Line Origine',(-1.7763568394E-15,49.3,-0.6)) ;
#8270=CARTESIAN_POINT('Vertex',(1.6,49.3,-0.6)) ;
#8273=CARTESIAN_POINT('Line Origine',(1.6,48.0059648389,-0.6)) ;
#8285=CARTESIAN_POINT('Axis2P3D Location',(-1.6,49.3,-1.2)) ;
#8290=CARTESIAN_POINT('Line Origine',(1.6,49.3,-0.65)) ;
#8295=CARTESIAN_POINT('Line Origine',(-1.6,49.3,-0.65)) ;
#8307=CARTESIAN_POINT('Axis2P3D Location',(1.6,49.3,-1.2)) ;
#8313=CARTESIAN_POINT('Control Point',(1.6,46.0934390946,-1.2)) ;
#8314=CARTESIAN_POINT('Control Point',(1.6,46.2172146673,-1.08028271215)) ;
#8315=CARTESIAN_POINT('Control Point',(1.6,46.3409525106,-0.960405853233)) ;
#8316=CARTESIAN_POINT('Control Point',(1.6,46.4646630425,-0.8403781532)) ;
#8317=CARTESIAN_POINT('Control Point',(1.6,46.5883176254,-0.720242812046)) ;
#8318=CARTESIAN_POINT('Control Point',(1.6,46.7119296778,-0.6)) ;
#8320=CARTESIAN_POINT('Line Origine',(1.6,46.3,-1.44520518602)) ;
#8324=CARTESIAN_POINT('Vertex',(1.6,46.3,-1.40041037239)) ;
#8327=CARTESIAN_POINT('Line Origine',(1.6,45.0500000004,-1.35020518619)) ;
#8331=CARTESIAN_POINT('Vertex',(1.6,43.8000000007,-1.3)) ;
#8334=CARTESIAN_POINT('Line Origine',(1.6,43.2856406464,-1.3)) ;
#8338=CARTESIAN_POINT('Vertex',(1.6,42.7712812921,-1.3)) ;
#8341=CARTESIAN_POINT('Line Origine',(1.6,42.7712812921,-1.25)) ;
#8359=CARTESIAN_POINT('Axis2P3D Location',(-1.6,46.3,-1.2)) ;
#8365=CARTESIAN_POINT('Control Point',(-1.6,46.0934390946,-1.2)) ;
#8366=CARTESIAN_POINT('Control Point',(-1.6,46.2172146673,-1.08028271215)) ;
#8367=CARTESIAN_POINT('Control Point',(-1.6,46.3409525106,-0.960405853233)) ;
#8368=CARTESIAN_POINT('Control Point',(-1.6,46.4646630425,-0.8403781532)) ;
#8369=CARTESIAN_POINT('Control Point',(-1.6,46.5883176254,-0.720242812046)) ;
#8370=CARTESIAN_POINT('Control Point',(-1.6,46.7119296778,-0.6)) ;
#8372=CARTESIAN_POINT('Line Origine',(-1.6,42.7712812921,-1.25)) ;
#8376=CARTESIAN_POINT('Vertex',(-1.6,42.7712812921,-1.3)) ;
#8379=CARTESIAN_POINT('Line Origine',(-1.6,43.2856406464,-1.3)) ;
#8383=CARTESIAN_POINT('Vertex',(-1.6,43.8000000007,-1.3)) ;
#8386=CARTESIAN_POINT('Line Origine',(-1.6,45.0500000004,-1.35020518619)) ;
#8390=CARTESIAN_POINT('Vertex',(-1.6,46.3,-1.40041037239)) ;
#8393=CARTESIAN_POINT('Line Origine',(-1.6,46.3,-1.44520518602)) ;
#8411=CARTESIAN_POINT('Axis2P3D Location',(1.6,46.3,-1.2)) ;
#8416=CARTESIAN_POINT('Line Origine',(-1.55431223448E-15,46.3,-1.40041037239)) ;
#8429=CARTESIAN_POINT('Axis2P3D Location',(0.,43.8000000007,-1.3)) ;
#8434=CARTESIAN_POINT('Line Origine',(0.,43.8000000007,-1.3)) ;
#8446=CARTESIAN_POINT('Axis2P3D Location',(0.,40.,-0.6)) ;
#8450=CARTESIAN_POINT('Vertex',(-5.01270160941,44.741605485,-0.6)) ;
#8452=CARTESIAN_POINT('Vertex',(-6.61270160941,41.9703241929,-0.6)) ;
#8455=CARTESIAN_POINT('Line Origine',(-7.7333689323,42.6173417734,-0.6)) ;
#8459=CARTESIAN_POINT('Vertex',(-8.8540362552,43.2643593539,-0.6)) ;
#8462=CARTESIAN_POINT('Line Origine',(-8.0540362552,44.65,-0.6)) ;
#8466=CARTESIAN_POINT('Vertex',(-7.2540362552,46.0356406461,-0.6)) ;
#8469=CARTESIAN_POINT('Line Origine',(-6.1333689323,45.3886230655,-0.6)) ;
#8481=CARTESIAN_POINT('Axis2P3D Location',(-8.8540362552,43.2643593539,-1.2)) ;
#8486=CARTESIAN_POINT('Line Origine',(-7.2540362552,46.0356406461,-0.65)) ;
#8491=CARTESIAN_POINT('Line Origine',(-8.8540362552,43.2643593539,-0.65)) ;
#8503=CARTESIAN_POINT('Axis2P3D Location',(-7.2540362552,46.0356406461,-1.2)) ;
#8509=CARTESIAN_POINT('Control Point',(-4.47707305237,44.4323601934,-1.2)) ;
#8510=CARTESIAN_POINT('Control Point',(-4.58426584267,44.4942479797,-1.08028271215)) ;
#8511=CARTESIAN_POINT('Control Point',(-4.69142595838,44.5561169014,-0.960405853233)) ;
#8512=CARTESIAN_POINT('Control Point',(-4.79856242171,44.6179721673,-0.8403781532)) ;
#8513=CARTESIAN_POINT('Control Point',(-4.9056504318,44.6797994588,-0.720242812046)) ;
#8514=CARTESIAN_POINT('Control Point',(-5.01270160941,44.741605485,-0.6)) ;
#8516=CARTESIAN_POINT('Line Origine',(-4.65596004384,44.5356406461,-1.44520518602)) ;
#8520=CARTESIAN_POINT('Vertex',(-4.65596004384,44.5356406461,-1.40041037239)) ;
#8523=CARTESIAN_POINT('Line Origine',(-3.57342828943,43.9106406462,-1.35020518619)) ;
#8527=CARTESIAN_POINT('Vertex',(-2.49089653503,43.2856406464,-1.3)) ;
#8530=CARTESIAN_POINT('Line Origine',(-2.04544826751,43.0284609693,-1.3)) ;
#8548=CARTESIAN_POINT('Axis2P3D Location',(-6.25596004384,41.7643593539,-1.2)) ;
#8554=CARTESIAN_POINT('Control Point',(-6.07707305237,41.6610789013,-1.2)) ;
#8555=CARTESIAN_POINT('Control Point',(-6.18426584267,41.7229666876,-1.08028271215)) ;
#8556=CARTESIAN_POINT('Control Point',(-6.29142595838,41.7848356092,-0.960405853233)) ;
#8557=CARTESIAN_POINT('Control Point',(-6.39856242171,41.8466908752,-0.8403781532)) ;
#8558=CARTESIAN_POINT('Control Point',(-6.5056504318,41.9085181666,-0.720242812046)) ;
#8559=CARTESIAN_POINT('Control Point',(-6.61270160941,41.9703241929,-0.6)) ;
#8561=CARTESIAN_POINT('Line Origine',(-3.2,40.,-1.25)) ;
#8565=CARTESIAN_POINT('Vertex',(-3.2,40.,-1.3)) ;
#8568=CARTESIAN_POINT('Line Origine',(-3.64544826751,40.2571796772,-1.3)) ;
#8572=CARTESIAN_POINT('Vertex',(-4.09089653503,40.5143593543,-1.3)) ;
#8575=CARTESIAN_POINT('Line Origine',(-5.17342828943,41.1393593541,-1.35020518619)) ;
#8579=CARTESIAN_POINT('Vertex',(-6.25596004384,41.7643593539,-1.40041037239)) ;
#8582=CARTESIAN_POINT('Line Origine',(-6.25596004384,41.7643593539,-1.44520518602)) ;
#8600=CARTESIAN_POINT('Axis2P3D Location',(-4.65596004384,44.5356406461,-1.2)) ;
#8605=CARTESIAN_POINT('Line Origine',(-5.45596004384,43.15,-1.40041037239)) ;
#8617=CARTESIAN_POINT('Axis2P3D Location',(-3.29089653503,41.9000000004,-1.3)) ;
#8622=CARTESIAN_POINT('Line Origine',(-3.29089653492,41.9000000004,-1.3)) ;
#8634=CARTESIAN_POINT('Axis2P3D Location',(0.,40.,-0.6)) ;
#8638=CARTESIAN_POINT('Vertex',(-6.61270160941,38.0296758071,-0.6)) ;
#8640=CARTESIAN_POINT('Vertex',(-5.01270160941,35.258394515,-0.6)) ;
#8643=CARTESIAN_POINT('Line Origine',(-6.1333689323,34.6113769345,-0.6)) ;
#8647=CARTESIAN_POINT('Vertex',(-7.2540362552,33.9643593539,-0.6)) ;
#8650=CARTESIAN_POINT('Line Origine',(-8.0540362552,35.35,-0.6)) ;
#8654=CARTESIAN_POINT('Vertex',(-8.8540362552,36.7356406461,-0.6)) ;
#8657=CARTESIAN_POINT('Line Origine',(-7.7333689323,37.3826582266,-0.6)) ;
#8669=CARTESIAN_POINT('Axis2P3D Location',(-7.2540362552,33.9643593539,-1.2)) ;
#8674=CARTESIAN_POINT('Line Origine',(-8.8540362552,36.7356406461,-0.65)) ;
#8679=CARTESIAN_POINT('Line Origine',(-7.2540362552,33.9643593539,-0.65)) ;
#8691=CARTESIAN_POINT('Axis2P3D Location',(-8.8540362552,36.7356406461,-1.2)) ;
#8697=CARTESIAN_POINT('Control Point',(-6.07707305237,38.3389210987,-1.2)) ;
#8698=CARTESIAN_POINT('Control Point',(-6.18426584267,38.2770333124,-1.08028271215)) ;
#8699=CARTESIAN_POINT('Control Point',(-6.29142595838,38.2151643908,-0.960405853233)) ;
#8700=CARTESIAN_POINT('Control Point',(-6.39856242171,38.1533091248,-0.8403781532)) ;
#8701=CARTESIAN_POINT('Control Point',(-6.5056504318,38.0914818334,-0.720242812046)) ;
#8702=CARTESIAN_POINT('Control Point',(-6.61270160941,38.0296758071,-0.6)) ;
#8704=CARTESIAN_POINT('Line Origine',(-6.25596004384,38.2356406461,-1.44520518602)) ;
#8708=CARTESIAN_POINT('Vertex',(-6.25596004384,38.2356406461,-1.40041037239)) ;
#8711=CARTESIAN_POINT('Line Origine',(-5.17342828943,38.8606406459,-1.35020518619)) ;
#8715=CARTESIAN_POINT('Vertex',(-4.09089653503,39.4856406457,-1.3)) ;
#8718=CARTESIAN_POINT('Line Origine',(-3.64544826751,39.7428203228,-1.3)) ;
#8736=CARTESIAN_POINT('Axis2P3D Location',(-4.65596004384,35.4643593539,-1.2)) ;
#8742=CARTESIAN_POINT('Control Point',(-4.47707305237,35.5676398066,-1.2)) ;
#8743=CARTESIAN_POINT('Control Point',(-4.58426584267,35.5057520203,-1.08028271215)) ;
#8744=CARTESIAN_POINT('Control Point',(-4.69142595838,35.4438830986,-0.960405853233)) ;
#8745=CARTESIAN_POINT('Control Point',(-4.79856242171,35.3820278327,-0.8403781532)) ;
#8746=CARTESIAN_POINT('Control Point',(-4.9056504318,35.3202005412,-0.720242812046)) ;
#8747=CARTESIAN_POINT('Control Point',(-5.01270160941,35.258394515,-0.6)) ;
#8749=CARTESIAN_POINT('Line Origine',(-1.6,37.2287187079,-1.25)) ;
#8753=CARTESIAN_POINT('Vertex',(-1.6,37.2287187079,-1.3)) ;
#8756=CARTESIAN_POINT('Line Origine',(-2.04544826751,36.9715390307,-1.3)) ;
#8760=CARTESIAN_POINT('Vertex',(-2.49089653503,36.7143593536,-1.3)) ;
#8763=CARTESIAN_POINT('Line Origine',(-3.57342828943,36.0893593538,-1.35020518619)) ;
#8767=CARTESIAN_POINT('Vertex',(-4.65596004384,35.4643593539,-1.40041037239)) ;
#8770=CARTESIAN_POINT('Line Origine',(-4.65596004384,35.4643593539,-1.44520518602)) ;
#8788=CARTESIAN_POINT('Axis2P3D Location',(-6.25596004384,38.2356406461,-1.2)) ;
#8793=CARTESIAN_POINT('Line Origine',(-5.45596004384,36.85,-1.40041037239)) ;
#8805=CARTESIAN_POINT('Axis2P3D Location',(-3.29089653503,38.0999999996,-1.3)) ;
#8810=CARTESIAN_POINT('Line Origine',(-3.29089653492,38.0999999996,-1.3)) ;
#8822=CARTESIAN_POINT('Axis2P3D Location',(0.,40.,-0.6)) ;
#8826=CARTESIAN_POINT('Vertex',(-1.6,33.2880703222,-0.6)) ;
#8828=CARTESIAN_POINT('Vertex',(1.6,33.2880703222,-0.6)) ;
#8831=CARTESIAN_POINT('Line Origine',(1.6,31.9940351611,-0.6)) ;
#8835=CARTESIAN_POINT('Vertex',(1.6,30.7,-0.6)) ;
#8838=CARTESIAN_POINT('Line Origine',(0.,30.7,-0.6)) ;
#8842=CARTESIAN_POINT('Vertex',(-1.6,30.7,-0.6)) ;
#8845=CARTESIAN_POINT('Line Origine',(-1.6,31.9940351611,-0.6)) ;
#8857=CARTESIAN_POINT('Axis2P3D Location',(1.6,30.7,-1.2)) ;
#8862=CARTESIAN_POINT('Line Origine',(-1.6,30.7,-0.65)) ;
#8867=CARTESIAN_POINT('Line Origine',(1.6,30.7,-0.65)) ;
#8879=CARTESIAN_POINT('Axis2P3D Location',(-1.6,30.7,-1.2)) ;
#8885=CARTESIAN_POINT('Control Point',(-1.6,33.9065609054,-1.2)) ;
#8886=CARTESIAN_POINT('Control Point',(-1.6,33.7827853327,-1.08028271215)) ;
#8887=CARTESIAN_POINT('Control Point',(-1.6,33.6590474894,-0.960405853233)) ;
#8888=CARTESIAN_POINT('Control Point',(-1.6,33.5353369575,-0.8403781532)) ;
#8889=CARTESIAN_POINT('Control Point',(-1.6,33.4116823746,-0.720242812046)) ;
#8890=CARTESIAN_POINT('Control Point',(-1.6,33.2880703222,-0.6)) ;
#8892=CARTESIAN_POINT('Line Origine',(-1.6,33.7,-1.44520518602)) ;
#8896=CARTESIAN_POINT('Vertex',(-1.6,33.7,-1.40041037239)) ;
#8899=CARTESIAN_POINT('Line Origine',(-1.6,34.9499999996,-1.35020518619)) ;
#8903=CARTESIAN_POINT('Vertex',(-1.6,36.1999999993,-1.3)) ;
#8906=CARTESIAN_POINT('Line Origine',(-1.6,36.7143593536,-1.3)) ;
#8924=CARTESIAN_POINT('Axis2P3D Location',(1.6,33.7,-1.2)) ;
#8930=CARTESIAN_POINT('Control Point',(1.6,33.9065609054,-1.2)) ;
#8931=CARTESIAN_POINT('Control Point',(1.6,33.7827853327,-1.08028271215)) ;
#8932=CARTESIAN_POINT('Control Point',(1.6,33.6590474894,-0.960405853233)) ;
#8933=CARTESIAN_POINT('Control Point',(1.6,33.5353369575,-0.8403781532)) ;
#8934=CARTESIAN_POINT('Control Point',(1.6,33.4116823746,-0.720242812046)) ;
#8935=CARTESIAN_POINT('Control Point',(1.6,33.2880703222,-0.6)) ;
#8937=CARTESIAN_POINT('Line Origine',(1.6,37.2287187079,-1.25)) ;
#8941=CARTESIAN_POINT('Vertex',(1.6,37.2287187079,-1.3)) ;
#8944=CARTESIAN_POINT('Line Origine',(1.6,36.7143593536,-1.3)) ;
#8948=CARTESIAN_POINT('Vertex',(1.6,36.1999999993,-1.3)) ;
#8951=CARTESIAN_POINT('Line Origine',(1.6,34.9499999996,-1.35020518619)) ;
#8955=CARTESIAN_POINT('Vertex',(1.6,33.7,-1.40041037239)) ;
#8958=CARTESIAN_POINT('Line Origine',(1.6,33.7,-1.44520518602)) ;
#8976=CARTESIAN_POINT('Axis2P3D Location',(-1.6,33.7,-1.2)) ;
#8981=CARTESIAN_POINT('Line Origine',(-1.99840144433E-15,33.7,-1.40041037239)) ;
#8994=CARTESIAN_POINT('Axis2P3D Location',(-2.15290478153E-15,36.1999999993,-1.3)) ;
#8999=CARTESIAN_POINT('Line Origine',(0.,36.1999999993,-1.3)) ;
#9011=CARTESIAN_POINT('Axis2P3D Location',(0.,40.,-0.6)) ;
#9015=CARTESIAN_POINT('Vertex',(5.01270160941,35.258394515,-0.6)) ;
#9017=CARTESIAN_POINT('Vertex',(6.61270160941,38.0296758071,-0.6)) ;
#9020=CARTESIAN_POINT('Line Origine',(7.7333689323,37.3826582266,-0.6)) ;
#9024=CARTESIAN_POINT('Vertex',(8.8540362552,36.7356406461,-0.6)) ;
#9027=CARTESIAN_POINT('Line Origine',(8.0540362552,35.35,-0.6)) ;
#9031=CARTESIAN_POINT('Vertex',(7.2540362552,33.9643593539,-0.6)) ;
#9034=CARTESIAN_POINT('Line Origine',(6.1333689323,34.6113769345,-0.6)) ;
#9046=CARTESIAN_POINT('Axis2P3D Location',(8.8540362552,36.7356406461,-1.2)) ;
#9051=CARTESIAN_POINT('Line Origine',(7.2540362552,33.9643593539,-0.65)) ;
#9056=CARTESIAN_POINT('Line Origine',(8.8540362552,36.7356406461,-0.65)) ;
#9068=CARTESIAN_POINT('Axis2P3D Location',(7.2540362552,33.9643593539,-1.2)) ;
#9074=CARTESIAN_POINT('Control Point',(4.47707305237,35.5676398066,-1.2)) ;
#9075=CARTESIAN_POINT('Control Point',(4.58426584267,35.5057520203,-1.08028271215)) ;
#9076=CARTESIAN_POINT('Control Point',(4.69142595838,35.4438830986,-0.960405853233)) ;
#9077=CARTESIAN_POINT('Control Point',(4.79856242171,35.3820278327,-0.8403781532)) ;
#9078=CARTESIAN_POINT('Control Point',(4.9056504318,35.3202005412,-0.720242812046)) ;
#9079=CARTESIAN_POINT('Control Point',(5.01270160941,35.258394515,-0.6)) ;
#9081=CARTESIAN_POINT('Line Origine',(4.65596004384,35.4643593539,-1.44520518602)) ;
#9085=CARTESIAN_POINT('Vertex',(4.65596004384,35.4643593539,-1.40041037239)) ;
#9088=CARTESIAN_POINT('Line Origine',(3.57342828943,36.0893593538,-1.35020518619)) ;
#9092=CARTESIAN_POINT('Vertex',(2.49089653503,36.7143593536,-1.3)) ;
#9095=CARTESIAN_POINT('Line Origine',(2.04544826751,36.9715390307,-1.3)) ;
#9113=CARTESIAN_POINT('Axis2P3D Location',(6.25596004384,38.2356406461,-1.2)) ;
#9119=CARTESIAN_POINT('Control Point',(6.07707305237,38.3389210987,-1.2)) ;
#9120=CARTESIAN_POINT('Control Point',(6.18426584267,38.2770333124,-1.08028271215)) ;
#9121=CARTESIAN_POINT('Control Point',(6.29142595838,38.2151643908,-0.960405853233)) ;
#9122=CARTESIAN_POINT('Control Point',(6.39856242171,38.1533091248,-0.8403781532)) ;
#9123=CARTESIAN_POINT('Control Point',(6.5056504318,38.0914818334,-0.720242812046)) ;
#9124=CARTESIAN_POINT('Control Point',(6.61270160941,38.0296758071,-0.6)) ;
#9126=CARTESIAN_POINT('Line Origine',(3.2,40.,-1.25)) ;
#9130=CARTESIAN_POINT('Vertex',(3.2,40.,-1.3)) ;
#9133=CARTESIAN_POINT('Line Origine',(3.64544826751,39.7428203228,-1.3)) ;
#9137=CARTESIAN_POINT('Vertex',(4.09089653503,39.4856406457,-1.3)) ;
#9140=CARTESIAN_POINT('Line Origine',(5.17342828943,38.8606406459,-1.35020518619)) ;
#9144=CARTESIAN_POINT('Vertex',(6.25596004384,38.2356406461,-1.40041037239)) ;
#9147=CARTESIAN_POINT('Line Origine',(6.25596004384,38.2356406461,-1.44520518602)) ;
#9165=CARTESIAN_POINT('Axis2P3D Location',(4.65596004384,35.4643593539,-1.2)) ;
#9170=CARTESIAN_POINT('Line Origine',(5.45596004384,36.85,-1.40041037239)) ;
#9182=CARTESIAN_POINT('Axis2P3D Location',(3.29089653503,38.0999999996,-1.3)) ;
#9187=CARTESIAN_POINT('Line Origine',(3.29089653492,38.0999999996,-1.3)) ;
#9199=CARTESIAN_POINT('Axis2P3D Location',(0.,40.,-0.6)) ;
#9203=CARTESIAN_POINT('Vertex',(6.61270160941,41.9703241929,-0.6)) ;
#9205=CARTESIAN_POINT('Vertex',(5.01270160941,44.741605485,-0.6)) ;
#9208=CARTESIAN_POINT('Line Origine',(6.1333689323,45.3886230655,-0.6)) ;
#9212=CARTESIAN_POINT('Vertex',(7.2540362552,46.0356406461,-0.6)) ;
#9215=CARTESIAN_POINT('Line Origine',(8.0540362552,44.65,-0.6)) ;
#9219=CARTESIAN_POINT('Vertex',(8.8540362552,43.2643593539,-0.6)) ;
#9222=CARTESIAN_POINT('Line Origine',(7.7333689323,42.6173417734,-0.6)) ;
#9234=CARTESIAN_POINT('Axis2P3D Location',(7.2540362552,46.0356406461,-1.2)) ;
#9239=CARTESIAN_POINT('Line Origine',(8.8540362552,43.2643593539,-0.65)) ;
#9244=CARTESIAN_POINT('Line Origine',(7.2540362552,46.0356406461,-0.65)) ;
#9256=CARTESIAN_POINT('Axis2P3D Location',(8.8540362552,43.2643593539,-1.2)) ;
#9262=CARTESIAN_POINT('Control Point',(6.07707305237,41.6610789013,-1.2)) ;
#9263=CARTESIAN_POINT('Control Point',(6.18426584267,41.7229666876,-1.08028271215)) ;
#9264=CARTESIAN_POINT('Control Point',(6.29142595838,41.7848356092,-0.960405853233)) ;
#9265=CARTESIAN_POINT('Control Point',(6.39856242171,41.8466908752,-0.8403781532)) ;
#9266=CARTESIAN_POINT('Control Point',(6.5056504318,41.9085181666,-0.720242812046)) ;
#9267=CARTESIAN_POINT('Control Point',(6.61270160941,41.9703241929,-0.6)) ;
#9269=CARTESIAN_POINT('Line Origine',(6.25596004384,41.7643593539,-1.44520518602)) ;
#9273=CARTESIAN_POINT('Vertex',(6.25596004384,41.7643593539,-1.40041037239)) ;
#9276=CARTESIAN_POINT('Line Origine',(5.17342828943,41.1393593541,-1.35020518619)) ;
#9280=CARTESIAN_POINT('Vertex',(4.09089653503,40.5143593543,-1.3)) ;
#9283=CARTESIAN_POINT('Line Origine',(3.64544826751,40.2571796772,-1.3)) ;
#9301=CARTESIAN_POINT('Axis2P3D Location',(4.65596004384,44.5356406461,-1.2)) ;
#9307=CARTESIAN_POINT('Control Point',(4.47707305237,44.4323601934,-1.2)) ;
#9308=CARTESIAN_POINT('Control Point',(4.58426584267,44.4942479797,-1.08028271215)) ;
#9309=CARTESIAN_POINT('Control Point',(4.69142595838,44.5561169014,-0.960405853233)) ;
#9310=CARTESIAN_POINT('Control Point',(4.79856242171,44.6179721673,-0.8403781532)) ;
#9311=CARTESIAN_POINT('Control Point',(4.9056504318,44.6797994588,-0.720242812046)) ;
#9312=CARTESIAN_POINT('Control Point',(5.01270160941,44.741605485,-0.6)) ;
#9314=CARTESIAN_POINT('Line Origine',(2.04544826751,43.0284609693,-1.3)) ;
#9318=CARTESIAN_POINT('Vertex',(2.49089653503,43.2856406464,-1.3)) ;
#9321=CARTESIAN_POINT('Line Origine',(3.57342828943,43.9106406462,-1.35020518619)) ;
#9325=CARTESIAN_POINT('Vertex',(4.65596004384,44.5356406461,-1.40041037239)) ;
#9328=CARTESIAN_POINT('Line Origine',(4.65596004384,44.5356406461,-1.44520518602)) ;
#9346=CARTESIAN_POINT('Axis2P3D Location',(6.25596004384,41.7643593539,-1.2)) ;
#9351=CARTESIAN_POINT('Line Origine',(5.45596004384,43.15,-1.40041037239)) ;
#9363=CARTESIAN_POINT('Axis2P3D Location',(3.29089653503,41.9000000004,-1.3)) ;
#9368=CARTESIAN_POINT('Line Origine',(3.29089653492,41.9000000004,-1.3)) ;
#9380=CARTESIAN_POINT('Axis2P3D Location',(0.,0.,-1.3)) ;
#9405=CARTESIAN_POINT('Axis2P3D Location',(0.,40.,-1.3)) ;
#9409=CARTESIAN_POINT('Vertex',(0.,41.65,-1.3)) ;
#9411=CARTESIAN_POINT('Vertex',(-2.02066721859E-16,38.35,-1.3)) ;
#9414=CARTESIAN_POINT('Axis2P3D Location',(0.,40.,-1.3)) ;
#9424=CARTESIAN_POINT('Axis2P3D Location',(0.,40.,-1.2)) ;
#9429=CARTESIAN_POINT('Line Origine',(-2.02066721859E-16,38.35,-1.2)) ;
#9434=CARTESIAN_POINT('Line Origine',(0.,41.65,-1.2)) ;
#9453=CARTESIAN_POINT('Axis2P3D Location',(0.,40.,-1.2)) ;
#9458=CARTESIAN_POINT('Line Origine',(-3.18817983172,34.1640759634,-0.85)) ;
#9462=CARTESIAN_POINT('Vertex',(-3.35597877023,33.8569220668,-0.5)) ;
#9465=CARTESIAN_POINT('Axis2P3D Location',(0.,40.,-0.5)) ;
#9469=CARTESIAN_POINT('Vertex',(3.35597877023,46.1430779332,-0.5)) ;
#9472=CARTESIAN_POINT('Line Origine',(3.18817983172,45.8359240366,-0.85)) ;
#9496=CARTESIAN_POINT('Axis2P3D Location',(0.,40.,-0.5)) ;
#9520=CARTESIAN_POINT('Axis2P3D Location',(0.,47.,-0.5)) ;
#9534=CARTESIAN_POINT('Axis2P3D Location',(0.,51.17,0.2)) ;
#9539=CARTESIAN_POINT('Line Origine',(0.,52.67,0.2)) ;
#9543=CARTESIAN_POINT('Vertex',(0.,52.67,0.4)) ;
#9546=CARTESIAN_POINT('Line Origine',(-1.83697019872E-16,49.67,0.2)) ;
#9550=CARTESIAN_POINT('Vertex',(-1.83697019872E-16,49.67,0.4)) ;
#9553=CARTESIAN_POINT('Axis2P3D Location',(0.,51.17,0.4)) ;
#9565=CARTESIAN_POINT('Axis2P3D Location',(0.,51.17,0.4)) ;
#9577=CARTESIAN_POINT('Axis2P3D Location',(0.,0.,0.4)) ;
#9587=CARTESIAN_POINT('Axis2P3D Location',(0.,-51.17,0.2)) ;
#9592=CARTESIAN_POINT('Line Origine',(0.,-49.67,0.2)) ;
#9596=CARTESIAN_POINT('Vertex',(0.,-49.67,0.4)) ;
#9599=CARTESIAN_POINT('Line Origine',(-1.83697019872E-16,-52.67,0.2)) ;
#9603=CARTESIAN_POINT('Vertex',(-1.83697019872E-16,-52.67,0.4)) ;
#9606=CARTESIAN_POINT('Axis2P3D Location',(0.,-51.17,0.4)) ;
#9618=CARTESIAN_POINT('Axis2P3D Location',(0.,-51.17,0.4)) ;
#9644=CARTESIAN_POINT('NONE',(0.,0.,0.)) ;
#9645=CARTESIAN_POINT('NONE',(0.,0.,-2.)) ;
#9676=CARTESIAN_POINT('Axis2P3D Location',(0.,0.,5.65)) ;
#9681=CARTESIAN_POINT('Line Origine',(9.7375671359E-16,3.18053079228,6.05)) ;
#9685=CARTESIAN_POINT('Vertex',(9.95350540843E-16,3.25106158457,6.45)) ;
#9687=CARTESIAN_POINT('Vertex',(9.52162886337E-16,3.11,5.65)) ;
#9690=CARTESIAN_POINT('Axis2P3D Location',(0.,0.,5.65)) ;
#9694=CARTESIAN_POINT('Vertex',(-3.33353261707E-15,-3.11,5.65)) ;
#9697=CARTESIAN_POINT('Line Origine',(-3.40913284105E-15,-3.18053079228,6.05)) ;
#9701=CARTESIAN_POINT('Vertex',(-3.48473306503E-15,-3.25106158457,6.45)) ;
#9704=CARTESIAN_POINT('Axis2P3D Location',(0.,0.,6.45)) ;
#9716=CARTESIAN_POINT('Axis2P3D Location',(0.,0.,5.65)) ;
#9721=CARTESIAN_POINT('Axis2P3D Location',(0.,0.,6.45)) ;
#9733=CARTESIAN_POINT('Axis2P3D Location',(0.,-2.21,5.65)) ;
#9742=CARTESIAN_POINT('Axis2P3D Location',(0.,0.,5.65)) ;
#9746=CARTESIAN_POINT('Vertex',(-4.05970413917E-16,-2.21,5.65)) ;
#9748=CARTESIAN_POINT('Vertex',(-1.28625695101E-15,2.21,5.65)) ;
#9751=CARTESIAN_POINT('Axis2P3D Location',(0.,0.,5.65)) ;
#9761=CARTESIAN_POINT('Axis2P3D Location',(0.,-3.25106158457,6.45)) ;
#9766=CARTESIAN_POINT('Axis2P3D Location',(0.,0.,6.45)) ;
#9770=CARTESIAN_POINT('Vertex',(1.438959989E-15,4.7,6.45)) ;
#9772=CARTESIAN_POINT('Vertex',(-8.63375993399E-16,-4.7,6.45)) ;
#9775=CARTESIAN_POINT('Axis2P3D Location',(0.,0.,6.45)) ;
#9789=CARTESIAN_POINT('Axis2P3D Location',(0.,0.,6.025)) ;
#9794=CARTESIAN_POINT('Line Origine',(-2.0145439846E-15,-4.7,6.3)) ;
#9798=CARTESIAN_POINT('Vertex',(-8.63375993399E-16,-4.7,6.15)) ;
#9801=CARTESIAN_POINT('Line Origine',(1.438959989E-15,4.7,6.3)) ;
#9805=CARTESIAN_POINT('Vertex',(1.438959989E-15,4.7,6.15)) ;
#9808=CARTESIAN_POINT('Axis2P3D Location',(0.,0.,6.15)) ;
#9820=CARTESIAN_POINT('Axis2P3D Location',(0.,0.,6.15)) ;
#9832=CARTESIAN_POINT('Axis2P3D Location',(0.,-4.7,6.15)) ;
#9841=CARTESIAN_POINT('Axis2P3D Location',(0.,0.,6.15)) ;
#9845=CARTESIAN_POINT('Vertex',(1.20933871416E-15,3.95,6.15)) ;
#9847=CARTESIAN_POINT('Vertex',(-7.25603228495E-16,-3.95,6.15)) ;
#9850=CARTESIAN_POINT('Axis2P3D Location',(0.,0.,6.15)) ;
#9860=CARTESIAN_POINT('Axis2P3D Location',(0.,0.,6.025)) ;
#9865=CARTESIAN_POINT('Line Origine',(1.20933871416E-15,3.95,5.875)) ;
#9869=CARTESIAN_POINT('Vertex',(1.20933871416E-15,3.95,5.6)) ;
#9872=CARTESIAN_POINT('Line Origine',(-7.25603228495E-16,-3.95,5.875)) ;
#9876=CARTESIAN_POINT('Vertex',(-7.25603228495E-16,-3.95,5.6)) ;
#9879=CARTESIAN_POINT('Axis2P3D Location',(0.,0.,5.6)) ;
#9891=CARTESIAN_POINT('Axis2P3D Location',(0.,0.,5.6)) ;
#9903=CARTESIAN_POINT('Axis2P3D Location',(0.,0.,1.2)) ;
#9908=CARTESIAN_POINT('Axis2P3D Location',(-3.55030199147E-15,6.1,1.2)) ;
#9912=CARTESIAN_POINT('Vertex',(-3.72490700745E-15,6.4,1.2)) ;
#9914=CARTESIAN_POINT('Vertex',(-3.3756969755E-15,5.8,1.2)) ;
#9917=CARTESIAN_POINT('Axis2P3D Location',(0.,0.,1.2)) ;
#9921=CARTESIAN_POINT('Vertex',(7.81683666625E-15,-5.8,1.2)) ;
#9924=CARTESIAN_POINT('Axis2P3D Location',(-1.12055182122E-15,-6.1,1.2)) ;
#9928=CARTESIAN_POINT('Vertex',(8.62547494207E-15,-6.4,1.2)) ;
#9931=CARTESIAN_POINT('Axis2P3D Location',(0.,0.,1.2)) ;
#9943=CARTESIAN_POINT('Axis2P3D Location',(0.,0.,1.2)) ;
#9948=CARTESIAN_POINT('Axis2P3D Location',(0.,0.,1.2)) ;
#9960=CARTESIAN_POINT('Axis2P3D Location',(0.,-7.,1.2)) ;
#9969=CARTESIAN_POINT('Axis2P3D Location',(3.34108104946E-16,-8.881784197E-16,1.2)) ;
#9973=CARTESIAN_POINT('Vertex',(-2.20647808929E-15,4.2,1.2)) ;
#9975=CARTESIAN_POINT('Vertex',(-3.41303407918E-16,-4.2,1.2)) ;
#9978=CARTESIAN_POINT('Axis2P3D Location',(3.34108104946E-16,-8.881784197E-16,1.2)) ;
#9988=CARTESIAN_POINT('Axis2P3D Location',(0.,0.,1.2)) ;
#9992=CARTESIAN_POINT('Vertex',(2.14313189851E-15,7.,1.2)) ;
#9994=CARTESIAN_POINT('Vertex',(-1.2858791391E-15,-7.,1.2)) ;
#9997=CARTESIAN_POINT('Axis2P3D Location',(0.,0.,1.2)) ;
#10011=CARTESIAN_POINT('Axis2P3D Location',(1.7763568394E-15,-1.11022302463E-15,1.4)) ;
#10016=CARTESIAN_POINT('Axis2P3D Location',(1.7763568394E-15,-1.11022302463E-15,1.4)) ;
#10020=CARTESIAN_POINT('Vertex',(1.22464679915E-15,4.,1.4)) ;
#10022=CARTESIAN_POINT('Vertex',(-7.34788079488E-16,-4.,1.4)) ;
#10025=CARTESIAN_POINT('Axis2P3D Location',(-3.21964677141E-16,-4.2,1.4)) ;
#10030=CARTESIAN_POINT('Axis2P3D Location',(3.4083846856E-15,4.2,1.4)) ;
#10042=CARTESIAN_POINT('Axis2P3D Location',(-6.66133814775E-16,-8.881784197E-16,1.4)) ;
#10047=CARTESIAN_POINT('Axis2P3D Location',(-6.66133814775E-16,-8.881784197E-16,1.4)) ;
#10059=CARTESIAN_POINT('Axis2P3D Location',(0.,0.,3.70000000003)) ;
#10064=CARTESIAN_POINT('Line Origine',(-3.00038465791E-15,-7.,1.)) ;
#10068=CARTESIAN_POINT('Vertex',(-1.2858791391E-15,-7.,0.8)) ;
#10071=CARTESIAN_POINT('Line Origine',(2.14313189851E-15,7.,1.)) ;
#10075=CARTESIAN_POINT('Vertex',(2.14313189851E-15,7.,0.8)) ;
#10078=CARTESIAN_POINT('Axis2P3D Location',(0.,0.,0.8)) ;
#10090=CARTESIAN_POINT('Axis2P3D Location',(0.,0.,0.8)) ;
#10102=CARTESIAN_POINT('Axis2P3D Location',(0.,0.,3.70000000003)) ;
#10107=CARTESIAN_POINT('Line Origine',(1.22464679915E-15,4.,3.4)) ;
#10111=CARTESIAN_POINT('Vertex',(1.22464679915E-15,4.,5.6)) ;
#10114=CARTESIAN_POINT('Axis2P3D Location',(0.,0.,5.6)) ;
#10118=CARTESIAN_POINT('Vertex',(-7.34788079488E-16,-4.,5.6)) ;
#10121=CARTESIAN_POINT('Line Origine',(-7.34788079488E-16,-4.,3.4)) ;
#10133=CARTESIAN_POINT('Axis2P3D Location',(0.,0.,5.6)) ;
#10145=CARTESIAN_POINT('Axis2P3D Location',(0.,-9.,0.8)) ;
#10150=CARTESIAN_POINT('Axis2P3D Location',(-6.35690144259E-17,-1.7763568394E-15,0.8)) ;
#10154=CARTESIAN_POINT('Vertex',(-1.51566646095E-14,8.8,0.8)) ;
#10156=CARTESIAN_POINT('Vertex',(-1.6801027893E-15,-8.8,0.8)) ;
#10159=CARTESIAN_POINT('Axis2P3D Location',(-6.35690144259E-17,-1.7763568394E-15,0.8)) ;
#10173=CARTESIAN_POINT('Axis2P3D Location',(0.,0.,5.6)) ;
#10187=CARTESIAN_POINT('Axis2P3D Location',(2.22044604925E-15,-2.6645352591E-15,0.6)) ;
#10192=CARTESIAN_POINT('Axis2P3D Location',(2.70894418009E-15,8.8,0.6)) ;
#10196=CARTESIAN_POINT('Vertex',(2.75545529808E-15,9.,0.6)) ;
#10199=CARTESIAN_POINT('Axis2P3D Location',(2.22044604925E-15,-2.6645352591E-15,0.6)) ;
#10203=CARTESIAN_POINT('Vertex',(-1.98448489719E-14,-9.,0.6)) ;
#10206=CARTESIAN_POINT('Axis2P3D Location',(-2.46469511467E-14,-8.8,0.6)) ;
#10218=CARTESIAN_POINT('Axis2P3D Location',(-1.7763568394E-15,-1.33226762955E-15,0.6)) ;
#10223=CARTESIAN_POINT('Axis2P3D Location',(-1.7763568394E-15,-1.33226762955E-15,0.6)) ;
#10235=CARTESIAN_POINT('Axis2P3D Location',(0.,0.,3.70000000003)) ;
#10240=CARTESIAN_POINT('Line Origine',(2.75545529808E-15,9.,0.4)) ;
#10244=CARTESIAN_POINT('Vertex',(2.75545529808E-15,9.,0.)) ;
#10247=CARTESIAN_POINT('Axis2P3D Location',(0.,0.,0.)) ;
#10251=CARTESIAN_POINT('Vertex',(-1.65327317885E-15,-9.,0.)) ;
#10254=CARTESIAN_POINT('Line Origine',(-3.85763741731E-15,-9.,0.4)) ;
#10266=CARTESIAN_POINT('Axis2P3D Location',(0.,0.,0.)) ;
#10278=CARTESIAN_POINT('Axis2P3D Location',(0.,-2.41,0.)) ;
#10287=CARTESIAN_POINT('Axis2P3D Location',(0.,0.,0.)) ;
#10291=CARTESIAN_POINT('Vertex',(-4.42709817892E-16,2.41,-4.71844785466E-16)) ;
#10293=CARTESIAN_POINT('Vertex',(7.37849696486E-16,-2.41,-4.71844785466E-16)) ;
#10296=CARTESIAN_POINT('Axis2P3D Location',(0.,0.,0.)) ;
#10306=CARTESIAN_POINT('Axis2P3D Location',(0.,0.,0.2)) ;
#10311=CARTESIAN_POINT('Line Origine',(-4.24340115905E-16,2.31,0.1)) ;
#10315=CARTESIAN_POINT('Vertex',(-1.28625695101E-15,2.21,0.2)) ;
#10318=CARTESIAN_POINT('Line Origine',(7.07233526508E-16,-2.31,0.1)) ;
#10322=CARTESIAN_POINT('Vertex',(-4.05970413917E-16,-2.21,0.2)) ;
#10325=CARTESIAN_POINT('Axis2P3D Location',(0.,0.,0.2)) ;
#10337=CARTESIAN_POINT('Axis2P3D Location',(0.,0.,0.2)) ;
#10349=CARTESIAN_POINT('Axis2P3D Location',(0.,0.,3.70000000003)) ;
#10354=CARTESIAN_POINT('Line Origine',(-9.4726429914E-16,-2.21,2.925)) ;
#10359=CARTESIAN_POINT('Line Origine',(-1.28625695101E-15,2.21,2.925)) ;
#10387=CARTESIAN_POINT('NONE',(0.,0.,0.)) ;
#10388=CARTESIAN_POINT('NONE',(0.,0.,0.)) ;
#10400=CARTESIAN_POINT('NONE',(0.,0.,0.)) ;
#10401=CARTESIAN_POINT('NONE',(0.,0.,-3.9)) ;
#10432=CARTESIAN_POINT('Axis2P3D Location',(0.,-7.,-0.05)) ;
#10438=CARTESIAN_POINT('Control Point',(0.,-7.,-0.05)) ;
#10439=CARTESIAN_POINT('Control Point',(1.09955742876,-7.,-0.05)) ;
#10440=CARTESIAN_POINT('Control Point',(2.19911485751,-6.78410240373,-0.05)) ;
#10441=CARTESIAN_POINT('Control Point',(3.24207578558,-6.35209384229,-0.05)) ;
#10442=CARTESIAN_POINT('Control Point',(5.10241012267,-5.10241012267,-0.05)) ;
#10443=CARTESIAN_POINT('Control Point',(6.35209384229,-3.24207578558,-0.05)) ;
#10444=CARTESIAN_POINT('Control Point',(6.78410240373,-2.19911485751,-0.05)) ;
#10445=CARTESIAN_POINT('Control Point',(7.21589759627,-1.41747907904E-14,-0.05)) ;
#10446=CARTESIAN_POINT('Control Point',(6.78410240373,2.19911485751,-0.05)) ;
#10447=CARTESIAN_POINT('Control Point',(6.35209384229,3.24207578558,-0.05)) ;
#10448=CARTESIAN_POINT('Control Point',(5.10241012267,5.10241012267,-0.05)) ;
#10449=CARTESIAN_POINT('Control Point',(3.24207578558,6.35209384229,-0.05)) ;
#10450=CARTESIAN_POINT('Control Point',(2.19911485751,6.78410240373,-0.05)) ;
#10451=CARTESIAN_POINT('Control Point',(1.09955742876,7.,-0.05)) ;
#10452=CARTESIAN_POINT('Control Point',(8.43769498715E-15,7.,-0.05)) ;
#10453=CARTESIAN_POINT('Vertex',(-3.00038465791E-15,-7.,-0.05)) ;
#10455=CARTESIAN_POINT('Vertex',(2.14313189851E-15,7.,-0.05)) ;
#10459=CARTESIAN_POINT('Control Point',(7.9936057773E-15,7.,-0.05)) ;
#10460=CARTESIAN_POINT('Control Point',(-1.09955742876,7.,-0.05)) ;
#10461=CARTESIAN_POINT('Control Point',(-2.19911485751,6.78410240373,-0.05)) ;
#10462=CARTESIAN_POINT('Control Point',(-3.24207578558,6.35209384229,-0.05)) ;
#10463=CARTESIAN_POINT('Control Point',(-5.10241012267,5.10241012267,-0.05)) ;
#10464=CARTESIAN_POINT('Control Point',(-6.35209384229,3.24207578558,-0.05)) ;
#10465=CARTESIAN_POINT('Control Point',(-6.78410240373,2.19911485751,-0.05)) ;
#10466=CARTESIAN_POINT('Control Point',(-7.21589759627,4.25243723713E-15,-0.05)) ;
#10467=CARTESIAN_POINT('Control Point',(-6.78410240373,-2.19911485751,-0.05)) ;
#10468=CARTESIAN_POINT('Control Point',(-6.35209384229,-3.24207578558,-0.05)) ;
#10469=CARTESIAN_POINT('Control Point',(-5.10241012267,-5.10241012267,-0.05)) ;
#10470=CARTESIAN_POINT('Control Point',(-3.24207578558,-6.35209384229,-0.05)) ;
#10471=CARTESIAN_POINT('Control Point',(-2.19911485751,-6.78410240373,-0.05)) ;
#10472=CARTESIAN_POINT('Control Point',(-1.09955742876,-7.,-0.05)) ;
#10473=CARTESIAN_POINT('Control Point',(-1.50931369015E-14,-7.,-0.05)) ;
#10480=CARTESIAN_POINT('Control Point',(4.88498130835E-15,3.95,-0.05)) ;
#10481=CARTESIAN_POINT('Control Point',(-0.620464549084,3.95,-0.05)) ;
#10482=CARTESIAN_POINT('Control Point',(-1.24092909817,3.82817207067,-0.05)) ;
#10483=CARTESIAN_POINT('Control Point',(-1.82945705044,3.58439581101,-0.05)) ;
#10484=CARTESIAN_POINT('Control Point',(-2.87921714065,2.87921714065,-0.05)) ;
#10485=CARTESIAN_POINT('Control Point',(-3.58439581101,1.82945705044,-0.05)) ;
#10486=CARTESIAN_POINT('Control Point',(-3.82817207067,1.24092909817,-0.05)) ;
#10487=CARTESIAN_POINT('Control Point',(-4.07182792933,8.22137865844E-15,-0.05)) ;
#10488=CARTESIAN_POINT('Control Point',(-3.82817207067,-1.24092909817,-0.05)) ;
#10489=CARTESIAN_POINT('Control Point',(-3.58439581101,-1.82945705044,-0.05)) ;
#10490=CARTESIAN_POINT('Control Point',(-2.87921714065,-2.87921714065,-0.05)) ;
#10491=CARTESIAN_POINT('Control Point',(-1.82945705044,-3.58439581101,-0.05)) ;
#10492=CARTESIAN_POINT('Control Point',(-1.24092909817,-3.82817207067,-0.05)) ;
#10493=CARTESIAN_POINT('Control Point',(-0.620464549084,-3.95,-0.05)) ;
#10494=CARTESIAN_POINT('Control Point',(-8.65973959208E-15,-3.95,-0.05)) ;
#10495=CARTESIAN_POINT('Vertex',(-7.25603228495E-16,-3.95,-0.05)) ;
#10497=CARTESIAN_POINT('Vertex',(1.20933871416E-15,3.95,-0.05)) ;
#10501=CARTESIAN_POINT('Control Point',(-8.881784197E-16,-3.95,-0.05)) ;
#10502=CARTESIAN_POINT('Control Point',(0.620464549084,-3.95,-0.05)) ;
#10503=CARTESIAN_POINT('Control Point',(1.24092909817,-3.82817207067,-0.05)) ;
#10504=CARTESIAN_POINT('Control Point',(1.82945705044,-3.58439581101,-0.05)) ;
#10505=CARTESIAN_POINT('Control Point',(2.87921714065,-2.87921714065,-0.05)) ;
#10506=CARTESIAN_POINT('Control Point',(3.58439581101,-1.82945705044,-0.05)) ;
#10507=CARTESIAN_POINT('Control Point',(3.82817207067,-1.24092909817,-0.05)) ;
#10508=CARTESIAN_POINT('Control Point',(4.07182792933,-7.93788284264E-15,-0.05)) ;
#10509=CARTESIAN_POINT('Control Point',(3.82817207067,1.24092909817,-0.05)) ;
#10510=CARTESIAN_POINT('Control Point',(3.58439581101,1.82945705044,-0.05)) ;
#10511=CARTESIAN_POINT('Control Point',(2.87921714065,2.87921714065,-0.05)) ;
#10512=CARTESIAN_POINT('Control Point',(1.82945705044,3.58439581101,-0.05)) ;
#10513=CARTESIAN_POINT('Control Point',(1.24092909817,3.82817207067,-0.05)) ;
#10514=CARTESIAN_POINT('Control Point',(0.620464549084,3.95,-0.05)) ;
#10515=CARTESIAN_POINT('Control Point',(4.66293670343E-15,3.95,-0.05)) ;
#10522=CARTESIAN_POINT('Axis2P3D Location',(0.,0.,1.5)) ;
#10527=CARTESIAN_POINT('Line Origine',(2.14313189851E-15,7.,0.35)) ;
#10531=CARTESIAN_POINT('Vertex',(2.14313189851E-15,7.,0.)) ;
#10534=CARTESIAN_POINT('Line Origine',(-3.00038465791E-15,-7.,0.35)) ;
#10538=CARTESIAN_POINT('Vertex',(-1.2858791391E-15,-7.,0.)) ;
#10541=CARTESIAN_POINT('Axis2P3D Location',(0.,0.,0.)) ;
#10553=CARTESIAN_POINT('Axis2P3D Location',(0.,0.,0.)) ;
#10565=CARTESIAN_POINT('Axis2P3D Location',(0.,0.,1.5)) ;
#10570=CARTESIAN_POINT('Line Origine',(1.20933871416E-15,3.95,1.47475)) ;
#10574=CARTESIAN_POINT('Vertex',(1.20933871416E-15,3.95,3.)) ;
#10577=CARTESIAN_POINT('Line Origine',(-7.25603228495E-16,-3.95,1.47475)) ;
#10581=CARTESIAN_POINT('Vertex',(-7.25603228495E-16,-3.95,3.)) ;
#10584=CARTESIAN_POINT('Axis2P3D Location',(0.,0.,3.)) ;
#10596=CARTESIAN_POINT('Axis2P3D Location',(0.,0.,3.)) ;
#10608=CARTESIAN_POINT('Axis2P3D Location',(0.,-4.,3.)) ;
#10613=CARTESIAN_POINT('Axis2P3D Location',(0.,0.,3.)) ;
#10617=CARTESIAN_POINT('Vertex',(1.22464679915E-15,4.,3.)) ;
#10619=CARTESIAN_POINT('Vertex',(-8.81993287641E-15,-4.,3.)) ;
#10622=CARTESIAN_POINT('Axis2P3D Location',(0.,0.,3.)) ;
#10636=CARTESIAN_POINT('Axis2P3D Location',(0.,0.,1.5)) ;
#10641=CARTESIAN_POINT('Line Origine',(1.22464679915E-15,4.,1.5)) ;
#10645=CARTESIAN_POINT('Vertex',(1.22464679915E-15,4.,-8.881784197E-16)) ;
#10648=CARTESIAN_POINT('Line Origine',(-7.34788079488E-16,-4.,1.5)) ;
#10652=CARTESIAN_POINT('Vertex',(-7.34788079488E-16,-4.,-8.881784197E-16)) ;
#10655=CARTESIAN_POINT('Axis2P3D Location',(0.,0.,-8.881784197E-16)) ;
#10667=CARTESIAN_POINT('Axis2P3D Location',(0.,0.,-8.881784197E-16)) ;
#10679=CARTESIAN_POINT('Axis2P3D Location',(0.,-7.,0.)) ;
#10698=CARTESIAN_POINT('Line Origine',(-7.34788079488E-16,-4.,1.5)) ;
#10702=CARTESIAN_POINT('Vertex',(-7.34788079488E-16,-4.,3.)) ;
#10705=CARTESIAN_POINT('Axis2P3D Location',(0.,0.,3.)) ;
#10709=CARTESIAN_POINT('Vertex',(1.22464679915E-15,4.,3.)) ;
#10712=CARTESIAN_POINT('Line Origine',(1.22464679915E-15,4.,1.5)) ;
#10724=CARTESIAN_POINT('Axis2P3D Location',(0.,0.,3.)) ;
#10736=CARTESIAN_POINT('Axis2P3D Location',(0.,0.,1.5)) ;
#10741=CARTESIAN_POINT('Axis2P3D Location',(0.,0.,3.)) ;
#10745=CARTESIAN_POINT('Vertex',(-8.63375993399E-16,-4.7,3.)) ;
#10747=CARTESIAN_POINT('Vertex',(1.438959989E-15,4.7,3.)) ;
#10750=CARTESIAN_POINT('Line Origine',(-8.63375993399E-16,-4.7,1.85)) ;
#10754=CARTESIAN_POINT('Vertex',(-8.63375993399E-16,-4.7,0.7)) ;
#10757=CARTESIAN_POINT('Axis2P3D Location',(0.,0.,0.7)) ;
#10761=CARTESIAN_POINT('Vertex',(1.438959989E-15,4.7,0.7)) ;
#10764=CARTESIAN_POINT('Line Origine',(1.438959989E-15,4.7,1.85)) ;
#10776=CARTESIAN_POINT('Axis2P3D Location',(0.,0.,3.)) ;
#10781=CARTESIAN_POINT('Axis2P3D Location',(0.,0.,0.7)) ;
#10793=CARTESIAN_POINT('Axis2P3D Location',(0.,0.,0.7)) ;
#10797=CARTESIAN_POINT('Vertex',(-1.2858791391E-15,-7.,0.7)) ;
#10799=CARTESIAN_POINT('Vertex',(2.14313189851E-15,7.,0.7)) ;
#10802=CARTESIAN_POINT('Line Origine',(-1.2858791391E-15,-7.,0.35)) ;
#10806=CARTESIAN_POINT('Vertex',(-1.2858791391E-15,-7.,0.)) ;
#10809=CARTESIAN_POINT('Axis2P3D Location',(0.,0.,0.)) ;
#10813=CARTESIAN_POINT('Vertex',(2.14313189851E-15,7.,0.)) ;
#10816=CARTESIAN_POINT('Line Origine',(2.14313189851E-15,7.,0.35)) ;
#10828=CARTESIAN_POINT('Axis2P3D Location',(0.,0.,0.7)) ;
#10833=CARTESIAN_POINT('Axis2P3D Location',(0.,0.,0.)) ;
#10854=CARTESIAN_POINT('Axis2P3D Location',(0.,-7.,0.7)) ;
#10894=CARTESIAN_POINT('Line Origine',(-1.2858791391E-15,-7.,0.35)) ;
#10899=CARTESIAN_POINT('Line Origine',(2.14313189851E-15,7.,0.35)) ;
#10966=CARTESIAN_POINT('NONE',(0.,0.,0.)) ;
#10967=CARTESIAN_POINT('NONE',(0.,99.,-2.7)) ;
#10979=CARTESIAN_POINT('NONE',(0.,0.,0.)) ;
#10980=CARTESIAN_POINT('NONE',(0.,-99.,-8.881784197E-16)) ;
#10992=CARTESIAN_POINT('NONE',(0.,0.,0.)) ;
#10993=CARTESIAN_POINT('NONE',(0.,0.,0.)) ;
#11017=CARTESIAN_POINT('Axis2P3D Location',(0.5,36.,0.)) ;
#11022=CARTESIAN_POINT('Line Origine',(0.5,36.,-0.1)) ;
#11026=CARTESIAN_POINT('Vertex',(0.5,36.,0.)) ;
#11028=CARTESIAN_POINT('Vertex',(0.5,36.,-0.2)) ;
#11031=CARTESIAN_POINT('Line Origine',(0.5,37.5,0.)) ;
#11035=CARTESIAN_POINT('Vertex',(0.5,39.,0.)) ;
#11038=CARTESIAN_POINT('Line Origine',(0.5,39.,-0.1)) ;
#11042=CARTESIAN_POINT('Vertex',(0.5,39.,-0.2)) ;
#11045=CARTESIAN_POINT('Line Origine',(0.5,37.5,-0.2)) ;
#11057=CARTESIAN_POINT('Axis2P3D Location',(-0.5,36.,0.)) ;
#11062=CARTESIAN_POINT('Line Origine',(-0.5,36.,-0.1)) ;
#11066=CARTESIAN_POINT('Vertex',(-0.5,36.,0.)) ;
#11068=CARTESIAN_POINT('Vertex',(-0.5,36.,-0.2)) ;
#11071=CARTESIAN_POINT('Line Origine',(-1.7763568394E-15,36.,0.)) ;
#11076=CARTESIAN_POINT('Line Origine',(-1.7763568394E-15,36.,-0.2)) ;
#11088=CARTESIAN_POINT('Axis2P3D Location',(0.5,39.,0.)) ;
#11093=CARTESIAN_POINT('Line Origine',(-1.7763568394E-15,39.,0.)) ;
#11097=CARTESIAN_POINT('Vertex',(-0.5,39.,0.)) ;
#11100=CARTESIAN_POINT('Line Origine',(-0.5,39.,-0.1)) ;
#11104=CARTESIAN_POINT('Vertex',(-0.5,39.,-0.2)) ;
#11107=CARTESIAN_POINT('Line Origine',(-1.7763568394E-15,39.,-0.2)) ;
#11119=CARTESIAN_POINT('Axis2P3D Location',(0.,0.,-0.2)) ;
#11124=CARTESIAN_POINT('Line Origine',(-0.5,37.5,-0.2)) ;
#11136=CARTESIAN_POINT('Axis2P3D Location',(-0.5,36.,0.)) ;
#11141=CARTESIAN_POINT('Line Origine',(-0.5,37.5,0.)) ;
#11153=CARTESIAN_POINT('Axis2P3D Location',(0.,0.,0.)) ;
#11158=CARTESIAN_POINT('Line Origine',(-23.565,1.42108547152E-14,0.)) ;
#11162=CARTESIAN_POINT('Vertex',(-23.565,60.57,0.)) ;
#11164=CARTESIAN_POINT('Vertex',(-23.565,-60.57,0.)) ;
#11167=CARTESIAN_POINT('Axis2P3D Location',(-21.865,-60.57,0.)) ;
#11171=CARTESIAN_POINT('Vertex',(-21.865,-62.27,0.)) ;
#11174=CARTESIAN_POINT('Line Origine',(0.,-62.27,0.)) ;
#11178=CARTESIAN_POINT('Vertex',(21.865,-62.27,0.)) ;
#11181=CARTESIAN_POINT('Axis2P3D Location',(21.865,-60.57,0.)) ;
#11185=CARTESIAN_POINT('Vertex',(23.565,-60.57,0.)) ;
#11188=CARTESIAN_POINT('Line Origine',(23.565,-7.1054273576E-15,0.)) ;
#11192=CARTESIAN_POINT('Vertex',(23.565,60.57,0.)) ;
#11195=CARTESIAN_POINT('Axis2P3D Location',(21.865,60.57,0.)) ;
#11199=CARTESIAN_POINT('Vertex',(21.865,62.27,0.)) ;
#11202=CARTESIAN_POINT('Line Origine',(-7.1054273576E-15,62.27,0.)) ;
#11206=CARTESIAN_POINT('Vertex',(-21.865,62.27,0.)) ;
#11209=CARTESIAN_POINT('Axis2P3D Location',(-21.865,60.57,0.)) ;
#11230=CARTESIAN_POINT('Axis2P3D Location',(1.7,21.,0.)) ;
#11234=CARTESIAN_POINT('Vertex',(1.5,21.,0.)) ;
#11236=CARTESIAN_POINT('Vertex',(1.7,21.2,0.)) ;
#11239=CARTESIAN_POINT('Line Origine',(3.6,21.2,0.)) ;
#11243=CARTESIAN_POINT('Vertex',(5.5,21.2,0.)) ;
#11246=CARTESIAN_POINT('Axis2P3D Location',(5.5,18.,0.)) ;
#11250=CARTESIAN_POINT('Vertex',(8.7,18.,0.)) ;
#11253=CARTESIAN_POINT('Line Origine',(8.7,-7.1054273576E-15,0.)) ;
#11257=CARTESIAN_POINT('Vertex',(8.7,-18.,0.)) ;
#11260=CARTESIAN_POINT('Axis2P3D Location',(5.5,-18.,0.)) ;
#11264=CARTESIAN_POINT('Vertex',(5.5,-21.2,0.)) ;
#11267=CARTESIAN_POINT('Line Origine',(3.6,-21.2,0.)) ;
#11271=CARTESIAN_POINT('Vertex',(1.7,-21.2,0.)) ;
#11274=CARTESIAN_POINT('Axis2P3D Location',(1.7,-21.,0.)) ;
#11278=CARTESIAN_POINT('Vertex',(1.5,-21.,0.)) ;
#11281=CARTESIAN_POINT('Line Origine',(1.5,-20.5,0.)) ;
#11285=CARTESIAN_POINT('Vertex',(1.5,-20.,0.)) ;
#11288=CARTESIAN_POINT('Axis2P3D Location',(1.3,-20.,0.)) ;
#11292=CARTESIAN_POINT('Vertex',(1.3,-19.8,0.)) ;
#11295=CARTESIAN_POINT('Line Origine',(2.22044604925E-16,-19.8,0.)) ;
#11299=CARTESIAN_POINT('Vertex',(-1.3,-19.8,0.)) ;
#11302=CARTESIAN_POINT('Axis2P3D Location',(-1.3,-20.,0.)) ;
#11306=CARTESIAN_POINT('Vertex',(-1.5,-20.,0.)) ;
#11309=CARTESIAN_POINT('Line Origine',(-1.5,-20.5,0.)) ;
#11313=CARTESIAN_POINT('Vertex',(-1.5,-21.,0.)) ;
#11316=CARTESIAN_POINT('Axis2P3D Location',(-1.7,-21.,0.)) ;
#11320=CARTESIAN_POINT('Vertex',(-1.7,-21.2,0.)) ;
#11323=CARTESIAN_POINT('Line Origine',(-3.6,-21.2,0.)) ;
#11327=CARTESIAN_POINT('Vertex',(-5.5,-21.2,0.)) ;
#11330=CARTESIAN_POINT('Axis2P3D Location',(-5.5,-18.,0.)) ;
#11334=CARTESIAN_POINT('Vertex',(-8.7,-18.,0.)) ;
#11337=CARTESIAN_POINT('Line Origine',(-8.7,-7.1054273576E-15,0.)) ;
#11341=CARTESIAN_POINT('Vertex',(-8.7,18.,0.)) ;
#11344=CARTESIAN_POINT('Axis2P3D Location',(-5.5,18.,0.)) ;
#11348=CARTESIAN_POINT('Vertex',(-5.5,21.2,0.)) ;
#11351=CARTESIAN_POINT('Line Origine',(-3.6,21.2,0.)) ;
#11355=CARTESIAN_POINT('Vertex',(-1.7,21.2,0.)) ;
#11358=CARTESIAN_POINT('Axis2P3D Location',(-1.7,21.,0.)) ;
#11362=CARTESIAN_POINT('Vertex',(-1.5,21.,0.)) ;
#11365=CARTESIAN_POINT('Line Origine',(-1.5,20.5,0.)) ;
#11369=CARTESIAN_POINT('Vertex',(-1.5,20.,0.)) ;
#11372=CARTESIAN_POINT('Axis2P3D Location',(-1.3,20.,0.)) ;
#11376=CARTESIAN_POINT('Vertex',(-1.3,19.8,0.)) ;
#11379=CARTESIAN_POINT('Line Origine',(2.22044604925E-16,19.8,0.)) ;
#11383=CARTESIAN_POINT('Vertex',(1.3,19.8,0.)) ;
#11386=CARTESIAN_POINT('Axis2P3D Location',(1.3,20.,0.)) ;
#11390=CARTESIAN_POINT('Vertex',(1.5,20.,0.)) ;
#11393=CARTESIAN_POINT('Line Origine',(1.5,20.5,0.)) ;
#11425=CARTESIAN_POINT('Axis2P3D Location',(-21.865,-60.57,-3.4)) ;
#11430=CARTESIAN_POINT('Line Origine',(-23.415,-60.57,-1.85)) ;
#11434=CARTESIAN_POINT('Vertex',(-23.565,-60.57,-1.7)) ;
#11436=CARTESIAN_POINT('Vertex',(-23.265,-60.57,-2.)) ;
#11439=CARTESIAN_POINT('Axis2P3D Location',(-21.865,-60.57,-2.)) ;
#11443=CARTESIAN_POINT('Vertex',(-21.865,-61.97,-2.)) ;
#11446=CARTESIAN_POINT('Line Origine',(-21.865,-62.12,-1.85)) ;
#11450=CARTESIAN_POINT('Vertex',(-21.865,-62.27,-1.7)) ;
#11453=CARTESIAN_POINT('Axis2P3D Location',(-21.865,-60.57,-1.7)) ;
#11465=CARTESIAN_POINT('Axis2P3D Location',(-23.265,0.,-2.)) ;
#11470=CARTESIAN_POINT('Line Origine',(-23.415,60.57,-1.85)) ;
#11474=CARTESIAN_POINT('Vertex',(-23.565,60.57,-1.7)) ;
#11476=CARTESIAN_POINT('Vertex',(-23.265,60.57,-2.)) ;
#11479=CARTESIAN_POINT('Line Origine',(-23.265,0.,-2.)) ;
#11484=CARTESIAN_POINT('Line Origine',(-23.565,0.,-1.7)) ;
#11496=CARTESIAN_POINT('Axis2P3D Location',(-21.865,60.57,-3.4)) ;
#11501=CARTESIAN_POINT('Line Origine',(-21.865,62.12,-1.85)) ;
#11505=CARTESIAN_POINT('Vertex',(-21.865,62.27,-1.7)) ;
#11507=CARTESIAN_POINT('Vertex',(-21.865,61.97,-2.)) ;
#11510=CARTESIAN_POINT('Axis2P3D Location',(-21.865,60.57,-2.)) ;
#11515=CARTESIAN_POINT('Axis2P3D Location',(-21.865,60.57,-1.7)) ;
#11527=CARTESIAN_POINT('Axis2P3D Location',(0.,61.97,-2.)) ;
#11532=CARTESIAN_POINT('Line Origine',(21.865,62.12,-1.85)) ;
#11536=CARTESIAN_POINT('Vertex',(21.865,62.27,-1.7)) ;
#11538=CARTESIAN_POINT('Vertex',(21.865,61.97,-2.)) ;
#11541=CARTESIAN_POINT('Line Origine',(0.,61.97,-2.)) ;
#11546=CARTESIAN_POINT('Line Origine',(0.,62.27,-1.7)) ;
#11558=CARTESIAN_POINT('Axis2P3D Location',(21.865,60.57,-3.4)) ;
#11563=CARTESIAN_POINT('Line Origine',(23.415,60.57,-1.85)) ;
#11567=CARTESIAN_POINT('Vertex',(23.565,60.57,-1.7)) ;
#11569=CARTESIAN_POINT('Vertex',(23.265,60.57,-2.)) ;
#11572=CARTESIAN_POINT('Axis2P3D Location',(21.865,60.57,-2.)) ;
#11577=CARTESIAN_POINT('Axis2P3D Location',(21.865,60.57,-1.7)) ;
#11589=CARTESIAN_POINT('Axis2P3D Location',(23.265,0.,-2.)) ;
#11594=CARTESIAN_POINT('Line Origine',(23.415,-60.57,-1.85)) ;
#11598=CARTESIAN_POINT('Vertex',(23.565,-60.57,-1.7)) ;
#11600=CARTESIAN_POINT('Vertex',(23.265,-60.57,-2.)) ;
#11603=CARTESIAN_POINT('Line Origine',(23.265,0.,-2.)) ;
#11608=CARTESIAN_POINT('Line Origine',(23.565,0.,-1.7)) ;
#11620=CARTESIAN_POINT('Axis2P3D Location',(21.865,-60.57,-3.4)) ;
#11625=CARTESIAN_POINT('Line Origine',(21.865,-62.12,-1.85)) ;
#11629=CARTESIAN_POINT('Vertex',(21.865,-62.27,-1.7)) ;
#11631=CARTESIAN_POINT('Vertex',(21.865,-61.97,-2.)) ;
#11634=CARTESIAN_POINT('Axis2P3D Location',(21.865,-60.57,-2.)) ;
#11639=CARTESIAN_POINT('Axis2P3D Location',(21.865,-60.57,-1.7)) ;
#11651=CARTESIAN_POINT('Axis2P3D Location',(0.,-61.97,-2.)) ;
#11656=CARTESIAN_POINT('Line Origine',(0.,-61.97,-2.)) ;
#11661=CARTESIAN_POINT('Line Origine',(0.,-62.27,-1.7)) ;
#11673=CARTESIAN_POINT('Axis2P3D Location',(0.,0.,-2.)) ;
#11688=CARTESIAN_POINT('Line Origine',(-9.7,-3.5527136788E-15,-2.)) ;
#11692=CARTESIAN_POINT('Vertex',(-9.7,18.7,-2.)) ;
#11694=CARTESIAN_POINT('Vertex',(-9.7,-18.7,-2.)) ;
#11697=CARTESIAN_POINT('Axis2P3D Location',(-6.2,-18.7,-2.)) ;
#11701=CARTESIAN_POINT('Vertex',(-6.2,-22.2,-2.)) ;
#11704=CARTESIAN_POINT('Line Origine',(0.,-22.2,-2.)) ;
#11708=CARTESIAN_POINT('Vertex',(6.2,-22.2,-2.)) ;
#11711=CARTESIAN_POINT('Axis2P3D Location',(6.2,-18.7,-2.)) ;
#11715=CARTESIAN_POINT('Vertex',(9.7,-18.7,-2.)) ;
#11718=CARTESIAN_POINT('Line Origine',(9.7,-7.1054273576E-15,-2.)) ;
#11722=CARTESIAN_POINT('Vertex',(9.7,18.7,-2.)) ;
#11725=CARTESIAN_POINT('Axis2P3D Location',(6.2,18.7,-2.)) ;
#11729=CARTESIAN_POINT('Vertex',(6.2,22.2,-2.)) ;
#11732=CARTESIAN_POINT('Line Origine',(0.,22.2,-2.)) ;
#11736=CARTESIAN_POINT('Vertex',(-6.2,22.2,-2.)) ;
#11739=CARTESIAN_POINT('Axis2P3D Location',(-6.2,18.7,-2.)) ;
#11754=CARTESIAN_POINT('Axis2P3D Location',(0.,51.17,-2.)) ;
#11758=CARTESIAN_POINT('Vertex',(-1.83697019872E-16,49.67,-2.)) ;
#11760=CARTESIAN_POINT('Vertex',(0.,52.67,-2.)) ;
#11763=CARTESIAN_POINT('Axis2P3D Location',(0.,51.17,-2.)) ;
#11772=CARTESIAN_POINT('Axis2P3D Location',(0.,-51.17,-2.)) ;
#11776=CARTESIAN_POINT('Vertex',(-1.83697019872E-16,-52.67,-2.)) ;
#11778=CARTESIAN_POINT('Vertex',(0.,-49.67,-2.)) ;
#11781=CARTESIAN_POINT('Axis2P3D Location',(0.,-51.17,-2.)) ;
#11791=CARTESIAN_POINT('Axis2P3D Location',(-23.565,-62.27,0.)) ;
#11796=CARTESIAN_POINT('Line Origine',(21.865,-62.27,-0.85)) ;
#11801=CARTESIAN_POINT('Line Origine',(-21.865,-62.27,-0.85)) ;
#11813=CARTESIAN_POINT('Axis2P3D Location',(21.865,-60.57,-1.)) ;
#11818=CARTESIAN_POINT('Line Origine',(23.565,-60.57,-1.)) ;
#11830=CARTESIAN_POINT('Axis2P3D Location',(23.565,62.27,0.)) ;
#11835=CARTESIAN_POINT('Line Origine',(23.565,60.57,-0.85)) ;
#11847=CARTESIAN_POINT('Axis2P3D Location',(21.865,60.57,-1.)) ;
#11852=CARTESIAN_POINT('Line Origine',(21.865,62.27,-1.)) ;
#11864=CARTESIAN_POINT('Axis2P3D Location',(23.565,62.27,0.)) ;
#11869=CARTESIAN_POINT('Line Origine',(-21.865,62.27,-0.85)) ;
#11881=CARTESIAN_POINT('Axis2P3D Location',(-21.865,-60.57,-1.)) ;
#11886=CARTESIAN_POINT('Line Origine',(-23.565,-60.57,-1.)) ;
#11898=CARTESIAN_POINT('Axis2P3D Location',(-21.865,60.57,-1.)) ;
#11903=CARTESIAN_POINT('Line Origine',(-23.565,60.57,-1.)) ;
#11915=CARTESIAN_POINT('Axis2P3D Location',(-23.565,-62.27,0.)) ;
#11927=CARTESIAN_POINT('Axis2P3D Location',(0.,5.1,-2.)) ;
#11932=CARTESIAN_POINT('Axis2P3D Location',(0.,1.42108547152E-14,-2.)) ;
#11936=CARTESIAN_POINT('Vertex',(3.83540430883,-7.02066049512,-2.)) ;
#11938=CARTESIAN_POINT('Vertex',(3.83540430883,7.02066049512,-2.)) ;
#11941=CARTESIAN_POINT('Axis2P3D Location',(0.,1.42108547152E-14,-2.)) ;
#11950=CARTESIAN_POINT('Axis2P3D Location',(0.,1.42108547152E-14,-2.)) ;
#11954=CARTESIAN_POINT('Vertex',(2.44507024688,-4.47567106564,-2.)) ;
#11956=CARTESIAN_POINT('Vertex',(2.44507024688,4.47567106564,-2.)) ;
#11959=CARTESIAN_POINT('Axis2P3D Location',(0.,1.42108547152E-14,-2.)) ;
#11969=CARTESIAN_POINT('Axis2P3D Location',(0.,4.8,-2.25)) ;
#11974=CARTESIAN_POINT('Axis2P3D Location',(0.,1.42108547152E-14,-2.25)) ;
#11978=CARTESIAN_POINT('Vertex',(2.39712769302,-4.38791280945,-2.25)) ;
#11980=CARTESIAN_POINT('Vertex',(2.39712769302,4.38791280945,-2.25)) ;
#11983=CARTESIAN_POINT('Axis2P3D Location',(0.,1.42108547152E-14,-2.25)) ;
#11992=CARTESIAN_POINT('Axis2P3D Location',(0.,1.42108547152E-14,-2.25)) ;
#11996=CARTESIAN_POINT('Vertex',(2.3012425853,-4.21239629707,-2.25)) ;
#11998=CARTESIAN_POINT('Vertex',(2.3012425853,4.21239629707,-2.25)) ;
#12001=CARTESIAN_POINT('Axis2P3D Location',(0.,1.42108547152E-14,-2.25)) ;
#12011=CARTESIAN_POINT('Axis2P3D Location',(0.,1.42108547152E-14,7.1054273576E-15)) ;
#12016=CARTESIAN_POINT('Axis2P3D Location',(0.,1.42108547152E-14,-2.4)) ;
#12020=CARTESIAN_POINT('Vertex',(3.83540430883,-7.02066049512,-2.4)) ;
#12022=CARTESIAN_POINT('Vertex',(3.83540430883,7.02066049512,-2.4)) ;
#12025=CARTESIAN_POINT('Line Origine',(3.83540430883,-7.02066049512,-11.)) ;
#12030=CARTESIAN_POINT('Line Origine',(3.83540430883,7.02066049512,-11.)) ;
#12042=CARTESIAN_POINT('Axis2P3D Location',(0.,1.42108547152E-14,-2.4)) ;
#12054=CARTESIAN_POINT('Axis2P3D Location',(0.,1.42108547152E-14,7.1054273576E-15)) ;
#12059=CARTESIAN_POINT('Axis2P3D Location',(0.,1.42108547152E-14,-2.15)) ;
#12063=CARTESIAN_POINT('Vertex',(2.44507024688,-4.47567106564,-2.15)) ;
#12065=CARTESIAN_POINT('Vertex',(2.44507024688,4.47567106564,-2.15)) ;
#12068=CARTESIAN_POINT('Line Origine',(2.44507024688,4.47567106564,-2.075)) ;
#12073=CARTESIAN_POINT('Line Origine',(2.44507024688,-4.47567106564,-2.075)) ;
#12085=CARTESIAN_POINT('Axis2P3D Location',(0.,1.42108547152E-14,-2.15)) ;
#12097=CARTESIAN_POINT('Axis2P3D Location',(0.,1.42108547152E-14,-2.15)) ;
#12102=CARTESIAN_POINT('Axis2P3D Location',(2.39712769302,4.38791280945,-2.15)) ;
#12107=CARTESIAN_POINT('Axis2P3D Location',(2.39712769302,-4.38791280945,-2.15)) ;
#12126=CARTESIAN_POINT('Axis2P3D Location',(0.,1.42108547152E-14,-2.15)) ;
#12131=CARTESIAN_POINT('Axis2P3D Location',(0.,1.42108547152E-14,-2.15)) ;
#12135=CARTESIAN_POINT('Vertex',(2.25330003144,-4.12463804088,-2.15)) ;
#12137=CARTESIAN_POINT('Vertex',(2.25330003144,4.12463804088,-2.15)) ;
#12140=CARTESIAN_POINT('Axis2P3D Location',(2.3012425853,4.21239629707,-2.15)) ;
#12145=CARTESIAN_POINT('Axis2P3D Location',(2.3012425853,-4.21239629707,-2.15)) ;
#12157=CARTESIAN_POINT('Axis2P3D Location',(0.,1.42108547152E-14,-2.15)) ;
#12169=CARTESIAN_POINT('Axis2P3D Location',(0.,1.42108547152E-14,7.1054273576E-15)) ;
#12174=CARTESIAN_POINT('Axis2P3D Location',(0.,1.42108547152E-14,-0.9)) ;
#12178=CARTESIAN_POINT('Vertex',(2.25330003144,-4.12463804088,-0.9)) ;
#12180=CARTESIAN_POINT('Vertex',(2.25330003144,4.12463804088,-0.9)) ;
#12183=CARTESIAN_POINT('Line Origine',(2.25330003144,4.12463804088,8.925)) ;
#12188=CARTESIAN_POINT('Line Origine',(2.25330003144,-4.12463804088,8.925)) ;
#12200=CARTESIAN_POINT('Axis2P3D Location',(0.,1.42108547152E-14,-0.9)) ;
#12212=CARTESIAN_POINT('Axis2P3D Location',(-8.7,-21.2,0.)) ;
#12217=CARTESIAN_POINT('Line Origine',(-8.7,-1.06581410364E-14,-2.4)) ;
#12221=CARTESIAN_POINT('Vertex',(-8.7,18.7,-2.4)) ;
#12223=CARTESIAN_POINT('Vertex',(-8.7,-18.7,-2.4)) ;
#12226=CARTESIAN_POINT('Line Origine',(-8.7,-18.7,-2.05)) ;
#12230=CARTESIAN_POINT('Vertex',(-8.7,-18.7,-1.7)) ;
#12233=CARTESIAN_POINT('Line Origine',(-8.7,-1.06581410364E-14,-1.7)) ;
#12237=CARTESIAN_POINT('Vertex',(-8.7,18.7,-1.7)) ;
#12240=CARTESIAN_POINT('Line Origine',(-8.7,18.7,-2.05)) ;
#12252=CARTESIAN_POINT('Axis2P3D Location',(-6.2,18.7,-2.05)) ;
#12257=CARTESIAN_POINT('Axis2P3D Location',(-6.2,18.7,-2.4)) ;
#12261=CARTESIAN_POINT('Vertex',(-6.2,21.2,-2.4)) ;
#12264=CARTESIAN_POINT('Axis2P3D Location',(-6.2,18.7,-1.7)) ;
#12268=CARTESIAN_POINT('Vertex',(-6.2,21.2,-1.7)) ;
#12271=CARTESIAN_POINT('Line Origine',(-6.2,21.2,-2.05)) ;
#12283=CARTESIAN_POINT('Axis2P3D Location',(8.7,21.2,0.)) ;
#12288=CARTESIAN_POINT('Line Origine',(-3.95,21.2,-1.7)) ;
#12292=CARTESIAN_POINT('Vertex',(-1.7,21.2,-1.7)) ;
#12295=CARTESIAN_POINT('Line Origine',(-1.7,21.2,-2.05)) ;
#12299=CARTESIAN_POINT('Vertex',(-1.7,21.2,-2.4)) ;
#12302=CARTESIAN_POINT('Line Origine',(-3.95,21.2,-2.4)) ;
#12314=CARTESIAN_POINT('Axis2P3D Location',(-1.7,21.,-2.05)) ;
#12319=CARTESIAN_POINT('Axis2P3D Location',(-1.7,21.,-2.4)) ;
#12323=CARTESIAN_POINT('Vertex',(-1.5,21.,-2.4)) ;
#12326=CARTESIAN_POINT('Axis2P3D Location',(-1.7,21.,-1.7)) ;
#12330=CARTESIAN_POINT('Vertex',(-1.5,21.,-1.7)) ;
#12333=CARTESIAN_POINT('Line Origine',(-1.5,21.,-2.05)) ;
#12345=CARTESIAN_POINT('Axis2P3D Location',(-1.5,-21.2,0.)) ;
#12350=CARTESIAN_POINT('Line Origine',(-1.5,20.5,-1.7)) ;
#12354=CARTESIAN_POINT('Vertex',(-1.5,20.,-1.7)) ;
#12357=CARTESIAN_POINT('Line Origine',(-1.5,20.,-2.05)) ;
#12361=CARTESIAN_POINT('Vertex',(-1.5,20.,-2.4)) ;
#12364=CARTESIAN_POINT('Line Origine',(-1.5,20.5,-2.4)) ;
#12376=CARTESIAN_POINT('Axis2P3D Location',(-1.3,20.,-2.05)) ;
#12381=CARTESIAN_POINT('Line Origine',(-1.3,19.8,-2.05)) ;
#12385=CARTESIAN_POINT('Vertex',(-1.3,19.8,-2.4)) ;
#12387=CARTESIAN_POINT('Vertex',(-1.3,19.8,-1.7)) ;
#12390=CARTESIAN_POINT('Axis2P3D Location',(-1.3,20.,-2.4)) ;
#12395=CARTESIAN_POINT('Axis2P3D Location',(-1.3,20.,-1.7)) ;
#12407=CARTESIAN_POINT('Axis2P3D Location',(-1.5,19.8,0.)) ;
#12412=CARTESIAN_POINT('Line Origine',(-2.22044604925E-16,19.8,-1.7)) ;
#12416=CARTESIAN_POINT('Vertex',(1.3,19.8,-1.7)) ;
#12419=CARTESIAN_POINT('Line Origine',(1.3,19.8,-2.05)) ;
#12423=CARTESIAN_POINT('Vertex',(1.3,19.8,-2.4)) ;
#12426=CARTESIAN_POINT('Line Origine',(2.22044604925E-16,19.8,-2.4)) ;
#12438=CARTESIAN_POINT('Axis2P3D Location',(1.3,20.,-2.05)) ;
#12443=CARTESIAN_POINT('Line Origine',(1.5,20.,-2.05)) ;
#12447=CARTESIAN_POINT('Vertex',(1.5,20.,-2.4)) ;
#12449=CARTESIAN_POINT('Vertex',(1.5,20.,-1.7)) ;
#12452=CARTESIAN_POINT('Axis2P3D Location',(1.3,20.,-2.4)) ;
#12457=CARTESIAN_POINT('Axis2P3D Location',(1.3,20.,-1.7)) ;
#12469=CARTESIAN_POINT('Axis2P3D Location',(1.5,-19.8,0.)) ;
#12474=CARTESIAN_POINT('Line Origine',(1.5,20.5,-1.7)) ;
#12478=CARTESIAN_POINT('Vertex',(1.5,21.,-1.7)) ;
#12481=CARTESIAN_POINT('Line Origine',(1.5,21.,-2.05)) ;
#12485=CARTESIAN_POINT('Vertex',(1.5,21.,-2.4)) ;
#12488=CARTESIAN_POINT('Line Origine',(1.5,20.5,-2.4)) ;
#12500=CARTESIAN_POINT('Axis2P3D Location',(1.7,21.,-2.05)) ;
#12505=CARTESIAN_POINT('Axis2P3D Location',(1.7,21.,-2.4)) ;
#12509=CARTESIAN_POINT('Vertex',(1.7,21.2,-2.4)) ;
#12512=CARTESIAN_POINT('Axis2P3D Location',(1.7,21.,-1.7)) ;
#12516=CARTESIAN_POINT('Vertex',(1.7,21.2,-1.7)) ;
#12519=CARTESIAN_POINT('Line Origine',(1.7,21.2,-2.05)) ;
#12531=CARTESIAN_POINT('Line Origine',(6.2,21.2,-2.05)) ;
#12535=CARTESIAN_POINT('Vertex',(6.2,21.2,-1.7)) ;
#12537=CARTESIAN_POINT('Vertex',(6.2,21.2,-2.4)) ;
#12540=CARTESIAN_POINT('Line Origine',(3.95,21.2,-2.4)) ;
#12545=CARTESIAN_POINT('Line Origine',(3.95,21.2,-1.7)) ;
#12557=CARTESIAN_POINT('Axis2P3D Location',(6.2,18.7,-2.05)) ;
#12562=CARTESIAN_POINT('Axis2P3D Location',(6.2,18.7,-2.4)) ;
#12566=CARTESIAN_POINT('Vertex',(8.7,18.7,-2.4)) ;
#12569=CARTESIAN_POINT('Axis2P3D Location',(6.2,18.7,-1.7)) ;
#12573=CARTESIAN_POINT('Vertex',(8.7,18.7,-1.7)) ;
#12576=CARTESIAN_POINT('Line Origine',(8.7,18.7,-2.05)) ;
#12588=CARTESIAN_POINT('Axis2P3D Location',(8.7,21.2,0.)) ;
#12593=CARTESIAN_POINT('Line Origine',(8.7,-3.5527136788E-15,-1.7)) ;
#12597=CARTESIAN_POINT('Vertex',(8.7,-18.7,-1.7)) ;
#12600=CARTESIAN_POINT('Line Origine',(8.7,-18.7,-2.05)) ;
#12604=CARTESIAN_POINT('Vertex',(8.7,-18.7,-2.4)) ;
#12607=CARTESIAN_POINT('Line Origine',(8.7,-3.5527136788E-15,-2.4)) ;
#12619=CARTESIAN_POINT('Axis2P3D Location',(6.2,-18.7,-2.05)) ;
#12624=CARTESIAN_POINT('Axis2P3D Location',(6.2,-18.7,-2.4)) ;
#12628=CARTESIAN_POINT('Vertex',(6.2,-21.2,-2.4)) ;
#12631=CARTESIAN_POINT('Axis2P3D Location',(6.2,-18.7,-1.7)) ;
#12635=CARTESIAN_POINT('Vertex',(6.2,-21.2,-1.7)) ;
#12638=CARTESIAN_POINT('Line Origine',(6.2,-21.2,-2.05)) ;
#12650=CARTESIAN_POINT('Axis2P3D Location',(-8.7,-21.2,0.)) ;
#12655=CARTESIAN_POINT('Line Origine',(3.95,-21.2,-1.7)) ;
#12659=CARTESIAN_POINT('Vertex',(1.7,-21.2,-1.7)) ;
#12662=CARTESIAN_POINT('Line Origine',(1.7,-21.2,-2.05)) ;
#12666=CARTESIAN_POINT('Vertex',(1.7,-21.2,-2.4)) ;
#12669=CARTESIAN_POINT('Line Origine',(3.95,-21.2,-2.4)) ;
#12681=CARTESIAN_POINT('Axis2P3D Location',(1.7,-21.,-2.05)) ;
#12686=CARTESIAN_POINT('Axis2P3D Location',(1.7,-21.,-2.4)) ;
#12690=CARTESIAN_POINT('Vertex',(1.5,-21.,-2.4)) ;
#12693=CARTESIAN_POINT('Axis2P3D Location',(1.7,-21.,-1.7)) ;
#12697=CARTESIAN_POINT('Vertex',(1.5,-21.,-1.7)) ;
#12700=CARTESIAN_POINT('Line Origine',(1.5,-21.,-2.05)) ;
#12712=CARTESIAN_POINT('Line Origine',(1.5,-20.5,-1.7)) ;
#12716=CARTESIAN_POINT('Vertex',(1.5,-20.,-1.7)) ;
#12719=CARTESIAN_POINT('Line Origine',(1.5,-20.,-2.05)) ;
#12723=CARTESIAN_POINT('Vertex',(1.5,-20.,-2.4)) ;
#12726=CARTESIAN_POINT('Line Origine',(1.5,-20.5,-2.4)) ;
#12738=CARTESIAN_POINT('Axis2P3D Location',(1.3,-20.,-2.05)) ;
#12743=CARTESIAN_POINT('Line Origine',(1.3,-19.8,-2.05)) ;
#12747=CARTESIAN_POINT('Vertex',(1.3,-19.8,-2.4)) ;
#12749=CARTESIAN_POINT('Vertex',(1.3,-19.8,-1.7)) ;
#12752=CARTESIAN_POINT('Axis2P3D Location',(1.3,-20.,-2.4)) ;
#12757=CARTESIAN_POINT('Axis2P3D Location',(1.3,-20.,-1.7)) ;
#12769=CARTESIAN_POINT('Axis2P3D Location',(-1.5,-19.8,0.)) ;
#12774=CARTESIAN_POINT('Line Origine',(2.22044604925E-16,-19.8,-1.7)) ;
#12778=CARTESIAN_POINT('Vertex',(-1.3,-19.8,-1.7)) ;
#12781=CARTESIAN_POINT('Line Origine',(-1.3,-19.8,-2.05)) ;
#12785=CARTESIAN_POINT('Vertex',(-1.3,-19.8,-2.4)) ;
#12788=CARTESIAN_POINT('Line Origine',(2.22044604925E-16,-19.8,-2.4)) ;
#12800=CARTESIAN_POINT('Axis2P3D Location',(-1.3,-20.,-2.05)) ;
#12805=CARTESIAN_POINT('Line Origine',(-1.5,-20.,-2.05)) ;
#12809=CARTESIAN_POINT('Vertex',(-1.5,-20.,-2.4)) ;
#12811=CARTESIAN_POINT('Vertex',(-1.5,-20.,-1.7)) ;
#12814=CARTESIAN_POINT('Axis2P3D Location',(-1.3,-20.,-2.4)) ;
#12819=CARTESIAN_POINT('Axis2P3D Location',(-1.3,-20.,-1.7)) ;
#12831=CARTESIAN_POINT('Line Origine',(-1.5,-20.5,-1.7)) ;
#12835=CARTESIAN_POINT('Vertex',(-1.5,-21.,-1.7)) ;
#12838=CARTESIAN_POINT('Line Origine',(-1.5,-21.,-2.05)) ;
#12842=CARTESIAN_POINT('Vertex',(-1.5,-21.,-2.4)) ;
#12845=CARTESIAN_POINT('Line Origine',(-1.5,-20.5,-2.4)) ;
#12857=CARTESIAN_POINT('Axis2P3D Location',(-1.7,-21.,-2.05)) ;
#12862=CARTESIAN_POINT('Axis2P3D Location',(-1.7,-21.,-2.4)) ;
#12866=CARTESIAN_POINT('Vertex',(-1.7,-21.2,-2.4)) ;
#12869=CARTESIAN_POINT('Axis2P3D Location',(-1.7,-21.,-1.7)) ;
#12873=CARTESIAN_POINT('Vertex',(-1.7,-21.2,-1.7)) ;
#12876=CARTESIAN_POINT('Line Origine',(-1.7,-21.2,-2.05)) ;
#12888=CARTESIAN_POINT('Axis2P3D Location',(-6.2,-18.7,-2.05)) ;
#12893=CARTESIAN_POINT('Axis2P3D Location',(-6.2,-18.7,-2.4)) ;
#12897=CARTESIAN_POINT('Vertex',(-6.2,-21.2,-2.4)) ;
#12900=CARTESIAN_POINT('Line Origine',(-6.2,-21.2,-2.05)) ;
#12904=CARTESIAN_POINT('Vertex',(-6.2,-21.2,-1.7)) ;
#12907=CARTESIAN_POINT('Axis2P3D Location',(-6.2,-18.7,-1.7)) ;
#12919=CARTESIAN_POINT('Line Origine',(-3.95,-21.2,-2.4)) ;
#12924=CARTESIAN_POINT('Line Origine',(-3.95,-21.2,-1.7)) ;
#12936=CARTESIAN_POINT('Axis2P3D Location',(0.,0.,-2.4)) ;
#12972=CARTESIAN_POINT('Axis2P3D Location',(-9.7,22.2,-2.)) ;
#12977=CARTESIAN_POINT('Line Origine',(-9.7,18.7,-1.85)) ;
#12981=CARTESIAN_POINT('Vertex',(-9.7,18.7,-1.7)) ;
#12984=CARTESIAN_POINT('Line Origine',(-9.7,-3.5527136788E-15,-1.7)) ;
#12988=CARTESIAN_POINT('Vertex',(-9.7,-18.7,-1.7)) ;
#12991=CARTESIAN_POINT('Line Origine',(-9.7,-18.7,-1.85)) ;
#13003=CARTESIAN_POINT('Axis2P3D Location',(-6.2,18.7,-1.85)) ;
#13008=CARTESIAN_POINT('Line Origine',(-6.2,22.2,-1.85)) ;
#13012=CARTESIAN_POINT('Vertex',(-6.2,22.2,-1.7)) ;
#13015=CARTESIAN_POINT('Axis2P3D Location',(-6.2,18.7,-1.7)) ;
#13027=CARTESIAN_POINT('Axis2P3D Location',(-9.7,22.2,-2.)) ;
#13032=CARTESIAN_POINT('Line Origine',(6.2,22.2,-1.85)) ;
#13036=CARTESIAN_POINT('Vertex',(6.2,22.2,-1.7)) ;
#13039=CARTESIAN_POINT('Line Origine',(0.,22.2,-1.7)) ;
#13051=CARTESIAN_POINT('Axis2P3D Location',(-6.2,-18.7,-1.85)) ;
#13056=CARTESIAN_POINT('Axis2P3D Location',(-6.2,-18.7,-1.7)) ;
#13060=CARTESIAN_POINT('Vertex',(-6.2,-22.2,-1.7)) ;
#13063=CARTESIAN_POINT('Line Origine',(-6.2,-22.2,-1.85)) ;
#13075=CARTESIAN_POINT('Axis2P3D Location',(9.7,-22.2,-2.)) ;
#13080=CARTESIAN_POINT('Line Origine',(0.,-22.2,-1.7)) ;
#13084=CARTESIAN_POINT('Vertex',(6.2,-22.2,-1.7)) ;
#13087=CARTESIAN_POINT('Line Origine',(6.2,-22.2,-1.85)) ;
#13099=CARTESIAN_POINT('Axis2P3D Location',(6.2,18.7,-1.85)) ;
#13104=CARTESIAN_POINT('Line Origine',(9.7,18.7,-1.85)) ;
#13108=CARTESIAN_POINT('Vertex',(9.7,18.7,-1.7)) ;
#13111=CARTESIAN_POINT('Axis2P3D Location',(6.2,18.7,-1.7)) ;
#13123=CARTESIAN_POINT('Axis2P3D Location',(6.2,-18.7,-1.85)) ;
#13128=CARTESIAN_POINT('Axis2P3D Location',(6.2,-18.7,-1.7)) ;
#13132=CARTESIAN_POINT('Vertex',(9.7,-18.7,-1.7)) ;
#13135=CARTESIAN_POINT('Line Origine',(9.7,-18.7,-1.85)) ;
#13147=CARTESIAN_POINT('Axis2P3D Location',(9.7,-22.2,-2.)) ;
#13152=CARTESIAN_POINT('Line Origine',(9.7,-7.1054273576E-15,-1.7)) ;
#13164=CARTESIAN_POINT('Axis2P3D Location',(0.,1.42108547152E-14,-0.08999999999)) ;
#13169=CARTESIAN_POINT('Axis2P3D Location',(0.,1.42108547152E-14,-0.5)) ;
#13173=CARTESIAN_POINT('Vertex',(0.,6.,-0.5)) ;
#13175=CARTESIAN_POINT('Vertex',(-7.34788079488E-16,-6.,-0.5)) ;
#13178=CARTESIAN_POINT('Line Origine',(-7.34788079488E-16,-6.,-0.08999999999)) ;
#13182=CARTESIAN_POINT('Vertex',(-7.34788079488E-16,-6.,-0.9)) ;
#13185=CARTESIAN_POINT('Axis2P3D Location',(0.,1.42108547152E-14,-0.9)) ;
#13189=CARTESIAN_POINT('Vertex',(0.,6.,-0.9)) ;
#13192=CARTESIAN_POINT('Line Origine',(0.,6.,-0.08999999999)) ;
#13204=CARTESIAN_POINT('Axis2P3D Location',(0.,1.42108547152E-14,-0.5)) ;
#13209=CARTESIAN_POINT('Axis2P3D Location',(0.,1.42108547152E-14,-0.9)) ;
#13221=CARTESIAN_POINT('Axis2P3D Location',(0.,0.,-0.9)) ;
#13235=CARTESIAN_POINT('Line Origine',(-1.5,20.5,-0.5)) ;
#13239=CARTESIAN_POINT('Vertex',(-1.5,20.,-0.5)) ;
#13241=CARTESIAN_POINT('Vertex',(-1.5,21.,-0.5)) ;
#13244=CARTESIAN_POINT('Line Origine',(-1.5,20.,-0.25)) ;
#13249=CARTESIAN_POINT('Line Origine',(-1.5,21.,-0.25)) ;
#13261=CARTESIAN_POINT('Axis2P3D Location',(-1.3,20.,-0.25)) ;
#13266=CARTESIAN_POINT('Axis2P3D Location',(-1.3,20.,-0.5)) ;
#13270=CARTESIAN_POINT('Vertex',(-1.3,19.8,-0.5)) ;
#13273=CARTESIAN_POINT('Line Origine',(-1.3,19.8,-0.25)) ;
#13285=CARTESIAN_POINT('Line Origine',(1.3,19.8,-0.25)) ;
#13289=CARTESIAN_POINT('Vertex',(1.3,19.8,-0.5)) ;
#13292=CARTESIAN_POINT('Line Origine',(2.22044604925E-16,19.8,-0.5)) ;
#13304=CARTESIAN_POINT('Axis2P3D Location',(1.3,20.,-0.25)) ;
#13309=CARTESIAN_POINT('Axis2P3D Location',(1.3,20.,-0.5)) ;
#13313=CARTESIAN_POINT('Vertex',(1.5,20.,-0.5)) ;
#13316=CARTESIAN_POINT('Line Origine',(1.5,20.,-0.25)) ;
#13328=CARTESIAN_POINT('Line Origine',(1.5,20.5,-0.5)) ;
#13332=CARTESIAN_POINT('Vertex',(1.5,21.,-0.5)) ;
#13335=CARTESIAN_POINT('Line Origine',(1.5,21.,-0.25)) ;
#13347=CARTESIAN_POINT('Axis2P3D Location',(1.7,21.,-0.25)) ;
#13352=CARTESIAN_POINT('Axis2P3D Location',(1.7,21.,-0.5)) ;
#13356=CARTESIAN_POINT('Vertex',(1.7,21.2,-0.5)) ;
#13359=CARTESIAN_POINT('Line Origine',(1.7,21.2,-0.25)) ;
#13371=CARTESIAN_POINT('Line Origine',(3.6,21.2,-0.5)) ;
#13375=CARTESIAN_POINT('Vertex',(5.5,21.2,-0.5)) ;
#13378=CARTESIAN_POINT('Line Origine',(5.5,21.2,-0.25)) ;
#13390=CARTESIAN_POINT('Axis2P3D Location',(5.5,18.,-0.25)) ;
#13395=CARTESIAN_POINT('Axis2P3D Location',(5.5,18.,-0.5)) ;
#13399=CARTESIAN_POINT('Vertex',(8.7,18.,-0.5)) ;
#13402=CARTESIAN_POINT('Line Origine',(8.7,18.,-0.25)) ;
#13414=CARTESIAN_POINT('Line Origine',(8.7,-7.1054273576E-15,-0.5)) ;
#13418=CARTESIAN_POINT('Vertex',(8.7,-18.,-0.5)) ;
#13421=CARTESIAN_POINT('Line Origine',(8.7,-18.,-0.25)) ;
#13433=CARTESIAN_POINT('Axis2P3D Location',(5.5,-18.,-0.25)) ;
#13438=CARTESIAN_POINT('Axis2P3D Location',(5.5,-18.,-0.5)) ;
#13442=CARTESIAN_POINT('Vertex',(5.5,-21.2,-0.5)) ;
#13445=CARTESIAN_POINT('Line Origine',(5.5,-21.2,-0.25)) ;
#13457=CARTESIAN_POINT('Line Origine',(3.6,-21.2,-0.5)) ;
#13461=CARTESIAN_POINT('Vertex',(1.7,-21.2,-0.5)) ;
#13464=CARTESIAN_POINT('Line Origine',(1.7,-21.2,-0.25)) ;
#13476=CARTESIAN_POINT('Axis2P3D Location',(1.7,-21.,-0.25)) ;
#13481=CARTESIAN_POINT('Axis2P3D Location',(1.7,-21.,-0.5)) ;
#13485=CARTESIAN_POINT('Vertex',(1.5,-21.,-0.5)) ;
#13488=CARTESIAN_POINT('Line Origine',(1.5,-21.,-0.25)) ;
#13500=CARTESIAN_POINT('Line Origine',(1.5,-20.5,-0.5)) ;
#13504=CARTESIAN_POINT('Vertex',(1.5,-20.,-0.5)) ;
#13507=CARTESIAN_POINT('Line Origine',(1.5,-20.,-0.25)) ;
#13519=CARTESIAN_POINT('Axis2P3D Location',(1.3,-20.,-0.25)) ;
#13524=CARTESIAN_POINT('Axis2P3D Location',(1.3,-20.,-0.5)) ;
#13528=CARTESIAN_POINT('Vertex',(1.3,-19.8,-0.5)) ;
#13531=CARTESIAN_POINT('Line Origine',(1.3,-19.8,-0.25)) ;
#13543=CARTESIAN_POINT('Line Origine',(2.22044604925E-16,-19.8,-0.5)) ;
#13547=CARTESIAN_POINT('Vertex',(-1.3,-19.8,-0.5)) ;
#13550=CARTESIAN_POINT('Line Origine',(-1.3,-19.8,-0.25)) ;
#13562=CARTESIAN_POINT('Axis2P3D Location',(-1.7,21.,-0.25)) ;
#13567=CARTESIAN_POINT('Line Origine',(-1.7,21.2,-0.25)) ;
#13571=CARTESIAN_POINT('Vertex',(-1.7,21.2,-0.5)) ;
#13574=CARTESIAN_POINT('Axis2P3D Location',(-1.7,21.,-0.5)) ;
#13586=CARTESIAN_POINT('Line Origine',(-5.5,21.2,-0.25)) ;
#13590=CARTESIAN_POINT('Vertex',(-5.5,21.2,-0.5)) ;
#13593=CARTESIAN_POINT('Line Origine',(-3.6,21.2,-0.5)) ;
#13605=CARTESIAN_POINT('Axis2P3D Location',(0.,0.,-0.5)) ;
#13610=CARTESIAN_POINT('Axis2P3D Location',(-5.5,18.,-0.5)) ;
#13614=CARTESIAN_POINT('Vertex',(-8.7,18.,-0.5)) ;
#13617=CARTESIAN_POINT('Line Origine',(-8.7,-7.1054273576E-15,-0.5)) ;
#13621=CARTESIAN_POINT('Vertex',(-8.7,-18.,-0.5)) ;
#13624=CARTESIAN_POINT('Axis2P3D Location',(-5.5,-18.,-0.5)) ;
#13628=CARTESIAN_POINT('Vertex',(-5.5,-21.2,-0.5)) ;
#13631=CARTESIAN_POINT('Line Origine',(-3.6,-21.2,-0.5)) ;
#13635=CARTESIAN_POINT('Vertex',(-1.7,-21.2,-0.5)) ;
#13638=CARTESIAN_POINT('Axis2P3D Location',(-1.7,-21.,-0.5)) ;
#13642=CARTESIAN_POINT('Vertex',(-1.5,-21.,-0.5)) ;
#13645=CARTESIAN_POINT('Line Origine',(-1.5,-20.5,-0.5)) ;
#13649=CARTESIAN_POINT('Vertex',(-1.5,-20.,-0.5)) ;
#13652=CARTESIAN_POINT('Axis2P3D Location',(-1.3,-20.,-0.5)) ;
#13688=CARTESIAN_POINT('Axis2P3D Location',(-1.3,-20.,-0.25)) ;
#13693=CARTESIAN_POINT('Line Origine',(-1.5,-20.,-0.25)) ;
#13705=CARTESIAN_POINT('Line Origine',(-1.5,-21.,-0.25)) ;
#13717=CARTESIAN_POINT('Axis2P3D Location',(-5.5,18.,-0.25)) ;
#13722=CARTESIAN_POINT('Line Origine',(-8.7,18.,-0.25)) ;
#13734=CARTESIAN_POINT('Line Origine',(-8.7,-18.,-0.25)) ;
#13746=CARTESIAN_POINT('Axis2P3D Location',(-5.5,-18.,-0.25)) ;
#13751=CARTESIAN_POINT('Line Origine',(-5.5,-21.2,-0.25)) ;
#13763=CARTESIAN_POINT('Axis2P3D Location',(-1.7,-21.,-0.25)) ;
#13768=CARTESIAN_POINT('Line Origine',(-1.7,-21.2,-0.25)) ;
#13787=CARTESIAN_POINT('Axis2P3D Location',(0.,0.,-1.7)) ;
#13829=CARTESIAN_POINT('Axis2P3D Location',(0.,51.17,-1.75)) ;
#13834=CARTESIAN_POINT('Line Origine',(0.,52.67,-1.75)) ;
#13838=CARTESIAN_POINT('Vertex',(0.,52.67,-1.5)) ;
#13841=CARTESIAN_POINT('Axis2P3D Location',(0.,51.17,-1.5)) ;
#13845=CARTESIAN_POINT('Vertex',(-1.83697019872E-16,49.67,-1.5)) ;
#13848=CARTESIAN_POINT('Line Origine',(-1.83697019872E-16,49.67,-1.75)) ;
#13860=CARTESIAN_POINT('Axis2P3D Location',(0.,51.17,-1.5)) ;
#13872=CARTESIAN_POINT('Axis2P3D Location',(0.,0.,-1.5)) ;
#13882=CARTESIAN_POINT('Axis2P3D Location',(0.,-51.17,-1.75)) ;
#13887=CARTESIAN_POINT('Line Origine',(0.,-49.67,-1.75)) ;
#13891=CARTESIAN_POINT('Vertex',(0.,-49.67,-1.5)) ;
#13894=CARTESIAN_POINT('Axis2P3D Location',(0.,-51.17,-1.5)) ;
#13898=CARTESIAN_POINT('Vertex',(-1.83697019872E-16,-52.67,-1.5)) ;
#13901=CARTESIAN_POINT('Line Origine',(-1.83697019872E-16,-52.67,-1.75)) ;
#13913=CARTESIAN_POINT('Axis2P3D Location',(0.,-51.17,-1.5)) ;
#13939=CARTESIAN_POINT('NONE',(0.,0.,0.)) ;
#13940=CARTESIAN_POINT('NONE',(0.,-7.1054273576E-15,0.)) ;
#13952=CARTESIAN_POINT('NONE',(0.,0.,0.)) ;
#13953=CARTESIAN_POINT('NONE',(0.,1.42108547152E-14,0.35)) ;
#13969=CARTESIAN_POINT('Axis2P3D Location',(0.,0.,0.)) ;
#13974=CARTESIAN_POINT('Axis2P3D Location',(5.5,-18.,0.)) ;
#13978=CARTESIAN_POINT('Vertex',(5.5,-21.,0.)) ;
#13980=CARTESIAN_POINT('Vertex',(8.5,-18.,0.)) ;
#13983=CARTESIAN_POINT('Line Origine',(3.3,-21.,0.)) ;
#13987=CARTESIAN_POINT('Vertex',(1.1,-21.,0.)) ;
#13990=CARTESIAN_POINT('Line Origine',(1.1,-19.9,0.)) ;
#13994=CARTESIAN_POINT('Vertex',(1.1,-18.8,0.)) ;
#13997=CARTESIAN_POINT('Line Origine',(0.,-18.8,0.)) ;
#14001=CARTESIAN_POINT('Vertex',(-1.1,-18.8,0.)) ;
#14004=CARTESIAN_POINT('Line Origine',(-1.1,-19.9,0.)) ;
#14008=CARTESIAN_POINT('Vertex',(-1.1,-21.,0.)) ;
#14011=CARTESIAN_POINT('Line Origine',(-3.3,-21.,0.)) ;
#14015=CARTESIAN_POINT('Vertex',(-5.5,-21.,0.)) ;
#14018=CARTESIAN_POINT('Axis2P3D Location',(-5.5,-18.,0.)) ;
#14022=CARTESIAN_POINT('Vertex',(-8.5,-18.,0.)) ;
#14025=CARTESIAN_POINT('Line Origine',(-8.5,0.,0.)) ;
#14029=CARTESIAN_POINT('Vertex',(-8.5,18.,0.)) ;
#14032=CARTESIAN_POINT('Axis2P3D Location',(-5.5,18.,0.)) ;
#14036=CARTESIAN_POINT('Vertex',(-5.5,21.,0.)) ;
#14039=CARTESIAN_POINT('Line Origine',(-3.3,21.,0.)) ;
#14043=CARTESIAN_POINT('Vertex',(-1.1,21.,0.)) ;
#14046=CARTESIAN_POINT('Line Origine',(-1.1,19.9,0.)) ;
#14050=CARTESIAN_POINT('Vertex',(-1.1,18.8,0.)) ;
#14053=CARTESIAN_POINT('Line Origine',(0.,18.8,0.)) ;
#14057=CARTESIAN_POINT('Vertex',(1.1,18.8,0.)) ;
#14060=CARTESIAN_POINT('Line Origine',(1.1,19.9,0.)) ;
#14064=CARTESIAN_POINT('Vertex',(1.1,21.,0.)) ;
#14067=CARTESIAN_POINT('Line Origine',(3.3,21.,0.)) ;
#14071=CARTESIAN_POINT('Vertex',(5.5,21.,0.)) ;
#14074=CARTESIAN_POINT('Axis2P3D Location',(5.5,18.,0.)) ;
#14078=CARTESIAN_POINT('Vertex',(8.5,18.,0.)) ;
#14081=CARTESIAN_POINT('Line Origine',(8.5,-3.5527136788E-15,0.)) ;
#14104=CARTESIAN_POINT('Axis2P3D Location',(0.,0.,0.)) ;
#14108=CARTESIAN_POINT('Vertex',(0.,5.35,0.)) ;
#14110=CARTESIAN_POINT('Vertex',(-6.55186037544E-16,-5.35,0.)) ;
#14113=CARTESIAN_POINT('Axis2P3D Location',(0.,0.,0.)) ;
#14123=CARTESIAN_POINT('Axis2P3D Location',(0.,0.,3.)) ;
#14128=CARTESIAN_POINT('Line Origine',(8.5,-3.5527136788E-15,3.)) ;
#14132=CARTESIAN_POINT('Vertex',(8.5,18.,3.)) ;
#14134=CARTESIAN_POINT('Vertex',(8.5,-18.,3.)) ;
#14137=CARTESIAN_POINT('Axis2P3D Location',(5.5,18.,3.)) ;
#14141=CARTESIAN_POINT('Vertex',(5.5,21.,3.)) ;
#14144=CARTESIAN_POINT('Line Origine',(0.,21.,3.)) ;
#14148=CARTESIAN_POINT('Vertex',(-5.5,21.,3.)) ;
#14151=CARTESIAN_POINT('Axis2P3D Location',(-5.5,18.,3.)) ;
#14155=CARTESIAN_POINT('Vertex',(-8.5,18.,3.)) ;
#14158=CARTESIAN_POINT('Line Origine',(-8.5,0.,3.)) ;
#14162=CARTESIAN_POINT('Vertex',(-8.5,-18.,3.)) ;
#14165=CARTESIAN_POINT('Axis2P3D Location',(-5.5,-18.,3.)) ;
#14169=CARTESIAN_POINT('Vertex',(-5.5,-21.,3.)) ;
#14172=CARTESIAN_POINT('Line Origine',(0.,-21.,3.)) ;
#14176=CARTESIAN_POINT('Vertex',(5.5,-21.,3.)) ;
#14179=CARTESIAN_POINT('Axis2P3D Location',(5.5,-18.,3.)) ;
#14194=CARTESIAN_POINT('Axis2P3D Location',(-5.5,18.,3.)) ;
#14198=CARTESIAN_POINT('Vertex',(-7.7,18.,3.)) ;
#14200=CARTESIAN_POINT('Vertex',(-5.5,20.2,3.)) ;
#14203=CARTESIAN_POINT('Line Origine',(-2.6645352591E-15,20.2,3.)) ;
#14207=CARTESIAN_POINT('Vertex',(5.5,20.2,3.)) ;
#14210=CARTESIAN_POINT('Axis2P3D Location',(5.5,18.,3.)) ;
#14214=CARTESIAN_POINT('Vertex',(7.7,18.,3.)) ;
#14217=CARTESIAN_POINT('Line Origine',(7.7,3.5527136788E-15,3.)) ;
#14221=CARTESIAN_POINT('Vertex',(7.7,-18.,3.)) ;
#14224=CARTESIAN_POINT('Axis2P3D Location',(5.5,-18.,3.)) ;
#14228=CARTESIAN_POINT('Vertex',(5.5,-20.2,3.)) ;
#14231=CARTESIAN_POINT('Line Origine',(-1.7763568394E-15,-20.2,3.)) ;
#14235=CARTESIAN_POINT('Vertex',(-5.5,-20.2,3.)) ;
#14238=CARTESIAN_POINT('Axis2P3D Location',(-5.5,-18.,3.)) ;
#14242=CARTESIAN_POINT('Vertex',(-7.7,-18.,3.)) ;
#14245=CARTESIAN_POINT('Line Origine',(-7.7,3.5527136788E-15,3.)) ;
#14261=CARTESIAN_POINT('Axis2P3D Location',(-8.5,-21.,0.)) ;
#14266=CARTESIAN_POINT('Line Origine',(-8.5,-18.,1.5)) ;
#14271=CARTESIAN_POINT('Line Origine',(-8.5,18.,1.5)) ;
#14283=CARTESIAN_POINT('Axis2P3D Location',(-5.5,18.,1.5)) ;
#14288=CARTESIAN_POINT('Line Origine',(-5.5,21.,1.5)) ;
#14300=CARTESIAN_POINT('Axis2P3D Location',(-5.5,-18.,1.5)) ;
#14305=CARTESIAN_POINT('Line Origine',(-5.5,-21.,1.5)) ;
#14317=CARTESIAN_POINT('Axis2P3D Location',(8.5,21.,0.)) ;
#14322=CARTESIAN_POINT('Line Origine',(5.5,21.,1.5)) ;
#14327=CARTESIAN_POINT('Line Origine',(1.1,21.,0.3)) ;
#14331=CARTESIAN_POINT('Vertex',(1.1,21.,0.6)) ;
#14334=CARTESIAN_POINT('Line Origine',(-8.881784197E-16,21.,0.6)) ;
#14338=CARTESIAN_POINT('Vertex',(-1.1,21.,0.6)) ;
#14341=CARTESIAN_POINT('Line Origine',(-1.1,21.,0.3)) ;
#14357=CARTESIAN_POINT('Axis2P3D Location',(5.5,18.,1.5)) ;
#14362=CARTESIAN_POINT('Line Origine',(8.5,18.,1.5)) ;
#14374=CARTESIAN_POINT('Axis2P3D Location',(8.5,21.,0.)) ;
#14379=CARTESIAN_POINT('Line Origine',(8.5,-18.,1.5)) ;
#14391=CARTESIAN_POINT('Axis2P3D Location',(5.5,-18.,1.5)) ;
#14396=CARTESIAN_POINT('Line Origine',(5.5,-21.,1.5)) ;
#14408=CARTESIAN_POINT('Axis2P3D Location',(-8.5,-21.,0.)) ;
#14413=CARTESIAN_POINT('Line Origine',(-1.1,-21.,0.3)) ;
#14417=CARTESIAN_POINT('Vertex',(-1.1,-21.,0.6)) ;
#14420=CARTESIAN_POINT('Line Origine',(-4.4408920985E-16,-21.,0.6)) ;
#14424=CARTESIAN_POINT('Vertex',(1.1,-21.,0.6)) ;
#14427=CARTESIAN_POINT('Line Origine',(1.1,-21.,0.3)) ;
#14443=CARTESIAN_POINT('Axis2P3D Location',(-1.1,18.8,0.)) ;
#14448=CARTESIAN_POINT('Line Origine',(0.,18.8,0.6)) ;
#14452=CARTESIAN_POINT('Vertex',(-1.1,18.8,0.6)) ;
#14454=CARTESIAN_POINT('Vertex',(1.1,18.8,0.6)) ;
#14457=CARTESIAN_POINT('Line Origine',(1.1,18.8,0.3)) ;
#14462=CARTESIAN_POINT('Line Origine',(-1.1,18.8,0.3)) ;
#14474=CARTESIAN_POINT('Axis2P3D Location',(1.1,21.,0.)) ;
#14479=CARTESIAN_POINT('Line Origine',(1.1,19.9,0.6)) ;
#14491=CARTESIAN_POINT('Axis2P3D Location',(-1.1,18.8,0.)) ;
#14496=CARTESIAN_POINT('Line Origine',(-1.1,19.9,0.6)) ;
#14508=CARTESIAN_POINT('Axis2P3D Location',(0.,0.,0.6)) ;
#14520=CARTESIAN_POINT('Line Origine',(-1.1,-19.9,0.6)) ;
#14524=CARTESIAN_POINT('Vertex',(-1.1,-18.8,0.6)) ;
#14527=CARTESIAN_POINT('Line Origine',(-1.1,-18.8,0.3)) ;
#14539=CARTESIAN_POINT('Line Origine',(1.1,-19.9,0.6)) ;
#14543=CARTESIAN_POINT('Vertex',(1.1,-18.8,0.6)) ;
#14546=CARTESIAN_POINT('Line Origine',(1.1,-18.8,0.3)) ;
#14558=CARTESIAN_POINT('Axis2P3D Location',(-1.1,-18.8,0.)) ;
#14563=CARTESIAN_POINT('Line Origine',(0.,-18.8,0.6)) ;
#14582=CARTESIAN_POINT('Axis2P3D Location',(0.,0.,1.3)) ;
#14587=CARTESIAN_POINT('Line Origine',(-5.53654899704E-11,-20.2,1.3)) ;
#14591=CARTESIAN_POINT('Vertex',(-3.,-20.2,1.3)) ;
#14593=CARTESIAN_POINT('Vertex',(3.,-20.2,1.3)) ;
#14596=CARTESIAN_POINT('Axis2P3D Location',(-5.53654899704E-11,-20.4071428571,1.3)) ;
#14606=CARTESIAN_POINT('Axis2P3D Location',(-3.,20.2,3.)) ;
#14611=CARTESIAN_POINT('Line Origine',(-4.25,20.2,0.8)) ;
#14615=CARTESIAN_POINT('Vertex',(-3.,20.2,0.8)) ;
#14617=CARTESIAN_POINT('Vertex',(-5.5,20.2,0.8)) ;
#14620=CARTESIAN_POINT('Line Origine',(-3.,20.2,1.05)) ;
#14624=CARTESIAN_POINT('Vertex',(-3.00000000006,20.2,1.3)) ;
#14627=CARTESIAN_POINT('Line Origine',(-5.5364601792E-11,20.2,1.3)) ;
#14631=CARTESIAN_POINT('Vertex',(2.99999999994,20.2,1.3)) ;
#14634=CARTESIAN_POINT('Line Origine',(3.,20.2,1.05)) ;
#14638=CARTESIAN_POINT('Vertex',(3.,20.2,0.8)) ;
#14641=CARTESIAN_POINT('Line Origine',(4.25,20.2,0.8)) ;
#14645=CARTESIAN_POINT('Vertex',(5.5,20.2,0.8)) ;
#14648=CARTESIAN_POINT('Line Origine',(5.5,20.2,1.9)) ;
#14653=CARTESIAN_POINT('Line Origine',(-5.5,20.2,1.9)) ;
#14669=CARTESIAN_POINT('Axis2P3D Location',(-5.5,18.,1.9)) ;
#14674=CARTESIAN_POINT('Line Origine',(-7.7,18.,1.9)) ;
#14678=CARTESIAN_POINT('Vertex',(-7.7,18.,0.8)) ;
#14681=CARTESIAN_POINT('Axis2P3D Location',(-5.5,18.,0.8)) ;
#14693=CARTESIAN_POINT('Axis2P3D Location',(5.5,18.,1.9)) ;
#14698=CARTESIAN_POINT('Axis2P3D Location',(5.5,18.,0.8)) ;
#14702=CARTESIAN_POINT('Vertex',(7.7,18.,0.8)) ;
#14705=CARTESIAN_POINT('Line Origine',(7.7,18.,1.9)) ;
#14717=CARTESIAN_POINT('Axis2P3D Location',(-7.7,20.2,3.)) ;
#14722=CARTESIAN_POINT('Line Origine',(-7.7,-18.,1.9)) ;
#14726=CARTESIAN_POINT('Vertex',(-7.7,-18.,0.8)) ;
#14729=CARTESIAN_POINT('Line Origine',(-7.7,3.5527136788E-15,0.8)) ;
#14741=CARTESIAN_POINT('Axis2P3D Location',(-5.5,-18.,1.9)) ;
#14746=CARTESIAN_POINT('Line Origine',(-5.5,-20.2,1.9)) ;
#14750=CARTESIAN_POINT('Vertex',(-5.5,-20.2,0.8)) ;
#14753=CARTESIAN_POINT('Axis2P3D Location',(-5.5,-18.,0.8)) ;
#14765=CARTESIAN_POINT('Axis2P3D Location',(7.7,-20.2,3.)) ;
#14770=CARTESIAN_POINT('Line Origine',(7.7,0.,0.8)) ;
#14774=CARTESIAN_POINT('Vertex',(7.7,-18.,0.8)) ;
#14777=CARTESIAN_POINT('Line Origine',(7.7,-18.,1.9)) ;
#14789=CARTESIAN_POINT('Axis2P3D Location',(5.5,-18.,1.9)) ;
#14794=CARTESIAN_POINT('Axis2P3D Location',(5.5,-18.,0.8)) ;
#14798=CARTESIAN_POINT('Vertex',(5.5,-20.2,0.8)) ;
#14801=CARTESIAN_POINT('Line Origine',(5.5,-20.2,1.9)) ;
#14813=CARTESIAN_POINT('Axis2P3D Location',(1.73472347598E-18,20.4071428571,1.28999999996)) ;
#14818=CARTESIAN_POINT('Axis2P3D Location',(1.73472347598E-18,20.4071428571,0.8)) ;
#14823=CARTESIAN_POINT('Axis2P3D Location',(1.73472347598E-18,20.4071428571,1.3)) ;
#14835=CARTESIAN_POINT('Axis2P3D Location',(0.,0.,0.8)) ;
#14840=CARTESIAN_POINT('Line Origine',(-4.25,-20.2,0.8)) ;
#14844=CARTESIAN_POINT('Vertex',(-3.,-20.2,0.8)) ;
#14847=CARTESIAN_POINT('Axis2P3D Location',(0.,-20.4071428571,0.8)) ;
#14851=CARTESIAN_POINT('Vertex',(3.,-20.2,0.8)) ;
#14854=CARTESIAN_POINT('Line Origine',(4.25,-20.2,0.8)) ;
#14873=CARTESIAN_POINT('Axis2P3D Location',(0.,0.,0.8)) ;
#14877=CARTESIAN_POINT('Vertex',(-8.9093054638E-16,-4.85,0.8)) ;
#14879=CARTESIAN_POINT('Vertex',(2.96976848793E-16,4.85,0.8)) ;
#14882=CARTESIAN_POINT('Axis2P3D Location',(0.,0.,0.8)) ;
#14892=CARTESIAN_POINT('Axis2P3D Location',(0.,-20.4071428571,1.28999999996)) ;
#14897=CARTESIAN_POINT('Line Origine',(3.,-20.2,1.28999999996)) ;
#14902=CARTESIAN_POINT('Line Origine',(-3.,-20.2,1.28999999996)) ;
#14914=CARTESIAN_POINT('Axis2P3D Location',(-7.7,-20.2,3.)) ;
#14935=CARTESIAN_POINT('Axis2P3D Location',(0.,0.,1.01000000001)) ;
#14940=CARTESIAN_POINT('Axis2P3D Location',(0.,0.,0.5)) ;
#14944=CARTESIAN_POINT('Vertex',(-3.31321580193E-29,4.85,0.5)) ;
#14946=CARTESIAN_POINT('Vertex',(7.38313931964E-16,-4.85,0.5)) ;
#14949=CARTESIAN_POINT('Line Origine',(-5.93953697586E-16,-4.85,1.01000000001)) ;
#14954=CARTESIAN_POINT('Line Origine',(1.18790739517E-15,4.85,1.01000000001)) ;
#14966=CARTESIAN_POINT('Axis2P3D Location',(0.,0.,0.5)) ;
#14978=CARTESIAN_POINT('Axis2P3D Location',(1.42552636362E-14,-1.57429624892E-14,5.35)) ;
#14983=CARTESIAN_POINT('Line Origine',(-7.34807403927E-16,5.1,0.25)) ;
#14988=CARTESIAN_POINT('Line Origine',(4.15639472099E-17,-5.1,0.25)) ;
#15000=CARTESIAN_POINT('Axis2P3D Location',(8.26919738754E-15,-9.94759830064E-15,5.35)) ;
#15021=CARTESIAN_POINT('NONE',(0.,0.,0.)) ;
#15022=CARTESIAN_POINT('NONE',(0.,1.42108547152E-14,-0.5)) ;
#15038=CARTESIAN_POINT('Axis2P3D Location',(0.,0.,-1.2)) ;
#15043=CARTESIAN_POINT('Line Origine',(-19.665,-1.42108547152E-14,-1.2)) ;
#15047=CARTESIAN_POINT('Vertex',(-19.665,-55.55,-1.2)) ;
#15049=CARTESIAN_POINT('Vertex',(-19.665,55.55,-1.2)) ;
#15052=CARTESIAN_POINT('Line Origine',(-19.165,55.55,-1.2)) ;
#15056=CARTESIAN_POINT('Vertex',(-18.665,55.55,-1.2)) ;
#15059=CARTESIAN_POINT('Line Origine',(-18.665,-1.42108547152E-14,-1.2)) ;
#15063=CARTESIAN_POINT('Vertex',(-18.665,-55.55,-1.2)) ;
#15066=CARTESIAN_POINT('Line Origine',(-19.165,-55.55,-1.2)) ;
#15078=CARTESIAN_POINT('Axis2P3D Location',(-18.665,-1.42108547152E-14,-0.7)) ;
#15083=CARTESIAN_POINT('Axis2P3D Location',(-18.665,55.55,-0.7)) ;
#15087=CARTESIAN_POINT('Vertex',(-18.165,55.55,-0.7)) ;
#15090=CARTESIAN_POINT('Line Origine',(-18.165,-1.42108547152E-14,-0.7)) ;
#15094=CARTESIAN_POINT('Vertex',(-18.165,-55.55,-0.7)) ;
#15097=CARTESIAN_POINT('Axis2P3D Location',(-18.665,-55.55,-0.7)) ;
#15109=CARTESIAN_POINT('Axis2P3D Location',(-19.665,0.,-0.7)) ;
#15114=CARTESIAN_POINT('Axis2P3D Location',(-19.665,55.55,-0.7)) ;
#15118=CARTESIAN_POINT('Vertex',(-20.165,55.55,-0.7)) ;
#15121=CARTESIAN_POINT('Axis2P3D Location',(-19.665,-55.55,-0.7)) ;
#15125=CARTESIAN_POINT('Vertex',(-20.165,-55.55,-0.7)) ;
#15128=CARTESIAN_POINT('Line Origine',(-20.165,0.,-0.7)) ;
#15140=CARTESIAN_POINT('Axis2P3D Location',(0.,0.,-3.7)) ;
#15145=CARTESIAN_POINT('Axis2P3D Location',(18.865,57.57,-3.7)) ;
#15149=CARTESIAN_POINT('Vertex',(20.165,57.57,-3.7)) ;
#15151=CARTESIAN_POINT('Vertex',(18.865,58.87,-3.7)) ;
#15154=CARTESIAN_POINT('Line Origine',(20.165,56.56,-3.7)) ;
#15158=CARTESIAN_POINT('Vertex',(20.165,55.55,-3.7)) ;
#15161=CARTESIAN_POINT('Line Origine',(0.,55.55,-3.7)) ;
#15165=CARTESIAN_POINT('Vertex',(-20.165,55.55,-3.7)) ;
#15168=CARTESIAN_POINT('Line Origine',(-20.165,56.56,-3.7)) ;
#15172=CARTESIAN_POINT('Vertex',(-20.165,57.57,-3.7)) ;
#15175=CARTESIAN_POINT('Axis2P3D Location',(-18.865,57.57,-3.7)) ;
#15179=CARTESIAN_POINT('Vertex',(-18.865,58.87,-3.7)) ;
#15182=CARTESIAN_POINT('Line Origine',(-3.5527136788E-15,58.87,-3.7)) ;
#15196=CARTESIAN_POINT('Axis2P3D Location',(-25.165,55.55,0.)) ;
#15201=CARTESIAN_POINT('Line Origine',(20.165,55.55,-2.2)) ;
#15205=CARTESIAN_POINT('Vertex',(20.165,55.55,-0.7)) ;
#15208=CARTESIAN_POINT('Axis2P3D Location',(19.665,55.55,-0.7)) ;
#15212=CARTESIAN_POINT('Vertex',(19.665,55.55,-1.2)) ;
#15215=CARTESIAN_POINT('Line Origine',(19.165,55.55,-1.2)) ;
#15219=CARTESIAN_POINT('Vertex',(18.665,55.55,-1.2)) ;
#15222=CARTESIAN_POINT('Axis2P3D Location',(18.665,55.55,-0.7)) ;
#15226=CARTESIAN_POINT('Vertex',(18.165,55.55,-0.7)) ;
#15229=CARTESIAN_POINT('Line Origine',(0.,55.55,-0.7)) ;
#15234=CARTESIAN_POINT('Line Origine',(-20.165,55.55,-2.2)) ;
#15252=CARTESIAN_POINT('Axis2P3D Location',(0.,0.,-0.7)) ;
#15257=CARTESIAN_POINT('Line Origine',(18.165,0.,-0.7)) ;
#15261=CARTESIAN_POINT('Vertex',(18.165,-55.55,-0.7)) ;
#15264=CARTESIAN_POINT('Line Origine',(0.,-55.55,-0.7)) ;
#15275=CARTESIAN_POINT('Line Origine',(1.7763568394E-15,-20.9,-0.7)) ;
#15279=CARTESIAN_POINT('Vertex',(-7.8,-20.9,-0.7)) ;
#15281=CARTESIAN_POINT('Vertex',(7.8,-20.9,-0.7)) ;
#15284=CARTESIAN_POINT('Axis2P3D Location',(7.8,-17.7,-0.7)) ;
#15288=CARTESIAN_POINT('Vertex',(11.,-17.7,-0.7)) ;
#15291=CARTESIAN_POINT('Line Origine',(11.,0.,-0.7)) ;
#15295=CARTESIAN_POINT('Vertex',(11.,17.7,-0.7)) ;
#15298=CARTESIAN_POINT('Axis2P3D Location',(7.8,17.7,-0.7)) ;
#15302=CARTESIAN_POINT('Vertex',(7.8,20.9,-0.7)) ;
#15305=CARTESIAN_POINT('Line Origine',(-8.881784197E-16,20.9,-0.7)) ;
#15309=CARTESIAN_POINT('Vertex',(-7.8,20.9,-0.7)) ;
#15312=CARTESIAN_POINT('Axis2P3D Location',(-7.8,17.7,-0.7)) ;
#15316=CARTESIAN_POINT('Vertex',(-11.,17.7,-0.7)) ;
#15319=CARTESIAN_POINT('Line Origine',(-11.,0.,-0.7)) ;
#15323=CARTESIAN_POINT('Vertex',(-11.,-17.7,-0.7)) ;
#15326=CARTESIAN_POINT('Axis2P3D Location',(-7.8,-17.7,-0.7)) ;
#15342=CARTESIAN_POINT('Axis2P3D Location',(10.3,20.2,0.)) ;
#15347=CARTESIAN_POINT('Line Origine',(10.3,-17.7,-0.2)) ;
#15351=CARTESIAN_POINT('Vertex',(10.3,-17.7,-0.4)) ;
#15353=CARTESIAN_POINT('Vertex',(10.3,-17.7,0.)) ;
#15356=CARTESIAN_POINT('Line Origine',(10.3,3.5527136788E-15,0.)) ;
#15360=CARTESIAN_POINT('Vertex',(10.3,17.7,0.)) ;
#15363=CARTESIAN_POINT('Line Origine',(10.3,17.7,-0.2)) ;
#15367=CARTESIAN_POINT('Vertex',(10.3,17.7,-0.4)) ;
#15370=CARTESIAN_POINT('Line Origine',(10.3,3.5527136788E-15,-0.4)) ;
#15382=CARTESIAN_POINT('Axis2P3D Location',(7.8,-17.7,-0.2)) ;
#15387=CARTESIAN_POINT('Axis2P3D Location',(7.8,-17.7,-0.4)) ;
#15391=CARTESIAN_POINT('Vertex',(7.8,-20.2,-0.4)) ;
#15394=CARTESIAN_POINT('Line Origine',(7.8,-20.2,-0.2)) ;
#15398=CARTESIAN_POINT('Vertex',(7.8,-20.2,0.)) ;
#15401=CARTESIAN_POINT('Axis2P3D Location',(7.8,-17.7,0.)) ;
#15413=CARTESIAN_POINT('Axis2P3D Location',(7.8,17.7,-0.2)) ;
#15418=CARTESIAN_POINT('Line Origine',(7.8,20.2,-0.2)) ;
#15422=CARTESIAN_POINT('Vertex',(7.8,20.2,-0.4)) ;
#15424=CARTESIAN_POINT('Vertex',(7.8,20.2,0.)) ;
#15427=CARTESIAN_POINT('Axis2P3D Location',(7.8,17.7,-0.4)) ;
#15432=CARTESIAN_POINT('Axis2P3D Location',(7.8,17.7,0.)) ;
#15444=CARTESIAN_POINT('Axis2P3D Location',(-10.3,-20.2,0.)) ;
#15449=CARTESIAN_POINT('Line Origine',(0.,-20.2,0.)) ;
#15453=CARTESIAN_POINT('Vertex',(-7.8,-20.2,0.)) ;
#15456=CARTESIAN_POINT('Line Origine',(0.,-20.2,-0.4)) ;
#15460=CARTESIAN_POINT('Vertex',(-7.8,-20.2,-0.4)) ;
#15463=CARTESIAN_POINT('Line Origine',(-7.8,-20.2,-0.2)) ;
#15475=CARTESIAN_POINT('Axis2P3D Location',(-7.8,-17.7,-0.2)) ;
#15480=CARTESIAN_POINT('Axis2P3D Location',(-7.8,-17.7,-0.4)) ;
#15484=CARTESIAN_POINT('Vertex',(-10.3,-17.7,-0.4)) ;
#15487=CARTESIAN_POINT('Line Origine',(-10.3,-17.7,-0.2)) ;
#15491=CARTESIAN_POINT('Vertex',(-10.3,-17.7,0.)) ;
#15494=CARTESIAN_POINT('Axis2P3D Location',(-7.8,-17.7,0.)) ;
#15506=CARTESIAN_POINT('Axis2P3D Location',(-10.3,-20.2,0.)) ;
#15511=CARTESIAN_POINT('Line Origine',(-10.3,0.,-0.4)) ;
#15515=CARTESIAN_POINT('Vertex',(-10.3,17.7,-0.4)) ;
#15518=CARTESIAN_POINT('Line Origine',(-10.3,17.7,-0.2)) ;
#15522=CARTESIAN_POINT('Vertex',(-10.3,17.7,0.)) ;
#15525=CARTESIAN_POINT('Line Origine',(-10.3,0.,0.)) ;
#15537=CARTESIAN_POINT('Axis2P3D Location',(-7.8,17.7,-0.2)) ;
#15542=CARTESIAN_POINT('Axis2P3D Location',(-7.8,17.7,-0.4)) ;
#15546=CARTESIAN_POINT('Vertex',(-7.8,20.2,-0.4)) ;
#15549=CARTESIAN_POINT('Line Origine',(-7.8,20.2,-0.2)) ;
#15553=CARTESIAN_POINT('Vertex',(-7.8,20.2,0.)) ;
#15556=CARTESIAN_POINT('Axis2P3D Location',(-7.8,17.7,0.)) ;
#15568=CARTESIAN_POINT('Axis2P3D Location',(10.3,20.2,0.)) ;
#15573=CARTESIAN_POINT('Line Origine',(0.,20.2,-0.4)) ;
#15578=CARTESIAN_POINT('Line Origine',(0.,20.2,0.)) ;
#15590=CARTESIAN_POINT('Axis2P3D Location',(25.165,-55.55,0.)) ;
#15595=CARTESIAN_POINT('Axis2P3D Location',(18.665,-55.55,-0.7)) ;
#15599=CARTESIAN_POINT('Vertex',(18.665,-55.55,-1.2)) ;
#15602=CARTESIAN_POINT('Line Origine',(19.165,-55.55,-1.2)) ;
#15606=CARTESIAN_POINT('Vertex',(19.665,-55.55,-1.2)) ;
#15609=CARTESIAN_POINT('Axis2P3D Location',(19.665,-55.55,-0.7)) ;
#15613=CARTESIAN_POINT('Vertex',(20.165,-55.55,-0.7)) ;
#15616=CARTESIAN_POINT('Line Origine',(20.165,-55.55,-2.2)) ;
#15620=CARTESIAN_POINT('Vertex',(20.165,-55.55,-3.7)) ;
#15623=CARTESIAN_POINT('Line Origine',(0.,-55.55,-3.7)) ;
#15627=CARTESIAN_POINT('Vertex',(-20.165,-55.55,-3.7)) ;
#15630=CARTESIAN_POINT('Line Origine',(-20.165,-55.55,-2.2)) ;
#15648=CARTESIAN_POINT('Axis2P3D Location',(0.,-1.42108547152E-14,-0.4)) ;
#15653=CARTESIAN_POINT('Axis2P3D Location',(0.,-1.42108547152E-14,-1.05)) ;
#15657=CARTESIAN_POINT('Vertex',(1.76349139077E-15,7.2,-1.05)) ;
#15659=CARTESIAN_POINT('Vertex',(-8.81745695386E-16,-7.2,-1.05)) ;
#15662=CARTESIAN_POINT('Line Origine',(-8.81745695386E-16,-7.2,-0.4)) ;
#15666=CARTESIAN_POINT('Vertex',(-8.81745695386E-16,-7.2,0.)) ;
#15669=CARTESIAN_POINT('Axis2P3D Location',(0.,-1.42108547152E-14,0.)) ;
#15673=CARTESIAN_POINT('Vertex',(1.76349139077E-15,7.2,-1.44328993201E-15)) ;
#15676=CARTESIAN_POINT('Line Origine',(1.76349139077E-15,7.2,-0.4)) ;
#15688=CARTESIAN_POINT('Axis2P3D Location',(0.,-1.42108547152E-14,-1.05)) ;
#15693=CARTESIAN_POINT('Axis2P3D Location',(0.,-1.42108547152E-14,0.)) ;
#15705=CARTESIAN_POINT('Axis2P3D Location',(18.865,-57.57,-3.7)) ;
#15709=CARTESIAN_POINT('Vertex',(18.865,-58.87,-3.7)) ;
#15711=CARTESIAN_POINT('Vertex',(20.165,-57.57,-3.7)) ;
#15714=CARTESIAN_POINT('Line Origine',(-3.5527136788E-15,-58.87,-3.7)) ;
#15718=CARTESIAN_POINT('Vertex',(-18.865,-58.87,-3.7)) ;
#15721=CARTESIAN_POINT('Axis2P3D Location',(-18.865,-57.57,-3.7)) ;
#15725=CARTESIAN_POINT('Vertex',(-20.165,-57.57,-3.7)) ;
#15728=CARTESIAN_POINT('Line Origine',(-20.165,-56.56,-3.7)) ;
#15733=CARTESIAN_POINT('Line Origine',(20.165,-56.56,-3.7)) ;
#15747=CARTESIAN_POINT('Axis2P3D Location',(0.,0.,-0.4)) ;
#15762=CARTESIAN_POINT('Axis2P3D Location',(0.,-1.42108547152E-14,-0.4)) ;
#15766=CARTESIAN_POINT('Vertex',(1.93494194265E-15,7.9,-0.4)) ;
#15768=CARTESIAN_POINT('Vertex',(-9.67470971326E-16,-7.9,-0.4)) ;
#15771=CARTESIAN_POINT('Axis2P3D Location',(0.,-1.42108547152E-14,-0.4)) ;
#15781=CARTESIAN_POINT('Axis2P3D Location',(0.,0.,0.)) ;
#15786=CARTESIAN_POINT('Axis2P3D Location',(0.,-1.42108547152E-14,0.)) ;
#15790=CARTESIAN_POINT('Vertex',(1.93494194265E-15,7.9,0.)) ;
#15792=CARTESIAN_POINT('Vertex',(-9.67470971326E-16,-7.9,0.)) ;
#15795=CARTESIAN_POINT('Axis2P3D Location',(0.,-1.42108547152E-14,0.)) ;
#15809=CARTESIAN_POINT('Axis2P3D Location',(0.,-1.42108547152E-14,-0.2)) ;
#15814=CARTESIAN_POINT('Line Origine',(1.93494194265E-15,7.9,-0.2)) ;
#15819=CARTESIAN_POINT('Line Origine',(-1.69356319452E-14,-7.9,-0.2)) ;
#15838=CARTESIAN_POINT('Line Origine',(18.665,1.42108547152E-14,-1.2)) ;
#15843=CARTESIAN_POINT('Line Origine',(19.665,1.42108547152E-14,-1.2)) ;
#15855=CARTESIAN_POINT('Axis2P3D Location',(18.665,0.,-0.7)) ;
#15867=CARTESIAN_POINT('Axis2P3D Location',(19.665,1.42108547152E-14,-0.7)) ;
#15872=CARTESIAN_POINT('Line Origine',(20.165,1.42108547152E-14,-0.7)) ;
#15884=CARTESIAN_POINT('Axis2P3D Location',(-20.165,58.87,0.)) ;
#15889=CARTESIAN_POINT('Line Origine',(-20.165,-57.57,-1.85)) ;
#15893=CARTESIAN_POINT('Vertex',(-20.165,-57.57,0.)) ;
#15896=CARTESIAN_POINT('Line Origine',(-20.165,7.1054273576E-15,0.)) ;
#15900=CARTESIAN_POINT('Vertex',(-20.165,57.57,0.)) ;
#15903=CARTESIAN_POINT('Line Origine',(-20.165,57.57,-1.85)) ;
#15919=CARTESIAN_POINT('Axis2P3D Location',(-18.865,57.57,-1.85)) ;
#15924=CARTESIAN_POINT('Axis2P3D Location',(-18.865,57.57,0.)) ;
#15928=CARTESIAN_POINT('Vertex',(-18.865,58.87,0.)) ;
#15931=CARTESIAN_POINT('Line Origine',(-18.865,58.87,-1.85)) ;
#15943=CARTESIAN_POINT('Axis2P3D Location',(-18.865,-57.57,-1.85)) ;
#15948=CARTESIAN_POINT('Line Origine',(-18.865,-58.87,-1.85)) ;
#15952=CARTESIAN_POINT('Vertex',(-18.865,-58.87,0.)) ;
#15955=CARTESIAN_POINT('Axis2P3D Location',(-18.865,-57.57,0.)) ;
#15967=CARTESIAN_POINT('Axis2P3D Location',(20.165,58.87,0.)) ;
#15972=CARTESIAN_POINT('Line Origine',(18.865,58.87,-1.85)) ;
#15976=CARTESIAN_POINT('Vertex',(18.865,58.87,0.)) ;
#15979=CARTESIAN_POINT('Line Origine',(-3.5527136788E-15,58.87,0.)) ;
#15991=CARTESIAN_POINT('Axis2P3D Location',(18.865,57.57,-1.85)) ;
#15996=CARTESIAN_POINT('Axis2P3D Location',(18.865,57.57,0.)) ;
#16000=CARTESIAN_POINT('Vertex',(20.165,57.57,0.)) ;
#16003=CARTESIAN_POINT('Line Origine',(20.165,57.57,-1.85)) ;
#16015=CARTESIAN_POINT('Axis2P3D Location',(-20.165,-58.87,0.)) ;
#16020=CARTESIAN_POINT('Line Origine',(18.865,-58.87,-1.85)) ;
#16024=CARTESIAN_POINT('Vertex',(18.865,-58.87,0.)) ;
#16027=CARTESIAN_POINT('Line Origine',(-3.5527136788E-15,-58.87,0.)) ;
#16039=CARTESIAN_POINT('Axis2P3D Location',(18.865,-57.57,-1.85)) ;
#16044=CARTESIAN_POINT('Line Origine',(20.165,-57.57,-1.85)) ;
#16048=CARTESIAN_POINT('Vertex',(20.165,-57.57,0.)) ;
#16051=CARTESIAN_POINT('Axis2P3D Location',(18.865,-57.57,0.)) ;
#16063=CARTESIAN_POINT('Axis2P3D Location',(0.,0.,0.)) ;
#16068=CARTESIAN_POINT('Line Origine',(20.165,0.,0.)) ;
#16093=CARTESIAN_POINT('Line Origine',(19.465,-56.91,0.)) ;
#16097=CARTESIAN_POINT('Vertex',(19.465,-56.25,8.881784197E-16)) ;
#16099=CARTESIAN_POINT('Vertex',(19.465,-57.57,0.)) ;
#16102=CARTESIAN_POINT('Axis2P3D Location',(18.865,-57.57,0.)) ;
#16106=CARTESIAN_POINT('Vertex',(18.865,-58.17,4.4408920985E-16)) ;
#16109=CARTESIAN_POINT('Line Origine',(0.,-58.17,0.)) ;
#16113=CARTESIAN_POINT('Vertex',(-18.865,-58.17,0.)) ;
#16116=CARTESIAN_POINT('Axis2P3D Location',(-18.865,-57.57,0.)) ;
#16120=CARTESIAN_POINT('Vertex',(-19.465,-57.57,-4.4408920985E-16)) ;
#16123=CARTESIAN_POINT('Line Origine',(-19.465,-56.91,0.)) ;
#16127=CARTESIAN_POINT('Vertex',(-19.465,-56.25,8.881784197E-16)) ;
#16130=CARTESIAN_POINT('Line Origine',(0.,-56.25,0.)) ;
#16143=CARTESIAN_POINT('Line Origine',(0.,56.25,0.)) ;
#16147=CARTESIAN_POINT('Vertex',(-19.465,56.25,8.881784197E-16)) ;
#16149=CARTESIAN_POINT('Vertex',(19.465,56.25,8.881784197E-16)) ;
#16152=CARTESIAN_POINT('Line Origine',(-19.465,56.91,0.)) ;
#16156=CARTESIAN_POINT('Vertex',(-19.465,57.57,-4.4408920985E-16)) ;
#16159=CARTESIAN_POINT('Axis2P3D Location',(-18.865,57.57,0.)) ;
#16163=CARTESIAN_POINT('Vertex',(-18.865,58.17,0.)) ;
#16166=CARTESIAN_POINT('Line Origine',(0.,58.17,0.)) ;
#16170=CARTESIAN_POINT('Vertex',(18.865,58.17,4.4408920985E-16)) ;
#16173=CARTESIAN_POINT('Axis2P3D Location',(18.865,57.57,0.)) ;
#16177=CARTESIAN_POINT('Vertex',(19.465,57.57,0.)) ;
#16180=CARTESIAN_POINT('Line Origine',(19.465,56.91,0.)) ;
#16193=CARTESIAN_POINT('Axis2P3D Location',(0.,51.17,0.)) ;
#16197=CARTESIAN_POINT('Vertex',(0.,52.67,-2.77555756156E-17)) ;
#16199=CARTESIAN_POINT('Vertex',(-1.83697019872E-16,49.67,-2.77555756156E-17)) ;
#16202=CARTESIAN_POINT('Axis2P3D Location',(0.,51.17,0.)) ;
#16211=CARTESIAN_POINT('Axis2P3D Location',(0.,-51.17,0.)) ;
#16215=CARTESIAN_POINT('Vertex',(0.,-49.67,-2.77555756156E-17)) ;
#16217=CARTESIAN_POINT('Vertex',(-1.83697019872E-16,-52.67,-2.77555756156E-17)) ;
#16220=CARTESIAN_POINT('Axis2P3D Location',(0.,-51.17,0.)) ;
#16230=CARTESIAN_POINT('Axis2P3D Location',(20.165,-58.87,0.)) ;
#16246=CARTESIAN_POINT('Axis2P3D Location',(11.,-20.9,0.)) ;
#16251=CARTESIAN_POINT('Line Origine',(11.,-17.7,-0.9)) ;
#16255=CARTESIAN_POINT('Vertex',(11.,-17.7,-1.1)) ;
#16258=CARTESIAN_POINT('Line Origine',(11.,0.,-1.1)) ;
#16262=CARTESIAN_POINT('Vertex',(11.,17.7,-1.1)) ;
#16265=CARTESIAN_POINT('Line Origine',(11.,17.7,-0.9)) ;
#16277=CARTESIAN_POINT('Axis2P3D Location',(7.8,-17.7,-0.75)) ;
#16282=CARTESIAN_POINT('Line Origine',(7.8,-20.9,-0.75)) ;
#16286=CARTESIAN_POINT('Vertex',(7.8,-20.9,-1.1)) ;
#16289=CARTESIAN_POINT('Axis2P3D Location',(7.8,-17.7,-1.1)) ;
#16301=CARTESIAN_POINT('Axis2P3D Location',(7.8,17.7,-0.75)) ;
#16306=CARTESIAN_POINT('Axis2P3D Location',(7.8,17.7,-1.1)) ;
#16310=CARTESIAN_POINT('Vertex',(7.8,20.9,-1.1)) ;
#16313=CARTESIAN_POINT('Line Origine',(7.8,20.9,-0.75)) ;
#16325=CARTESIAN_POINT('Axis2P3D Location',(-11.,-20.9,0.)) ;
#16330=CARTESIAN_POINT('Line Origine',(-7.8,-20.9,-0.9)) ;
#16334=CARTESIAN_POINT('Vertex',(-7.8,-20.9,-1.1)) ;
#16337=CARTESIAN_POINT('Line Origine',(1.7763568394E-15,-20.9,-1.1)) ;
#16349=CARTESIAN_POINT('Axis2P3D Location',(-7.8,-17.7,-0.75)) ;
#16354=CARTESIAN_POINT('Line Origine',(-11.,-17.7,-0.75)) ;
#16358=CARTESIAN_POINT('Vertex',(-11.,-17.7,-1.1)) ;
#16361=CARTESIAN_POINT('Axis2P3D Location',(-7.8,-17.7,-1.1)) ;
#16373=CARTESIAN_POINT('Axis2P3D Location',(-11.,20.9,0.)) ;
#16378=CARTESIAN_POINT('Line Origine',(-11.,17.7,-0.9)) ;
#16382=CARTESIAN_POINT('Vertex',(-11.,17.7,-1.1)) ;
#16385=CARTESIAN_POINT('Line Origine',(-11.,3.5527136788E-15,-1.1)) ;
#16397=CARTESIAN_POINT('Axis2P3D Location',(-7.8,17.7,-0.75)) ;
#16402=CARTESIAN_POINT('Line Origine',(-7.8,20.9,-0.75)) ;
#16406=CARTESIAN_POINT('Vertex',(-7.8,20.9,-1.1)) ;
#16409=CARTESIAN_POINT('Axis2P3D Location',(-7.8,17.7,-1.1)) ;
#16421=CARTESIAN_POINT('Axis2P3D Location',(11.,20.9,0.)) ;
#16426=CARTESIAN_POINT('Line Origine',(-8.881784197E-16,20.9,-1.1)) ;
#16438=CARTESIAN_POINT('Axis2P3D Location',(0.,0.,-1.1)) ;
#16453=CARTESIAN_POINT('Axis2P3D Location',(0.,0.,-1.1)) ;
#16457=CARTESIAN_POINT('Vertex',(-1.13279828921E-15,-9.25,-1.1)) ;
#16459=CARTESIAN_POINT('Vertex',(2.26559657842E-15,9.25,-1.1)) ;
#16462=CARTESIAN_POINT('Axis2P3D Location',(0.,0.,-1.1)) ;
#16472=CARTESIAN_POINT('Axis2P3D Location',(0.,0.,-1.05)) ;
#16478=CARTESIAN_POINT('Control Point',(6.2172489379E-15,9.25,-1.05)) ;
#16479=CARTESIAN_POINT('Control Point',(1.45298660229,9.25,-1.05)) ;
#16480=CARTESIAN_POINT('Control Point',(2.90597320457,8.96470674778,-1.05)) ;
#16481=CARTESIAN_POINT('Control Point',(4.28417157381,8.3938382916,-1.05)) ;
#16482=CARTESIAN_POINT('Control Point',(6.74247051925,6.74247051925,-1.05)) ;
#16483=CARTESIAN_POINT('Control Point',(8.3938382916,4.28417157381,-1.05)) ;
#16484=CARTESIAN_POINT('Control Point',(8.96470674778,2.90597320457,-1.05)) ;
#16485=CARTESIAN_POINT('Control Point',(9.53529325222,1.9277715475E-14,-1.05)) ;
#16486=CARTESIAN_POINT('Control Point',(8.96470674778,-2.90597320457,-1.05)) ;
#16487=CARTESIAN_POINT('Control Point',(8.3938382916,-4.28417157381,-1.05)) ;
#16488=CARTESIAN_POINT('Control Point',(6.74247051925,-6.74247051925,-1.05)) ;
#16489=CARTESIAN_POINT('Control Point',(4.28417157381,-8.3938382916,-1.05)) ;
#16490=CARTESIAN_POINT('Control Point',(2.90597320457,-8.96470674778,-1.05)) ;
#16491=CARTESIAN_POINT('Control Point',(1.45298660229,-9.25,-1.05)) ;
#16492=CARTESIAN_POINT('Control Point',(3.86011158656E-15,-9.25,-1.05)) ;
#16493=CARTESIAN_POINT('Vertex',(-5.9500538038E-15,9.25,-1.05)) ;
#16495=CARTESIAN_POINT('Vertex',(2.9750269019E-15,-9.25,-1.05)) ;
#16499=CARTESIAN_POINT('Control Point',(-3.10862446895E-15,-9.25,-1.05)) ;
#16500=CARTESIAN_POINT('Control Point',(-1.45298660229,-9.25,-1.05)) ;
#16501=CARTESIAN_POINT('Control Point',(-2.90597320457,-8.96470674778,-1.05)) ;
#16502=CARTESIAN_POINT('Control Point',(-4.28417157381,-8.3938382916,-1.05)) ;
#16503=CARTESIAN_POINT('Control Point',(-6.74247051925,-6.74247051925,-1.05)) ;
#16504=CARTESIAN_POINT('Control Point',(-8.3938382916,-4.28417157381,-1.05)) ;
#16505=CARTESIAN_POINT('Control Point',(-8.96470674778,-2.90597320457,-1.05)) ;
#16506=CARTESIAN_POINT('Control Point',(-9.53529325222,-1.98447071066E-15,-1.05)) ;
#16507=CARTESIAN_POINT('Control Point',(-8.96470674778,2.90597320457,-1.05)) ;
#16508=CARTESIAN_POINT('Control Point',(-8.3938382916,4.28417157381,-1.05)) ;
#16509=CARTESIAN_POINT('Control Point',(-6.74247051925,6.74247051925,-1.05)) ;
#16510=CARTESIAN_POINT('Control Point',(-4.28417157381,8.3938382916,-1.05)) ;
#16511=CARTESIAN_POINT('Control Point',(-2.90597320457,8.96470674778,-1.05)) ;
#16512=CARTESIAN_POINT('Control Point',(-1.45298660229,9.25,-1.05)) ;
#16513=CARTESIAN_POINT('Control Point',(5.77315972805E-15,9.25,-1.05)) ;
#16524=CARTESIAN_POINT('Axis2P3D Location',(0.,0.,-25.14)) ;
#16529=CARTESIAN_POINT('Line Origine',(2.26559657842E-15,9.25,-25.14)) ;
#16534=CARTESIAN_POINT('Line Origine',(-3.39839486763E-15,-9.25,-25.14)) ;
#16553=CARTESIAN_POINT('Axis2P3D Location',(-19.465,-58.17,0.)) ;
#16558=CARTESIAN_POINT('Line Origine',(-19.465,-57.57,-1.5)) ;
#16562=CARTESIAN_POINT('Vertex',(-19.465,-57.57,-3.)) ;
#16565=CARTESIAN_POINT('Line Origine',(-19.465,-56.91,-3.)) ;
#16569=CARTESIAN_POINT('Vertex',(-19.465,-56.25,-3.)) ;
#16572=CARTESIAN_POINT('Line Origine',(-19.465,-56.25,-1.5)) ;
#16584=CARTESIAN_POINT('Axis2P3D Location',(-18.865,-57.57,3.5)) ;
#16589=CARTESIAN_POINT('Line Origine',(-18.865,-58.17,3.5)) ;
#16593=CARTESIAN_POINT('Vertex',(-18.865,-58.17,-3.)) ;
#16596=CARTESIAN_POINT('Axis2P3D Location',(-18.865,-57.57,-3.)) ;
#16608=CARTESIAN_POINT('Axis2P3D Location',(19.465,-58.17,0.)) ;
#16613=CARTESIAN_POINT('Line Origine',(18.865,-58.17,-1.5)) ;
#16617=CARTESIAN_POINT('Vertex',(18.865,-58.17,-3.)) ;
#16620=CARTESIAN_POINT('Line Origine',(0.,-58.17,-3.)) ;
#16632=CARTESIAN_POINT('Axis2P3D Location',(18.865,-57.57,3.5)) ;
#16637=CARTESIAN_POINT('Line Origine',(19.465,-57.57,3.5)) ;
#16641=CARTESIAN_POINT('Vertex',(19.465,-57.57,-3.)) ;
#16644=CARTESIAN_POINT('Axis2P3D Location',(18.865,-57.57,-3.)) ;
#16656=CARTESIAN_POINT('Axis2P3D Location',(19.465,-56.25,0.)) ;
#16661=CARTESIAN_POINT('Line Origine',(19.465,-56.25,-1.5)) ;
#16665=CARTESIAN_POINT('Vertex',(19.465,-56.25,-3.)) ;
#16668=CARTESIAN_POINT('Line Origine',(19.465,-56.91,-3.)) ;
#16680=CARTESIAN_POINT('Axis2P3D Location',(-19.465,-56.25,0.)) ;
#16685=CARTESIAN_POINT('Line Origine',(0.,-56.25,-3.)) ;
#16697=CARTESIAN_POINT('Axis2P3D Location',(0.,0.,-3.)) ;
#16711=CARTESIAN_POINT('Line Origine',(-19.465,56.25,-1.5)) ;
#16715=CARTESIAN_POINT('Vertex',(-19.465,56.25,-3.)) ;
#16718=CARTESIAN_POINT('Line Origine',(-19.465,56.91,-3.)) ;
#16722=CARTESIAN_POINT('Vertex',(-19.465,57.57,-3.)) ;
#16725=CARTESIAN_POINT('Line Origine',(-19.465,57.57,-1.5)) ;
#16737=CARTESIAN_POINT('Axis2P3D Location',(-18.865,57.57,3.5)) ;
#16742=CARTESIAN_POINT('Axis2P3D Location',(-18.865,57.57,-3.)) ;
#16746=CARTESIAN_POINT('Vertex',(-18.865,58.17,-3.)) ;
#16749=CARTESIAN_POINT('Line Origine',(-18.865,58.17,3.5)) ;
#16761=CARTESIAN_POINT('Axis2P3D Location',(19.465,58.17,0.)) ;
#16766=CARTESIAN_POINT('Line Origine',(0.,58.17,-3.)) ;
#16770=CARTESIAN_POINT('Vertex',(18.865,58.17,-3.)) ;
#16773=CARTESIAN_POINT('Line Origine',(18.865,58.17,-1.5)) ;
#16785=CARTESIAN_POINT('Axis2P3D Location',(18.865,57.57,3.5)) ;
#16790=CARTESIAN_POINT('Axis2P3D Location',(18.865,57.57,-3.)) ;
#16794=CARTESIAN_POINT('Vertex',(19.465,57.57,-3.)) ;
#16797=CARTESIAN_POINT('Line Origine',(19.465,57.57,3.5)) ;
#16809=CARTESIAN_POINT('Line Origine',(19.465,56.91,-3.)) ;
#16813=CARTESIAN_POINT('Vertex',(19.465,56.25,-3.)) ;
#16816=CARTESIAN_POINT('Line Origine',(19.465,56.25,-1.5)) ;
#16828=CARTESIAN_POINT('Axis2P3D Location',(-19.465,56.25,0.)) ;
#16833=CARTESIAN_POINT('Line Origine',(0.,56.25,-3.)) ;
#16854=CARTESIAN_POINT('Axis2P3D Location',(0.,51.17,0.2)) ;
#16859=CARTESIAN_POINT('Line Origine',(0.,52.67,0.2)) ;
#16863=CARTESIAN_POINT('Vertex',(0.,52.67,0.4)) ;
#16866=CARTESIAN_POINT('Line Origine',(-1.83697019872E-16,49.67,0.2)) ;
#16870=CARTESIAN_POINT('Vertex',(-1.83697019872E-16,49.67,0.4)) ;
#16873=CARTESIAN_POINT('Axis2P3D Location',(0.,51.17,0.4)) ;
#16885=CARTESIAN_POINT('Axis2P3D Location',(0.,51.17,0.4)) ;
#16897=CARTESIAN_POINT('Axis2P3D Location',(0.,0.,0.4)) ;
#16907=CARTESIAN_POINT('Axis2P3D Location',(0.,-51.17,0.2)) ;
#16912=CARTESIAN_POINT('Line Origine',(0.,-49.67,0.2)) ;
#16916=CARTESIAN_POINT('Vertex',(0.,-49.67,0.4)) ;
#16919=CARTESIAN_POINT('Line Origine',(-1.83697019872E-16,-52.67,0.2)) ;
#16923=CARTESIAN_POINT('Vertex',(-1.83697019872E-16,-52.67,0.4)) ;
#16926=CARTESIAN_POINT('Axis2P3D Location',(0.,-51.17,0.4)) ;
#16938=CARTESIAN_POINT('Axis2P3D Location',(0.,-51.17,0.4)) ;
#16964=CARTESIAN_POINT('NONE',(0.,0.,0.)) ;
#16965=CARTESIAN_POINT('NONE',(0.,0.,-2.)) ;
#16989=CARTESIAN_POINT('Axis2P3D Location',(0.,0.,5.65)) ;
#16994=CARTESIAN_POINT('Line Origine',(9.7375671359E-16,3.18053079228,6.05)) ;
#16998=CARTESIAN_POINT('Vertex',(9.95350540843E-16,3.25106158457,6.45)) ;
#17000=CARTESIAN_POINT('Vertex',(9.52162886337E-16,3.11,5.65)) ;
#17003=CARTESIAN_POINT('Axis2P3D Location',(0.,0.,5.65)) ;
#17007=CARTESIAN_POINT('Vertex',(-3.33353261707E-15,-3.11,5.65)) ;
#17010=CARTESIAN_POINT('Line Origine',(-3.40913284105E-15,-3.18053079228,6.05)) ;
#17014=CARTESIAN_POINT('Vertex',(-3.48473306503E-15,-3.25106158457,6.45)) ;
#17017=CARTESIAN_POINT('Axis2P3D Location',(0.,0.,6.45)) ;
#17029=CARTESIAN_POINT('Axis2P3D Location',(0.,0.,5.65)) ;
#17034=CARTESIAN_POINT('Axis2P3D Location',(0.,0.,6.45)) ;
#17046=CARTESIAN_POINT('Axis2P3D Location',(0.,-2.21,5.65)) ;
#17055=CARTESIAN_POINT('Axis2P3D Location',(0.,0.,5.65)) ;
#17059=CARTESIAN_POINT('Vertex',(-4.05970413917E-16,-2.21,5.65)) ;
#17061=CARTESIAN_POINT('Vertex',(-1.28625695101E-15,2.21,5.65)) ;
#17064=CARTESIAN_POINT('Axis2P3D Location',(0.,0.,5.65)) ;
#17074=CARTESIAN_POINT('Axis2P3D Location',(0.,-3.25106158457,6.45)) ;
#17079=CARTESIAN_POINT('Axis2P3D Location',(0.,0.,6.45)) ;
#17083=CARTESIAN_POINT('Vertex',(1.438959989E-15,4.7,6.45)) ;
#17085=CARTESIAN_POINT('Vertex',(-8.63375993399E-16,-4.7,6.45)) ;
#17088=CARTESIAN_POINT('Axis2P3D Location',(0.,0.,6.45)) ;
#17102=CARTESIAN_POINT('Axis2P3D Location',(0.,0.,6.025)) ;
#17107=CARTESIAN_POINT('Line Origine',(-2.0145439846E-15,-4.7,6.3)) ;
#17111=CARTESIAN_POINT('Vertex',(-8.63375993399E-16,-4.7,6.15)) ;
#17114=CARTESIAN_POINT('Line Origine',(1.438959989E-15,4.7,6.3)) ;
#17118=CARTESIAN_POINT('Vertex',(1.438959989E-15,4.7,6.15)) ;
#17121=CARTESIAN_POINT('Axis2P3D Location',(0.,0.,6.15)) ;
#17133=CARTESIAN_POINT('Axis2P3D Location',(0.,0.,6.15)) ;
#17145=CARTESIAN_POINT('Axis2P3D Location',(0.,-4.7,6.15)) ;
#17154=CARTESIAN_POINT('Axis2P3D Location',(0.,0.,6.15)) ;
#17158=CARTESIAN_POINT('Vertex',(1.20933871416E-15,3.95,6.15)) ;
#17160=CARTESIAN_POINT('Vertex',(-7.25603228495E-16,-3.95,6.15)) ;
#17163=CARTESIAN_POINT('Axis2P3D Location',(0.,0.,6.15)) ;
#17173=CARTESIAN_POINT('Axis2P3D Location',(0.,0.,6.025)) ;
#17178=CARTESIAN_POINT('Line Origine',(1.20933871416E-15,3.95,5.875)) ;
#17182=CARTESIAN_POINT('Vertex',(1.20933871416E-15,3.95,5.6)) ;
#17185=CARTESIAN_POINT('Line Origine',(-7.25603228495E-16,-3.95,5.875)) ;
#17189=CARTESIAN_POINT('Vertex',(-7.25603228495E-16,-3.95,5.6)) ;
#17192=CARTESIAN_POINT('Axis2P3D Location',(0.,0.,5.6)) ;
#17204=CARTESIAN_POINT('Axis2P3D Location',(0.,0.,5.6)) ;
#17216=CARTESIAN_POINT('Axis2P3D Location',(0.,0.,1.2)) ;
#17221=CARTESIAN_POINT('Axis2P3D Location',(-3.55030199147E-15,6.1,1.2)) ;
#17225=CARTESIAN_POINT('Vertex',(-3.72490700745E-15,6.4,1.2)) ;
#17227=CARTESIAN_POINT('Vertex',(-3.3756969755E-15,5.8,1.2)) ;
#17230=CARTESIAN_POINT('Axis2P3D Location',(0.,0.,1.2)) ;
#17234=CARTESIAN_POINT('Vertex',(7.81683666625E-15,-5.8,1.2)) ;
#17237=CARTESIAN_POINT('Axis2P3D Location',(-1.12055182122E-15,-6.1,1.2)) ;
#17241=CARTESIAN_POINT('Vertex',(8.62547494207E-15,-6.4,1.2)) ;
#17244=CARTESIAN_POINT('Axis2P3D Location',(0.,0.,1.2)) ;
#17256=CARTESIAN_POINT('Axis2P3D Location',(0.,0.,1.2)) ;
#17261=CARTESIAN_POINT('Axis2P3D Location',(0.,0.,1.2)) ;
#17273=CARTESIAN_POINT('Axis2P3D Location',(0.,-7.,1.2)) ;
#17282=CARTESIAN_POINT('Axis2P3D Location',(3.34108104946E-16,-8.881784197E-16,1.2)) ;
#17286=CARTESIAN_POINT('Vertex',(-3.41303407918E-16,-4.2,1.2)) ;
#17288=CARTESIAN_POINT('Vertex',(-2.20647808929E-15,4.2,1.2)) ;
#17291=CARTESIAN_POINT('Axis2P3D Location',(3.34108104946E-16,-8.881784197E-16,1.2)) ;
#17301=CARTESIAN_POINT('Axis2P3D Location',(0.,0.,1.2)) ;
#17305=CARTESIAN_POINT('Vertex',(2.14313189851E-15,7.,1.2)) ;
#17307=CARTESIAN_POINT('Vertex',(-1.2858791391E-15,-7.,1.2)) ;
#17310=CARTESIAN_POINT('Axis2P3D Location',(0.,0.,1.2)) ;
#17324=CARTESIAN_POINT('Axis2P3D Location',(-6.66133814775E-16,-8.881784197E-16,1.4)) ;
#17329=CARTESIAN_POINT('Axis2P3D Location',(-6.66133814775E-16,-8.881784197E-16,1.4)) ;
#17333=CARTESIAN_POINT('Vertex',(-7.34788079488E-16,-4.,1.4)) ;
#17335=CARTESIAN_POINT('Vertex',(1.22464679915E-15,4.,1.4)) ;
#17338=CARTESIAN_POINT('Axis2P3D Location',(-2.0650148258E-15,4.2,1.4)) ;
#17343=CARTESIAN_POINT('Axis2P3D Location',(-8.99280649946E-16,-4.2,1.4)) ;
#17355=CARTESIAN_POINT('Axis2P3D Location',(1.11022302463E-15,-6.66133814775E-16,1.4)) ;
#17360=CARTESIAN_POINT('Axis2P3D Location',(1.11022302463E-15,-6.66133814775E-16,1.4)) ;
#17372=CARTESIAN_POINT('Axis2P3D Location',(0.,0.,3.70000000003)) ;
#17377=CARTESIAN_POINT('Line Origine',(-3.00038465791E-15,-7.,1.)) ;
#17381=CARTESIAN_POINT('Vertex',(-1.2858791391E-15,-7.,0.8)) ;
#17384=CARTESIAN_POINT('Line Origine',(2.14313189851E-15,7.,1.)) ;
#17388=CARTESIAN_POINT('Vertex',(2.14313189851E-15,7.,0.8)) ;
#17391=CARTESIAN_POINT('Axis2P3D Location',(0.,0.,0.8)) ;
#17403=CARTESIAN_POINT('Axis2P3D Location',(0.,0.,0.8)) ;
#17415=CARTESIAN_POINT('Axis2P3D Location',(0.,0.,3.70000000003)) ;
#17420=CARTESIAN_POINT('Line Origine',(-1.71450551881E-15,-4.,3.4)) ;
#17424=CARTESIAN_POINT('Vertex',(-7.34788079488E-16,-4.,5.6)) ;
#17427=CARTESIAN_POINT('Axis2P3D Location',(0.,0.,5.6)) ;
#17431=CARTESIAN_POINT('Vertex',(1.22464679915E-15,4.,5.6)) ;
#17434=CARTESIAN_POINT('Line Origine',(1.22464679915E-15,4.,3.4)) ;
#17446=CARTESIAN_POINT('Axis2P3D Location',(0.,0.,5.6)) ;
#17458=CARTESIAN_POINT('Axis2P3D Location',(0.,-9.,0.8)) ;
#17463=CARTESIAN_POINT('Axis2P3D Location',(-6.35690144259E-17,-1.7763568394E-15,0.8)) ;
#17467=CARTESIAN_POINT('Vertex',(-1.6801027893E-15,-8.8,0.8)) ;
#17469=CARTESIAN_POINT('Vertex',(-1.51566646095E-14,8.8,0.8)) ;
#17472=CARTESIAN_POINT('Axis2P3D Location',(-6.35690144259E-17,-1.7763568394E-15,0.8)) ;
#17486=CARTESIAN_POINT('Axis2P3D Location',(0.,0.,5.6)) ;
#17500=CARTESIAN_POINT('Axis2P3D Location',(-1.7763568394E-15,-1.33226762955E-15,0.6)) ;
#17505=CARTESIAN_POINT('Axis2P3D Location',(-1.00808250636E-14,-8.8,0.6)) ;
#17509=CARTESIAN_POINT('Vertex',(-1.98448489719E-14,-9.,0.6)) ;
#17512=CARTESIAN_POINT('Axis2P3D Location',(-1.7763568394E-15,-1.33226762955E-15,0.6)) ;
#17516=CARTESIAN_POINT('Vertex',(2.75545529808E-15,9.,0.6)) ;
#17519=CARTESIAN_POINT('Axis2P3D Location',(6.66133814775E-16,8.8,0.6)) ;
#17531=CARTESIAN_POINT('Axis2P3D Location',(2.22044604925E-15,-2.6645352591E-15,0.6)) ;
#17536=CARTESIAN_POINT('Axis2P3D Location',(2.22044604925E-15,-2.6645352591E-15,0.6)) ;
#17548=CARTESIAN_POINT('Axis2P3D Location',(0.,0.,3.70000000003)) ;
#17553=CARTESIAN_POINT('Line Origine',(-1.65327317885E-15,-9.,0.4)) ;
#17557=CARTESIAN_POINT('Vertex',(-1.65327317885E-15,-9.,0.)) ;
#17560=CARTESIAN_POINT('Axis2P3D Location',(0.,0.,0.)) ;
#17564=CARTESIAN_POINT('Vertex',(2.75545529808E-15,9.,0.)) ;
#17567=CARTESIAN_POINT('Line Origine',(2.75545529808E-15,9.,0.4)) ;
#17579=CARTESIAN_POINT('Axis2P3D Location',(0.,0.,0.)) ;
#17591=CARTESIAN_POINT('Axis2P3D Location',(0.,-2.41,0.)) ;
#17600=CARTESIAN_POINT('Axis2P3D Location',(0.,0.,0.)) ;
#17604=CARTESIAN_POINT('Vertex',(-4.42709817892E-16,2.41,-4.71844785466E-16)) ;
#17606=CARTESIAN_POINT('Vertex',(7.37849696486E-16,-2.41,-4.71844785466E-16)) ;
#17609=CARTESIAN_POINT('Axis2P3D Location',(0.,0.,0.)) ;
#17619=CARTESIAN_POINT('Axis2P3D Location',(0.,0.,0.2)) ;
#17624=CARTESIAN_POINT('Line Origine',(-4.24340115905E-16,2.31,0.1)) ;
#17628=CARTESIAN_POINT('Vertex',(-1.28625695101E-15,2.21,0.2)) ;
#17631=CARTESIAN_POINT('Line Origine',(7.07233526508E-16,-2.31,0.1)) ;
#17635=CARTESIAN_POINT('Vertex',(-4.05970413917E-16,-2.21,0.2)) ;
#17638=CARTESIAN_POINT('Axis2P3D Location',(0.,0.,0.2)) ;
#17650=CARTESIAN_POINT('Axis2P3D Location',(0.,0.,0.2)) ;
#17662=CARTESIAN_POINT('Axis2P3D Location',(0.,0.,3.70000000003)) ;
#17667=CARTESIAN_POINT('Line Origine',(-9.4726429914E-16,-2.21,2.925)) ;
#17672=CARTESIAN_POINT('Line Origine',(-1.28625695101E-15,2.21,2.925)) ;
#17700=CARTESIAN_POINT('NONE',(0.,0.,0.)) ;
#17701=CARTESIAN_POINT('NONE',(0.,0.,0.)) ;
#17713=CARTESIAN_POINT('NONE',(0.,0.,0.)) ;
#17714=CARTESIAN_POINT('NONE',(0.,0.,-3.9)) ;
#17726=CARTESIAN_POINT('NONE',(0.,0.,0.)) ;
#17727=CARTESIAN_POINT('NONE',(0.,-99.,-8.881784197E-16)) ;
#17739=CARTESIAN_POINT('NONE',(0.,0.,0.)) ;
#17740=CARTESIAN_POINT('NONE',(0.,0.,-256.14)) ;
#65=SURFACE_STYLE_USAGE(.POSITIVE.,#64) ;
#3510=SURFACE_STYLE_USAGE(.POSITIVE.,#3509) ;
#4659=SURFACE_STYLE_USAGE(.POSITIVE.,#4658) ;
#5735=SURFACE_STYLE_USAGE(.POSITIVE.,#5734) ;
#9672=SURFACE_STYLE_USAGE(.POSITIVE.,#9671) ;
#10428=SURFACE_STYLE_USAGE(.POSITIVE.,#10427) ;
#64=SURFACE_SIDE_STYLE(' ',(#63)) ;
#3509=SURFACE_SIDE_STYLE(' ',(#3508)) ;
#4658=SURFACE_SIDE_STYLE(' ',(#4657)) ;
#5734=SURFACE_SIDE_STYLE(' ',(#5733)) ;
#9671=SURFACE_SIDE_STYLE(' ',(#9670)) ;
#10427=SURFACE_SIDE_STYLE(' ',(#10426)) ;
#63=SURFACE_STYLE_FILL_AREA(#62) ;
#3508=SURFACE_STYLE_FILL_AREA(#3507) ;
#4657=SURFACE_STYLE_FILL_AREA(#4656) ;
#5733=SURFACE_STYLE_FILL_AREA(#5732) ;
#9670=SURFACE_STYLE_FILL_AREA(#9669) ;
#10426=SURFACE_STYLE_FILL_AREA(#10425) ;
#32=CONTEXT_DEPENDENT_SHAPE_REPRESENTATION(#33,#31) ;
#3485=CONTEXT_DEPENDENT_SHAPE_REPRESENTATION(#3486,#3484) ;
#4634=CONTEXT_DEPENDENT_SHAPE_REPRESENTATION(#4635,#4633) ;
#5710=CONTEXT_DEPENDENT_SHAPE_REPRESENTATION(#5711,#5709) ;
#9639=CONTEXT_DEPENDENT_SHAPE_REPRESENTATION(#9640,#9638) ;
#10382=CONTEXT_DEPENDENT_SHAPE_REPRESENTATION(#10383,#10381) ;
#10395=CONTEXT_DEPENDENT_SHAPE_REPRESENTATION(#10396,#10394) ;
#10961=CONTEXT_DEPENDENT_SHAPE_REPRESENTATION(#10962,#10960) ;
#10974=CONTEXT_DEPENDENT_SHAPE_REPRESENTATION(#10975,#10973) ;
#10987=CONTEXT_DEPENDENT_SHAPE_REPRESENTATION(#10988,#10986) ;
#13934=CONTEXT_DEPENDENT_SHAPE_REPRESENTATION(#13935,#13933) ;
#13947=CONTEXT_DEPENDENT_SHAPE_REPRESENTATION(#13948,#13946) ;
#15016=CONTEXT_DEPENDENT_SHAPE_REPRESENTATION(#15017,#15015) ;
#16959=CONTEXT_DEPENDENT_SHAPE_REPRESENTATION(#16960,#16958) ;
#17695=CONTEXT_DEPENDENT_SHAPE_REPRESENTATION(#17696,#17694) ;
#17708=CONTEXT_DEPENDENT_SHAPE_REPRESENTATION(#17709,#17707) ;
#17721=CONTEXT_DEPENDENT_SHAPE_REPRESENTATION(#17722,#17720) ;
#17734=CONTEXT_DEPENDENT_SHAPE_REPRESENTATION(#17735,#17733) ;
#3482=SHAPE_REPRESENTATION_RELATIONSHIP(' ',' ',#53,#3481) ;
#4631=SHAPE_REPRESENTATION_RELATIONSHIP(' ',' ',#3498,#4630) ;
#5707=SHAPE_REPRESENTATION_RELATIONSHIP(' ',' ',#4647,#5706) ;
#9636=SHAPE_REPRESENTATION_RELATIONSHIP(' ',' ',#5723,#9635) ;
#10379=SHAPE_REPRESENTATION_RELATIONSHIP(' ',' ',#9660,#10378) ;
#10694=SHAPE_REPRESENTATION_RELATIONSHIP(' ',' ',#10416,#10693) ;
#13931=SHAPE_REPRESENTATION_RELATIONSHIP(' ',' ',#11008,#13930) ;
#15013=SHAPE_REPRESENTATION_RELATIONSHIP(' ',' ',#13960,#15012) ;
#16956=SHAPE_REPRESENTATION_RELATIONSHIP(' ',' ',#15029,#16955) ;
#17692=SHAPE_REPRESENTATION_RELATIONSHIP(' ',' ',#16980,#17691) ;
#35=AXIS2_PLACEMENT_3D(' ',#38,#42,#41) ;
#36=AXIS2_PLACEMENT_3D(' ',#37,#40,#39) ;
#72=AXIS2_PLACEMENT_3D('Plane Axis2P3D',#69,#70,#71) ;
#112=AXIS2_PLACEMENT_3D('Plane Axis2P3D',#109,#110,#111) ;
#143=AXIS2_PLACEMENT_3D('Plane Axis2P3D',#140,#141,#142) ;
#174=AXIS2_PLACEMENT_3D('Plane Axis2P3D',#171,#172,#173) ;
#255=AXIS2_PLACEMENT_3D('Plane Axis2P3D',#252,#253,#254) ;
#279=AXIS2_PLACEMENT_3D('Plane Axis2P3D',#276,#277,#278) ;
#303=AXIS2_PLACEMENT_3D('Plane Axis2P3D',#300,#301,#302) ;
#346=AXIS2_PLACEMENT_3D('Plane Axis2P3D',#343,#344,#345) ;
#408=AXIS2_PLACEMENT_3D('Plane Axis2P3D',#405,#406,#407) ;
#444=AXIS2_PLACEMENT_3D('Plane Axis2P3D',#441,#442,#443) ;
#457=AXIS2_PLACEMENT_3D('Circle Axis2P3D',#455,#456,$) ;
#471=AXIS2_PLACEMENT_3D('Circle Axis2P3D',#469,#470,$) ;
#485=AXIS2_PLACEMENT_3D('Circle Axis2P3D',#483,#484,$) ;
#499=AXIS2_PLACEMENT_3D('Circle Axis2P3D',#497,#498,$) ;
#528=AXIS2_PLACEMENT_3D('Circle Axis2P3D',#526,#527,$) ;
#544=AXIS2_PLACEMENT_3D('Circle Axis2P3D',#542,#543,$) ;
#558=AXIS2_PLACEMENT_3D('Circle Axis2P3D',#556,#557,$) ;
#572=AXIS2_PLACEMENT_3D('Circle Axis2P3D',#570,#571,$) ;
#586=AXIS2_PLACEMENT_3D('Circle Axis2P3D',#584,#585,$) ;
#600=AXIS2_PLACEMENT_3D('Circle Axis2P3D',#598,#599,$) ;
#614=AXIS2_PLACEMENT_3D('Circle Axis2P3D',#612,#613,$) ;
#628=AXIS2_PLACEMENT_3D('Circle Axis2P3D',#626,#627,$) ;
#642=AXIS2_PLACEMENT_3D('Circle Axis2P3D',#640,#641,$) ;
#656=AXIS2_PLACEMENT_3D('Circle Axis2P3D',#654,#655,$) ;
#670=AXIS2_PLACEMENT_3D('Circle Axis2P3D',#668,#669,$) ;
#684=AXIS2_PLACEMENT_3D('Circle Axis2P3D',#682,#683,$) ;
#722=AXIS2_PLACEMENT_3D('Circle Axis2P3D',#720,#721,$) ;
#731=AXIS2_PLACEMENT_3D('Circle Axis2P3D',#729,#730,$) ;
#742=AXIS2_PLACEMENT_3D('Cone Axis2P3D',#739,#740,#741) ;
#755=AXIS2_PLACEMENT_3D('Circle Axis2P3D',#753,#754,$) ;
#769=AXIS2_PLACEMENT_3D('Circle Axis2P3D',#767,#768,$) ;
#782=AXIS2_PLACEMENT_3D('Cone Axis2P3D',#779,#780,#781) ;
#786=AXIS2_PLACEMENT_3D('Circle Axis2P3D',#784,#785,$) ;
#791=AXIS2_PLACEMENT_3D('Circle Axis2P3D',#789,#790,$) ;
#804=AXIS2_PLACEMENT_3D('Plane Axis2P3D',#801,#802,#803) ;
#808=AXIS2_PLACEMENT_3D('Circle Axis2P3D',#806,#807,$) ;
#817=AXIS2_PLACEMENT_3D('Circle Axis2P3D',#815,#816,$) ;
#832=AXIS2_PLACEMENT_3D('Cylinder Axis2P3D',#829,#830,#831) ;
#843=AXIS2_PLACEMENT_3D('Circle Axis2P3D',#841,#842,$) ;
#862=AXIS2_PLACEMENT_3D('Circle Axis2P3D',#860,#861,$) ;
#875=AXIS2_PLACEMENT_3D('Cone Axis2P3D',#872,#873,#874) ;
#888=AXIS2_PLACEMENT_3D('Circle Axis2P3D',#886,#887,$) ;
#902=AXIS2_PLACEMENT_3D('Circle Axis2P3D',#900,#901,$) ;
#915=AXIS2_PLACEMENT_3D('Plane Axis2P3D',#912,#913,#914) ;
#946=AXIS2_PLACEMENT_3D('Cone Axis2P3D',#943,#944,#945) ;
#959=AXIS2_PLACEMENT_3D('Circle Axis2P3D',#957,#958,$) ;
#964=AXIS2_PLACEMENT_3D('Circle Axis2P3D',#962,#963,$) ;
#977=AXIS2_PLACEMENT_3D('Plane Axis2P3D',#974,#975,#976) ;
#1008=AXIS2_PLACEMENT_3D('Cone Axis2P3D',#1005,#1006,#1007) ;
#1021=AXIS2_PLACEMENT_3D('Circle Axis2P3D',#1019,#1020,$) ;
#1026=AXIS2_PLACEMENT_3D('Circle Axis2P3D',#1024,#1025,$) ;
#1039=AXIS2_PLACEMENT_3D('Plane Axis2P3D',#1036,#1037,#1038) ;
#1070=AXIS2_PLACEMENT_3D('Cone Axis2P3D',#1067,#1068,#1069) ;
#1083=AXIS2_PLACEMENT_3D('Circle Axis2P3D',#1081,#1082,$) ;
#1088=AXIS2_PLACEMENT_3D('Circle Axis2P3D',#1086,#1087,$) ;
#1101=AXIS2_PLACEMENT_3D('Plane Axis2P3D',#1098,#1099,#1100) ;
#1123=AXIS2_PLACEMENT_3D('Plane Axis2P3D',#1120,#1121,#1122) ;
#1146=AXIS2_PLACEMENT_3D('Circle Axis2P3D',#1144,#1145,$) ;
#1160=AXIS2_PLACEMENT_3D('Circle Axis2P3D',#1158,#1159,$) ;
#1174=AXIS2_PLACEMENT_3D('Circle Axis2P3D',#1172,#1173,$) ;
#1188=AXIS2_PLACEMENT_3D('Circle Axis2P3D',#1186,#1187,$) ;
#1203=AXIS2_PLACEMENT_3D('Circle Axis2P3D',#1201,#1202,$) ;
#1212=AXIS2_PLACEMENT_3D('Circle Axis2P3D',#1210,#1211,$) ;
#1221=AXIS2_PLACEMENT_3D('Circle Axis2P3D',#1219,#1220,$) ;
#1230=AXIS2_PLACEMENT_3D('Circle Axis2P3D',#1228,#1229,$) ;
#1239=AXIS2_PLACEMENT_3D('Circle Axis2P3D',#1237,#1238,$) ;
#1248=AXIS2_PLACEMENT_3D('Circle Axis2P3D',#1246,#1247,$) ;
#1259=AXIS2_PLACEMENT_3D('Plane Axis2P3D',#1256,#1257,#1258) ;
#1281=AXIS2_PLACEMENT_3D('Cylinder Axis2P3D',#1278,#1279,#1280) ;
#1298=AXIS2_PLACEMENT_3D('Plane Axis2P3D',#1295,#1296,#1297) ;
#1315=AXIS2_PLACEMENT_3D('Cylinder Axis2P3D',#1312,#1313,#1314) ;
#1332=AXIS2_PLACEMENT_3D('Plane Axis2P3D',#1329,#1330,#1331) ;
#1349=AXIS2_PLACEMENT_3D('Cylinder Axis2P3D',#1346,#1347,#1348) ;
#1366=AXIS2_PLACEMENT_3D('Cylinder Axis2P3D',#1363,#1364,#1365) ;
#1383=AXIS2_PLACEMENT_3D('Plane Axis2P3D',#1380,#1381,#1382) ;
#1395=AXIS2_PLACEMENT_3D('Cone Axis2P3D',#1392,#1393,#1394) ;
#1399=AXIS2_PLACEMENT_3D('Circle Axis2P3D',#1397,#1398,$) ;
#1425=AXIS2_PLACEMENT_3D('Circle Axis2P3D',#1423,#1424,$) ;
#1438=AXIS2_PLACEMENT_3D('Plane Axis2P3D',#1435,#1436,#1437) ;
#1442=AXIS2_PLACEMENT_3D('Circle Axis2P3D',#1440,#1441,$) ;
#1451=AXIS2_PLACEMENT_3D('Circle Axis2P3D',#1449,#1450,$) ;
#1460=AXIS2_PLACEMENT_3D('Circle Axis2P3D',#1458,#1459,$) ;
#1469=AXIS2_PLACEMENT_3D('Circle Axis2P3D',#1467,#1468,$) ;
#1480=AXIS2_PLACEMENT_3D('Plane Axis2P3D',#1477,#1478,#1479) ;
#1484=AXIS2_PLACEMENT_3D('Circle Axis2P3D',#1482,#1483,$) ;
#1493=AXIS2_PLACEMENT_3D('Circle Axis2P3D',#1491,#1492,$) ;
#1502=AXIS2_PLACEMENT_3D('Circle Axis2P3D',#1500,#1501,$) ;
#1511=AXIS2_PLACEMENT_3D('Circle Axis2P3D',#1509,#1510,$) ;
#1522=AXIS2_PLACEMENT_3D('Cylinder Axis2P3D',#1519,#1520,#1521) ;
#1526=AXIS2_PLACEMENT_3D('Circle Axis2P3D',#1524,#1525,$) ;
#1552=AXIS2_PLACEMENT_3D('Circle Axis2P3D',#1550,#1551,$) ;
#1565=AXIS2_PLACEMENT_3D('Cylinder Axis2P3D',#1562,#1563,#1564) ;
#1569=AXIS2_PLACEMENT_3D('Circle Axis2P3D',#1567,#1568,$) ;
#1595=AXIS2_PLACEMENT_3D('Circle Axis2P3D',#1593,#1594,$) ;
#1608=AXIS2_PLACEMENT_3D('Torus Axis2P3D',#1605,#1606,#1607) ;
#1612=AXIS2_PLACEMENT_3D('Circle Axis2P3D',#1610,#1611,$) ;
#1617=AXIS2_PLACEMENT_3D('Circle Axis2P3D',#1615,#1616,$) ;
#1637=AXIS2_PLACEMENT_3D('Torus Axis2P3D',#1634,#1635,#1636) ;
#1641=AXIS2_PLACEMENT_3D('Circle Axis2P3D',#1639,#1640,$) ;
#1650=AXIS2_PLACEMENT_3D('Circle Axis2P3D',#1648,#1649,$) ;
#1655=AXIS2_PLACEMENT_3D('Circle Axis2P3D',#1653,#1654,$) ;
#1667=AXIS2_PLACEMENT_3D('Circle Axis2P3D',#1665,#1666,$) ;
#1680=AXIS2_PLACEMENT_3D('Cylinder Axis2P3D',#1677,#1678,#1679) ;
#1684=AXIS2_PLACEMENT_3D('Circle Axis2P3D',#1682,#1683,$) ;
#1710=AXIS2_PLACEMENT_3D('Circle Axis2P3D',#1708,#1709,$) ;
#1723=AXIS2_PLACEMENT_3D('Plane Axis2P3D',#1720,#1721,#1722) ;
#1763=AXIS2_PLACEMENT_3D('Cylinder Axis2P3D',#1760,#1761,#1762) ;
#1767=AXIS2_PLACEMENT_3D('Circle Axis2P3D',#1765,#1766,$) ;
#1774=AXIS2_PLACEMENT_3D('Circle Axis2P3D',#1772,#1773,$) ;
#1794=AXIS2_PLACEMENT_3D('Plane Axis2P3D',#1791,#1792,#1793) ;
#1825=AXIS2_PLACEMENT_3D('Cylinder Axis2P3D',#1822,#1823,#1824) ;
#1829=AXIS2_PLACEMENT_3D('Circle Axis2P3D',#1827,#1828,$) ;
#1836=AXIS2_PLACEMENT_3D('Circle Axis2P3D',#1834,#1835,$) ;
#1856=AXIS2_PLACEMENT_3D('Plane Axis2P3D',#1853,#1854,#1855) ;
#1887=AXIS2_PLACEMENT_3D('Cylinder Axis2P3D',#1884,#1885,#1886) ;
#1900=AXIS2_PLACEMENT_3D('Circle Axis2P3D',#1898,#1899,$) ;
#1905=AXIS2_PLACEMENT_3D('Circle Axis2P3D',#1903,#1904,$) ;
#1918=AXIS2_PLACEMENT_3D('Plane Axis2P3D',#1915,#1916,#1917) ;
#1949=AXIS2_PLACEMENT_3D('Cylinder Axis2P3D',#1946,#1947,#1948) ;
#1962=AXIS2_PLACEMENT_3D('Circle Axis2P3D',#1960,#1961,$) ;
#1967=AXIS2_PLACEMENT_3D('Circle Axis2P3D',#1965,#1966,$) ;
#1980=AXIS2_PLACEMENT_3D('Plane Axis2P3D',#1977,#1978,#1979) ;
#2011=AXIS2_PLACEMENT_3D('Cylinder Axis2P3D',#2008,#2009,#2010) ;
#2015=AXIS2_PLACEMENT_3D('Circle Axis2P3D',#2013,#2014,$) ;
#2022=AXIS2_PLACEMENT_3D('Circle Axis2P3D',#2020,#2021,$) ;
#2068=AXIS2_PLACEMENT_3D('Cylinder Axis2P3D',#2065,#2066,#2067) ;
#2072=AXIS2_PLACEMENT_3D('Circle Axis2P3D',#2070,#2071,$) ;
#2079=AXIS2_PLACEMENT_3D('Circle Axis2P3D',#2077,#2078,$) ;
#2099=AXIS2_PLACEMENT_3D('Plane Axis2P3D',#2096,#2097,#2098) ;
#2130=AXIS2_PLACEMENT_3D('Cylinder Axis2P3D',#2127,#2128,#2129) ;
#2134=AXIS2_PLACEMENT_3D('Circle Axis2P3D',#2132,#2133,$) ;
#2141=AXIS2_PLACEMENT_3D('Circle Axis2P3D',#2139,#2140,$) ;
#2161=AXIS2_PLACEMENT_3D('Plane Axis2P3D',#2158,#2159,#2160) ;
#2192=AXIS2_PLACEMENT_3D('Cylinder Axis2P3D',#2189,#2190,#2191) ;
#2196=AXIS2_PLACEMENT_3D('Circle Axis2P3D',#2194,#2195,$) ;
#2203=AXIS2_PLACEMENT_3D('Circle Axis2P3D',#2201,#2202,$) ;
#2249=AXIS2_PLACEMENT_3D('Cylinder Axis2P3D',#2246,#2247,#2248) ;
#2262=AXIS2_PLACEMENT_3D('Circle Axis2P3D',#2260,#2261,$) ;
#2267=AXIS2_PLACEMENT_3D('Circle Axis2P3D',#2265,#2266,$) ;
#2280=AXIS2_PLACEMENT_3D('Plane Axis2P3D',#2277,#2278,#2279) ;
#2311=AXIS2_PLACEMENT_3D('Cylinder Axis2P3D',#2308,#2309,#2310) ;
#2324=AXIS2_PLACEMENT_3D('Circle Axis2P3D',#2322,#2323,$) ;
#2329=AXIS2_PLACEMENT_3D('Circle Axis2P3D',#2327,#2328,$) ;
#2368=AXIS2_PLACEMENT_3D('Cylinder Axis2P3D',#2365,#2366,#2367) ;
#2372=AXIS2_PLACEMENT_3D('Circle Axis2P3D',#2370,#2371,$) ;
#2379=AXIS2_PLACEMENT_3D('Circle Axis2P3D',#2377,#2378,$) ;
#2399=AXIS2_PLACEMENT_3D('Cylinder Axis2P3D',#2396,#2397,#2398) ;
#2403=AXIS2_PLACEMENT_3D('Circle Axis2P3D',#2401,#2402,$) ;
#2417=AXIS2_PLACEMENT_3D('Circle Axis2P3D',#2415,#2416,$) ;
#2447=AXIS2_PLACEMENT_3D('Plane Axis2P3D',#2444,#2445,#2446) ;
#2483=AXIS2_PLACEMENT_3D('Plane Axis2P3D',#2480,#2481,#2482) ;
#2514=AXIS2_PLACEMENT_3D('Cylinder Axis2P3D',#2511,#2512,#2513) ;
#2525=AXIS2_PLACEMENT_3D('Circle Axis2P3D',#2523,#2524,$) ;
#2538=AXIS2_PLACEMENT_3D('Plane Axis2P3D',#2535,#2536,#2537) ;
#2562=AXIS2_PLACEMENT_3D('Cylinder Axis2P3D',#2559,#2560,#2561) ;
#2566=AXIS2_PLACEMENT_3D('Circle Axis2P3D',#2564,#2565,$) ;
#2586=AXIS2_PLACEMENT_3D('Plane Axis2P3D',#2583,#2584,#2585) ;
#2610=AXIS2_PLACEMENT_3D('Cylinder Axis2P3D',#2607,#2608,#2609) ;
#2621=AXIS2_PLACEMENT_3D('Circle Axis2P3D',#2619,#2620,$) ;
#2634=AXIS2_PLACEMENT_3D('Cylinder Axis2P3D',#2631,#2632,#2633) ;
#2638=AXIS2_PLACEMENT_3D('Circle Axis2P3D',#2636,#2637,$) ;
#2658=AXIS2_PLACEMENT_3D('Plane Axis2P3D',#2655,#2656,#2657) ;
#2675=AXIS2_PLACEMENT_3D('Cylinder Axis2P3D',#2672,#2673,#2674) ;
#2679=AXIS2_PLACEMENT_3D('Circle Axis2P3D',#2677,#2678,$) ;
#2695=AXIS2_PLACEMENT_3D('Circle Axis2P3D',#2693,#2694,$) ;
#2714=AXIS2_PLACEMENT_3D('Circle Axis2P3D',#2712,#2713,$) ;
#2719=AXIS2_PLACEMENT_3D('Circle Axis2P3D',#2717,#2718,$) ;
#2732=AXIS2_PLACEMENT_3D('Plane Axis2P3D',#2729,#2730,#2731) ;
#2772=AXIS2_PLACEMENT_3D('Cylinder Axis2P3D',#2769,#2770,#2771) ;
#2776=AXIS2_PLACEMENT_3D('Circle Axis2P3D',#2774,#2775,$) ;
#2815=AXIS2_PLACEMENT_3D('Cylinder Axis2P3D',#2812,#2813,#2814) ;
#2819=AXIS2_PLACEMENT_3D('Circle Axis2P3D',#2817,#2818,$) ;
#2858=AXIS2_PLACEMENT_3D('Cylinder Axis2P3D',#2855,#2856,#2857) ;
#2862=AXIS2_PLACEMENT_3D('Circle Axis2P3D',#2860,#2861,$) ;
#2901=AXIS2_PLACEMENT_3D('Cylinder Axis2P3D',#2898,#2899,#2900) ;
#2905=AXIS2_PLACEMENT_3D('Circle Axis2P3D',#2903,#2904,$) ;
#2944=AXIS2_PLACEMENT_3D('Cylinder Axis2P3D',#2941,#2942,#2943) ;
#2948=AXIS2_PLACEMENT_3D('Circle Axis2P3D',#2946,#2947,$) ;
#2987=AXIS2_PLACEMENT_3D('Cylinder Axis2P3D',#2984,#2985,#2986) ;
#2991=AXIS2_PLACEMENT_3D('Circle Axis2P3D',#2989,#2990,$) ;
#3030=AXIS2_PLACEMENT_3D('Cylinder Axis2P3D',#3027,#3028,#3029) ;
#3034=AXIS2_PLACEMENT_3D('Circle Axis2P3D',#3032,#3033,$) ;
#3073=AXIS2_PLACEMENT_3D('Cylinder Axis2P3D',#3070,#3071,#3072) ;
#3084=AXIS2_PLACEMENT_3D('Circle Axis2P3D',#3082,#3083,$) ;
#3116=AXIS2_PLACEMENT_3D('Plane Axis2P3D',#3113,#3114,#3115) ;
#3120=AXIS2_PLACEMENT_3D('Circle Axis2P3D',#3118,#3119,$) ;
#3134=AXIS2_PLACEMENT_3D('Circle Axis2P3D',#3132,#3133,$) ;
#3148=AXIS2_PLACEMENT_3D('Circle Axis2P3D',#3146,#3147,$) ;
#3162=AXIS2_PLACEMENT_3D('Circle Axis2P3D',#3160,#3161,$) ;
#3199=AXIS2_PLACEMENT_3D('Cylinder Axis2P3D',#3196,#3197,#3198) ;
#3228=AXIS2_PLACEMENT_3D('Cylinder Axis2P3D',#3225,#3226,#3227) ;
#3257=AXIS2_PLACEMENT_3D('Cylinder Axis2P3D',#3254,#3255,#3256) ;
#3274=AXIS2_PLACEMENT_3D('Cylinder Axis2P3D',#3271,#3272,#3273) ;
#3298=AXIS2_PLACEMENT_3D('Plane Axis2P3D',#3295,#3296,#3297) ;
#3340=AXIS2_PLACEMENT_3D('Plane Axis2P3D',#3337,#3338,#3339) ;
#3354=AXIS2_PLACEMENT_3D('Cone Axis2P3D',#3351,#3352,#3353) ;
#3383=AXIS2_PLACEMENT_3D('Cylinder Axis2P3D',#3380,#3381,#3382) ;
#3394=AXIS2_PLACEMENT_3D('Circle Axis2P3D',#3392,#3393,$) ;
#3413=AXIS2_PLACEMENT_3D('Circle Axis2P3D',#3411,#3412,$) ;
#3426=AXIS2_PLACEMENT_3D('Plane Axis2P3D',#3423,#3424,#3425) ;
#3436=AXIS2_PLACEMENT_3D('Cylinder Axis2P3D',#3433,#3434,#3435) ;
#3447=AXIS2_PLACEMENT_3D('Circle Axis2P3D',#3445,#3446,$) ;
#3466=AXIS2_PLACEMENT_3D('Circle Axis2P3D',#3464,#3465,$) ;
#3488=AXIS2_PLACEMENT_3D(' ',#3491,#3495,#3494) ;
#3489=AXIS2_PLACEMENT_3D(' ',#3490,#3493,#3492) ;
#3517=AXIS2_PLACEMENT_3D('Plane Axis2P3D',#3514,#3515,#3516) ;
#3530=AXIS2_PLACEMENT_3D('Circle Axis2P3D',#3528,#3529,$) ;
#3544=AXIS2_PLACEMENT_3D('Circle Axis2P3D',#3542,#3543,$) ;
#3558=AXIS2_PLACEMENT_3D('Circle Axis2P3D',#3556,#3557,$) ;
#3572=AXIS2_PLACEMENT_3D('Circle Axis2P3D',#3570,#3571,$) ;
#3587=AXIS2_PLACEMENT_3D('Circle Axis2P3D',#3585,#3586,$) ;
#3596=AXIS2_PLACEMENT_3D('Circle Axis2P3D',#3594,#3595,$) ;
#3607=AXIS2_PLACEMENT_3D('Cylinder Axis2P3D',#3604,#3605,#3606) ;
#3611=AXIS2_PLACEMENT_3D('Circle Axis2P3D',#3609,#3610,$) ;
#3625=AXIS2_PLACEMENT_3D('Circle Axis2P3D',#3623,#3624,$) ;
#3638=AXIS2_PLACEMENT_3D('Torus Axis2P3D',#3635,#3636,#3637) ;
#3642=AXIS2_PLACEMENT_3D('Circle Axis2P3D',#3640,#3641,$) ;
#3649=AXIS2_PLACEMENT_3D('Circle Axis2P3D',#3647,#3648,$) ;
#3662=AXIS2_PLACEMENT_3D('Torus Axis2P3D',#3659,#3660,#3661) ;
#3666=AXIS2_PLACEMENT_3D('Circle Axis2P3D',#3664,#3665,$) ;
#3673=AXIS2_PLACEMENT_3D('Circle Axis2P3D',#3671,#3672,$) ;
#3686=AXIS2_PLACEMENT_3D('Cylinder Axis2P3D',#3683,#3684,#3685) ;
#3690=AXIS2_PLACEMENT_3D('Circle Axis2P3D',#3688,#3689,$) ;
#3710=AXIS2_PLACEMENT_3D('Torus Axis2P3D',#3707,#3708,#3709) ;
#3714=AXIS2_PLACEMENT_3D('Circle Axis2P3D',#3712,#3713,$) ;
#3721=AXIS2_PLACEMENT_3D('Circle Axis2P3D',#3719,#3720,$) ;
#3734=AXIS2_PLACEMENT_3D('Cylinder Axis2P3D',#3731,#3732,#3733) ;
#3738=AXIS2_PLACEMENT_3D('Circle Axis2P3D',#3736,#3737,$) ;
#3758=AXIS2_PLACEMENT_3D('Torus Axis2P3D',#3755,#3756,#3757) ;
#3762=AXIS2_PLACEMENT_3D('Circle Axis2P3D',#3760,#3761,$) ;
#3769=AXIS2_PLACEMENT_3D('Circle Axis2P3D',#3767,#3768,$) ;
#3782=AXIS2_PLACEMENT_3D('Cylinder Axis2P3D',#3779,#3780,#3781) ;
#3799=AXIS2_PLACEMENT_3D('Plane Axis2P3D',#3796,#3797,#3798) ;
#3803=AXIS2_PLACEMENT_3D('Circle Axis2P3D',#3801,#3802,$) ;
#3831=AXIS2_PLACEMENT_3D('Circle Axis2P3D',#3829,#3830,$) ;
#3842=AXIS2_PLACEMENT_3D('Cylinder Axis2P3D',#3839,#3840,#3841) ;
#3855=AXIS2_PLACEMENT_3D('Circle Axis2P3D',#3853,#3854,$) ;
#3869=AXIS2_PLACEMENT_3D('Circle Axis2P3D',#3867,#3868,$) ;
#3881=AXIS2_PLACEMENT_3D('Circle Axis2P3D',#3879,#3880,$) ;
#3886=AXIS2_PLACEMENT_3D('Circle Axis2P3D',#3884,#3885,$) ;
#3899=AXIS2_PLACEMENT_3D('Cylinder Axis2P3D',#3896,#3897,#3898) ;
#3917=AXIS2_PLACEMENT_3D('Circle Axis2P3D',#3915,#3916,$) ;
#3929=AXIS2_PLACEMENT_3D('Circle Axis2P3D',#3927,#3928,$) ;
#3942=AXIS2_PLACEMENT_3D('Plane Axis2P3D',#3939,#3940,#3941) ;
#3950=AXIS2_PLACEMENT_3D('Circle Axis2P3D',#3948,#3949,$) ;
#3959=AXIS2_PLACEMENT_3D('Circle Axis2P3D',#3957,#3958,$) ;
#3970=AXIS2_PLACEMENT_3D('Plane Axis2P3D',#3967,#3968,#3969) ;
#3984=AXIS2_PLACEMENT_3D('Cylinder Axis2P3D',#3981,#3982,#3983) ;
#4002=AXIS2_PLACEMENT_3D('Circle Axis2P3D',#4000,#4001,$) ;
#4015=AXIS2_PLACEMENT_3D('Cylinder Axis2P3D',#4012,#4013,#4014) ;
#4033=AXIS2_PLACEMENT_3D('Circle Axis2P3D',#4031,#4032,$) ;
#4046=AXIS2_PLACEMENT_3D('Plane Axis2P3D',#4043,#4044,#4045) ;
#4063=AXIS2_PLACEMENT_3D('Cone Axis2P3D',#4060,#4061,#4062) ;
#4074=AXIS2_PLACEMENT_3D('Circle Axis2P3D',#4072,#4073,$) ;
#4094=AXIS2_PLACEMENT_3D('Plane Axis2P3D',#4091,#4092,#4093) ;
#4118=AXIS2_PLACEMENT_3D('Cone Axis2P3D',#4115,#4116,#4117) ;
#4122=AXIS2_PLACEMENT_3D('Circle Axis2P3D',#4120,#4121,$) ;
#4142=AXIS2_PLACEMENT_3D('Plane Axis2P3D',#4139,#4140,#4141) ;
#4174=AXIS2_PLACEMENT_3D('Plane Axis2P3D',#4171,#4172,#4173) ;
#4206=AXIS2_PLACEMENT_3D('Cylinder Axis2P3D',#4203,#4204,#4205) ;
#4224=AXIS2_PLACEMENT_3D('Circle Axis2P3D',#4222,#4223,$) ;
#4237=AXIS2_PLACEMENT_3D('Plane Axis2P3D',#4234,#4235,#4236) ;
#4261=AXIS2_PLACEMENT_3D('Cylinder Axis2P3D',#4258,#4259,#4260) ;
#4272=AXIS2_PLACEMENT_3D('Circle Axis2P3D',#4270,#4271,$) ;
#4285=AXIS2_PLACEMENT_3D('Plane Axis2P3D',#4282,#4283,#4284) ;
#4318=AXIS2_PLACEMENT_3D('Plane Axis2P3D',#4315,#4316,#4317) ;
#4351=AXIS2_PLACEMENT_3D('Cylinder Axis2P3D',#4348,#4349,#4350) ;
#4363=AXIS2_PLACEMENT_3D('Circle Axis2P3D',#4361,#4362,$) ;
#4378=AXIS2_PLACEMENT_3D('Cylinder Axis2P3D',#4375,#4376,#4377) ;
#4390=AXIS2_PLACEMENT_3D('Circle Axis2P3D',#4388,#4389,$) ;
#4405=AXIS2_PLACEMENT_3D('Cone Axis2P3D',#4402,#4403,#4404) ;
#4416=AXIS2_PLACEMENT_3D('Circle Axis2P3D',#4414,#4415,$) ;
#4436=AXIS2_PLACEMENT_3D('Plane Axis2P3D',#4433,#4434,#4435) ;
#4460=AXIS2_PLACEMENT_3D('Cone Axis2P3D',#4457,#4458,#4459) ;
#4464=AXIS2_PLACEMENT_3D('Circle Axis2P3D',#4462,#4463,$) ;
#4484=AXIS2_PLACEMENT_3D('Plane Axis2P3D',#4481,#4482,#4483) ;
#4501=AXIS2_PLACEMENT_3D('Plane Axis2P3D',#4498,#4499,#4500) ;
#4518=AXIS2_PLACEMENT_3D('Cylinder Axis2P3D',#4515,#4516,#4517) ;
#4522=AXIS2_PLACEMENT_3D('Circle Axis2P3D',#4520,#4521,$) ;
#4548=AXIS2_PLACEMENT_3D('Circle Axis2P3D',#4546,#4547,$) ;
#4561=AXIS2_PLACEMENT_3D('Plane Axis2P3D',#4558,#4559,#4560) ;
#4579=AXIS2_PLACEMENT_3D('Circle Axis2P3D',#4577,#4578,$) ;
#4588=AXIS2_PLACEMENT_3D('Circle Axis2P3D',#4586,#4587,$) ;
#4599=AXIS2_PLACEMENT_3D('Cone Axis2P3D',#4596,#4597,#4598) ;
#4621=AXIS2_PLACEMENT_3D('Cone Axis2P3D',#4618,#4619,#4620) ;
#4637=AXIS2_PLACEMENT_3D(' ',#4640,#4644,#4643) ;
#4638=AXIS2_PLACEMENT_3D(' ',#4639,#4642,#4641) ;
#4666=AXIS2_PLACEMENT_3D('Plane Axis2P3D',#4663,#4664,#4665) ;
#4670=AXIS2_PLACEMENT_3D('Circle Axis2P3D',#4668,#4669,$) ;
#4686=AXIS2_PLACEMENT_3D('Circle Axis2P3D',#4684,#4685,$) ;
#4728=AXIS2_PLACEMENT_3D('Circle Axis2P3D',#4726,#4727,$) ;
#4742=AXIS2_PLACEMENT_3D('Circle Axis2P3D',#4740,#4741,$) ;
#4800=AXIS2_PLACEMENT_3D('Circle Axis2P3D',#4798,#4799,$) ;
#4809=AXIS2_PLACEMENT_3D('Circle Axis2P3D',#4807,#4808,$) ;
#4820=AXIS2_PLACEMENT_3D('Plane Axis2P3D',#4817,#4818,#4819) ;
#4833=AXIS2_PLACEMENT_3D('Circle Axis2P3D',#4831,#4832,$) ;
#4847=AXIS2_PLACEMENT_3D('Circle Axis2P3D',#4845,#4846,$) ;
#4861=AXIS2_PLACEMENT_3D('Circle Axis2P3D',#4859,#4860,$) ;
#4875=AXIS2_PLACEMENT_3D('Circle Axis2P3D',#4873,#4874,$) ;
#4890=AXIS2_PLACEMENT_3D('Circle Axis2P3D',#4888,#4889,$) ;
#4906=AXIS2_PLACEMENT_3D('Circle Axis2P3D',#4904,#4905,$) ;
#4920=AXIS2_PLACEMENT_3D('Circle Axis2P3D',#4918,#4919,$) ;
#4934=AXIS2_PLACEMENT_3D('Circle Axis2P3D',#4932,#4933,$) ;
#4958=AXIS2_PLACEMENT_3D('Plane Axis2P3D',#4955,#4956,#4957) ;
#4980=AXIS2_PLACEMENT_3D('Cylinder Axis2P3D',#4977,#4978,#4979) ;
#4997=AXIS2_PLACEMENT_3D('Cylinder Axis2P3D',#4994,#4995,#4996) ;
#5014=AXIS2_PLACEMENT_3D('Plane Axis2P3D',#5011,#5012,#5013) ;
#5054=AXIS2_PLACEMENT_3D('Cylinder Axis2P3D',#5051,#5052,#5053) ;
#5071=AXIS2_PLACEMENT_3D('Plane Axis2P3D',#5068,#5069,#5070) ;
#5088=AXIS2_PLACEMENT_3D('Cylinder Axis2P3D',#5085,#5086,#5087) ;
#5105=AXIS2_PLACEMENT_3D('Plane Axis2P3D',#5102,#5103,#5104) ;
#5140=AXIS2_PLACEMENT_3D('Plane Axis2P3D',#5137,#5138,#5139) ;
#5171=AXIS2_PLACEMENT_3D('Plane Axis2P3D',#5168,#5169,#5170) ;
#5188=AXIS2_PLACEMENT_3D('Plane Axis2P3D',#5185,#5186,#5187) ;
#5205=AXIS2_PLACEMENT_3D('Plane Axis2P3D',#5202,#5203,#5204) ;
#5255=AXIS2_PLACEMENT_3D('Plane Axis2P3D',#5252,#5253,#5254) ;
#5279=AXIS2_PLACEMENT_3D('Plane Axis2P3D',#5276,#5277,#5278) ;
#5292=AXIS2_PLACEMENT_3D('Circle Axis2P3D',#5290,#5291,$) ;
#5303=AXIS2_PLACEMENT_3D('Plane Axis2P3D',#5300,#5301,#5302) ;
#5366=AXIS2_PLACEMENT_3D('Cylinder Axis2P3D',#5363,#5364,#5365) ;
#5377=AXIS2_PLACEMENT_3D('Circle Axis2P3D',#5375,#5376,$) ;
#5390=AXIS2_PLACEMENT_3D('Cylinder Axis2P3D',#5387,#5388,#5389) ;
#5394=AXIS2_PLACEMENT_3D('Circle Axis2P3D',#5392,#5393,$) ;
#5414=AXIS2_PLACEMENT_3D('Plane Axis2P3D',#5411,#5412,#5413) ;
#5438=AXIS2_PLACEMENT_3D('Cylinder Axis2P3D',#5435,#5436,#5437) ;
#5449=AXIS2_PLACEMENT_3D('Circle Axis2P3D',#5447,#5448,$) ;
#5462=AXIS2_PLACEMENT_3D('Plane Axis2P3D',#5459,#5460,#5461) ;
#5486=AXIS2_PLACEMENT_3D('Cylinder Axis2P3D',#5483,#5484,#5485) ;
#5490=AXIS2_PLACEMENT_3D('Circle Axis2P3D',#5488,#5489,$) ;
#5510=AXIS2_PLACEMENT_3D('Cylinder Axis2P3D',#5507,#5508,#5509) ;
#5514=AXIS2_PLACEMENT_3D('Circle Axis2P3D',#5512,#5513,$) ;
#5519=AXIS2_PLACEMENT_3D('Circle Axis2P3D',#5517,#5518,$) ;
#5532=AXIS2_PLACEMENT_3D('Plane Axis2P3D',#5529,#5530,#5531) ;
#5543=AXIS2_PLACEMENT_3D('Circle Axis2P3D',#5541,#5542,$) ;
#5569=AXIS2_PLACEMENT_3D('Circle Axis2P3D',#5567,#5568,$) ;
#5578=AXIS2_PLACEMENT_3D('Circle Axis2P3D',#5576,#5577,$) ;
#5589=AXIS2_PLACEMENT_3D('Cylinder Axis2P3D',#5586,#5587,#5588) ;
#5611=AXIS2_PLACEMENT_3D('Plane Axis2P3D',#5608,#5609,#5610) ;
#5632=AXIS2_PLACEMENT_3D('Cylinder Axis2P3D',#5629,#5630,#5631) ;
#5636=AXIS2_PLACEMENT_3D('Circle Axis2P3D',#5634,#5635,$) ;
#5662=AXIS2_PLACEMENT_3D('Circle Axis2P3D',#5660,#5661,$) ;
#5675=AXIS2_PLACEMENT_3D('Cone Axis2P3D',#5672,#5673,#5674) ;
#5697=AXIS2_PLACEMENT_3D('Cone Axis2P3D',#5694,#5695,#5696) ;
#5713=AXIS2_PLACEMENT_3D(' ',#5716,#5720,#5719) ;
#5714=AXIS2_PLACEMENT_3D(' ',#5715,#5718,#5717) ;
#5742=AXIS2_PLACEMENT_3D('Plane Axis2P3D',#5739,#5740,#5741) ;
#5782=AXIS2_PLACEMENT_3D('Cylinder Axis2P3D',#5779,#5780,#5781) ;
#5786=AXIS2_PLACEMENT_3D('Circle Axis2P3D',#5784,#5785,$) ;
#5800=AXIS2_PLACEMENT_3D('Circle Axis2P3D',#5798,#5799,$) ;
#5813=AXIS2_PLACEMENT_3D('Cylinder Axis2P3D',#5810,#5811,#5812) ;
#5817=AXIS2_PLACEMENT_3D('Circle Axis2P3D',#5815,#5816,$) ;
#5824=AXIS2_PLACEMENT_3D('Circle Axis2P3D',#5822,#5823,$) ;
#5844=AXIS2_PLACEMENT_3D('Plane Axis2P3D',#5841,#5842,#5843) ;
#5848=AXIS2_PLACEMENT_3D('Circle Axis2P3D',#5846,#5847,$) ;
#5878=AXIS2_PLACEMENT_3D('Circle Axis2P3D',#5876,#5877,$) ;
#5900=AXIS2_PLACEMENT_3D('Plane Axis2P3D',#5897,#5898,#5899) ;
#5911=AXIS2_PLACEMENT_3D('Circle Axis2P3D',#5909,#5910,$) ;
#5925=AXIS2_PLACEMENT_3D('Circle Axis2P3D',#5923,#5924,$) ;
#5956=AXIS2_PLACEMENT_3D('Plane Axis2P3D',#5953,#5954,#5955) ;
#5978=AXIS2_PLACEMENT_3D('Circle Axis2P3D',#5976,#5977,$) ;
#6008=AXIS2_PLACEMENT_3D('Circle Axis2P3D',#6006,#6007,$) ;
#6036=AXIS2_PLACEMENT_3D('Circle Axis2P3D',#6034,#6035,$) ;
#6064=AXIS2_PLACEMENT_3D('Circle Axis2P3D',#6062,#6063,$) ;
#6092=AXIS2_PLACEMENT_3D('Circle Axis2P3D',#6090,#6091,$) ;
#6120=AXIS2_PLACEMENT_3D('Circle Axis2P3D',#6118,#6119,$) ;
#6181=AXIS2_PLACEMENT_3D('Circle Axis2P3D',#6179,#6180,$) ;
#6195=AXIS2_PLACEMENT_3D('Circle Axis2P3D',#6193,#6194,$) ;
#6209=AXIS2_PLACEMENT_3D('Circle Axis2P3D',#6207,#6208,$) ;
#6223=AXIS2_PLACEMENT_3D('Circle Axis2P3D',#6221,#6222,$) ;
#6240=AXIS2_PLACEMENT_3D('Plane Axis2P3D',#6237,#6238,#6239) ;
#6280=AXIS2_PLACEMENT_3D('Cylinder Axis2P3D',#6277,#6278,#6279) ;
#6284=AXIS2_PLACEMENT_3D('Circle Axis2P3D',#6282,#6283,$) ;
#6298=AXIS2_PLACEMENT_3D('Circle Axis2P3D',#6296,#6297,$) ;
#6311=AXIS2_PLACEMENT_3D('Cylinder Axis2P3D',#6308,#6309,#6310) ;
#6324=AXIS2_PLACEMENT_3D('Circle Axis2P3D',#6322,#6323,$) ;
#6329=AXIS2_PLACEMENT_3D('Circle Axis2P3D',#6327,#6328,$) ;
#6342=AXIS2_PLACEMENT_3D('Plane Axis2P3D',#6339,#6340,#6341) ;
#6373=AXIS2_PLACEMENT_3D('Cylinder Axis2P3D',#6370,#6371,#6372) ;
#6377=AXIS2_PLACEMENT_3D('Circle Axis2P3D',#6375,#6376,$) ;
#6391=AXIS2_PLACEMENT_3D('Circle Axis2P3D',#6389,#6390,$) ;
#6404=AXIS2_PLACEMENT_3D('Plane Axis2P3D',#6401,#6402,#6403) ;
#6435=AXIS2_PLACEMENT_3D('Cylinder Axis2P3D',#6432,#6433,#6434) ;
#6439=AXIS2_PLACEMENT_3D('Circle Axis2P3D',#6437,#6438,$) ;
#6453=AXIS2_PLACEMENT_3D('Circle Axis2P3D',#6451,#6452,$) ;
#6466=AXIS2_PLACEMENT_3D('Plane Axis2P3D',#6463,#6464,#6465) ;
#6488=AXIS2_PLACEMENT_3D('Plane Axis2P3D',#6485,#6486,#6487) ;
#6492=AXIS2_PLACEMENT_3D('Circle Axis2P3D',#6490,#6491,$) ;
#6506=AXIS2_PLACEMENT_3D('Circle Axis2P3D',#6504,#6505,$) ;
#6546=AXIS2_PLACEMENT_3D('Cylinder Axis2P3D',#6543,#6544,#6545) ;
#6550=AXIS2_PLACEMENT_3D('Circle Axis2P3D',#6548,#6549,$) ;
#6566=AXIS2_PLACEMENT_3D('Circle Axis2P3D',#6564,#6565,$) ;
#6585=AXIS2_PLACEMENT_3D('Circle Axis2P3D',#6583,#6584,$) ;
#6590=AXIS2_PLACEMENT_3D('Circle Axis2P3D',#6588,#6589,$) ;
#6602=AXIS2_PLACEMENT_3D('Circle Axis2P3D',#6600,#6601,$) ;
#6618=AXIS2_PLACEMENT_3D('Circle Axis2P3D',#6616,#6617,$) ;
#6645=AXIS2_PLACEMENT_3D('Plane Axis2P3D',#6642,#6643,#6644) ;
#6659=AXIS2_PLACEMENT_3D('Circle Axis2P3D',#6657,#6658,$) ;
#6668=AXIS2_PLACEMENT_3D('Circle Axis2P3D',#6666,#6667,$) ;
#6679=AXIS2_PLACEMENT_3D('Plane Axis2P3D',#6676,#6677,#6678) ;
#6683=AXIS2_PLACEMENT_3D('Circle Axis2P3D',#6681,#6682,$) ;
#6692=AXIS2_PLACEMENT_3D('Circle Axis2P3D',#6690,#6691,$) ;
#6707=AXIS2_PLACEMENT_3D('Cylinder Axis2P3D',#6704,#6705,#6706) ;
#6753=AXIS2_PLACEMENT_3D('Cylinder Axis2P3D',#6750,#6751,#6752) ;
#6765=AXIS2_PLACEMENT_3D('Cylinder Axis2P3D',#6762,#6763,#6764) ;
#6782=AXIS2_PLACEMENT_3D('Plane Axis2P3D',#6779,#6780,#6781) ;
#6817=AXIS2_PLACEMENT_3D('Cylinder Axis2P3D',#6814,#6815,#6816) ;
#6821=AXIS2_PLACEMENT_3D('Circle Axis2P3D',#6819,#6820,$) ;
#6841=AXIS2_PLACEMENT_3D('Cylinder Axis2P3D',#6838,#6839,#6840) ;
#6852=AXIS2_PLACEMENT_3D('Circle Axis2P3D',#6850,#6851,$) ;
#6865=AXIS2_PLACEMENT_3D('Plane Axis2P3D',#6862,#6863,#6864) ;
#6889=AXIS2_PLACEMENT_3D('Cylinder Axis2P3D',#6886,#6887,#6888) ;
#6893=AXIS2_PLACEMENT_3D('Circle Axis2P3D',#6891,#6892,$) ;
#6913=AXIS2_PLACEMENT_3D('Plane Axis2P3D',#6910,#6911,#6912) ;
#6937=AXIS2_PLACEMENT_3D('Cylinder Axis2P3D',#6934,#6935,#6936) ;
#6948=AXIS2_PLACEMENT_3D('Circle Axis2P3D',#6946,#6947,$) ;
#6961=AXIS2_PLACEMENT_3D('Plane Axis2P3D',#6958,#6959,#6960) ;
#6990=AXIS2_PLACEMENT_3D('Circle Axis2P3D',#6988,#6989,$) ;
#6999=AXIS2_PLACEMENT_3D('Circle Axis2P3D',#6997,#6998,$) ;
#7017=AXIS2_PLACEMENT_3D('Circle Axis2P3D',#7015,#7016,$) ;
#7031=AXIS2_PLACEMENT_3D('Circle Axis2P3D',#7029,#7030,$) ;
#7074=AXIS2_PLACEMENT_3D('Circle Axis2P3D',#7072,#7073,$) ;
#7088=AXIS2_PLACEMENT_3D('Circle Axis2P3D',#7086,#7087,$) ;
#7108=AXIS2_PLACEMENT_3D('Circle Axis2P3D',#7106,#7107,$) ;
#7117=AXIS2_PLACEMENT_3D('Circle Axis2P3D',#7115,#7116,$) ;
#7126=AXIS2_PLACEMENT_3D('Circle Axis2P3D',#7124,#7125,$) ;
#7135=AXIS2_PLACEMENT_3D('Circle Axis2P3D',#7133,#7134,$) ;
#7146=AXIS2_PLACEMENT_3D('Plane Axis2P3D',#7143,#7144,#7145) ;
#7162=AXIS2_PLACEMENT_3D('Plane Axis2P3D',#7159,#7160,#7161) ;
#7193=AXIS2_PLACEMENT_3D('Cylinder Axis2P3D',#7190,#7191,#7192) ;
#7204=AXIS2_PLACEMENT_3D('Circle Axis2P3D',#7202,#7203,$) ;
#7217=AXIS2_PLACEMENT_3D('Cylinder Axis2P3D',#7214,#7215,#7216) ;
#7221=AXIS2_PLACEMENT_3D('Circle Axis2P3D',#7219,#7220,$) ;
#7241=AXIS2_PLACEMENT_3D('Plane Axis2P3D',#7238,#7239,#7240) ;
#7265=AXIS2_PLACEMENT_3D('Cylinder Axis2P3D',#7262,#7263,#7264) ;
#7276=AXIS2_PLACEMENT_3D('Circle Axis2P3D',#7274,#7275,$) ;
#7289=AXIS2_PLACEMENT_3D('Plane Axis2P3D',#7286,#7287,#7288) ;
#7313=AXIS2_PLACEMENT_3D('Cylinder Axis2P3D',#7310,#7311,#7312) ;
#7324=AXIS2_PLACEMENT_3D('Circle Axis2P3D',#7322,#7323,$) ;
#7337=AXIS2_PLACEMENT_3D('Plane Axis2P3D',#7334,#7335,#7336) ;
#7354=AXIS2_PLACEMENT_3D('Plane Axis2P3D',#7351,#7352,#7353) ;
#7368=AXIS2_PLACEMENT_3D('Circle Axis2P3D',#7366,#7367,$) ;
#7377=AXIS2_PLACEMENT_3D('Circle Axis2P3D',#7375,#7376,$) ;
#7388=AXIS2_PLACEMENT_3D('Plane Axis2P3D',#7385,#7386,#7387) ;
#7392=AXIS2_PLACEMENT_3D('Circle Axis2P3D',#7390,#7391,$) ;
#7401=AXIS2_PLACEMENT_3D('Circle Axis2P3D',#7399,#7400,$) ;
#7410=AXIS2_PLACEMENT_3D('Circle Axis2P3D',#7408,#7409,$) ;
#7419=AXIS2_PLACEMENT_3D('Circle Axis2P3D',#7417,#7418,$) ;
#7430=AXIS2_PLACEMENT_3D('Cone Axis2P3D',#7427,#7428,#7429) ;
#7542=AXIS2_PLACEMENT_3D('Cone Axis2P3D',#7539,#7540,#7541) ;
#7640=AXIS2_PLACEMENT_3D('Plane Axis2P3D',#7637,#7638,#7639) ;
#7692=AXIS2_PLACEMENT_3D('Cylinder Axis2P3D',#7689,#7690,#7691) ;
#7721=AXIS2_PLACEMENT_3D('Plane Axis2P3D',#7718,#7719,#7720) ;
#7752=AXIS2_PLACEMENT_3D('Cylinder Axis2P3D',#7749,#7750,#7751) ;
#7763=AXIS2_PLACEMENT_3D('Circle Axis2P3D',#7761,#7762,$) ;
#7776=AXIS2_PLACEMENT_3D('Plane Axis2P3D',#7773,#7774,#7775) ;
#7800=AXIS2_PLACEMENT_3D('Cylinder Axis2P3D',#7797,#7798,#7799) ;
#7811=AXIS2_PLACEMENT_3D('Circle Axis2P3D',#7809,#7810,$) ;
#7824=AXIS2_PLACEMENT_3D('Plane Axis2P3D',#7821,#7822,#7823) ;
#7848=AXIS2_PLACEMENT_3D('Plane Axis2P3D',#7845,#7846,#7847) ;
#7865=AXIS2_PLACEMENT_3D('Plane Axis2P3D',#7862,#7863,#7864) ;
#7905=AXIS2_PLACEMENT_3D('Cylinder Axis2P3D',#7902,#7903,#7904) ;
#7909=AXIS2_PLACEMENT_3D('Circle Axis2P3D',#7907,#7908,$) ;
#7929=AXIS2_PLACEMENT_3D('Plane Axis2P3D',#7926,#7927,#7928) ;
#7953=AXIS2_PLACEMENT_3D('Cylinder Axis2P3D',#7950,#7951,#7952) ;
#7957=AXIS2_PLACEMENT_3D('Circle Axis2P3D',#7955,#7956,$) ;
#7996=AXIS2_PLACEMENT_3D('Plane Axis2P3D',#7993,#7994,#7995) ;
#8022=AXIS2_PLACEMENT_3D('Cylinder Axis2P3D',#8019,#8020,#8021) ;
#8026=AXIS2_PLACEMENT_3D('Circle Axis2P3D',#8024,#8025,$) ;
#8052=AXIS2_PLACEMENT_3D('Circle Axis2P3D',#8050,#8051,$) ;
#8065=AXIS2_PLACEMENT_3D('Plane Axis2P3D',#8062,#8063,#8064) ;
#8069=AXIS2_PLACEMENT_3D('Circle Axis2P3D',#8067,#8068,$) ;
#8096=AXIS2_PLACEMENT_3D('Circle Axis2P3D',#8094,#8095,$) ;
#8105=AXIS2_PLACEMENT_3D('Circle Axis2P3D',#8103,#8104,$) ;
#8131=AXIS2_PLACEMENT_3D('Circle Axis2P3D',#8129,#8130,$) ;
#8158=AXIS2_PLACEMENT_3D('Circle Axis2P3D',#8156,#8157,$) ;
#8185=AXIS2_PLACEMENT_3D('Circle Axis2P3D',#8183,#8184,$) ;
#8194=AXIS2_PLACEMENT_3D('Circle Axis2P3D',#8192,#8193,$) ;
#8220=AXIS2_PLACEMENT_3D('Circle Axis2P3D',#8218,#8219,$) ;
#8248=AXIS2_PLACEMENT_3D('Plane Axis2P3D',#8245,#8246,#8247) ;
#8252=AXIS2_PLACEMENT_3D('Circle Axis2P3D',#8250,#8251,$) ;
#8288=AXIS2_PLACEMENT_3D('Plane Axis2P3D',#8285,#8286,#8287) ;
#8310=AXIS2_PLACEMENT_3D('Plane Axis2P3D',#8307,#8308,#8309) ;
#8362=AXIS2_PLACEMENT_3D('Plane Axis2P3D',#8359,#8360,#8361) ;
#8414=AXIS2_PLACEMENT_3D('Plane Axis2P3D',#8411,#8412,#8413) ;
#8432=AXIS2_PLACEMENT_3D('Plane Axis2P3D',#8429,#8430,#8431) ;
#8448=AXIS2_PLACEMENT_3D('Circle Axis2P3D',#8446,#8447,$) ;
#8484=AXIS2_PLACEMENT_3D('Plane Axis2P3D',#8481,#8482,#8483) ;
#8506=AXIS2_PLACEMENT_3D('Plane Axis2P3D',#8503,#8504,#8505) ;
#8551=AXIS2_PLACEMENT_3D('Plane Axis2P3D',#8548,#8549,#8550) ;
#8603=AXIS2_PLACEMENT_3D('Plane Axis2P3D',#8600,#8601,#8602) ;
#8620=AXIS2_PLACEMENT_3D('Plane Axis2P3D',#8617,#8618,#8619) ;
#8636=AXIS2_PLACEMENT_3D('Circle Axis2P3D',#8634,#8635,$) ;
#8672=AXIS2_PLACEMENT_3D('Plane Axis2P3D',#8669,#8670,#8671) ;
#8694=AXIS2_PLACEMENT_3D('Plane Axis2P3D',#8691,#8692,#8693) ;
#8739=AXIS2_PLACEMENT_3D('Plane Axis2P3D',#8736,#8737,#8738) ;
#8791=AXIS2_PLACEMENT_3D('Plane Axis2P3D',#8788,#8789,#8790) ;
#8808=AXIS2_PLACEMENT_3D('Plane Axis2P3D',#8805,#8806,#8807) ;
#8824=AXIS2_PLACEMENT_3D('Circle Axis2P3D',#8822,#8823,$) ;
#8860=AXIS2_PLACEMENT_3D('Plane Axis2P3D',#8857,#8858,#8859) ;
#8882=AXIS2_PLACEMENT_3D('Plane Axis2P3D',#8879,#8880,#8881) ;
#8927=AXIS2_PLACEMENT_3D('Plane Axis2P3D',#8924,#8925,#8926) ;
#8979=AXIS2_PLACEMENT_3D('Plane Axis2P3D',#8976,#8977,#8978) ;
#8997=AXIS2_PLACEMENT_3D('Plane Axis2P3D',#8994,#8995,#8996) ;
#9013=AXIS2_PLACEMENT_3D('Circle Axis2P3D',#9011,#9012,$) ;
#9049=AXIS2_PLACEMENT_3D('Plane Axis2P3D',#9046,#9047,#9048) ;
#9071=AXIS2_PLACEMENT_3D('Plane Axis2P3D',#9068,#9069,#9070) ;
#9116=AXIS2_PLACEMENT_3D('Plane Axis2P3D',#9113,#9114,#9115) ;
#9168=AXIS2_PLACEMENT_3D('Plane Axis2P3D',#9165,#9166,#9167) ;
#9185=AXIS2_PLACEMENT_3D('Plane Axis2P3D',#9182,#9183,#9184) ;
#9201=AXIS2_PLACEMENT_3D('Circle Axis2P3D',#9199,#9200,$) ;
#9237=AXIS2_PLACEMENT_3D('Plane Axis2P3D',#9234,#9235,#9236) ;
#9259=AXIS2_PLACEMENT_3D('Plane Axis2P3D',#9256,#9257,#9258) ;
#9304=AXIS2_PLACEMENT_3D('Plane Axis2P3D',#9301,#9302,#9303) ;
#9349=AXIS2_PLACEMENT_3D('Plane Axis2P3D',#9346,#9347,#9348) ;
#9366=AXIS2_PLACEMENT_3D('Plane Axis2P3D',#9363,#9364,#9365) ;
#9383=AXIS2_PLACEMENT_3D('Plane Axis2P3D',#9380,#9381,#9382) ;
#9407=AXIS2_PLACEMENT_3D('Circle Axis2P3D',#9405,#9406,$) ;
#9416=AXIS2_PLACEMENT_3D('Circle Axis2P3D',#9414,#9415,$) ;
#9427=AXIS2_PLACEMENT_3D('Cylinder Axis2P3D',#9424,#9425,#9426) ;
#9456=AXIS2_PLACEMENT_3D('Cone Axis2P3D',#9453,#9454,#9455) ;
#9467=AXIS2_PLACEMENT_3D('Circle Axis2P3D',#9465,#9466,$) ;
#9498=AXIS2_PLACEMENT_3D('Circle Axis2P3D',#9496,#9497,$) ;
#9523=AXIS2_PLACEMENT_3D('Plane Axis2P3D',#9520,#9521,#9522) ;
#9537=AXIS2_PLACEMENT_3D('Cylinder Axis2P3D',#9534,#9535,#9536) ;
#9555=AXIS2_PLACEMENT_3D('Circle Axis2P3D',#9553,#9554,$) ;
#9567=AXIS2_PLACEMENT_3D('Circle Axis2P3D',#9565,#9566,$) ;
#9580=AXIS2_PLACEMENT_3D('Plane Axis2P3D',#9577,#9578,#9579) ;
#9590=AXIS2_PLACEMENT_3D('Cylinder Axis2P3D',#9587,#9588,#9589) ;
#9608=AXIS2_PLACEMENT_3D('Circle Axis2P3D',#9606,#9607,$) ;
#9620=AXIS2_PLACEMENT_3D('Circle Axis2P3D',#9618,#9619,$) ;
#9642=AXIS2_PLACEMENT_3D(' ',#9645,#9649,#9648) ;
#9643=AXIS2_PLACEMENT_3D(' ',#9644,#9647,#9646) ;
#9679=AXIS2_PLACEMENT_3D('Cone Axis2P3D',#9676,#9677,#9678) ;
#9692=AXIS2_PLACEMENT_3D('Circle Axis2P3D',#9690,#9691,$) ;
#9706=AXIS2_PLACEMENT_3D('Circle Axis2P3D',#9704,#9705,$) ;
#9718=AXIS2_PLACEMENT_3D('Circle Axis2P3D',#9716,#9717,$) ;
#9723=AXIS2_PLACEMENT_3D('Circle Axis2P3D',#9721,#9722,$) ;
#9736=AXIS2_PLACEMENT_3D('Plane Axis2P3D',#9733,#9734,#9735) ;
#9744=AXIS2_PLACEMENT_3D('Circle Axis2P3D',#9742,#9743,$) ;
#9753=AXIS2_PLACEMENT_3D('Circle Axis2P3D',#9751,#9752,$) ;
#9764=AXIS2_PLACEMENT_3D('Plane Axis2P3D',#9761,#9762,#9763) ;
#9768=AXIS2_PLACEMENT_3D('Circle Axis2P3D',#9766,#9767,$) ;
#9777=AXIS2_PLACEMENT_3D('Circle Axis2P3D',#9775,#9776,$) ;
#9792=AXIS2_PLACEMENT_3D('Cylinder Axis2P3D',#9789,#9790,#9791) ;
#9810=AXIS2_PLACEMENT_3D('Circle Axis2P3D',#9808,#9809,$) ;
#9822=AXIS2_PLACEMENT_3D('Circle Axis2P3D',#9820,#9821,$) ;
#9835=AXIS2_PLACEMENT_3D('Plane Axis2P3D',#9832,#9833,#9834) ;
#9843=AXIS2_PLACEMENT_3D('Circle Axis2P3D',#9841,#9842,$) ;
#9852=AXIS2_PLACEMENT_3D('Circle Axis2P3D',#9850,#9851,$) ;
#9863=AXIS2_PLACEMENT_3D('Cylinder Axis2P3D',#9860,#9861,#9862) ;
#9881=AXIS2_PLACEMENT_3D('Circle Axis2P3D',#9879,#9880,$) ;
#9893=AXIS2_PLACEMENT_3D('Circle Axis2P3D',#9891,#9892,$) ;
#9906=AXIS2_PLACEMENT_3D('Torus Axis2P3D',#9903,#9904,#9905) ;
#9910=AXIS2_PLACEMENT_3D('Circle Axis2P3D',#9908,#9909,$) ;
#9919=AXIS2_PLACEMENT_3D('Circle Axis2P3D',#9917,#9918,$) ;
#9926=AXIS2_PLACEMENT_3D('Circle Axis2P3D',#9924,#9925,$) ;
#9933=AXIS2_PLACEMENT_3D('Circle Axis2P3D',#9931,#9932,$) ;
#9945=AXIS2_PLACEMENT_3D('Circle Axis2P3D',#9943,#9944,$) ;
#9950=AXIS2_PLACEMENT_3D('Circle Axis2P3D',#9948,#9949,$) ;
#9963=AXIS2_PLACEMENT_3D('Plane Axis2P3D',#9960,#9961,#9962) ;
#9971=AXIS2_PLACEMENT_3D('Circle Axis2P3D',#9969,#9970,$) ;
#9980=AXIS2_PLACEMENT_3D('Circle Axis2P3D',#9978,#9979,$) ;
#9990=AXIS2_PLACEMENT_3D('Circle Axis2P3D',#9988,#9989,$) ;
#9999=AXIS2_PLACEMENT_3D('Circle Axis2P3D',#9997,#9998,$) ;
#10014=AXIS2_PLACEMENT_3D('Torus Axis2P3D',#10011,#10012,#10013) ;
#10018=AXIS2_PLACEMENT_3D('Circle Axis2P3D',#10016,#10017,$) ;
#10027=AXIS2_PLACEMENT_3D('Circle Axis2P3D',#10025,#10026,$) ;
#10032=AXIS2_PLACEMENT_3D('Circle Axis2P3D',#10030,#10031,$) ;
#10045=AXIS2_PLACEMENT_3D('Torus Axis2P3D',#10042,#10043,#10044) ;
#10049=AXIS2_PLACEMENT_3D('Circle Axis2P3D',#10047,#10048,$) ;
#10062=AXIS2_PLACEMENT_3D('Cylinder Axis2P3D',#10059,#10060,#10061) ;
#10080=AXIS2_PLACEMENT_3D('Circle Axis2P3D',#10078,#10079,$) ;
#10092=AXIS2_PLACEMENT_3D('Circle Axis2P3D',#10090,#10091,$) ;
#10105=AXIS2_PLACEMENT_3D('Cylinder Axis2P3D',#10102,#10103,#10104) ;
#10116=AXIS2_PLACEMENT_3D('Circle Axis2P3D',#10114,#10115,$) ;
#10135=AXIS2_PLACEMENT_3D('Circle Axis2P3D',#10133,#10134,$) ;
#10148=AXIS2_PLACEMENT_3D('Plane Axis2P3D',#10145,#10146,#10147) ;
#10152=AXIS2_PLACEMENT_3D('Circle Axis2P3D',#10150,#10151,$) ;
#10161=AXIS2_PLACEMENT_3D('Circle Axis2P3D',#10159,#10160,$) ;
#10176=AXIS2_PLACEMENT_3D('Plane Axis2P3D',#10173,#10174,#10175) ;
#10190=AXIS2_PLACEMENT_3D('Torus Axis2P3D',#10187,#10188,#10189) ;
#10194=AXIS2_PLACEMENT_3D('Circle Axis2P3D',#10192,#10193,$) ;
#10201=AXIS2_PLACEMENT_3D('Circle Axis2P3D',#10199,#10200,$) ;
#10208=AXIS2_PLACEMENT_3D('Circle Axis2P3D',#10206,#10207,$) ;
#10221=AXIS2_PLACEMENT_3D('Torus Axis2P3D',#10218,#10219,#10220) ;
#10225=AXIS2_PLACEMENT_3D('Circle Axis2P3D',#10223,#10224,$) ;
#10238=AXIS2_PLACEMENT_3D('Cylinder Axis2P3D',#10235,#10236,#10237) ;
#10249=AXIS2_PLACEMENT_3D('Circle Axis2P3D',#10247,#10248,$) ;
#10268=AXIS2_PLACEMENT_3D('Circle Axis2P3D',#10266,#10267,$) ;
#10281=AXIS2_PLACEMENT_3D('Plane Axis2P3D',#10278,#10279,#10280) ;
#10289=AXIS2_PLACEMENT_3D('Circle Axis2P3D',#10287,#10288,$) ;
#10298=AXIS2_PLACEMENT_3D('Circle Axis2P3D',#10296,#10297,$) ;
#10309=AXIS2_PLACEMENT_3D('Cone Axis2P3D',#10306,#10307,#10308) ;
#10327=AXIS2_PLACEMENT_3D('Circle Axis2P3D',#10325,#10326,$) ;
#10339=AXIS2_PLACEMENT_3D('Circle Axis2P3D',#10337,#10338,$) ;
#10352=AXIS2_PLACEMENT_3D('Cylinder Axis2P3D',#10349,#10350,#10351) ;
#10385=AXIS2_PLACEMENT_3D(' ',#10388,#10392,#10391) ;
#10386=AXIS2_PLACEMENT_3D(' ',#10387,#10390,#10389) ;
#10398=AXIS2_PLACEMENT_3D(' ',#10401,#10405,#10404) ;
#10399=AXIS2_PLACEMENT_3D(' ',#10400,#10403,#10402) ;
#10435=AXIS2_PLACEMENT_3D('Plane Axis2P3D',#10432,#10433,#10434) ;
#10525=AXIS2_PLACEMENT_3D('Cylinder Axis2P3D',#10522,#10523,#10524) ;
#10543=AXIS2_PLACEMENT_3D('Circle Axis2P3D',#10541,#10542,$) ;
#10555=AXIS2_PLACEMENT_3D('Circle Axis2P3D',#10553,#10554,$) ;
#10568=AXIS2_PLACEMENT_3D('Cylinder Axis2P3D',#10565,#10566,#10567) ;
#10586=AXIS2_PLACEMENT_3D('Circle Axis2P3D',#10584,#10585,$) ;
#10598=AXIS2_PLACEMENT_3D('Circle Axis2P3D',#10596,#10597,$) ;
#10611=AXIS2_PLACEMENT_3D('Plane Axis2P3D',#10608,#10609,#10610) ;
#10615=AXIS2_PLACEMENT_3D('Circle Axis2P3D',#10613,#10614,$) ;
#10624=AXIS2_PLACEMENT_3D('Circle Axis2P3D',#10622,#10623,$) ;
#10639=AXIS2_PLACEMENT_3D('Cylinder Axis2P3D',#10636,#10637,#10638) ;
#10657=AXIS2_PLACEMENT_3D('Circle Axis2P3D',#10655,#10656,$) ;
#10669=AXIS2_PLACEMENT_3D('Circle Axis2P3D',#10667,#10668,$) ;
#10682=AXIS2_PLACEMENT_3D('Plane Axis2P3D',#10679,#10680,#10681) ;
#10707=AXIS2_PLACEMENT_3D('Circle Axis2P3D',#10705,#10706,$) ;
#10726=AXIS2_PLACEMENT_3D('Circle Axis2P3D',#10724,#10725,$) ;
#10739=AXIS2_PLACEMENT_3D('Cylinder Axis2P3D',#10736,#10737,#10738) ;
#10743=AXIS2_PLACEMENT_3D('Circle Axis2P3D',#10741,#10742,$) ;
#10759=AXIS2_PLACEMENT_3D('Circle Axis2P3D',#10757,#10758,$) ;
#10778=AXIS2_PLACEMENT_3D('Circle Axis2P3D',#10776,#10777,$) ;
#10783=AXIS2_PLACEMENT_3D('Circle Axis2P3D',#10781,#10782,$) ;
#10795=AXIS2_PLACEMENT_3D('Circle Axis2P3D',#10793,#10794,$) ;
#10811=AXIS2_PLACEMENT_3D('Circle Axis2P3D',#10809,#10810,$) ;
#10830=AXIS2_PLACEMENT_3D('Circle Axis2P3D',#10828,#10829,$) ;
#10835=AXIS2_PLACEMENT_3D('Circle Axis2P3D',#10833,#10834,$) ;
#10857=AXIS2_PLACEMENT_3D('Plane Axis2P3D',#10854,#10855,#10856) ;
#10964=AXIS2_PLACEMENT_3D(' ',#10967,#10971,#10970) ;
#10965=AXIS2_PLACEMENT_3D(' ',#10966,#10969,#10968) ;
#10977=AXIS2_PLACEMENT_3D(' ',#10980,#10984,#10983) ;
#10978=AXIS2_PLACEMENT_3D(' ',#10979,#10982,#10981) ;
#10990=AXIS2_PLACEMENT_3D(' ',#10993,#10997,#10996) ;
#10991=AXIS2_PLACEMENT_3D(' ',#10992,#10995,#10994) ;
#11020=AXIS2_PLACEMENT_3D('Plane Axis2P3D',#11017,#11018,#11019) ;
#11060=AXIS2_PLACEMENT_3D('Plane Axis2P3D',#11057,#11058,#11059) ;
#11091=AXIS2_PLACEMENT_3D('Plane Axis2P3D',#11088,#11089,#11090) ;
#11122=AXIS2_PLACEMENT_3D('Plane Axis2P3D',#11119,#11120,#11121) ;
#11139=AXIS2_PLACEMENT_3D('Plane Axis2P3D',#11136,#11137,#11138) ;
#11156=AXIS2_PLACEMENT_3D('Plane Axis2P3D',#11153,#11154,#11155) ;
#11169=AXIS2_PLACEMENT_3D('Circle Axis2P3D',#11167,#11168,$) ;
#11183=AXIS2_PLACEMENT_3D('Circle Axis2P3D',#11181,#11182,$) ;
#11197=AXIS2_PLACEMENT_3D('Circle Axis2P3D',#11195,#11196,$) ;
#11211=AXIS2_PLACEMENT_3D('Circle Axis2P3D',#11209,#11210,$) ;
#11232=AXIS2_PLACEMENT_3D('Circle Axis2P3D',#11230,#11231,$) ;
#11248=AXIS2_PLACEMENT_3D('Circle Axis2P3D',#11246,#11247,$) ;
#11262=AXIS2_PLACEMENT_3D('Circle Axis2P3D',#11260,#11261,$) ;
#11276=AXIS2_PLACEMENT_3D('Circle Axis2P3D',#11274,#11275,$) ;
#11290=AXIS2_PLACEMENT_3D('Circle Axis2P3D',#11288,#11289,$) ;
#11304=AXIS2_PLACEMENT_3D('Circle Axis2P3D',#11302,#11303,$) ;
#11318=AXIS2_PLACEMENT_3D('Circle Axis2P3D',#11316,#11317,$) ;
#11332=AXIS2_PLACEMENT_3D('Circle Axis2P3D',#11330,#11331,$) ;
#11346=AXIS2_PLACEMENT_3D('Circle Axis2P3D',#11344,#11345,$) ;
#11360=AXIS2_PLACEMENT_3D('Circle Axis2P3D',#11358,#11359,$) ;
#11374=AXIS2_PLACEMENT_3D('Circle Axis2P3D',#11372,#11373,$) ;
#11388=AXIS2_PLACEMENT_3D('Circle Axis2P3D',#11386,#11387,$) ;
#11428=AXIS2_PLACEMENT_3D('Cone Axis2P3D',#11425,#11426,#11427) ;
#11441=AXIS2_PLACEMENT_3D('Circle Axis2P3D',#11439,#11440,$) ;
#11455=AXIS2_PLACEMENT_3D('Circle Axis2P3D',#11453,#11454,$) ;
#11468=AXIS2_PLACEMENT_3D('Plane Axis2P3D',#11465,#11466,#11467) ;
#11499=AXIS2_PLACEMENT_3D('Cone Axis2P3D',#11496,#11497,#11498) ;
#11512=AXIS2_PLACEMENT_3D('Circle Axis2P3D',#11510,#11511,$) ;
#11517=AXIS2_PLACEMENT_3D('Circle Axis2P3D',#11515,#11516,$) ;
#11530=AXIS2_PLACEMENT_3D('Plane Axis2P3D',#11527,#11528,#11529) ;
#11561=AXIS2_PLACEMENT_3D('Cone Axis2P3D',#11558,#11559,#11560) ;
#11574=AXIS2_PLACEMENT_3D('Circle Axis2P3D',#11572,#11573,$) ;
#11579=AXIS2_PLACEMENT_3D('Circle Axis2P3D',#11577,#11578,$) ;
#11592=AXIS2_PLACEMENT_3D('Plane Axis2P3D',#11589,#11590,#11591) ;
#11623=AXIS2_PLACEMENT_3D('Cone Axis2P3D',#11620,#11621,#11622) ;
#11636=AXIS2_PLACEMENT_3D('Circle Axis2P3D',#11634,#11635,$) ;
#11641=AXIS2_PLACEMENT_3D('Circle Axis2P3D',#11639,#11640,$) ;
#11654=AXIS2_PLACEMENT_3D('Plane Axis2P3D',#11651,#11652,#11653) ;
#11676=AXIS2_PLACEMENT_3D('Plane Axis2P3D',#11673,#11674,#11675) ;
#11699=AXIS2_PLACEMENT_3D('Circle Axis2P3D',#11697,#11698,$) ;
#11713=AXIS2_PLACEMENT_3D('Circle Axis2P3D',#11711,#11712,$) ;
#11727=AXIS2_PLACEMENT_3D('Circle Axis2P3D',#11725,#11726,$) ;
#11741=AXIS2_PLACEMENT_3D('Circle Axis2P3D',#11739,#11740,$) ;
#11756=AXIS2_PLACEMENT_3D('Circle Axis2P3D',#11754,#11755,$) ;
#11765=AXIS2_PLACEMENT_3D('Circle Axis2P3D',#11763,#11764,$) ;
#11774=AXIS2_PLACEMENT_3D('Circle Axis2P3D',#11772,#11773,$) ;
#11783=AXIS2_PLACEMENT_3D('Circle Axis2P3D',#11781,#11782,$) ;
#11794=AXIS2_PLACEMENT_3D('Plane Axis2P3D',#11791,#11792,#11793) ;
#11816=AXIS2_PLACEMENT_3D('Cylinder Axis2P3D',#11813,#11814,#11815) ;
#11833=AXIS2_PLACEMENT_3D('Plane Axis2P3D',#11830,#11831,#11832) ;
#11850=AXIS2_PLACEMENT_3D('Cylinder Axis2P3D',#11847,#11848,#11849) ;
#11867=AXIS2_PLACEMENT_3D('Plane Axis2P3D',#11864,#11865,#11866) ;
#11884=AXIS2_PLACEMENT_3D('Cylinder Axis2P3D',#11881,#11882,#11883) ;
#11901=AXIS2_PLACEMENT_3D('Cylinder Axis2P3D',#11898,#11899,#11900) ;
#11918=AXIS2_PLACEMENT_3D('Plane Axis2P3D',#11915,#11916,#11917) ;
#11930=AXIS2_PLACEMENT_3D('Plane Axis2P3D',#11927,#11928,#11929) ;
#11934=AXIS2_PLACEMENT_3D('Circle Axis2P3D',#11932,#11933,$) ;
#11943=AXIS2_PLACEMENT_3D('Circle Axis2P3D',#11941,#11942,$) ;
#11952=AXIS2_PLACEMENT_3D('Circle Axis2P3D',#11950,#11951,$) ;
#11961=AXIS2_PLACEMENT_3D('Circle Axis2P3D',#11959,#11960,$) ;
#11972=AXIS2_PLACEMENT_3D('Plane Axis2P3D',#11969,#11970,#11971) ;
#11976=AXIS2_PLACEMENT_3D('Circle Axis2P3D',#11974,#11975,$) ;
#11985=AXIS2_PLACEMENT_3D('Circle Axis2P3D',#11983,#11984,$) ;
#11994=AXIS2_PLACEMENT_3D('Circle Axis2P3D',#11992,#11993,$) ;
#12003=AXIS2_PLACEMENT_3D('Circle Axis2P3D',#12001,#12002,$) ;
#12014=AXIS2_PLACEMENT_3D('Cylinder Axis2P3D',#12011,#12012,#12013) ;
#12018=AXIS2_PLACEMENT_3D('Circle Axis2P3D',#12016,#12017,$) ;
#12044=AXIS2_PLACEMENT_3D('Circle Axis2P3D',#12042,#12043,$) ;
#12057=AXIS2_PLACEMENT_3D('Cylinder Axis2P3D',#12054,#12055,#12056) ;
#12061=AXIS2_PLACEMENT_3D('Circle Axis2P3D',#12059,#12060,$) ;
#12087=AXIS2_PLACEMENT_3D('Circle Axis2P3D',#12085,#12086,$) ;
#12100=AXIS2_PLACEMENT_3D('Torus Axis2P3D',#12097,#12098,#12099) ;
#12104=AXIS2_PLACEMENT_3D('Circle Axis2P3D',#12102,#12103,$) ;
#12109=AXIS2_PLACEMENT_3D('Circle Axis2P3D',#12107,#12108,$) ;
#12129=AXIS2_PLACEMENT_3D('Torus Axis2P3D',#12126,#12127,#12128) ;
#12133=AXIS2_PLACEMENT_3D('Circle Axis2P3D',#12131,#12132,$) ;
#12142=AXIS2_PLACEMENT_3D('Circle Axis2P3D',#12140,#12141,$) ;
#12147=AXIS2_PLACEMENT_3D('Circle Axis2P3D',#12145,#12146,$) ;
#12159=AXIS2_PLACEMENT_3D('Circle Axis2P3D',#12157,#12158,$) ;
#12172=AXIS2_PLACEMENT_3D('Cylinder Axis2P3D',#12169,#12170,#12171) ;
#12176=AXIS2_PLACEMENT_3D('Circle Axis2P3D',#12174,#12175,$) ;
#12202=AXIS2_PLACEMENT_3D('Circle Axis2P3D',#12200,#12201,$) ;
#12215=AXIS2_PLACEMENT_3D('Plane Axis2P3D',#12212,#12213,#12214) ;
#12255=AXIS2_PLACEMENT_3D('Cylinder Axis2P3D',#12252,#12253,#12254) ;
#12259=AXIS2_PLACEMENT_3D('Circle Axis2P3D',#12257,#12258,$) ;
#12266=AXIS2_PLACEMENT_3D('Circle Axis2P3D',#12264,#12265,$) ;
#12286=AXIS2_PLACEMENT_3D('Plane Axis2P3D',#12283,#12284,#12285) ;
#12317=AXIS2_PLACEMENT_3D('Cylinder Axis2P3D',#12314,#12315,#12316) ;
#12321=AXIS2_PLACEMENT_3D('Circle Axis2P3D',#12319,#12320,$) ;
#12328=AXIS2_PLACEMENT_3D('Circle Axis2P3D',#12326,#12327,$) ;
#12348=AXIS2_PLACEMENT_3D('Plane Axis2P3D',#12345,#12346,#12347) ;
#12379=AXIS2_PLACEMENT_3D('Cylinder Axis2P3D',#12376,#12377,#12378) ;
#12392=AXIS2_PLACEMENT_3D('Circle Axis2P3D',#12390,#12391,$) ;
#12397=AXIS2_PLACEMENT_3D('Circle Axis2P3D',#12395,#12396,$) ;
#12410=AXIS2_PLACEMENT_3D('Plane Axis2P3D',#12407,#12408,#12409) ;
#12441=AXIS2_PLACEMENT_3D('Cylinder Axis2P3D',#12438,#12439,#12440) ;
#12454=AXIS2_PLACEMENT_3D('Circle Axis2P3D',#12452,#12453,$) ;
#12459=AXIS2_PLACEMENT_3D('Circle Axis2P3D',#12457,#12458,$) ;
#12472=AXIS2_PLACEMENT_3D('Plane Axis2P3D',#12469,#12470,#12471) ;
#12503=AXIS2_PLACEMENT_3D('Cylinder Axis2P3D',#12500,#12501,#12502) ;
#12507=AXIS2_PLACEMENT_3D('Circle Axis2P3D',#12505,#12506,$) ;
#12514=AXIS2_PLACEMENT_3D('Circle Axis2P3D',#12512,#12513,$) ;
#12560=AXIS2_PLACEMENT_3D('Cylinder Axis2P3D',#12557,#12558,#12559) ;
#12564=AXIS2_PLACEMENT_3D('Circle Axis2P3D',#12562,#12563,$) ;
#12571=AXIS2_PLACEMENT_3D('Circle Axis2P3D',#12569,#12570,$) ;
#12591=AXIS2_PLACEMENT_3D('Plane Axis2P3D',#12588,#12589,#12590) ;
#12622=AXIS2_PLACEMENT_3D('Cylinder Axis2P3D',#12619,#12620,#12621) ;
#12626=AXIS2_PLACEMENT_3D('Circle Axis2P3D',#12624,#12625,$) ;
#12633=AXIS2_PLACEMENT_3D('Circle Axis2P3D',#12631,#12632,$) ;
#12653=AXIS2_PLACEMENT_3D('Plane Axis2P3D',#12650,#12651,#12652) ;
#12684=AXIS2_PLACEMENT_3D('Cylinder Axis2P3D',#12681,#12682,#12683) ;
#12688=AXIS2_PLACEMENT_3D('Circle Axis2P3D',#12686,#12687,$) ;
#12695=AXIS2_PLACEMENT_3D('Circle Axis2P3D',#12693,#12694,$) ;
#12741=AXIS2_PLACEMENT_3D('Cylinder Axis2P3D',#12738,#12739,#12740) ;
#12754=AXIS2_PLACEMENT_3D('Circle Axis2P3D',#12752,#12753,$) ;
#12759=AXIS2_PLACEMENT_3D('Circle Axis2P3D',#12757,#12758,$) ;
#12772=AXIS2_PLACEMENT_3D('Plane Axis2P3D',#12769,#12770,#12771) ;
#12803=AXIS2_PLACEMENT_3D('Cylinder Axis2P3D',#12800,#12801,#12802) ;
#12816=AXIS2_PLACEMENT_3D('Circle Axis2P3D',#12814,#12815,$) ;
#12821=AXIS2_PLACEMENT_3D('Circle Axis2P3D',#12819,#12820,$) ;
#12860=AXIS2_PLACEMENT_3D('Cylinder Axis2P3D',#12857,#12858,#12859) ;
#12864=AXIS2_PLACEMENT_3D('Circle Axis2P3D',#12862,#12863,$) ;
#12871=AXIS2_PLACEMENT_3D('Circle Axis2P3D',#12869,#12870,$) ;
#12891=AXIS2_PLACEMENT_3D('Cylinder Axis2P3D',#12888,#12889,#12890) ;
#12895=AXIS2_PLACEMENT_3D('Circle Axis2P3D',#12893,#12894,$) ;
#12909=AXIS2_PLACEMENT_3D('Circle Axis2P3D',#12907,#12908,$) ;
#12939=AXIS2_PLACEMENT_3D('Plane Axis2P3D',#12936,#12937,#12938) ;
#12975=AXIS2_PLACEMENT_3D('Plane Axis2P3D',#12972,#12973,#12974) ;
#13006=AXIS2_PLACEMENT_3D('Cylinder Axis2P3D',#13003,#13004,#13005) ;
#13017=AXIS2_PLACEMENT_3D('Circle Axis2P3D',#13015,#13016,$) ;
#13030=AXIS2_PLACEMENT_3D('Plane Axis2P3D',#13027,#13028,#13029) ;
#13054=AXIS2_PLACEMENT_3D('Cylinder Axis2P3D',#13051,#13052,#13053) ;
#13058=AXIS2_PLACEMENT_3D('Circle Axis2P3D',#13056,#13057,$) ;
#13078=AXIS2_PLACEMENT_3D('Plane Axis2P3D',#13075,#13076,#13077) ;
#13102=AXIS2_PLACEMENT_3D('Cylinder Axis2P3D',#13099,#13100,#13101) ;
#13113=AXIS2_PLACEMENT_3D('Circle Axis2P3D',#13111,#13112,$) ;
#13126=AXIS2_PLACEMENT_3D('Cylinder Axis2P3D',#13123,#13124,#13125) ;
#13130=AXIS2_PLACEMENT_3D('Circle Axis2P3D',#13128,#13129,$) ;
#13150=AXIS2_PLACEMENT_3D('Plane Axis2P3D',#13147,#13148,#13149) ;
#13167=AXIS2_PLACEMENT_3D('Cylinder Axis2P3D',#13164,#13165,#13166) ;
#13171=AXIS2_PLACEMENT_3D('Circle Axis2P3D',#13169,#13170,$) ;
#13187=AXIS2_PLACEMENT_3D('Circle Axis2P3D',#13185,#13186,$) ;
#13206=AXIS2_PLACEMENT_3D('Circle Axis2P3D',#13204,#13205,$) ;
#13211=AXIS2_PLACEMENT_3D('Circle Axis2P3D',#13209,#13210,$) ;
#13224=AXIS2_PLACEMENT_3D('Plane Axis2P3D',#13221,#13222,#13223) ;
#13264=AXIS2_PLACEMENT_3D('Cylinder Axis2P3D',#13261,#13262,#13263) ;
#13268=AXIS2_PLACEMENT_3D('Circle Axis2P3D',#13266,#13267,$) ;
#13307=AXIS2_PLACEMENT_3D('Cylinder Axis2P3D',#13304,#13305,#13306) ;
#13311=AXIS2_PLACEMENT_3D('Circle Axis2P3D',#13309,#13310,$) ;
#13350=AXIS2_PLACEMENT_3D('Cylinder Axis2P3D',#13347,#13348,#13349) ;
#13354=AXIS2_PLACEMENT_3D('Circle Axis2P3D',#13352,#13353,$) ;
#13393=AXIS2_PLACEMENT_3D('Cylinder Axis2P3D',#13390,#13391,#13392) ;
#13397=AXIS2_PLACEMENT_3D('Circle Axis2P3D',#13395,#13396,$) ;
#13436=AXIS2_PLACEMENT_3D('Cylinder Axis2P3D',#13433,#13434,#13435) ;
#13440=AXIS2_PLACEMENT_3D('Circle Axis2P3D',#13438,#13439,$) ;
#13479=AXIS2_PLACEMENT_3D('Cylinder Axis2P3D',#13476,#13477,#13478) ;
#13483=AXIS2_PLACEMENT_3D('Circle Axis2P3D',#13481,#13482,$) ;
#13522=AXIS2_PLACEMENT_3D('Cylinder Axis2P3D',#13519,#13520,#13521) ;
#13526=AXIS2_PLACEMENT_3D('Circle Axis2P3D',#13524,#13525,$) ;
#13565=AXIS2_PLACEMENT_3D('Cylinder Axis2P3D',#13562,#13563,#13564) ;
#13576=AXIS2_PLACEMENT_3D('Circle Axis2P3D',#13574,#13575,$) ;
#13608=AXIS2_PLACEMENT_3D('Plane Axis2P3D',#13605,#13606,#13607) ;
#13612=AXIS2_PLACEMENT_3D('Circle Axis2P3D',#13610,#13611,$) ;
#13626=AXIS2_PLACEMENT_3D('Circle Axis2P3D',#13624,#13625,$) ;
#13640=AXIS2_PLACEMENT_3D('Circle Axis2P3D',#13638,#13639,$) ;
#13654=AXIS2_PLACEMENT_3D('Circle Axis2P3D',#13652,#13653,$) ;
#13691=AXIS2_PLACEMENT_3D('Cylinder Axis2P3D',#13688,#13689,#13690) ;
#13720=AXIS2_PLACEMENT_3D('Cylinder Axis2P3D',#13717,#13718,#13719) ;
#13749=AXIS2_PLACEMENT_3D('Cylinder Axis2P3D',#13746,#13747,#13748) ;
#13766=AXIS2_PLACEMENT_3D('Cylinder Axis2P3D',#13763,#13764,#13765) ;
#13790=AXIS2_PLACEMENT_3D('Plane Axis2P3D',#13787,#13788,#13789) ;
#13832=AXIS2_PLACEMENT_3D('Cylinder Axis2P3D',#13829,#13830,#13831) ;
#13843=AXIS2_PLACEMENT_3D('Circle Axis2P3D',#13841,#13842,$) ;
#13862=AXIS2_PLACEMENT_3D('Circle Axis2P3D',#13860,#13861,$) ;
#13875=AXIS2_PLACEMENT_3D('Plane Axis2P3D',#13872,#13873,#13874) ;
#13885=AXIS2_PLACEMENT_3D('Cylinder Axis2P3D',#13882,#13883,#13884) ;
#13896=AXIS2_PLACEMENT_3D('Circle Axis2P3D',#13894,#13895,$) ;
#13915=AXIS2_PLACEMENT_3D('Circle Axis2P3D',#13913,#13914,$) ;
#13937=AXIS2_PLACEMENT_3D(' ',#13940,#13944,#13943) ;
#13938=AXIS2_PLACEMENT_3D(' ',#13939,#13942,#13941) ;
#13950=AXIS2_PLACEMENT_3D(' ',#13953,#13957,#13956) ;
#13951=AXIS2_PLACEMENT_3D(' ',#13952,#13955,#13954) ;
#13972=AXIS2_PLACEMENT_3D('Plane Axis2P3D',#13969,#13970,#13971) ;
#13976=AXIS2_PLACEMENT_3D('Circle Axis2P3D',#13974,#13975,$) ;
#14020=AXIS2_PLACEMENT_3D('Circle Axis2P3D',#14018,#14019,$) ;
#14034=AXIS2_PLACEMENT_3D('Circle Axis2P3D',#14032,#14033,$) ;
#14076=AXIS2_PLACEMENT_3D('Circle Axis2P3D',#14074,#14075,$) ;
#14106=AXIS2_PLACEMENT_3D('Circle Axis2P3D',#14104,#14105,$) ;
#14115=AXIS2_PLACEMENT_3D('Circle Axis2P3D',#14113,#14114,$) ;
#14126=AXIS2_PLACEMENT_3D('Plane Axis2P3D',#14123,#14124,#14125) ;
#14139=AXIS2_PLACEMENT_3D('Circle Axis2P3D',#14137,#14138,$) ;
#14153=AXIS2_PLACEMENT_3D('Circle Axis2P3D',#14151,#14152,$) ;
#14167=AXIS2_PLACEMENT_3D('Circle Axis2P3D',#14165,#14166,$) ;
#14181=AXIS2_PLACEMENT_3D('Circle Axis2P3D',#14179,#14180,$) ;
#14196=AXIS2_PLACEMENT_3D('Circle Axis2P3D',#14194,#14195,$) ;
#14212=AXIS2_PLACEMENT_3D('Circle Axis2P3D',#14210,#14211,$) ;
#14226=AXIS2_PLACEMENT_3D('Circle Axis2P3D',#14224,#14225,$) ;
#14240=AXIS2_PLACEMENT_3D('Circle Axis2P3D',#14238,#14239,$) ;
#14264=AXIS2_PLACEMENT_3D('Plane Axis2P3D',#14261,#14262,#14263) ;
#14286=AXIS2_PLACEMENT_3D('Cylinder Axis2P3D',#14283,#14284,#14285) ;
#14303=AXIS2_PLACEMENT_3D('Cylinder Axis2P3D',#14300,#14301,#14302) ;
#14320=AXIS2_PLACEMENT_3D('Plane Axis2P3D',#14317,#14318,#14319) ;
#14360=AXIS2_PLACEMENT_3D('Cylinder Axis2P3D',#14357,#14358,#14359) ;
#14377=AXIS2_PLACEMENT_3D('Plane Axis2P3D',#14374,#14375,#14376) ;
#14394=AXIS2_PLACEMENT_3D('Cylinder Axis2P3D',#14391,#14392,#14393) ;
#14411=AXIS2_PLACEMENT_3D('Plane Axis2P3D',#14408,#14409,#14410) ;
#14446=AXIS2_PLACEMENT_3D('Plane Axis2P3D',#14443,#14444,#14445) ;
#14477=AXIS2_PLACEMENT_3D('Plane Axis2P3D',#14474,#14475,#14476) ;
#14494=AXIS2_PLACEMENT_3D('Plane Axis2P3D',#14491,#14492,#14493) ;
#14511=AXIS2_PLACEMENT_3D('Plane Axis2P3D',#14508,#14509,#14510) ;
#14561=AXIS2_PLACEMENT_3D('Plane Axis2P3D',#14558,#14559,#14560) ;
#14585=AXIS2_PLACEMENT_3D('Plane Axis2P3D',#14582,#14583,#14584) ;
#14598=AXIS2_PLACEMENT_3D('Circle Axis2P3D',#14596,#14597,$) ;
#14609=AXIS2_PLACEMENT_3D('Plane Axis2P3D',#14606,#14607,#14608) ;
#14672=AXIS2_PLACEMENT_3D('Cylinder Axis2P3D',#14669,#14670,#14671) ;
#14683=AXIS2_PLACEMENT_3D('Circle Axis2P3D',#14681,#14682,$) ;
#14696=AXIS2_PLACEMENT_3D('Cylinder Axis2P3D',#14693,#14694,#14695) ;
#14700=AXIS2_PLACEMENT_3D('Circle Axis2P3D',#14698,#14699,$) ;
#14720=AXIS2_PLACEMENT_3D('Plane Axis2P3D',#14717,#14718,#14719) ;
#14744=AXIS2_PLACEMENT_3D('Cylinder Axis2P3D',#14741,#14742,#14743) ;
#14755=AXIS2_PLACEMENT_3D('Circle Axis2P3D',#14753,#14754,$) ;
#14768=AXIS2_PLACEMENT_3D('Plane Axis2P3D',#14765,#14766,#14767) ;
#14792=AXIS2_PLACEMENT_3D('Cylinder Axis2P3D',#14789,#14790,#14791) ;
#14796=AXIS2_PLACEMENT_3D('Circle Axis2P3D',#14794,#14795,$) ;
#14816=AXIS2_PLACEMENT_3D('Cylinder Axis2P3D',#14813,#14814,#14815) ;
#14820=AXIS2_PLACEMENT_3D('Circle Axis2P3D',#14818,#14819,$) ;
#14825=AXIS2_PLACEMENT_3D('Circle Axis2P3D',#14823,#14824,$) ;
#14838=AXIS2_PLACEMENT_3D('Plane Axis2P3D',#14835,#14836,#14837) ;
#14849=AXIS2_PLACEMENT_3D('Circle Axis2P3D',#14847,#14848,$) ;
#14875=AXIS2_PLACEMENT_3D('Circle Axis2P3D',#14873,#14874,$) ;
#14884=AXIS2_PLACEMENT_3D('Circle Axis2P3D',#14882,#14883,$) ;
#14895=AXIS2_PLACEMENT_3D('Cylinder Axis2P3D',#14892,#14893,#14894) ;
#14917=AXIS2_PLACEMENT_3D('Plane Axis2P3D',#14914,#14915,#14916) ;
#14938=AXIS2_PLACEMENT_3D('Cylinder Axis2P3D',#14935,#14936,#14937) ;
#14942=AXIS2_PLACEMENT_3D('Circle Axis2P3D',#14940,#14941,$) ;
#14968=AXIS2_PLACEMENT_3D('Circle Axis2P3D',#14966,#14967,$) ;
#14981=AXIS2_PLACEMENT_3D('Cone Axis2P3D',#14978,#14979,#14980) ;
#15003=AXIS2_PLACEMENT_3D('Cone Axis2P3D',#15000,#15001,#15002) ;
#15019=AXIS2_PLACEMENT_3D(' ',#15022,#15026,#15025) ;
#15020=AXIS2_PLACEMENT_3D(' ',#15021,#15024,#15023) ;
#15041=AXIS2_PLACEMENT_3D('Plane Axis2P3D',#15038,#15039,#15040) ;
#15081=AXIS2_PLACEMENT_3D('Cylinder Axis2P3D',#15078,#15079,#15080) ;
#15085=AXIS2_PLACEMENT_3D('Circle Axis2P3D',#15083,#15084,$) ;
#15099=AXIS2_PLACEMENT_3D('Circle Axis2P3D',#15097,#15098,$) ;
#15112=AXIS2_PLACEMENT_3D('Cylinder Axis2P3D',#15109,#15110,#15111) ;
#15116=AXIS2_PLACEMENT_3D('Circle Axis2P3D',#15114,#15115,$) ;
#15123=AXIS2_PLACEMENT_3D('Circle Axis2P3D',#15121,#15122,$) ;
#15143=AXIS2_PLACEMENT_3D('Plane Axis2P3D',#15140,#15141,#15142) ;
#15147=AXIS2_PLACEMENT_3D('Circle Axis2P3D',#15145,#15146,$) ;
#15177=AXIS2_PLACEMENT_3D('Circle Axis2P3D',#15175,#15176,$) ;
#15199=AXIS2_PLACEMENT_3D('Plane Axis2P3D',#15196,#15197,#15198) ;
#15210=AXIS2_PLACEMENT_3D('Circle Axis2P3D',#15208,#15209,$) ;
#15224=AXIS2_PLACEMENT_3D('Circle Axis2P3D',#15222,#15223,$) ;
#15255=AXIS2_PLACEMENT_3D('Plane Axis2P3D',#15252,#15253,#15254) ;
#15286=AXIS2_PLACEMENT_3D('Circle Axis2P3D',#15284,#15285,$) ;
#15300=AXIS2_PLACEMENT_3D('Circle Axis2P3D',#15298,#15299,$) ;
#15314=AXIS2_PLACEMENT_3D('Circle Axis2P3D',#15312,#15313,$) ;
#15328=AXIS2_PLACEMENT_3D('Circle Axis2P3D',#15326,#15327,$) ;
#15345=AXIS2_PLACEMENT_3D('Plane Axis2P3D',#15342,#15343,#15344) ;
#15385=AXIS2_PLACEMENT_3D('Cylinder Axis2P3D',#15382,#15383,#15384) ;
#15389=AXIS2_PLACEMENT_3D('Circle Axis2P3D',#15387,#15388,$) ;
#15403=AXIS2_PLACEMENT_3D('Circle Axis2P3D',#15401,#15402,$) ;
#15416=AXIS2_PLACEMENT_3D('Cylinder Axis2P3D',#15413,#15414,#15415) ;
#15429=AXIS2_PLACEMENT_3D('Circle Axis2P3D',#15427,#15428,$) ;
#15434=AXIS2_PLACEMENT_3D('Circle Axis2P3D',#15432,#15433,$) ;
#15447=AXIS2_PLACEMENT_3D('Plane Axis2P3D',#15444,#15445,#15446) ;
#15478=AXIS2_PLACEMENT_3D('Cylinder Axis2P3D',#15475,#15476,#15477) ;
#15482=AXIS2_PLACEMENT_3D('Circle Axis2P3D',#15480,#15481,$) ;
#15496=AXIS2_PLACEMENT_3D('Circle Axis2P3D',#15494,#15495,$) ;
#15509=AXIS2_PLACEMENT_3D('Plane Axis2P3D',#15506,#15507,#15508) ;
#15540=AXIS2_PLACEMENT_3D('Cylinder Axis2P3D',#15537,#15538,#15539) ;
#15544=AXIS2_PLACEMENT_3D('Circle Axis2P3D',#15542,#15543,$) ;
#15558=AXIS2_PLACEMENT_3D('Circle Axis2P3D',#15556,#15557,$) ;
#15571=AXIS2_PLACEMENT_3D('Plane Axis2P3D',#15568,#15569,#15570) ;
#15593=AXIS2_PLACEMENT_3D('Plane Axis2P3D',#15590,#15591,#15592) ;
#15597=AXIS2_PLACEMENT_3D('Circle Axis2P3D',#15595,#15596,$) ;
#15611=AXIS2_PLACEMENT_3D('Circle Axis2P3D',#15609,#15610,$) ;
#15651=AXIS2_PLACEMENT_3D('Cylinder Axis2P3D',#15648,#15649,#15650) ;
#15655=AXIS2_PLACEMENT_3D('Circle Axis2P3D',#15653,#15654,$) ;
#15671=AXIS2_PLACEMENT_3D('Circle Axis2P3D',#15669,#15670,$) ;
#15690=AXIS2_PLACEMENT_3D('Circle Axis2P3D',#15688,#15689,$) ;
#15695=AXIS2_PLACEMENT_3D('Circle Axis2P3D',#15693,#15694,$) ;
#15707=AXIS2_PLACEMENT_3D('Circle Axis2P3D',#15705,#15706,$) ;
#15723=AXIS2_PLACEMENT_3D('Circle Axis2P3D',#15721,#15722,$) ;
#15750=AXIS2_PLACEMENT_3D('Plane Axis2P3D',#15747,#15748,#15749) ;
#15764=AXIS2_PLACEMENT_3D('Circle Axis2P3D',#15762,#15763,$) ;
#15773=AXIS2_PLACEMENT_3D('Circle Axis2P3D',#15771,#15772,$) ;
#15784=AXIS2_PLACEMENT_3D('Plane Axis2P3D',#15781,#15782,#15783) ;
#15788=AXIS2_PLACEMENT_3D('Circle Axis2P3D',#15786,#15787,$) ;
#15797=AXIS2_PLACEMENT_3D('Circle Axis2P3D',#15795,#15796,$) ;
#15812=AXIS2_PLACEMENT_3D('Cylinder Axis2P3D',#15809,#15810,#15811) ;
#15858=AXIS2_PLACEMENT_3D('Cylinder Axis2P3D',#15855,#15856,#15857) ;
#15870=AXIS2_PLACEMENT_3D('Cylinder Axis2P3D',#15867,#15868,#15869) ;
#15887=AXIS2_PLACEMENT_3D('Plane Axis2P3D',#15884,#15885,#15886) ;
#15922=AXIS2_PLACEMENT_3D('Cylinder Axis2P3D',#15919,#15920,#15921) ;
#15926=AXIS2_PLACEMENT_3D('Circle Axis2P3D',#15924,#15925,$) ;
#15946=AXIS2_PLACEMENT_3D('Cylinder Axis2P3D',#15943,#15944,#15945) ;
#15957=AXIS2_PLACEMENT_3D('Circle Axis2P3D',#15955,#15956,$) ;
#15970=AXIS2_PLACEMENT_3D('Plane Axis2P3D',#15967,#15968,#15969) ;
#15994=AXIS2_PLACEMENT_3D('Cylinder Axis2P3D',#15991,#15992,#15993) ;
#15998=AXIS2_PLACEMENT_3D('Circle Axis2P3D',#15996,#15997,$) ;
#16018=AXIS2_PLACEMENT_3D('Plane Axis2P3D',#16015,#16016,#16017) ;
#16042=AXIS2_PLACEMENT_3D('Cylinder Axis2P3D',#16039,#16040,#16041) ;
#16053=AXIS2_PLACEMENT_3D('Circle Axis2P3D',#16051,#16052,$) ;
#16066=AXIS2_PLACEMENT_3D('Plane Axis2P3D',#16063,#16064,#16065) ;
#16104=AXIS2_PLACEMENT_3D('Circle Axis2P3D',#16102,#16103,$) ;
#16118=AXIS2_PLACEMENT_3D('Circle Axis2P3D',#16116,#16117,$) ;
#16161=AXIS2_PLACEMENT_3D('Circle Axis2P3D',#16159,#16160,$) ;
#16175=AXIS2_PLACEMENT_3D('Circle Axis2P3D',#16173,#16174,$) ;
#16195=AXIS2_PLACEMENT_3D('Circle Axis2P3D',#16193,#16194,$) ;
#16204=AXIS2_PLACEMENT_3D('Circle Axis2P3D',#16202,#16203,$) ;
#16213=AXIS2_PLACEMENT_3D('Circle Axis2P3D',#16211,#16212,$) ;
#16222=AXIS2_PLACEMENT_3D('Circle Axis2P3D',#16220,#16221,$) ;
#16233=AXIS2_PLACEMENT_3D('Plane Axis2P3D',#16230,#16231,#16232) ;
#16249=AXIS2_PLACEMENT_3D('Plane Axis2P3D',#16246,#16247,#16248) ;
#16280=AXIS2_PLACEMENT_3D('Cylinder Axis2P3D',#16277,#16278,#16279) ;
#16291=AXIS2_PLACEMENT_3D('Circle Axis2P3D',#16289,#16290,$) ;
#16304=AXIS2_PLACEMENT_3D('Cylinder Axis2P3D',#16301,#16302,#16303) ;
#16308=AXIS2_PLACEMENT_3D('Circle Axis2P3D',#16306,#16307,$) ;
#16328=AXIS2_PLACEMENT_3D('Plane Axis2P3D',#16325,#16326,#16327) ;
#16352=AXIS2_PLACEMENT_3D('Cylinder Axis2P3D',#16349,#16350,#16351) ;
#16363=AXIS2_PLACEMENT_3D('Circle Axis2P3D',#16361,#16362,$) ;
#16376=AXIS2_PLACEMENT_3D('Plane Axis2P3D',#16373,#16374,#16375) ;
#16400=AXIS2_PLACEMENT_3D('Cylinder Axis2P3D',#16397,#16398,#16399) ;
#16411=AXIS2_PLACEMENT_3D('Circle Axis2P3D',#16409,#16410,$) ;
#16424=AXIS2_PLACEMENT_3D('Plane Axis2P3D',#16421,#16422,#16423) ;
#16441=AXIS2_PLACEMENT_3D('Plane Axis2P3D',#16438,#16439,#16440) ;
#16455=AXIS2_PLACEMENT_3D('Circle Axis2P3D',#16453,#16454,$) ;
#16464=AXIS2_PLACEMENT_3D('Circle Axis2P3D',#16462,#16463,$) ;
#16475=AXIS2_PLACEMENT_3D('Plane Axis2P3D',#16472,#16473,#16474) ;
#16527=AXIS2_PLACEMENT_3D('Cylinder Axis2P3D',#16524,#16525,#16526) ;
#16556=AXIS2_PLACEMENT_3D('Plane Axis2P3D',#16553,#16554,#16555) ;
#16587=AXIS2_PLACEMENT_3D('Cylinder Axis2P3D',#16584,#16585,#16586) ;
#16598=AXIS2_PLACEMENT_3D('Circle Axis2P3D',#16596,#16597,$) ;
#16611=AXIS2_PLACEMENT_3D('Plane Axis2P3D',#16608,#16609,#16610) ;
#16635=AXIS2_PLACEMENT_3D('Cylinder Axis2P3D',#16632,#16633,#16634) ;
#16646=AXIS2_PLACEMENT_3D('Circle Axis2P3D',#16644,#16645,$) ;
#16659=AXIS2_PLACEMENT_3D('Plane Axis2P3D',#16656,#16657,#16658) ;
#16683=AXIS2_PLACEMENT_3D('Plane Axis2P3D',#16680,#16681,#16682) ;
#16700=AXIS2_PLACEMENT_3D('Plane Axis2P3D',#16697,#16698,#16699) ;
#16740=AXIS2_PLACEMENT_3D('Cylinder Axis2P3D',#16737,#16738,#16739) ;
#16744=AXIS2_PLACEMENT_3D('Circle Axis2P3D',#16742,#16743,$) ;
#16764=AXIS2_PLACEMENT_3D('Plane Axis2P3D',#16761,#16762,#16763) ;
#16788=AXIS2_PLACEMENT_3D('Cylinder Axis2P3D',#16785,#16786,#16787) ;
#16792=AXIS2_PLACEMENT_3D('Circle Axis2P3D',#16790,#16791,$) ;
#16831=AXIS2_PLACEMENT_3D('Plane Axis2P3D',#16828,#16829,#16830) ;
#16857=AXIS2_PLACEMENT_3D('Cylinder Axis2P3D',#16854,#16855,#16856) ;
#16875=AXIS2_PLACEMENT_3D('Circle Axis2P3D',#16873,#16874,$) ;
#16887=AXIS2_PLACEMENT_3D('Circle Axis2P3D',#16885,#16886,$) ;
#16900=AXIS2_PLACEMENT_3D('Plane Axis2P3D',#16897,#16898,#16899) ;
#16910=AXIS2_PLACEMENT_3D('Cylinder Axis2P3D',#16907,#16908,#16909) ;
#16928=AXIS2_PLACEMENT_3D('Circle Axis2P3D',#16926,#16927,$) ;
#16940=AXIS2_PLACEMENT_3D('Circle Axis2P3D',#16938,#16939,$) ;
#16962=AXIS2_PLACEMENT_3D(' ',#16965,#16969,#16968) ;
#16963=AXIS2_PLACEMENT_3D(' ',#16964,#16967,#16966) ;
#16992=AXIS2_PLACEMENT_3D('Cone Axis2P3D',#16989,#16990,#16991) ;
#17005=AXIS2_PLACEMENT_3D('Circle Axis2P3D',#17003,#17004,$) ;
#17019=AXIS2_PLACEMENT_3D('Circle Axis2P3D',#17017,#17018,$) ;
#17031=AXIS2_PLACEMENT_3D('Circle Axis2P3D',#17029,#17030,$) ;
#17036=AXIS2_PLACEMENT_3D('Circle Axis2P3D',#17034,#17035,$) ;
#17049=AXIS2_PLACEMENT_3D('Plane Axis2P3D',#17046,#17047,#17048) ;
#17057=AXIS2_PLACEMENT_3D('Circle Axis2P3D',#17055,#17056,$) ;
#17066=AXIS2_PLACEMENT_3D('Circle Axis2P3D',#17064,#17065,$) ;
#17077=AXIS2_PLACEMENT_3D('Plane Axis2P3D',#17074,#17075,#17076) ;
#17081=AXIS2_PLACEMENT_3D('Circle Axis2P3D',#17079,#17080,$) ;
#17090=AXIS2_PLACEMENT_3D('Circle Axis2P3D',#17088,#17089,$) ;
#17105=AXIS2_PLACEMENT_3D('Cylinder Axis2P3D',#17102,#17103,#17104) ;
#17123=AXIS2_PLACEMENT_3D('Circle Axis2P3D',#17121,#17122,$) ;
#17135=AXIS2_PLACEMENT_3D('Circle Axis2P3D',#17133,#17134,$) ;
#17148=AXIS2_PLACEMENT_3D('Plane Axis2P3D',#17145,#17146,#17147) ;
#17156=AXIS2_PLACEMENT_3D('Circle Axis2P3D',#17154,#17155,$) ;
#17165=AXIS2_PLACEMENT_3D('Circle Axis2P3D',#17163,#17164,$) ;
#17176=AXIS2_PLACEMENT_3D('Cylinder Axis2P3D',#17173,#17174,#17175) ;
#17194=AXIS2_PLACEMENT_3D('Circle Axis2P3D',#17192,#17193,$) ;
#17206=AXIS2_PLACEMENT_3D('Circle Axis2P3D',#17204,#17205,$) ;
#17219=AXIS2_PLACEMENT_3D('Torus Axis2P3D',#17216,#17217,#17218) ;
#17223=AXIS2_PLACEMENT_3D('Circle Axis2P3D',#17221,#17222,$) ;
#17232=AXIS2_PLACEMENT_3D('Circle Axis2P3D',#17230,#17231,$) ;
#17239=AXIS2_PLACEMENT_3D('Circle Axis2P3D',#17237,#17238,$) ;
#17246=AXIS2_PLACEMENT_3D('Circle Axis2P3D',#17244,#17245,$) ;
#17258=AXIS2_PLACEMENT_3D('Circle Axis2P3D',#17256,#17257,$) ;
#17263=AXIS2_PLACEMENT_3D('Circle Axis2P3D',#17261,#17262,$) ;
#17276=AXIS2_PLACEMENT_3D('Plane Axis2P3D',#17273,#17274,#17275) ;
#17284=AXIS2_PLACEMENT_3D('Circle Axis2P3D',#17282,#17283,$) ;
#17293=AXIS2_PLACEMENT_3D('Circle Axis2P3D',#17291,#17292,$) ;
#17303=AXIS2_PLACEMENT_3D('Circle Axis2P3D',#17301,#17302,$) ;
#17312=AXIS2_PLACEMENT_3D('Circle Axis2P3D',#17310,#17311,$) ;
#17327=AXIS2_PLACEMENT_3D('Torus Axis2P3D',#17324,#17325,#17326) ;
#17331=AXIS2_PLACEMENT_3D('Circle Axis2P3D',#17329,#17330,$) ;
#17340=AXIS2_PLACEMENT_3D('Circle Axis2P3D',#17338,#17339,$) ;
#17345=AXIS2_PLACEMENT_3D('Circle Axis2P3D',#17343,#17344,$) ;
#17358=AXIS2_PLACEMENT_3D('Torus Axis2P3D',#17355,#17356,#17357) ;
#17362=AXIS2_PLACEMENT_3D('Circle Axis2P3D',#17360,#17361,$) ;
#17375=AXIS2_PLACEMENT_3D('Cylinder Axis2P3D',#17372,#17373,#17374) ;
#17393=AXIS2_PLACEMENT_3D('Circle Axis2P3D',#17391,#17392,$) ;
#17405=AXIS2_PLACEMENT_3D('Circle Axis2P3D',#17403,#17404,$) ;
#17418=AXIS2_PLACEMENT_3D('Cylinder Axis2P3D',#17415,#17416,#17417) ;
#17429=AXIS2_PLACEMENT_3D('Circle Axis2P3D',#17427,#17428,$) ;
#17448=AXIS2_PLACEMENT_3D('Circle Axis2P3D',#17446,#17447,$) ;
#17461=AXIS2_PLACEMENT_3D('Plane Axis2P3D',#17458,#17459,#17460) ;
#17465=AXIS2_PLACEMENT_3D('Circle Axis2P3D',#17463,#17464,$) ;
#17474=AXIS2_PLACEMENT_3D('Circle Axis2P3D',#17472,#17473,$) ;
#17489=AXIS2_PLACEMENT_3D('Plane Axis2P3D',#17486,#17487,#17488) ;
#17503=AXIS2_PLACEMENT_3D('Torus Axis2P3D',#17500,#17501,#17502) ;
#17507=AXIS2_PLACEMENT_3D('Circle Axis2P3D',#17505,#17506,$) ;
#17514=AXIS2_PLACEMENT_3D('Circle Axis2P3D',#17512,#17513,$) ;
#17521=AXIS2_PLACEMENT_3D('Circle Axis2P3D',#17519,#17520,$) ;
#17534=AXIS2_PLACEMENT_3D('Torus Axis2P3D',#17531,#17532,#17533) ;
#17538=AXIS2_PLACEMENT_3D('Circle Axis2P3D',#17536,#17537,$) ;
#17551=AXIS2_PLACEMENT_3D('Cylinder Axis2P3D',#17548,#17549,#17550) ;
#17562=AXIS2_PLACEMENT_3D('Circle Axis2P3D',#17560,#17561,$) ;
#17581=AXIS2_PLACEMENT_3D('Circle Axis2P3D',#17579,#17580,$) ;
#17594=AXIS2_PLACEMENT_3D('Plane Axis2P3D',#17591,#17592,#17593) ;
#17602=AXIS2_PLACEMENT_3D('Circle Axis2P3D',#17600,#17601,$) ;
#17611=AXIS2_PLACEMENT_3D('Circle Axis2P3D',#17609,#17610,$) ;
#17622=AXIS2_PLACEMENT_3D('Cone Axis2P3D',#17619,#17620,#17621) ;
#17640=AXIS2_PLACEMENT_3D('Circle Axis2P3D',#17638,#17639,$) ;
#17652=AXIS2_PLACEMENT_3D('Circle Axis2P3D',#17650,#17651,$) ;
#17665=AXIS2_PLACEMENT_3D('Cylinder Axis2P3D',#17662,#17663,#17664) ;
#17698=AXIS2_PLACEMENT_3D(' ',#17701,#17705,#17704) ;
#17699=AXIS2_PLACEMENT_3D(' ',#17700,#17703,#17702) ;
#17711=AXIS2_PLACEMENT_3D(' ',#17714,#17718,#17717) ;
#17712=AXIS2_PLACEMENT_3D(' ',#17713,#17716,#17715) ;
#17724=AXIS2_PLACEMENT_3D(' ',#17727,#17731,#17730) ;
#17725=AXIS2_PLACEMENT_3D(' ',#17726,#17729,#17728) ;
#17737=AXIS2_PLACEMENT_3D(' ',#17740,#17744,#17743) ;
#17738=AXIS2_PLACEMENT_3D(' ',#17739,#17742,#17741) ;
#458=CIRCLE('generated circle',#457,1.7) ;
#472=CIRCLE('generated circle',#471,1.7) ;
#486=CIRCLE('generated circle',#485,1.7) ;
#500=CIRCLE('generated circle',#499,1.7) ;
#529=CIRCLE('generated circle',#528,0.2) ;
#545=CIRCLE('generated circle',#544,3.2) ;
#559=CIRCLE('generated circle',#558,3.2) ;
#573=CIRCLE('generated circle',#572,0.2) ;
#587=CIRCLE('generated circle',#586,0.2) ;
#601=CIRCLE('generated circle',#600,0.2) ;
#615=CIRCLE('generated circle',#614,0.2) ;
#629=CIRCLE('generated circle',#628,3.2) ;
#643=CIRCLE('generated circle',#642,3.2) ;
#657=CIRCLE('generated circle',#656,0.2) ;
#671=CIRCLE('generated circle',#670,0.2) ;
#685=CIRCLE('generated circle',#684,0.2) ;
#723=CIRCLE('generated circle',#722,5.) ;
#732=CIRCLE('generated circle',#731,5.) ;
#756=CIRCLE('generated circle',#755,1.5) ;
#770=CIRCLE('generated circle',#769,1.7) ;
#787=CIRCLE('generated circle',#786,1.5) ;
#792=CIRCLE('generated circle',#791,1.7) ;
#809=CIRCLE('generated circle',#808,4.6) ;
#818=CIRCLE('generated circle',#817,4.6) ;
#844=CIRCLE('generated circle',#843,1.5) ;
#863=CIRCLE('generated circle',#862,1.5) ;
#889=CIRCLE('generated circle',#888,1.4) ;
#903=CIRCLE('generated circle',#902,1.7) ;
#960=CIRCLE('generated circle',#959,1.4) ;
#965=CIRCLE('generated circle',#964,1.7) ;
#1022=CIRCLE('generated circle',#1021,1.4) ;
#1027=CIRCLE('generated circle',#1026,1.7) ;
#1084=CIRCLE('generated circle',#1083,1.4) ;
#1089=CIRCLE('generated circle',#1088,1.7) ;
#1147=CIRCLE('generated circle',#1146,3.5) ;
#1161=CIRCLE('generated circle',#1160,3.5) ;
#1175=CIRCLE('generated circle',#1174,3.5) ;
#1189=CIRCLE('generated circle',#1188,3.5) ;
#1204=CIRCLE('generated circle',#1203,5.25) ;
#1213=CIRCLE('generated circle',#1212,5.25) ;
#1222=CIRCLE('generated circle',#1221,1.5) ;
#1231=CIRCLE('generated circle',#1230,1.5) ;
#1240=CIRCLE('generated circle',#1239,1.5) ;
#1249=CIRCLE('generated circle',#1248,1.5) ;
#1400=CIRCLE('generated circle',#1399,4.4) ;
#1426=CIRCLE('generated circle',#1425,4.4) ;
#1443=CIRCLE('generated circle',#1442,8.) ;
#1452=CIRCLE('generated circle',#1451,8.) ;
#1461=CIRCLE('generated circle',#1460,5.1) ;
#1470=CIRCLE('generated circle',#1469,5.1) ;
#1485=CIRCLE('generated circle',#1484,5.) ;
#1494=CIRCLE('generated circle',#1493,5.) ;
#1503=CIRCLE('generated circle',#1502,4.8) ;
#1512=CIRCLE('generated circle',#1511,4.8) ;
#1527=CIRCLE('generated circle',#1526,8.) ;
#1553=CIRCLE('generated circle',#1552,8.) ;
#1570=CIRCLE('generated circle',#1569,5.1) ;
#1596=CIRCLE('generated circle',#1595,5.1) ;
#1613=CIRCLE('generated circle',#1612,0.1) ;
#1618=CIRCLE('generated circle',#1617,0.1) ;
#1642=CIRCLE('generated circle',#1641,4.7) ;
#1651=CIRCLE('generated circle',#1650,0.1) ;
#1656=CIRCLE('generated circle',#1655,0.1) ;
#1668=CIRCLE('generated circle',#1667,4.7) ;
#1685=CIRCLE('generated circle',#1684,4.7) ;
#1711=CIRCLE('generated circle',#1710,4.7) ;
#1768=CIRCLE('generated circle',#1767,2.5) ;
#1775=CIRCLE('generated circle',#1774,2.5) ;
#1830=CIRCLE('generated circle',#1829,0.2) ;
#1837=CIRCLE('generated circle',#1836,0.2) ;
#1901=CIRCLE('generated circle',#1900,0.2) ;
#1906=CIRCLE('generated circle',#1905,0.2) ;
#1963=CIRCLE('generated circle',#1962,0.2) ;
#1968=CIRCLE('generated circle',#1967,0.2) ;
#2016=CIRCLE('generated circle',#2015,0.2) ;
#2023=CIRCLE('generated circle',#2022,0.2) ;
#2073=CIRCLE('generated circle',#2072,2.5) ;
#2080=CIRCLE('generated circle',#2079,2.5) ;
#2135=CIRCLE('generated circle',#2134,2.5) ;
#2142=CIRCLE('generated circle',#2141,2.5) ;
#2197=CIRCLE('generated circle',#2196,0.2) ;
#2204=CIRCLE('generated circle',#2203,0.2) ;
#2263=CIRCLE('generated circle',#2262,0.2) ;
#2268=CIRCLE('generated circle',#2267,0.2) ;
#2325=CIRCLE('generated circle',#2324,0.2) ;
#2330=CIRCLE('generated circle',#2329,0.2) ;
#2373=CIRCLE('generated circle',#2372,0.2) ;
#2380=CIRCLE('generated circle',#2379,0.2) ;
#2404=CIRCLE('generated circle',#2403,2.5) ;
#2418=CIRCLE('generated circle',#2417,2.5) ;
#2526=CIRCLE('generated circle',#2525,3.5) ;
#2567=CIRCLE('generated circle',#2566,3.5) ;
#2622=CIRCLE('generated circle',#2621,3.5) ;
#2639=CIRCLE('generated circle',#2638,3.5) ;
#2680=CIRCLE('generated circle',#2679,6.) ;
#2696=CIRCLE('generated circle',#2695,6.) ;
#2715=CIRCLE('generated circle',#2714,6.) ;
#2720=CIRCLE('generated circle',#2719,6.) ;
#2777=CIRCLE('generated circle',#2776,0.2) ;
#2820=CIRCLE('generated circle',#2819,0.2) ;
#2863=CIRCLE('generated circle',#2862,0.2) ;
#2906=CIRCLE('generated circle',#2905,3.2) ;
#2949=CIRCLE('generated circle',#2948,3.2) ;
#2992=CIRCLE('generated circle',#2991,0.2) ;
#3035=CIRCLE('generated circle',#3034,0.2) ;
#3085=CIRCLE('generated circle',#3084,0.2) ;
#3121=CIRCLE('generated circle',#3120,3.2) ;
#3135=CIRCLE('generated circle',#3134,3.2) ;
#3149=CIRCLE('generated circle',#3148,0.2) ;
#3163=CIRCLE('generated circle',#3162,0.2) ;
#3395=CIRCLE('generated circle',#3394,1.5) ;
#3414=CIRCLE('generated circle',#3413,1.5) ;
#3448=CIRCLE('generated circle',#3447,1.5) ;
#3467=CIRCLE('generated circle',#3466,1.5) ;
#3531=CIRCLE('generated circle',#3530,1.8) ;
#3545=CIRCLE('generated circle',#3544,1.8) ;
#3559=CIRCLE('generated circle',#3558,1.8) ;
#3573=CIRCLE('generated circle',#3572,1.8) ;
#3588=CIRCLE('generated circle',#3587,5.5) ;
#3597=CIRCLE('generated circle',#3596,5.5) ;
#3612=CIRCLE('generated circle',#3611,0.2) ;
#3626=CIRCLE('generated circle',#3625,0.2) ;
#3643=CIRCLE('generated circle',#3642,0.2) ;
#3650=CIRCLE('generated circle',#3649,2.) ;
#3667=CIRCLE('generated circle',#3666,2.) ;
#3674=CIRCLE('generated circle',#3673,0.2) ;
#3691=CIRCLE('generated circle',#3690,0.2) ;
#3715=CIRCLE('generated circle',#3714,0.2) ;
#3722=CIRCLE('generated circle',#3721,2.) ;
#3739=CIRCLE('generated circle',#3738,0.2) ;
#3763=CIRCLE('generated circle',#3762,0.2) ;
#3770=CIRCLE('generated circle',#3769,2.) ;
#3804=CIRCLE('generated circle',#3803,3.2) ;
#3832=CIRCLE('generated circle',#3831,3.2) ;
#3856=CIRCLE('generated circle',#3855,4.7) ;
#3870=CIRCLE('generated circle',#3869,4.7) ;
#3882=CIRCLE('generated circle',#3881,4.7) ;
#3887=CIRCLE('generated circle',#3886,4.7) ;
#3918=CIRCLE('generated circle',#3917,5.5) ;
#3930=CIRCLE('generated circle',#3929,5.5) ;
#3951=CIRCLE('generated circle',#3950,4.3) ;
#3960=CIRCLE('generated circle',#3959,4.3) ;
#4003=CIRCLE('generated circle',#4002,2.) ;
#4034=CIRCLE('generated circle',#4033,2.) ;
#4075=CIRCLE('generated circle',#4074,1.8) ;
#4123=CIRCLE('generated circle',#4122,1.8) ;
#4225=CIRCLE('generated circle',#4224,2.) ;
#4273=CIRCLE('generated circle',#4272,2.) ;
#4364=CIRCLE('generated circle',#4363,3.2) ;
#4391=CIRCLE('generated circle',#4390,3.2) ;
#4417=CIRCLE('generated circle',#4416,1.8) ;
#4465=CIRCLE('generated circle',#4464,1.8) ;
#4523=CIRCLE('generated circle',#4522,4.3) ;
#4549=CIRCLE('generated circle',#4548,4.3) ;
#4580=CIRCLE('generated circle',#4579,4.5) ;
#4589=CIRCLE('generated circle',#4588,4.5) ;
#4671=CIRCLE('generated circle',#4670,3.) ;
#4687=CIRCLE('generated circle',#4686,3.) ;
#4729=CIRCLE('generated circle',#4728,3.) ;
#4743=CIRCLE('generated circle',#4742,3.) ;
#4801=CIRCLE('generated circle',#4800,5.35) ;
#4810=CIRCLE('generated circle',#4809,5.35) ;
#4834=CIRCLE('generated circle',#4833,3.) ;
#4848=CIRCLE('generated circle',#4847,3.) ;
#4862=CIRCLE('generated circle',#4861,3.) ;
#4876=CIRCLE('generated circle',#4875,3.) ;
#4891=CIRCLE('generated circle',#4890,2.2) ;
#4907=CIRCLE('generated circle',#4906,2.2) ;
#4921=CIRCLE('generated circle',#4920,2.2) ;
#4935=CIRCLE('generated circle',#4934,2.2) ;
#5293=CIRCLE('generated circle',#5292,3.00714285714) ;
#5378=CIRCLE('generated circle',#5377,2.2) ;
#5395=CIRCLE('generated circle',#5394,2.2) ;
#5450=CIRCLE('generated circle',#5449,2.2) ;
#5491=CIRCLE('generated circle',#5490,2.2) ;
#5515=CIRCLE('generated circle',#5514,3.00714285714) ;
#5520=CIRCLE('generated circle',#5519,3.00714285714) ;
#5544=CIRCLE('generated circle',#5543,3.00714285714) ;
#5570=CIRCLE('generated circle',#5569,4.85) ;
#5579=CIRCLE('generated circle',#5578,4.85) ;
#5637=CIRCLE('generated circle',#5636,4.85) ;
#5663=CIRCLE('generated circle',#5662,4.85) ;
#5787=CIRCLE('generated circle',#5786,0.5) ;
#5801=CIRCLE('generated circle',#5800,0.5) ;
#5818=CIRCLE('generated circle',#5817,0.5) ;
#5825=CIRCLE('generated circle',#5824,0.5) ;
#5849=CIRCLE('generated circle',#5848,1.3) ;
#5879=CIRCLE('generated circle',#5878,1.3) ;
#5912=CIRCLE('generated circle',#5911,0.5) ;
#5926=CIRCLE('generated circle',#5925,0.5) ;
#5979=CIRCLE('generated circle',#5978,7.29) ;
#6009=CIRCLE('generated circle',#6008,7.29) ;
#6037=CIRCLE('generated circle',#6036,7.29) ;
#6065=CIRCLE('generated circle',#6064,7.29) ;
#6093=CIRCLE('generated circle',#6092,7.29) ;
#6121=CIRCLE('generated circle',#6120,7.29) ;
#6182=CIRCLE('generated circle',#6181,3.2) ;
#6196=CIRCLE('generated circle',#6195,3.2) ;
#6210=CIRCLE('generated circle',#6209,3.2) ;
#6224=CIRCLE('generated circle',#6223,3.2) ;
#6285=CIRCLE('generated circle',#6284,2.5) ;
#6299=CIRCLE('generated circle',#6298,2.5) ;
#6325=CIRCLE('generated circle',#6324,2.5) ;
#6330=CIRCLE('generated circle',#6329,2.5) ;
#6378=CIRCLE('generated circle',#6377,2.5) ;
#6392=CIRCLE('generated circle',#6391,2.5) ;
#6440=CIRCLE('generated circle',#6439,2.5) ;
#6454=CIRCLE('generated circle',#6453,2.5) ;
#6493=CIRCLE('generated circle',#6492,0.5) ;
#6507=CIRCLE('generated circle',#6506,0.5) ;
#6551=CIRCLE('generated circle',#6550,7.2) ;
#6567=CIRCLE('generated circle',#6566,7.2) ;
#6586=CIRCLE('generated circle',#6585,7.2) ;
#6591=CIRCLE('generated circle',#6590,7.2) ;
#6603=CIRCLE('generated circle',#6602,1.3) ;
#6619=CIRCLE('generated circle',#6618,1.3) ;
#6660=CIRCLE('generated circle',#6659,7.9) ;
#6669=CIRCLE('generated circle',#6668,7.9) ;
#6684=CIRCLE('generated circle',#6683,7.9) ;
#6693=CIRCLE('generated circle',#6692,7.9) ;
#6822=CIRCLE('generated circle',#6821,1.3) ;
#6853=CIRCLE('generated circle',#6852,1.3) ;
#6894=CIRCLE('generated circle',#6893,1.3) ;
#6949=CIRCLE('generated circle',#6948,1.3) ;
#6991=CIRCLE('generated circle',#6990,6.3) ;
#7000=CIRCLE('generated circle',#6999,6.3) ;
#7018=CIRCLE('generated circle',#7017,0.6) ;
#7032=CIRCLE('generated circle',#7031,0.6) ;
#7075=CIRCLE('generated circle',#7074,0.6) ;
#7089=CIRCLE('generated circle',#7088,0.6) ;
#7109=CIRCLE('generated circle',#7108,1.5) ;
#7118=CIRCLE('generated circle',#7117,1.5) ;
#7127=CIRCLE('generated circle',#7126,1.5) ;
#7136=CIRCLE('generated circle',#7135,1.5) ;
#7205=CIRCLE('generated circle',#7204,3.2) ;
#7222=CIRCLE('generated circle',#7221,3.2) ;
#7277=CIRCLE('generated circle',#7276,3.2) ;
#7325=CIRCLE('generated circle',#7324,3.2) ;
#7369=CIRCLE('generated circle',#7368,9.25) ;
#7378=CIRCLE('generated circle',#7377,9.25) ;
#7393=CIRCLE('generated circle',#7392,6.29) ;
#7402=CIRCLE('generated circle',#7401,6.29) ;
#7411=CIRCLE('generated circle',#7410,1.65) ;
#7420=CIRCLE('generated circle',#7419,1.65) ;
#7764=CIRCLE('generated circle',#7763,0.6) ;
#7812=CIRCLE('generated circle',#7811,0.6) ;
#7910=CIRCLE('generated circle',#7909,0.6) ;
#7958=CIRCLE('generated circle',#7957,0.6) ;
#8027=CIRCLE('generated circle',#8026,6.3) ;
#8053=CIRCLE('generated circle',#8052,6.3) ;
#8070=CIRCLE('generated circle',#8069,6.3) ;
#8097=CIRCLE('generated circle',#8096,6.3) ;
#8106=CIRCLE('generated circle',#8105,6.3) ;
#8132=CIRCLE('generated circle',#8131,6.3) ;
#8159=CIRCLE('generated circle',#8158,6.3) ;
#8186=CIRCLE('generated circle',#8185,6.3) ;
#8195=CIRCLE('generated circle',#8194,6.3) ;
#8221=CIRCLE('generated circle',#8220,6.3) ;
#8253=CIRCLE('generated circle',#8252,6.9) ;
#8449=CIRCLE('generated circle',#8448,6.9) ;
#8637=CIRCLE('generated circle',#8636,6.9) ;
#8825=CIRCLE('generated circle',#8824,6.9) ;
#9014=CIRCLE('generated circle',#9013,6.9) ;
#9202=CIRCLE('generated circle',#9201,6.9) ;
#9408=CIRCLE('generated circle',#9407,1.65) ;
#9417=CIRCLE('generated circle',#9416,1.65) ;
#9468=CIRCLE('generated circle',#9467,7.) ;
#9499=CIRCLE('generated circle',#9498,7.) ;
#9556=CIRCLE('generated circle',#9555,1.5) ;
#9568=CIRCLE('generated circle',#9567,1.5) ;
#9609=CIRCLE('generated circle',#9608,1.5) ;
#9621=CIRCLE('generated circle',#9620,1.5) ;
#9693=CIRCLE('generated circle',#9692,3.11) ;
#9707=CIRCLE('generated circle',#9706,3.25106158457) ;
#9719=CIRCLE('generated circle',#9718,3.11) ;
#9724=CIRCLE('generated circle',#9723,3.25106158457) ;
#9745=CIRCLE('generated circle',#9744,2.21) ;
#9754=CIRCLE('generated circle',#9753,2.21) ;
#9769=CIRCLE('generated circle',#9768,4.7) ;
#9778=CIRCLE('generated circle',#9777,4.7) ;
#9811=CIRCLE('generated circle',#9810,4.7) ;
#9823=CIRCLE('generated circle',#9822,4.7) ;
#9844=CIRCLE('generated circle',#9843,3.95) ;
#9853=CIRCLE('generated circle',#9852,3.95) ;
#9882=CIRCLE('generated circle',#9881,3.95) ;
#9894=CIRCLE('generated circle',#9893,3.95) ;
#9911=CIRCLE('generated circle',#9910,0.3) ;
#9920=CIRCLE('generated circle',#9919,5.8) ;
#9927=CIRCLE('generated circle',#9926,0.3) ;
#9934=CIRCLE('generated circle',#9933,6.4) ;
#9946=CIRCLE('generated circle',#9945,5.8) ;
#9951=CIRCLE('generated circle',#9950,6.4) ;
#9972=CIRCLE('generated circle',#9971,4.2) ;
#9981=CIRCLE('generated circle',#9980,4.2) ;
#9991=CIRCLE('generated circle',#9990,7.) ;
#10000=CIRCLE('generated circle',#9999,7.) ;
#10019=CIRCLE('generated circle',#10018,4.) ;
#10028=CIRCLE('generated circle',#10027,0.2) ;
#10033=CIRCLE('generated circle',#10032,0.2) ;
#10050=CIRCLE('generated circle',#10049,4.) ;
#10081=CIRCLE('generated circle',#10080,7.) ;
#10093=CIRCLE('generated circle',#10092,7.) ;
#10117=CIRCLE('generated circle',#10116,4.) ;
#10136=CIRCLE('generated circle',#10135,4.) ;
#10153=CIRCLE('generated circle',#10152,8.8) ;
#10162=CIRCLE('generated circle',#10161,8.8) ;
#10195=CIRCLE('generated circle',#10194,0.2) ;
#10202=CIRCLE('generated circle',#10201,9.) ;
#10209=CIRCLE('generated circle',#10208,0.2) ;
#10226=CIRCLE('generated circle',#10225,9.) ;
#10250=CIRCLE('generated circle',#10249,9.) ;
#10269=CIRCLE('generated circle',#10268,9.) ;
#10290=CIRCLE('generated circle',#10289,2.41) ;
#10299=CIRCLE('generated circle',#10298,2.41) ;
#10328=CIRCLE('generated circle',#10327,2.21) ;
#10340=CIRCLE('generated circle',#10339,2.21) ;
#10544=CIRCLE('generated circle',#10543,7.) ;
#10556=CIRCLE('generated circle',#10555,7.) ;
#10587=CIRCLE('generated circle',#10586,3.95) ;
#10599=CIRCLE('generated circle',#10598,3.95) ;
#10616=CIRCLE('generated circle',#10615,4.) ;
#10625=CIRCLE('generated circle',#10624,4.) ;
#10658=CIRCLE('generated circle',#10657,4.) ;
#10670=CIRCLE('generated circle',#10669,4.) ;
#10708=CIRCLE('generated circle',#10707,4.) ;
#10727=CIRCLE('generated circle',#10726,4.) ;
#10744=CIRCLE('generated circle',#10743,4.7) ;
#10760=CIRCLE('generated circle',#10759,4.7) ;
#10779=CIRCLE('generated circle',#10778,4.7) ;
#10784=CIRCLE('generated circle',#10783,4.7) ;
#10796=CIRCLE('generated circle',#10795,7.) ;
#10812=CIRCLE('generated circle',#10811,7.) ;
#10831=CIRCLE('generated circle',#10830,7.) ;
#10836=CIRCLE('generated circle',#10835,7.) ;
#11170=CIRCLE('generated circle',#11169,1.7) ;
#11184=CIRCLE('generated circle',#11183,1.7) ;
#11198=CIRCLE('generated circle',#11197,1.7) ;
#11212=CIRCLE('generated circle',#11211,1.7) ;
#11233=CIRCLE('generated circle',#11232,0.2) ;
#11249=CIRCLE('generated circle',#11248,3.2) ;
#11263=CIRCLE('generated circle',#11262,3.2) ;
#11277=CIRCLE('generated circle',#11276,0.2) ;
#11291=CIRCLE('generated circle',#11290,0.2) ;
#11305=CIRCLE('generated circle',#11304,0.2) ;
#11319=CIRCLE('generated circle',#11318,0.2) ;
#11333=CIRCLE('generated circle',#11332,3.2) ;
#11347=CIRCLE('generated circle',#11346,3.2) ;
#11361=CIRCLE('generated circle',#11360,0.2) ;
#11375=CIRCLE('generated circle',#11374,0.2) ;
#11389=CIRCLE('generated circle',#11388,0.2) ;
#11442=CIRCLE('generated circle',#11441,1.4) ;
#11456=CIRCLE('generated circle',#11455,1.7) ;
#11513=CIRCLE('generated circle',#11512,1.4) ;
#11518=CIRCLE('generated circle',#11517,1.7) ;
#11575=CIRCLE('generated circle',#11574,1.4) ;
#11580=CIRCLE('generated circle',#11579,1.7) ;
#11637=CIRCLE('generated circle',#11636,1.4) ;
#11642=CIRCLE('generated circle',#11641,1.7) ;
#11700=CIRCLE('generated circle',#11699,3.5) ;
#11714=CIRCLE('generated circle',#11713,3.5) ;
#11728=CIRCLE('generated circle',#11727,3.5) ;
#11742=CIRCLE('generated circle',#11741,3.5) ;
#11757=CIRCLE('generated circle',#11756,1.5) ;
#11766=CIRCLE('generated circle',#11765,1.5) ;
#11775=CIRCLE('generated circle',#11774,1.5) ;
#11784=CIRCLE('generated circle',#11783,1.5) ;
#11935=CIRCLE('generated circle',#11934,8.) ;
#11944=CIRCLE('generated circle',#11943,8.) ;
#11953=CIRCLE('generated circle',#11952,5.1) ;
#11962=CIRCLE('generated circle',#11961,5.1) ;
#11977=CIRCLE('generated circle',#11976,5.) ;
#11986=CIRCLE('generated circle',#11985,5.) ;
#11995=CIRCLE('generated circle',#11994,4.8) ;
#12004=CIRCLE('generated circle',#12003,4.8) ;
#12019=CIRCLE('generated circle',#12018,8.) ;
#12045=CIRCLE('generated circle',#12044,8.) ;
#12062=CIRCLE('generated circle',#12061,5.1) ;
#12088=CIRCLE('generated circle',#12087,5.1) ;
#12105=CIRCLE('generated circle',#12104,0.1) ;
#12110=CIRCLE('generated circle',#12109,0.1) ;
#12134=CIRCLE('generated circle',#12133,4.7) ;
#12143=CIRCLE('generated circle',#12142,0.1) ;
#12148=CIRCLE('generated circle',#12147,0.1) ;
#12160=CIRCLE('generated circle',#12159,4.7) ;
#12177=CIRCLE('generated circle',#12176,4.7) ;
#12203=CIRCLE('generated circle',#12202,4.7) ;
#12260=CIRCLE('generated circle',#12259,2.5) ;
#12267=CIRCLE('generated circle',#12266,2.5) ;
#12322=CIRCLE('generated circle',#12321,0.2) ;
#12329=CIRCLE('generated circle',#12328,0.2) ;
#12393=CIRCLE('generated circle',#12392,0.2) ;
#12398=CIRCLE('generated circle',#12397,0.2) ;
#12455=CIRCLE('generated circle',#12454,0.2) ;
#12460=CIRCLE('generated circle',#12459,0.2) ;
#12508=CIRCLE('generated circle',#12507,0.2) ;
#12515=CIRCLE('generated circle',#12514,0.2) ;
#12565=CIRCLE('generated circle',#12564,2.5) ;
#12572=CIRCLE('generated circle',#12571,2.5) ;
#12627=CIRCLE('generated circle',#12626,2.5) ;
#12634=CIRCLE('generated circle',#12633,2.5) ;
#12689=CIRCLE('generated circle',#12688,0.2) ;
#12696=CIRCLE('generated circle',#12695,0.2) ;
#12755=CIRCLE('generated circle',#12754,0.2) ;
#12760=CIRCLE('generated circle',#12759,0.2) ;
#12817=CIRCLE('generated circle',#12816,0.2) ;
#12822=CIRCLE('generated circle',#12821,0.2) ;
#12865=CIRCLE('generated circle',#12864,0.2) ;
#12872=CIRCLE('generated circle',#12871,0.2) ;
#12896=CIRCLE('generated circle',#12895,2.5) ;
#12910=CIRCLE('generated circle',#12909,2.5) ;
#13018=CIRCLE('generated circle',#13017,3.5) ;
#13059=CIRCLE('generated circle',#13058,3.5) ;
#13114=CIRCLE('generated circle',#13113,3.5) ;
#13131=CIRCLE('generated circle',#13130,3.5) ;
#13172=CIRCLE('generated circle',#13171,6.) ;
#13188=CIRCLE('generated circle',#13187,6.) ;
#13207=CIRCLE('generated circle',#13206,6.) ;
#13212=CIRCLE('generated circle',#13211,6.) ;
#13269=CIRCLE('generated circle',#13268,0.2) ;
#13312=CIRCLE('generated circle',#13311,0.2) ;
#13355=CIRCLE('generated circle',#13354,0.2) ;
#13398=CIRCLE('generated circle',#13397,3.2) ;
#13441=CIRCLE('generated circle',#13440,3.2) ;
#13484=CIRCLE('generated circle',#13483,0.2) ;
#13527=CIRCLE('generated circle',#13526,0.2) ;
#13577=CIRCLE('generated circle',#13576,0.2) ;
#13613=CIRCLE('generated circle',#13612,3.2) ;
#13627=CIRCLE('generated circle',#13626,3.2) ;
#13641=CIRCLE('generated circle',#13640,0.2) ;
#13655=CIRCLE('generated circle',#13654,0.2) ;
#13844=CIRCLE('generated circle',#13843,1.5) ;
#13863=CIRCLE('generated circle',#13862,1.5) ;
#13897=CIRCLE('generated circle',#13896,1.5) ;
#13916=CIRCLE('generated circle',#13915,1.5) ;
#13977=CIRCLE('generated circle',#13976,3.) ;
#14021=CIRCLE('generated circle',#14020,3.) ;
#14035=CIRCLE('generated circle',#14034,3.) ;
#14077=CIRCLE('generated circle',#14076,3.) ;
#14107=CIRCLE('generated circle',#14106,5.35) ;
#14116=CIRCLE('generated circle',#14115,5.35) ;
#14140=CIRCLE('generated circle',#14139,3.) ;
#14154=CIRCLE('generated circle',#14153,3.) ;
#14168=CIRCLE('generated circle',#14167,3.) ;
#14182=CIRCLE('generated circle',#14181,3.) ;
#14197=CIRCLE('generated circle',#14196,2.2) ;
#14213=CIRCLE('generated circle',#14212,2.2) ;
#14227=CIRCLE('generated circle',#14226,2.2) ;
#14241=CIRCLE('generated circle',#14240,2.2) ;
#14599=CIRCLE('generated circle',#14598,3.00714285714) ;
#14684=CIRCLE('generated circle',#14683,2.2) ;
#14701=CIRCLE('generated circle',#14700,2.2) ;
#14756=CIRCLE('generated circle',#14755,2.2) ;
#14797=CIRCLE('generated circle',#14796,2.2) ;
#14821=CIRCLE('generated circle',#14820,3.00714285714) ;
#14826=CIRCLE('generated circle',#14825,3.00714285714) ;
#14850=CIRCLE('generated circle',#14849,3.00714285714) ;
#14876=CIRCLE('generated circle',#14875,4.85) ;
#14885=CIRCLE('generated circle',#14884,4.85) ;
#14943=CIRCLE('generated circle',#14942,4.85) ;
#14969=CIRCLE('generated circle',#14968,4.85) ;
#15086=CIRCLE('generated circle',#15085,0.5) ;
#15100=CIRCLE('generated circle',#15099,0.5) ;
#15117=CIRCLE('generated circle',#15116,0.5) ;
#15124=CIRCLE('generated circle',#15123,0.5) ;
#15148=CIRCLE('generated circle',#15147,1.3) ;
#15178=CIRCLE('generated circle',#15177,1.3) ;
#15211=CIRCLE('generated circle',#15210,0.5) ;
#15225=CIRCLE('generated circle',#15224,0.5) ;
#15287=CIRCLE('generated circle',#15286,3.2) ;
#15301=CIRCLE('generated circle',#15300,3.2) ;
#15315=CIRCLE('generated circle',#15314,3.2) ;
#15329=CIRCLE('generated circle',#15328,3.2) ;
#15390=CIRCLE('generated circle',#15389,2.5) ;
#15404=CIRCLE('generated circle',#15403,2.5) ;
#15430=CIRCLE('generated circle',#15429,2.5) ;
#15435=CIRCLE('generated circle',#15434,2.5) ;
#15483=CIRCLE('generated circle',#15482,2.5) ;
#15497=CIRCLE('generated circle',#15496,2.5) ;
#15545=CIRCLE('generated circle',#15544,2.5) ;
#15559=CIRCLE('generated circle',#15558,2.5) ;
#15598=CIRCLE('generated circle',#15597,0.5) ;
#15612=CIRCLE('generated circle',#15611,0.5) ;
#15656=CIRCLE('generated circle',#15655,7.2) ;
#15672=CIRCLE('generated circle',#15671,7.2) ;
#15691=CIRCLE('generated circle',#15690,7.2) ;
#15696=CIRCLE('generated circle',#15695,7.2) ;
#15708=CIRCLE('generated circle',#15707,1.3) ;
#15724=CIRCLE('generated circle',#15723,1.3) ;
#15765=CIRCLE('generated circle',#15764,7.9) ;
#15774=CIRCLE('generated circle',#15773,7.9) ;
#15789=CIRCLE('generated circle',#15788,7.9) ;
#15798=CIRCLE('generated circle',#15797,7.9) ;
#15927=CIRCLE('generated circle',#15926,1.3) ;
#15958=CIRCLE('generated circle',#15957,1.3) ;
#15999=CIRCLE('generated circle',#15998,1.3) ;
#16054=CIRCLE('generated circle',#16053,1.3) ;
#16105=CIRCLE('generated circle',#16104,0.6) ;
#16119=CIRCLE('generated circle',#16118,0.6) ;
#16162=CIRCLE('generated circle',#16161,0.6) ;
#16176=CIRCLE('generated circle',#16175,0.6) ;
#16196=CIRCLE('generated circle',#16195,1.5) ;
#16205=CIRCLE('generated circle',#16204,1.5) ;
#16214=CIRCLE('generated circle',#16213,1.5) ;
#16223=CIRCLE('generated circle',#16222,1.5) ;
#16292=CIRCLE('generated circle',#16291,3.2) ;
#16309=CIRCLE('generated circle',#16308,3.2) ;
#16364=CIRCLE('generated circle',#16363,3.2) ;
#16412=CIRCLE('generated circle',#16411,3.2) ;
#16456=CIRCLE('generated circle',#16455,9.25) ;
#16465=CIRCLE('generated circle',#16464,9.25) ;
#16599=CIRCLE('generated circle',#16598,0.6) ;
#16647=CIRCLE('generated circle',#16646,0.6) ;
#16745=CIRCLE('generated circle',#16744,0.6) ;
#16793=CIRCLE('generated circle',#16792,0.6) ;
#16876=CIRCLE('generated circle',#16875,1.5) ;
#16888=CIRCLE('generated circle',#16887,1.5) ;
#16929=CIRCLE('generated circle',#16928,1.5) ;
#16941=CIRCLE('generated circle',#16940,1.5) ;
#17006=CIRCLE('generated circle',#17005,3.11) ;
#17020=CIRCLE('generated circle',#17019,3.25106158457) ;
#17032=CIRCLE('generated circle',#17031,3.11) ;
#17037=CIRCLE('generated circle',#17036,3.25106158457) ;
#17058=CIRCLE('generated circle',#17057,2.21) ;
#17067=CIRCLE('generated circle',#17066,2.21) ;
#17082=CIRCLE('generated circle',#17081,4.7) ;
#17091=CIRCLE('generated circle',#17090,4.7) ;
#17124=CIRCLE('generated circle',#17123,4.7) ;
#17136=CIRCLE('generated circle',#17135,4.7) ;
#17157=CIRCLE('generated circle',#17156,3.95) ;
#17166=CIRCLE('generated circle',#17165,3.95) ;
#17195=CIRCLE('generated circle',#17194,3.95) ;
#17207=CIRCLE('generated circle',#17206,3.95) ;
#17224=CIRCLE('generated circle',#17223,0.3) ;
#17233=CIRCLE('generated circle',#17232,5.8) ;
#17240=CIRCLE('generated circle',#17239,0.3) ;
#17247=CIRCLE('generated circle',#17246,6.4) ;
#17259=CIRCLE('generated circle',#17258,5.8) ;
#17264=CIRCLE('generated circle',#17263,6.4) ;
#17285=CIRCLE('generated circle',#17284,4.2) ;
#17294=CIRCLE('generated circle',#17293,4.2) ;
#17304=CIRCLE('generated circle',#17303,7.) ;
#17313=CIRCLE('generated circle',#17312,7.) ;
#17332=CIRCLE('generated circle',#17331,4.) ;
#17341=CIRCLE('generated circle',#17340,0.2) ;
#17346=CIRCLE('generated circle',#17345,0.2) ;
#17363=CIRCLE('generated circle',#17362,4.) ;
#17394=CIRCLE('generated circle',#17393,7.) ;
#17406=CIRCLE('generated circle',#17405,7.) ;
#17430=CIRCLE('generated circle',#17429,4.) ;
#17449=CIRCLE('generated circle',#17448,4.) ;
#17466=CIRCLE('generated circle',#17465,8.8) ;
#17475=CIRCLE('generated circle',#17474,8.8) ;
#17508=CIRCLE('generated circle',#17507,0.2) ;
#17515=CIRCLE('generated circle',#17514,9.) ;
#17522=CIRCLE('generated circle',#17521,0.2) ;
#17539=CIRCLE('generated circle',#17538,9.) ;
#17563=CIRCLE('generated circle',#17562,9.) ;
#17582=CIRCLE('generated circle',#17581,9.) ;
#17603=CIRCLE('generated circle',#17602,2.41) ;
#17612=CIRCLE('generated circle',#17611,2.41) ;
#17641=CIRCLE('generated circle',#17640,2.21) ;
#17653=CIRCLE('generated circle',#17652,2.21) ;
#743=CONICAL_SURFACE('Cone',#742,0.,0.785398163397) ;
#783=CONICAL_SURFACE('Cone',#782,0.,0.785398163397) ;
#876=CONICAL_SURFACE('Cone',#875,0.,0.785398163397) ;
#947=CONICAL_SURFACE('Cone',#946,0.,0.785398163397) ;
#1009=CONICAL_SURFACE('Cone',#1008,0.,0.785398163397) ;
#1071=CONICAL_SURFACE('Cone',#1070,0.,0.785398163397) ;
#1396=CONICAL_SURFACE('Cone',#1395,4.4,1.03907225954) ;
#3355=CONICAL_SURFACE('Cone',#3354,4.6,0.380506377112) ;
#4064=CONICAL_SURFACE('Cone',#4063,0.,0.785398163397) ;
#4119=CONICAL_SURFACE('Cone',#4118,0.,0.785398163397) ;
#4406=CONICAL_SURFACE('Cone',#4405,0.,0.785398163397) ;
#4461=CONICAL_SURFACE('Cone',#4460,0.,0.785398163397) ;
#4600=CONICAL_SURFACE('Cone',#4599,0.,0.785398163397) ;
#4622=CONICAL_SURFACE('Cone',#4621,0.,0.785398163397) ;
#5676=CONICAL_SURFACE('Cone',#5675,0.,0.785398163397) ;
#5698=CONICAL_SURFACE('Cone',#5697,0.,0.785398163397) ;
#7431=CONICAL_SURFACE('Cone',#7430,0.,0.785398163397) ;
#7543=CONICAL_SURFACE('Cone',#7542,0.,0.785398163397) ;
#9457=CONICAL_SURFACE('Cone',#9456,6.3,0.785398163397) ;
#9680=CONICAL_SURFACE('Cone',#9679,3.11,0.174532925199) ;
#10310=CONICAL_SURFACE('Cone',#10309,2.21,0.785398163397) ;
#11429=CONICAL_SURFACE('Cone',#11428,0.,0.785398163397) ;
#11500=CONICAL_SURFACE('Cone',#11499,0.,0.785398163397) ;
#11562=CONICAL_SURFACE('Cone',#11561,0.,0.785398163397) ;
#11624=CONICAL_SURFACE('Cone',#11623,0.,0.785398163397) ;
#14982=CONICAL_SURFACE('Cone',#14981,0.,0.785398163397) ;
#15004=CONICAL_SURFACE('Cone',#15003,0.,0.785398163397) ;
#16993=CONICAL_SURFACE('Cone',#16992,3.11,0.174532925199) ;
#17623=CONICAL_SURFACE('Cone',#17622,2.21,0.785398163397) ;
#833=CYLINDRICAL_SURFACE('generated cylinder',#832,1.5) ;
#1282=CYLINDRICAL_SURFACE('generated cylinder',#1281,1.7) ;
#1316=CYLINDRICAL_SURFACE('generated cylinder',#1315,1.7) ;
#1350=CYLINDRICAL_SURFACE('generated cylinder',#1349,1.7) ;
#1367=CYLINDRICAL_SURFACE('generated cylinder',#1366,1.7) ;
#1523=CYLINDRICAL_SURFACE('generated cylinder',#1522,8.) ;
#1566=CYLINDRICAL_SURFACE('generated cylinder',#1565,5.1) ;
#1681=CYLINDRICAL_SURFACE('generated cylinder',#1680,4.7) ;
#1764=CYLINDRICAL_SURFACE('generated cylinder',#1763,2.5) ;
#1826=CYLINDRICAL_SURFACE('generated cylinder',#1825,0.2) ;
#1888=CYLINDRICAL_SURFACE('generated cylinder',#1887,0.2) ;
#1950=CYLINDRICAL_SURFACE('generated cylinder',#1949,0.2) ;
#2012=CYLINDRICAL_SURFACE('generated cylinder',#2011,0.2) ;
#2069=CYLINDRICAL_SURFACE('generated cylinder',#2068,2.5) ;
#2131=CYLINDRICAL_SURFACE('generated cylinder',#2130,2.5) ;
#2193=CYLINDRICAL_SURFACE('generated cylinder',#2192,0.2) ;
#2250=CYLINDRICAL_SURFACE('generated cylinder',#2249,0.2) ;
#2312=CYLINDRICAL_SURFACE('generated cylinder',#2311,0.2) ;
#2369=CYLINDRICAL_SURFACE('generated cylinder',#2368,0.2) ;
#2400=CYLINDRICAL_SURFACE('generated cylinder',#2399,2.5) ;
#2515=CYLINDRICAL_SURFACE('generated cylinder',#2514,3.5) ;
#2563=CYLINDRICAL_SURFACE('generated cylinder',#2562,3.5) ;
#2611=CYLINDRICAL_SURFACE('generated cylinder',#2610,3.5) ;
#2635=CYLINDRICAL_SURFACE('generated cylinder',#2634,3.5) ;
#2676=CYLINDRICAL_SURFACE('generated cylinder',#2675,6.) ;
#2773=CYLINDRICAL_SURFACE('generated cylinder',#2772,0.2) ;
#2816=CYLINDRICAL_SURFACE('generated cylinder',#2815,0.2) ;
#2859=CYLINDRICAL_SURFACE('generated cylinder',#2858,0.2) ;
#2902=CYLINDRICAL_SURFACE('generated cylinder',#2901,3.2) ;
#2945=CYLINDRICAL_SURFACE('generated cylinder',#2944,3.2) ;
#2988=CYLINDRICAL_SURFACE('generated cylinder',#2987,0.2) ;
#3031=CYLINDRICAL_SURFACE('generated cylinder',#3030,0.2) ;
#3074=CYLINDRICAL_SURFACE('generated cylinder',#3073,0.2) ;
#3200=CYLINDRICAL_SURFACE('generated cylinder',#3199,0.2) ;
#3229=CYLINDRICAL_SURFACE('generated cylinder',#3228,3.2) ;
#3258=CYLINDRICAL_SURFACE('generated cylinder',#3257,3.2) ;
#3275=CYLINDRICAL_SURFACE('generated cylinder',#3274,0.2) ;
#3384=CYLINDRICAL_SURFACE('generated cylinder',#3383,1.5) ;
#3437=CYLINDRICAL_SURFACE('generated cylinder',#3436,1.5) ;
#3608=CYLINDRICAL_SURFACE('generated cylinder',#3607,0.2) ;
#3687=CYLINDRICAL_SURFACE('generated cylinder',#3686,0.2) ;
#3735=CYLINDRICAL_SURFACE('generated cylinder',#3734,0.2) ;
#3783=CYLINDRICAL_SURFACE('generated cylinder',#3782,0.2) ;
#3843=CYLINDRICAL_SURFACE('generated cylinder',#3842,4.7) ;
#3900=CYLINDRICAL_SURFACE('generated cylinder',#3899,5.5) ;
#3985=CYLINDRICAL_SURFACE('generated cylinder',#3984,2.) ;
#4016=CYLINDRICAL_SURFACE('generated cylinder',#4015,2.) ;
#4207=CYLINDRICAL_SURFACE('generated cylinder',#4206,2.) ;
#4262=CYLINDRICAL_SURFACE('generated cylinder',#4261,2.) ;
#4352=CYLINDRICAL_SURFACE('generated cylinder',#4351,3.2) ;
#4379=CYLINDRICAL_SURFACE('generated cylinder',#4378,3.2) ;
#4519=CYLINDRICAL_SURFACE('generated cylinder',#4518,4.3) ;
#4981=CYLINDRICAL_SURFACE('generated cylinder',#4980,3.) ;
#4998=CYLINDRICAL_SURFACE('generated cylinder',#4997,3.) ;
#5055=CYLINDRICAL_SURFACE('generated cylinder',#5054,3.) ;
#5089=CYLINDRICAL_SURFACE('generated cylinder',#5088,3.) ;
#5367=CYLINDRICAL_SURFACE('generated cylinder',#5366,2.2) ;
#5391=CYLINDRICAL_SURFACE('generated cylinder',#5390,2.2) ;
#5439=CYLINDRICAL_SURFACE('generated cylinder',#5438,2.2) ;
#5487=CYLINDRICAL_SURFACE('generated cylinder',#5486,2.2) ;
#5511=CYLINDRICAL_SURFACE('generated cylinder',#5510,3.00714285714) ;
#5590=CYLINDRICAL_SURFACE('generated cylinder',#5589,3.00714285714) ;
#5633=CYLINDRICAL_SURFACE('generated cylinder',#5632,4.85) ;
#5783=CYLINDRICAL_SURFACE('generated cylinder',#5782,0.5) ;
#5814=CYLINDRICAL_SURFACE('generated cylinder',#5813,0.5) ;
#6281=CYLINDRICAL_SURFACE('generated cylinder',#6280,2.5) ;
#6312=CYLINDRICAL_SURFACE('generated cylinder',#6311,2.5) ;
#6374=CYLINDRICAL_SURFACE('generated cylinder',#6373,2.5) ;
#6436=CYLINDRICAL_SURFACE('generated cylinder',#6435,2.5) ;
#6547=CYLINDRICAL_SURFACE('generated cylinder',#6546,7.2) ;
#6708=CYLINDRICAL_SURFACE('generated cylinder',#6707,7.9) ;
#6754=CYLINDRICAL_SURFACE('generated cylinder',#6753,0.5) ;
#6766=CYLINDRICAL_SURFACE('generated cylinder',#6765,0.5) ;
#6818=CYLINDRICAL_SURFACE('generated cylinder',#6817,1.3) ;
#6842=CYLINDRICAL_SURFACE('generated cylinder',#6841,1.3) ;
#6890=CYLINDRICAL_SURFACE('generated cylinder',#6889,1.3) ;
#6938=CYLINDRICAL_SURFACE('generated cylinder',#6937,1.3) ;
#7194=CYLINDRICAL_SURFACE('generated cylinder',#7193,3.2) ;
#7218=CYLINDRICAL_SURFACE('generated cylinder',#7217,3.2) ;
#7266=CYLINDRICAL_SURFACE('generated cylinder',#7265,3.2) ;
#7314=CYLINDRICAL_SURFACE('generated cylinder',#7313,3.2) ;
#7693=CYLINDRICAL_SURFACE('generated cylinder',#7692,9.25) ;
#7753=CYLINDRICAL_SURFACE('generated cylinder',#7752,0.6) ;
#7801=CYLINDRICAL_SURFACE('generated cylinder',#7800,0.6) ;
#7906=CYLINDRICAL_SURFACE('generated cylinder',#7905,0.6) ;
#7954=CYLINDRICAL_SURFACE('generated cylinder',#7953,0.6) ;
#8023=CYLINDRICAL_SURFACE('generated cylinder',#8022,6.3) ;
#9428=CYLINDRICAL_SURFACE('generated cylinder',#9427,1.65) ;
#9538=CYLINDRICAL_SURFACE('generated cylinder',#9537,1.5) ;
#9591=CYLINDRICAL_SURFACE('generated cylinder',#9590,1.5) ;
#9793=CYLINDRICAL_SURFACE('generated cylinder',#9792,4.7) ;
#9864=CYLINDRICAL_SURFACE('generated cylinder',#9863,3.95) ;
#10063=CYLINDRICAL_SURFACE('generated cylinder',#10062,7.) ;
#10106=CYLINDRICAL_SURFACE('generated cylinder',#10105,4.) ;
#10239=CYLINDRICAL_SURFACE('generated cylinder',#10238,9.) ;
#10353=CYLINDRICAL_SURFACE('generated cylinder',#10352,2.21) ;
#10526=CYLINDRICAL_SURFACE('generated cylinder',#10525,7.) ;
#10569=CYLINDRICAL_SURFACE('generated cylinder',#10568,3.95) ;
#10640=CYLINDRICAL_SURFACE('generated cylinder',#10639,4.) ;
#10740=CYLINDRICAL_SURFACE('generated cylinder',#10739,4.7) ;
#11817=CYLINDRICAL_SURFACE('generated cylinder',#11816,1.7) ;
#11851=CYLINDRICAL_SURFACE('generated cylinder',#11850,1.7) ;
#11885=CYLINDRICAL_SURFACE('generated cylinder',#11884,1.7) ;
#11902=CYLINDRICAL_SURFACE('generated cylinder',#11901,1.7) ;
#12015=CYLINDRICAL_SURFACE('generated cylinder',#12014,8.) ;
#12058=CYLINDRICAL_SURFACE('generated cylinder',#12057,5.1) ;
#12173=CYLINDRICAL_SURFACE('generated cylinder',#12172,4.7) ;
#12256=CYLINDRICAL_SURFACE('generated cylinder',#12255,2.5) ;
#12318=CYLINDRICAL_SURFACE('generated cylinder',#12317,0.2) ;
#12380=CYLINDRICAL_SURFACE('generated cylinder',#12379,0.2) ;
#12442=CYLINDRICAL_SURFACE('generated cylinder',#12441,0.2) ;
#12504=CYLINDRICAL_SURFACE('generated cylinder',#12503,0.2) ;
#12561=CYLINDRICAL_SURFACE('generated cylinder',#12560,2.5) ;
#12623=CYLINDRICAL_SURFACE('generated cylinder',#12622,2.5) ;
#12685=CYLINDRICAL_SURFACE('generated cylinder',#12684,0.2) ;
#12742=CYLINDRICAL_SURFACE('generated cylinder',#12741,0.2) ;
#12804=CYLINDRICAL_SURFACE('generated cylinder',#12803,0.2) ;
#12861=CYLINDRICAL_SURFACE('generated cylinder',#12860,0.2) ;
#12892=CYLINDRICAL_SURFACE('generated cylinder',#12891,2.5) ;
#13007=CYLINDRICAL_SURFACE('generated cylinder',#13006,3.5) ;
#13055=CYLINDRICAL_SURFACE('generated cylinder',#13054,3.5) ;
#13103=CYLINDRICAL_SURFACE('generated cylinder',#13102,3.5) ;
#13127=CYLINDRICAL_SURFACE('generated cylinder',#13126,3.5) ;
#13168=CYLINDRICAL_SURFACE('generated cylinder',#13167,6.) ;
#13265=CYLINDRICAL_SURFACE('generated cylinder',#13264,0.2) ;
#13308=CYLINDRICAL_SURFACE('generated cylinder',#13307,0.2) ;
#13351=CYLINDRICAL_SURFACE('generated cylinder',#13350,0.2) ;
#13394=CYLINDRICAL_SURFACE('generated cylinder',#13393,3.2) ;
#13437=CYLINDRICAL_SURFACE('generated cylinder',#13436,3.2) ;
#13480=CYLINDRICAL_SURFACE('generated cylinder',#13479,0.2) ;
#13523=CYLINDRICAL_SURFACE('generated cylinder',#13522,0.2) ;
#13566=CYLINDRICAL_SURFACE('generated cylinder',#13565,0.2) ;
#13692=CYLINDRICAL_SURFACE('generated cylinder',#13691,0.2) ;
#13721=CYLINDRICAL_SURFACE('generated cylinder',#13720,3.2) ;
#13750=CYLINDRICAL_SURFACE('generated cylinder',#13749,3.2) ;
#13767=CYLINDRICAL_SURFACE('generated cylinder',#13766,0.2) ;
#13833=CYLINDRICAL_SURFACE('generated cylinder',#13832,1.5) ;
#13886=CYLINDRICAL_SURFACE('generated cylinder',#13885,1.5) ;
#14287=CYLINDRICAL_SURFACE('generated cylinder',#14286,3.) ;
#14304=CYLINDRICAL_SURFACE('generated cylinder',#14303,3.) ;
#14361=CYLINDRICAL_SURFACE('generated cylinder',#14360,3.) ;
#14395=CYLINDRICAL_SURFACE('generated cylinder',#14394,3.) ;
#14673=CYLINDRICAL_SURFACE('generated cylinder',#14672,2.2) ;
#14697=CYLINDRICAL_SURFACE('generated cylinder',#14696,2.2) ;
#14745=CYLINDRICAL_SURFACE('generated cylinder',#14744,2.2) ;
#14793=CYLINDRICAL_SURFACE('generated cylinder',#14792,2.2) ;
#14817=CYLINDRICAL_SURFACE('generated cylinder',#14816,3.00714285714) ;
#14896=CYLINDRICAL_SURFACE('generated cylinder',#14895,3.00714285714) ;
#14939=CYLINDRICAL_SURFACE('generated cylinder',#14938,4.85) ;
#15082=CYLINDRICAL_SURFACE('generated cylinder',#15081,0.5) ;
#15113=CYLINDRICAL_SURFACE('generated cylinder',#15112,0.5) ;
#15386=CYLINDRICAL_SURFACE('generated cylinder',#15385,2.5) ;
#15417=CYLINDRICAL_SURFACE('generated cylinder',#15416,2.5) ;
#15479=CYLINDRICAL_SURFACE('generated cylinder',#15478,2.5) ;
#15541=CYLINDRICAL_SURFACE('generated cylinder',#15540,2.5) ;
#15652=CYLINDRICAL_SURFACE('generated cylinder',#15651,7.2) ;
#15813=CYLINDRICAL_SURFACE('generated cylinder',#15812,7.9) ;
#15859=CYLINDRICAL_SURFACE('generated cylinder',#15858,0.5) ;
#15871=CYLINDRICAL_SURFACE('generated cylinder',#15870,0.5) ;
#15923=CYLINDRICAL_SURFACE('generated cylinder',#15922,1.3) ;
#15947=CYLINDRICAL_SURFACE('generated cylinder',#15946,1.3) ;
#15995=CYLINDRICAL_SURFACE('generated cylinder',#15994,1.3) ;
#16043=CYLINDRICAL_SURFACE('generated cylinder',#16042,1.3) ;
#16281=CYLINDRICAL_SURFACE('generated cylinder',#16280,3.2) ;
#16305=CYLINDRICAL_SURFACE('generated cylinder',#16304,3.2) ;
#16353=CYLINDRICAL_SURFACE('generated cylinder',#16352,3.2) ;
#16401=CYLINDRICAL_SURFACE('generated cylinder',#16400,3.2) ;
#16528=CYLINDRICAL_SURFACE('generated cylinder',#16527,9.25) ;
#16588=CYLINDRICAL_SURFACE('generated cylinder',#16587,0.6) ;
#16636=CYLINDRICAL_SURFACE('generated cylinder',#16635,0.6) ;
#16741=CYLINDRICAL_SURFACE('generated cylinder',#16740,0.6) ;
#16789=CYLINDRICAL_SURFACE('generated cylinder',#16788,0.6) ;
#16858=CYLINDRICAL_SURFACE('generated cylinder',#16857,1.5) ;
#16911=CYLINDRICAL_SURFACE('generated cylinder',#16910,1.5) ;
#17106=CYLINDRICAL_SURFACE('generated cylinder',#17105,4.7) ;
#17177=CYLINDRICAL_SURFACE('generated cylinder',#17176,3.95) ;
#17376=CYLINDRICAL_SURFACE('generated cylinder',#17375,7.) ;
#17419=CYLINDRICAL_SURFACE('generated cylinder',#17418,4.) ;
#17552=CYLINDRICAL_SURFACE('generated cylinder',#17551,9.) ;
#17666=CYLINDRICAL_SURFACE('generated cylinder',#17665,2.21) ;
#77=LINE('Line',#74,#76) ;
#86=LINE('Line',#83,#85) ;
#93=LINE('Line',#90,#92) ;
#100=LINE('Line',#97,#99) ;
#117=LINE('Line',#114,#116) ;
#126=LINE('Line',#123,#125) ;
#131=LINE('Line',#128,#130) ;
#148=LINE('Line',#145,#147) ;
#155=LINE('Line',#152,#154) ;
#162=LINE('Line',#159,#161) ;
#179=LINE('Line',#176,#178) ;
#186=LINE('Line',#183,#185) ;
#193=LINE('Line',#190,#192) ;
#200=LINE('Line',#197,#199) ;
#207=LINE('Line',#204,#206) ;
#214=LINE('Line',#211,#213) ;
#221=LINE('Line',#218,#220) ;
#228=LINE('Line',#225,#227) ;
#235=LINE('Line',#232,#234) ;
#260=LINE('Line',#257,#259) ;
#267=LINE('Line',#264,#266) ;
#284=LINE('Line',#281,#283) ;
#291=LINE('Line',#288,#290) ;
#308=LINE('Line',#305,#307) ;
#315=LINE('Line',#312,#314) ;
#327=LINE('Line',#324,#326) ;
#334=LINE('Line',#331,#333) ;
#351=LINE('Line',#348,#350) ;
#358=LINE('Line',#355,#357) ;
#370=LINE('Line',#367,#369) ;
#377=LINE('Line',#374,#376) ;
#389=LINE('Line',#386,#388) ;
#396=LINE('Line',#393,#395) ;
#413=LINE('Line',#410,#412) ;
#420=LINE('Line',#417,#419) ;
#432=LINE('Line',#429,#431) ;
#449=LINE('Line',#446,#448) ;
#465=LINE('Line',#462,#464) ;
#479=LINE('Line',#476,#478) ;
#493=LINE('Line',#490,#492) ;
#538=LINE('Line',#535,#537) ;
#552=LINE('Line',#549,#551) ;
#566=LINE('Line',#563,#565) ;
#580=LINE('Line',#577,#579) ;
#594=LINE('Line',#591,#593) ;
#608=LINE('Line',#605,#607) ;
#622=LINE('Line',#619,#621) ;
#636=LINE('Line',#633,#635) ;
#650=LINE('Line',#647,#649) ;
#664=LINE('Line',#661,#663) ;
#678=LINE('Line',#675,#677) ;
#692=LINE('Line',#689,#691) ;
#747=LINE('Line',#744,#746) ;
#763=LINE('Line',#760,#762) ;
#837=LINE('Line',#834,#836) ;
#851=LINE('Line',#848,#850) ;
#880=LINE('Line',#877,#879) ;
#896=LINE('Line',#893,#895) ;
#920=LINE('Line',#917,#919) ;
#929=LINE('Line',#926,#928) ;
#934=LINE('Line',#931,#933) ;
#951=LINE('Line',#948,#950) ;
#982=LINE('Line',#979,#981) ;
#991=LINE('Line',#988,#990) ;
#996=LINE('Line',#993,#995) ;
#1013=LINE('Line',#1010,#1012) ;
#1044=LINE('Line',#1041,#1043) ;
#1053=LINE('Line',#1050,#1052) ;
#1058=LINE('Line',#1055,#1057) ;
#1075=LINE('Line',#1072,#1074) ;
#1106=LINE('Line',#1103,#1105) ;
#1111=LINE('Line',#1108,#1110) ;
#1138=LINE('Line',#1135,#1137) ;
#1154=LINE('Line',#1151,#1153) ;
#1168=LINE('Line',#1165,#1167) ;
#1182=LINE('Line',#1179,#1181) ;
#1264=LINE('Line',#1261,#1263) ;
#1269=LINE('Line',#1266,#1268) ;
#1286=LINE('Line',#1283,#1285) ;
#1303=LINE('Line',#1300,#1302) ;
#1320=LINE('Line',#1317,#1319) ;
#1337=LINE('Line',#1334,#1336) ;
#1354=LINE('Line',#1351,#1353) ;
#1371=LINE('Line',#1368,#1370) ;
#1409=LINE('Line',#1406,#1408) ;
#1414=LINE('Line',#1411,#1413) ;
#1536=LINE('Line',#1533,#1535) ;
#1541=LINE('Line',#1538,#1540) ;
#1579=LINE('Line',#1576,#1578) ;
#1584=LINE('Line',#1581,#1583) ;
#1694=LINE('Line',#1691,#1693) ;
#1699=LINE('Line',#1696,#1698) ;
#1728=LINE('Line',#1725,#1727) ;
#1737=LINE('Line',#1734,#1736) ;
#1744=LINE('Line',#1741,#1743) ;
#1751=LINE('Line',#1748,#1750) ;
#1782=LINE('Line',#1779,#1781) ;
#1799=LINE('Line',#1796,#1798) ;
#1806=LINE('Line',#1803,#1805) ;
#1813=LINE('Line',#1810,#1812) ;
#1844=LINE('Line',#1841,#1843) ;
#1861=LINE('Line',#1858,#1860) ;
#1868=LINE('Line',#1865,#1867) ;
#1875=LINE('Line',#1872,#1874) ;
#1892=LINE('Line',#1889,#1891) ;
#1923=LINE('Line',#1920,#1922) ;
#1930=LINE('Line',#1927,#1929) ;
#1937=LINE('Line',#1934,#1936) ;
#1954=LINE('Line',#1951,#1953) ;
#1985=LINE('Line',#1982,#1984) ;
#1992=LINE('Line',#1989,#1991) ;
#1999=LINE('Line',#1996,#1998) ;
#2030=LINE('Line',#2027,#2029) ;
#2042=LINE('Line',#2039,#2041) ;
#2051=LINE('Line',#2048,#2050) ;
#2056=LINE('Line',#2053,#2055) ;
#2087=LINE('Line',#2084,#2086) ;
#2104=LINE('Line',#2101,#2103) ;
#2111=LINE('Line',#2108,#2110) ;
#2118=LINE('Line',#2115,#2117) ;
#2149=LINE('Line',#2146,#2148) ;
#2166=LINE('Line',#2163,#2165) ;
#2173=LINE('Line',#2170,#2172) ;
#2180=LINE('Line',#2177,#2179) ;
#2211=LINE('Line',#2208,#2210) ;
#2223=LINE('Line',#2220,#2222) ;
#2230=LINE('Line',#2227,#2229) ;
#2237=LINE('Line',#2234,#2236) ;
#2254=LINE('Line',#2251,#2253) ;
#2285=LINE('Line',#2282,#2284) ;
#2292=LINE('Line',#2289,#2291) ;
#2299=LINE('Line',#2296,#2298) ;
#2316=LINE('Line',#2313,#2315) ;
#2342=LINE('Line',#2339,#2341) ;
#2349=LINE('Line',#2346,#2348) ;
#2356=LINE('Line',#2353,#2355) ;
#2387=LINE('Line',#2384,#2386) ;
#2411=LINE('Line',#2408,#2410) ;
#2430=LINE('Line',#2427,#2429) ;
#2435=LINE('Line',#2432,#2434) ;
#2488=LINE('Line',#2485,#2487) ;
#2495=LINE('Line',#2492,#2494) ;
#2502=LINE('Line',#2499,#2501) ;
#2519=LINE('Line',#2516,#2518) ;
#2543=LINE('Line',#2540,#2542) ;
#2550=LINE('Line',#2547,#2549) ;
#2574=LINE('Line',#2571,#2573) ;
#2591=LINE('Line',#2588,#2590) ;
#2598=LINE('Line',#2595,#2597) ;
#2615=LINE('Line',#2612,#2614) ;
#2646=LINE('Line',#2643,#2645) ;
#2663=LINE('Line',#2660,#2662) ;
#2689=LINE('Line',#2686,#2688) ;
#2703=LINE('Line',#2700,#2702) ;
#2746=LINE('Line',#2743,#2745) ;
#2755=LINE('Line',#2752,#2754) ;
#2760=LINE('Line',#2757,#2759) ;
#2784=LINE('Line',#2781,#2783) ;
#2796=LINE('Line',#2793,#2795) ;
#2803=LINE('Line',#2800,#2802) ;
#2827=LINE('Line',#2824,#2826) ;
#2839=LINE('Line',#2836,#2838) ;
#2846=LINE('Line',#2843,#2845) ;
#2870=LINE('Line',#2867,#2869) ;
#2882=LINE('Line',#2879,#2881) ;
#2889=LINE('Line',#2886,#2888) ;
#2913=LINE('Line',#2910,#2912) ;
#2925=LINE('Line',#2922,#2924) ;
#2932=LINE('Line',#2929,#2931) ;
#2956=LINE('Line',#2953,#2955) ;
#2968=LINE('Line',#2965,#2967) ;
#2975=LINE('Line',#2972,#2974) ;
#2999=LINE('Line',#2996,#2998) ;
#3011=LINE('Line',#3008,#3010) ;
#3018=LINE('Line',#3015,#3017) ;
#3042=LINE('Line',#3039,#3041) ;
#3054=LINE('Line',#3051,#3053) ;
#3061=LINE('Line',#3058,#3060) ;
#3078=LINE('Line',#3075,#3077) ;
#3097=LINE('Line',#3094,#3096) ;
#3104=LINE('Line',#3101,#3103) ;
#3128=LINE('Line',#3125,#3127) ;
#3142=LINE('Line',#3139,#3141) ;
#3156=LINE('Line',#3153,#3155) ;
#3204=LINE('Line',#3201,#3203) ;
#3216=LINE('Line',#3213,#3215) ;
#3233=LINE('Line',#3230,#3232) ;
#3245=LINE('Line',#3242,#3244) ;
#3262=LINE('Line',#3259,#3261) ;
#3279=LINE('Line',#3276,#3278) ;
#3359=LINE('Line',#3356,#3358) ;
#3364=LINE('Line',#3361,#3363) ;
#3388=LINE('Line',#3385,#3387) ;
#3402=LINE('Line',#3399,#3401) ;
#3441=LINE('Line',#3438,#3440) ;
#3455=LINE('Line',#3452,#3454) ;
#3522=LINE('Line',#3519,#3521) ;
#3538=LINE('Line',#3535,#3537) ;
#3552=LINE('Line',#3549,#3551) ;
#3566=LINE('Line',#3563,#3565) ;
#3619=LINE('Line',#3616,#3618) ;
#3698=LINE('Line',#3695,#3697) ;
#3746=LINE('Line',#3743,#3745) ;
#3787=LINE('Line',#3784,#3786) ;
#3813=LINE('Line',#3810,#3812) ;
#3823=LINE('Line',#3820,#3822) ;
#3847=LINE('Line',#3844,#3846) ;
#3863=LINE('Line',#3860,#3862) ;
#3904=LINE('Line',#3901,#3903) ;
#3911=LINE('Line',#3908,#3910) ;
#3989=LINE('Line',#3986,#3988) ;
#3996=LINE('Line',#3993,#3995) ;
#4020=LINE('Line',#4017,#4019) ;
#4027=LINE('Line',#4024,#4026) ;
#4051=LINE('Line',#4048,#4050) ;
#4068=LINE('Line',#4065,#4067) ;
#4082=LINE('Line',#4079,#4081) ;
#4099=LINE('Line',#4096,#4098) ;
#4106=LINE('Line',#4103,#4105) ;
#4130=LINE('Line',#4127,#4129) ;
#4147=LINE('Line',#4144,#4146) ;
#4154=LINE('Line',#4151,#4153) ;
#4179=LINE('Line',#4176,#4178) ;
#4186=LINE('Line',#4183,#4185) ;
#4211=LINE('Line',#4208,#4210) ;
#4218=LINE('Line',#4215,#4217) ;
#4242=LINE('Line',#4239,#4241) ;
#4249=LINE('Line',#4246,#4248) ;
#4266=LINE('Line',#4263,#4265) ;
#4290=LINE('Line',#4287,#4289) ;
#4297=LINE('Line',#4294,#4296) ;
#4302=LINE('Line',#4299,#4301) ;
#4323=LINE('Line',#4320,#4322) ;
#4328=LINE('Line',#4325,#4327) ;
#4335=LINE('Line',#4332,#4334) ;
#4410=LINE('Line',#4407,#4409) ;
#4424=LINE('Line',#4421,#4423) ;
#4441=LINE('Line',#4438,#4440) ;
#4448=LINE('Line',#4445,#4447) ;
#4472=LINE('Line',#4469,#4471) ;
#4489=LINE('Line',#4486,#4488) ;
#4506=LINE('Line',#4503,#4505) ;
#4532=LINE('Line',#4529,#4531) ;
#4537=LINE('Line',#4534,#4536) ;
#4604=LINE('Line',#4601,#4603) ;
#4609=LINE('Line',#4606,#4608) ;
#4680=LINE('Line',#4677,#4679) ;
#4694=LINE('Line',#4691,#4693) ;
#4701=LINE('Line',#4698,#4700) ;
#4708=LINE('Line',#4705,#4707) ;
#4715=LINE('Line',#4712,#4714) ;
#4722=LINE('Line',#4719,#4721) ;
#4736=LINE('Line',#4733,#4735) ;
#4750=LINE('Line',#4747,#4749) ;
#4757=LINE('Line',#4754,#4756) ;
#4764=LINE('Line',#4761,#4763) ;
#4771=LINE('Line',#4768,#4770) ;
#4778=LINE('Line',#4775,#4777) ;
#4825=LINE('Line',#4822,#4824) ;
#4841=LINE('Line',#4838,#4840) ;
#4855=LINE('Line',#4852,#4854) ;
#4869=LINE('Line',#4866,#4868) ;
#4900=LINE('Line',#4897,#4899) ;
#4914=LINE('Line',#4911,#4913) ;
#4928=LINE('Line',#4925,#4927) ;
#4942=LINE('Line',#4939,#4941) ;
#4963=LINE('Line',#4960,#4962) ;
#4968=LINE('Line',#4965,#4967) ;
#4985=LINE('Line',#4982,#4984) ;
#5002=LINE('Line',#4999,#5001) ;
#5019=LINE('Line',#5016,#5018) ;
#5026=LINE('Line',#5023,#5025) ;
#5033=LINE('Line',#5030,#5032) ;
#5038=LINE('Line',#5035,#5037) ;
#5059=LINE('Line',#5056,#5058) ;
#5076=LINE('Line',#5073,#5075) ;
#5093=LINE('Line',#5090,#5092) ;
#5110=LINE('Line',#5107,#5109) ;
#5117=LINE('Line',#5114,#5116) ;
#5124=LINE('Line',#5121,#5123) ;
#5145=LINE('Line',#5142,#5144) ;
#5154=LINE('Line',#5151,#5153) ;
#5159=LINE('Line',#5156,#5158) ;
#5176=LINE('Line',#5173,#5175) ;
#5193=LINE('Line',#5190,#5192) ;
#5217=LINE('Line',#5214,#5216) ;
#5224=LINE('Line',#5221,#5223) ;
#5236=LINE('Line',#5233,#5235) ;
#5243=LINE('Line',#5240,#5242) ;
#5260=LINE('Line',#5257,#5259) ;
#5284=LINE('Line',#5281,#5283) ;
#5308=LINE('Line',#5305,#5307) ;
#5315=LINE('Line',#5312,#5314) ;
#5322=LINE('Line',#5319,#5321) ;
#5329=LINE('Line',#5326,#5328) ;
#5336=LINE('Line',#5333,#5335) ;
#5343=LINE('Line',#5340,#5342) ;
#5350=LINE('Line',#5347,#5349) ;
#5371=LINE('Line',#5368,#5370) ;
#5402=LINE('Line',#5399,#5401) ;
#5419=LINE('Line',#5416,#5418) ;
#5426=LINE('Line',#5423,#5425) ;
#5443=LINE('Line',#5440,#5442) ;
#5467=LINE('Line',#5464,#5466) ;
#5474=LINE('Line',#5471,#5473) ;
#5498=LINE('Line',#5495,#5497) ;
#5537=LINE('Line',#5534,#5536) ;
#5551=LINE('Line',#5548,#5550) ;
#5594=LINE('Line',#5591,#5593) ;
#5599=LINE('Line',#5596,#5598) ;
#5646=LINE('Line',#5643,#5645) ;
#5651=LINE('Line',#5648,#5650) ;
#5680=LINE('Line',#5677,#5679) ;
#5685=LINE('Line',#5682,#5684) ;
#5747=LINE('Line',#5744,#5746) ;
#5756=LINE('Line',#5753,#5755) ;
#5763=LINE('Line',#5760,#5762) ;
#5770=LINE('Line',#5767,#5769) ;
#5794=LINE('Line',#5791,#5793) ;
#5832=LINE('Line',#5829,#5831) ;
#5858=LINE('Line',#5855,#5857) ;
#5865=LINE('Line',#5862,#5864) ;
#5872=LINE('Line',#5869,#5871) ;
#5886=LINE('Line',#5883,#5885) ;
#5905=LINE('Line',#5902,#5904) ;
#5919=LINE('Line',#5916,#5918) ;
#5933=LINE('Line',#5930,#5932) ;
#5938=LINE('Line',#5935,#5937) ;
#5961=LINE('Line',#5958,#5960) ;
#5968=LINE('Line',#5965,#5967) ;
#5988=LINE('Line',#5985,#5987) ;
#5995=LINE('Line',#5992,#5994) ;
#6002=LINE('Line',#5999,#6001) ;
#6016=LINE('Line',#6013,#6015) ;
#6023=LINE('Line',#6020,#6022) ;
#6030=LINE('Line',#6027,#6029) ;
#6044=LINE('Line',#6041,#6043) ;
#6051=LINE('Line',#6048,#6050) ;
#6058=LINE('Line',#6055,#6057) ;
#6072=LINE('Line',#6069,#6071) ;
#6079=LINE('Line',#6076,#6078) ;
#6086=LINE('Line',#6083,#6085) ;
#6100=LINE('Line',#6097,#6099) ;
#6107=LINE('Line',#6104,#6106) ;
#6114=LINE('Line',#6111,#6113) ;
#6128=LINE('Line',#6125,#6127) ;
#6135=LINE('Line',#6132,#6134) ;
#6142=LINE('Line',#6139,#6141) ;
#6173=LINE('Line',#6170,#6172) ;
#6189=LINE('Line',#6186,#6188) ;
#6203=LINE('Line',#6200,#6202) ;
#6217=LINE('Line',#6214,#6216) ;
#6245=LINE('Line',#6242,#6244) ;
#6254=LINE('Line',#6251,#6253) ;
#6261=LINE('Line',#6258,#6260) ;
#6268=LINE('Line',#6265,#6267) ;
#6292=LINE('Line',#6289,#6291) ;
#6316=LINE('Line',#6313,#6315) ;
#6347=LINE('Line',#6344,#6346) ;
#6354=LINE('Line',#6351,#6353) ;
#6361=LINE('Line',#6358,#6360) ;
#6385=LINE('Line',#6382,#6384) ;
#6409=LINE('Line',#6406,#6408) ;
#6416=LINE('Line',#6413,#6415) ;
#6423=LINE('Line',#6420,#6422) ;
#6447=LINE('Line',#6444,#6446) ;
#6471=LINE('Line',#6468,#6470) ;
#6476=LINE('Line',#6473,#6475) ;
#6500=LINE('Line',#6497,#6499) ;
#6514=LINE('Line',#6511,#6513) ;
#6521=LINE('Line',#6518,#6520) ;
#6528=LINE('Line',#6525,#6527) ;
#6560=LINE('Line',#6557,#6559) ;
#6574=LINE('Line',#6571,#6573) ;
#6612=LINE('Line',#6609,#6611) ;
#6626=LINE('Line',#6623,#6625) ;
#6631=LINE('Line',#6628,#6630) ;
#6712=LINE('Line',#6709,#6711) ;
#6717=LINE('Line',#6714,#6716) ;
#6736=LINE('Line',#6733,#6735) ;
#6741=LINE('Line',#6738,#6740) ;
#6770=LINE('Line',#6767,#6769) ;
#6787=LINE('Line',#6784,#6786) ;
#6794=LINE('Line',#6791,#6793) ;
#6801=LINE('Line',#6798,#6800) ;
#6829=LINE('Line',#6826,#6828) ;
#6846=LINE('Line',#6843,#6845) ;
#6870=LINE('Line',#6867,#6869) ;
#6877=LINE('Line',#6874,#6876) ;
#6901=LINE('Line',#6898,#6900) ;
#6918=LINE('Line',#6915,#6917) ;
#6925=LINE('Line',#6922,#6924) ;
#6942=LINE('Line',#6939,#6941) ;
#6966=LINE('Line',#6963,#6965) ;
#7009=LINE('Line',#7006,#7008) ;
#7025=LINE('Line',#7022,#7024) ;
#7039=LINE('Line',#7036,#7038) ;
#7046=LINE('Line',#7043,#7045) ;
#7059=LINE('Line',#7056,#7058) ;
#7068=LINE('Line',#7065,#7067) ;
#7082=LINE('Line',#7079,#7081) ;
#7096=LINE('Line',#7093,#7095) ;
#7167=LINE('Line',#7164,#7166) ;
#7174=LINE('Line',#7171,#7173) ;
#7181=LINE('Line',#7178,#7180) ;
#7198=LINE('Line',#7195,#7197) ;
#7229=LINE('Line',#7226,#7228) ;
#7246=LINE('Line',#7243,#7245) ;
#7253=LINE('Line',#7250,#7252) ;
#7270=LINE('Line',#7267,#7269) ;
#7294=LINE('Line',#7291,#7293) ;
#7301=LINE('Line',#7298,#7300) ;
#7318=LINE('Line',#7315,#7317) ;
#7342=LINE('Line',#7339,#7341) ;
#7513=LINE('Line',#7510,#7512) ;
#7518=LINE('Line',#7515,#7517) ;
#7697=LINE('Line',#7694,#7696) ;
#7702=LINE('Line',#7699,#7701) ;
#7726=LINE('Line',#7723,#7725) ;
#7733=LINE('Line',#7730,#7732) ;
#7740=LINE('Line',#7737,#7739) ;
#7757=LINE('Line',#7754,#7756) ;
#7781=LINE('Line',#7778,#7780) ;
#7788=LINE('Line',#7785,#7787) ;
#7805=LINE('Line',#7802,#7804) ;
#7829=LINE('Line',#7826,#7828) ;
#7836=LINE('Line',#7833,#7835) ;
#7853=LINE('Line',#7850,#7852) ;
#7879=LINE('Line',#7876,#7878) ;
#7886=LINE('Line',#7883,#7885) ;
#7893=LINE('Line',#7890,#7892) ;
#7917=LINE('Line',#7914,#7916) ;
#7934=LINE('Line',#7931,#7933) ;
#7941=LINE('Line',#7938,#7940) ;
#7965=LINE('Line',#7962,#7964) ;
#7977=LINE('Line',#7974,#7976) ;
#7984=LINE('Line',#7981,#7983) ;
#8001=LINE('Line',#7998,#8000) ;
#8036=LINE('Line',#8033,#8035) ;
#8041=LINE('Line',#8038,#8040) ;
#8079=LINE('Line',#8076,#8078) ;
#8086=LINE('Line',#8083,#8085) ;
#8113=LINE('Line',#8110,#8112) ;
#8120=LINE('Line',#8117,#8119) ;
#8141=LINE('Line',#8138,#8140) ;
#8148=LINE('Line',#8145,#8147) ;
#8168=LINE('Line',#8165,#8167) ;
#8175=LINE('Line',#8172,#8174) ;
#8202=LINE('Line',#8199,#8201) ;
#8209=LINE('Line',#8206,#8208) ;
#8230=LINE('Line',#8227,#8229) ;
#8237=LINE('Line',#8234,#8236) ;
#8262=LINE('Line',#8259,#8261) ;
#8269=LINE('Line',#8266,#8268) ;
#8276=LINE('Line',#8273,#8275) ;
#8293=LINE('Line',#8290,#8292) ;
#8298=LINE('Line',#8295,#8297) ;
#8323=LINE('Line',#8320,#8322) ;
#8330=LINE('Line',#8327,#8329) ;
#8337=LINE('Line',#8334,#8336) ;
#8344=LINE('Line',#8341,#8343) ;
#8375=LINE('Line',#8372,#8374) ;
#8382=LINE('Line',#8379,#8381) ;
#8389=LINE('Line',#8386,#8388) ;
#8396=LINE('Line',#8393,#8395) ;
#8419=LINE('Line',#8416,#8418) ;
#8437=LINE('Line',#8434,#8436) ;
#8458=LINE('Line',#8455,#8457) ;
#8465=LINE('Line',#8462,#8464) ;
#8472=LINE('Line',#8469,#8471) ;
#8489=LINE('Line',#8486,#8488) ;
#8494=LINE('Line',#8491,#8493) ;
#8519=LINE('Line',#8516,#8518) ;
#8526=LINE('Line',#8523,#8525) ;
#8533=LINE('Line',#8530,#8532) ;
#8564=LINE('Line',#8561,#8563) ;
#8571=LINE('Line',#8568,#8570) ;
#8578=LINE('Line',#8575,#8577) ;
#8585=LINE('Line',#8582,#8584) ;
#8608=LINE('Line',#8605,#8607) ;
#8625=LINE('Line',#8622,#8624) ;
#8646=LINE('Line',#8643,#8645) ;
#8653=LINE('Line',#8650,#8652) ;
#8660=LINE('Line',#8657,#8659) ;
#8677=LINE('Line',#8674,#8676) ;
#8682=LINE('Line',#8679,#8681) ;
#8707=LINE('Line',#8704,#8706) ;
#8714=LINE('Line',#8711,#8713) ;
#8721=LINE('Line',#8718,#8720) ;
#8752=LINE('Line',#8749,#8751) ;
#8759=LINE('Line',#8756,#8758) ;
#8766=LINE('Line',#8763,#8765) ;
#8773=LINE('Line',#8770,#8772) ;
#8796=LINE('Line',#8793,#8795) ;
#8813=LINE('Line',#8810,#8812) ;
#8834=LINE('Line',#8831,#8833) ;
#8841=LINE('Line',#8838,#8840) ;
#8848=LINE('Line',#8845,#8847) ;
#8865=LINE('Line',#8862,#8864) ;
#8870=LINE('Line',#8867,#8869) ;
#8895=LINE('Line',#8892,#8894) ;
#8902=LINE('Line',#8899,#8901) ;
#8909=LINE('Line',#8906,#8908) ;
#8940=LINE('Line',#8937,#8939) ;
#8947=LINE('Line',#8944,#8946) ;
#8954=LINE('Line',#8951,#8953) ;
#8961=LINE('Line',#8958,#8960) ;
#8984=LINE('Line',#8981,#8983) ;
#9002=LINE('Line',#8999,#9001) ;
#9023=LINE('Line',#9020,#9022) ;
#9030=LINE('Line',#9027,#9029) ;
#9037=LINE('Line',#9034,#9036) ;
#9054=LINE('Line',#9051,#9053) ;
#9059=LINE('Line',#9056,#9058) ;
#9084=LINE('Line',#9081,#9083) ;
#9091=LINE('Line',#9088,#9090) ;
#9098=LINE('Line',#9095,#9097) ;
#9129=LINE('Line',#9126,#9128) ;
#9136=LINE('Line',#9133,#9135) ;
#9143=LINE('Line',#9140,#9142) ;
#9150=LINE('Line',#9147,#9149) ;
#9173=LINE('Line',#9170,#9172) ;
#9190=LINE('Line',#9187,#9189) ;
#9211=LINE('Line',#9208,#9210) ;
#9218=LINE('Line',#9215,#9217) ;
#9225=LINE('Line',#9222,#9224) ;
#9242=LINE('Line',#9239,#9241) ;
#9247=LINE('Line',#9244,#9246) ;
#9272=LINE('Line',#9269,#9271) ;
#9279=LINE('Line',#9276,#9278) ;
#9286=LINE('Line',#9283,#9285) ;
#9317=LINE('Line',#9314,#9316) ;
#9324=LINE('Line',#9321,#9323) ;
#9331=LINE('Line',#9328,#9330) ;
#9354=LINE('Line',#9351,#9353) ;
#9371=LINE('Line',#9368,#9370) ;
#9432=LINE('Line',#9429,#9431) ;
#9437=LINE('Line',#9434,#9436) ;
#9461=LINE('Line',#9458,#9460) ;
#9475=LINE('Line',#9472,#9474) ;
#9542=LINE('Line',#9539,#9541) ;
#9549=LINE('Line',#9546,#9548) ;
#9595=LINE('Line',#9592,#9594) ;
#9602=LINE('Line',#9599,#9601) ;
#9684=LINE('Line',#9681,#9683) ;
#9700=LINE('Line',#9697,#9699) ;
#9797=LINE('Line',#9794,#9796) ;
#9804=LINE('Line',#9801,#9803) ;
#9868=LINE('Line',#9865,#9867) ;
#9875=LINE('Line',#9872,#9874) ;
#10067=LINE('Line',#10064,#10066) ;
#10074=LINE('Line',#10071,#10073) ;
#10110=LINE('Line',#10107,#10109) ;
#10124=LINE('Line',#10121,#10123) ;
#10243=LINE('Line',#10240,#10242) ;
#10257=LINE('Line',#10254,#10256) ;
#10314=LINE('Line',#10311,#10313) ;
#10321=LINE('Line',#10318,#10320) ;
#10357=LINE('Line',#10354,#10356) ;
#10362=LINE('Line',#10359,#10361) ;
#10530=LINE('Line',#10527,#10529) ;
#10537=LINE('Line',#10534,#10536) ;
#10573=LINE('Line',#10570,#10572) ;
#10580=LINE('Line',#10577,#10579) ;
#10644=LINE('Line',#10641,#10643) ;
#10651=LINE('Line',#10648,#10650) ;
#10701=LINE('Line',#10698,#10700) ;
#10715=LINE('Line',#10712,#10714) ;
#10753=LINE('Line',#10750,#10752) ;
#10767=LINE('Line',#10764,#10766) ;
#10805=LINE('Line',#10802,#10804) ;
#10819=LINE('Line',#10816,#10818) ;
#10897=LINE('Line',#10894,#10896) ;
#10902=LINE('Line',#10899,#10901) ;
#11025=LINE('Line',#11022,#11024) ;
#11034=LINE('Line',#11031,#11033) ;
#11041=LINE('Line',#11038,#11040) ;
#11048=LINE('Line',#11045,#11047) ;
#11065=LINE('Line',#11062,#11064) ;
#11074=LINE('Line',#11071,#11073) ;
#11079=LINE('Line',#11076,#11078) ;
#11096=LINE('Line',#11093,#11095) ;
#11103=LINE('Line',#11100,#11102) ;
#11110=LINE('Line',#11107,#11109) ;
#11127=LINE('Line',#11124,#11126) ;
#11144=LINE('Line',#11141,#11143) ;
#11161=LINE('Line',#11158,#11160) ;
#11177=LINE('Line',#11174,#11176) ;
#11191=LINE('Line',#11188,#11190) ;
#11205=LINE('Line',#11202,#11204) ;
#11242=LINE('Line',#11239,#11241) ;
#11256=LINE('Line',#11253,#11255) ;
#11270=LINE('Line',#11267,#11269) ;
#11284=LINE('Line',#11281,#11283) ;
#11298=LINE('Line',#11295,#11297) ;
#11312=LINE('Line',#11309,#11311) ;
#11326=LINE('Line',#11323,#11325) ;
#11340=LINE('Line',#11337,#11339) ;
#11354=LINE('Line',#11351,#11353) ;
#11368=LINE('Line',#11365,#11367) ;
#11382=LINE('Line',#11379,#11381) ;
#11396=LINE('Line',#11393,#11395) ;
#11433=LINE('Line',#11430,#11432) ;
#11449=LINE('Line',#11446,#11448) ;
#11473=LINE('Line',#11470,#11472) ;
#11482=LINE('Line',#11479,#11481) ;
#11487=LINE('Line',#11484,#11486) ;
#11504=LINE('Line',#11501,#11503) ;
#11535=LINE('Line',#11532,#11534) ;
#11544=LINE('Line',#11541,#11543) ;
#11549=LINE('Line',#11546,#11548) ;
#11566=LINE('Line',#11563,#11565) ;
#11597=LINE('Line',#11594,#11596) ;
#11606=LINE('Line',#11603,#11605) ;
#11611=LINE('Line',#11608,#11610) ;
#11628=LINE('Line',#11625,#11627) ;
#11659=LINE('Line',#11656,#11658) ;
#11664=LINE('Line',#11661,#11663) ;
#11691=LINE('Line',#11688,#11690) ;
#11707=LINE('Line',#11704,#11706) ;
#11721=LINE('Line',#11718,#11720) ;
#11735=LINE('Line',#11732,#11734) ;
#11799=LINE('Line',#11796,#11798) ;
#11804=LINE('Line',#11801,#11803) ;
#11821=LINE('Line',#11818,#11820) ;
#11838=LINE('Line',#11835,#11837) ;
#11855=LINE('Line',#11852,#11854) ;
#11872=LINE('Line',#11869,#11871) ;
#11889=LINE('Line',#11886,#11888) ;
#11906=LINE('Line',#11903,#11905) ;
#12028=LINE('Line',#12025,#12027) ;
#12033=LINE('Line',#12030,#12032) ;
#12071=LINE('Line',#12068,#12070) ;
#12076=LINE('Line',#12073,#12075) ;
#12186=LINE('Line',#12183,#12185) ;
#12191=LINE('Line',#12188,#12190) ;
#12220=LINE('Line',#12217,#12219) ;
#12229=LINE('Line',#12226,#12228) ;
#12236=LINE('Line',#12233,#12235) ;
#12243=LINE('Line',#12240,#12242) ;
#12274=LINE('Line',#12271,#12273) ;
#12291=LINE('Line',#12288,#12290) ;
#12298=LINE('Line',#12295,#12297) ;
#12305=LINE('Line',#12302,#12304) ;
#12336=LINE('Line',#12333,#12335) ;
#12353=LINE('Line',#12350,#12352) ;
#12360=LINE('Line',#12357,#12359) ;
#12367=LINE('Line',#12364,#12366) ;
#12384=LINE('Line',#12381,#12383) ;
#12415=LINE('Line',#12412,#12414) ;
#12422=LINE('Line',#12419,#12421) ;
#12429=LINE('Line',#12426,#12428) ;
#12446=LINE('Line',#12443,#12445) ;
#12477=LINE('Line',#12474,#12476) ;
#12484=LINE('Line',#12481,#12483) ;
#12491=LINE('Line',#12488,#12490) ;
#12522=LINE('Line',#12519,#12521) ;
#12534=LINE('Line',#12531,#12533) ;
#12543=LINE('Line',#12540,#12542) ;
#12548=LINE('Line',#12545,#12547) ;
#12579=LINE('Line',#12576,#12578) ;
#12596=LINE('Line',#12593,#12595) ;
#12603=LINE('Line',#12600,#12602) ;
#12610=LINE('Line',#12607,#12609) ;
#12641=LINE('Line',#12638,#12640) ;
#12658=LINE('Line',#12655,#12657) ;
#12665=LINE('Line',#12662,#12664) ;
#12672=LINE('Line',#12669,#12671) ;
#12703=LINE('Line',#12700,#12702) ;
#12715=LINE('Line',#12712,#12714) ;
#12722=LINE('Line',#12719,#12721) ;
#12729=LINE('Line',#12726,#12728) ;
#12746=LINE('Line',#12743,#12745) ;
#12777=LINE('Line',#12774,#12776) ;
#12784=LINE('Line',#12781,#12783) ;
#12791=LINE('Line',#12788,#12790) ;
#12808=LINE('Line',#12805,#12807) ;
#12834=LINE('Line',#12831,#12833) ;
#12841=LINE('Line',#12838,#12840) ;
#12848=LINE('Line',#12845,#12847) ;
#12879=LINE('Line',#12876,#12878) ;
#12903=LINE('Line',#12900,#12902) ;
#12922=LINE('Line',#12919,#12921) ;
#12927=LINE('Line',#12924,#12926) ;
#12980=LINE('Line',#12977,#12979) ;
#12987=LINE('Line',#12984,#12986) ;
#12994=LINE('Line',#12991,#12993) ;
#13011=LINE('Line',#13008,#13010) ;
#13035=LINE('Line',#13032,#13034) ;
#13042=LINE('Line',#13039,#13041) ;
#13066=LINE('Line',#13063,#13065) ;
#13083=LINE('Line',#13080,#13082) ;
#13090=LINE('Line',#13087,#13089) ;
#13107=LINE('Line',#13104,#13106) ;
#13138=LINE('Line',#13135,#13137) ;
#13155=LINE('Line',#13152,#13154) ;
#13181=LINE('Line',#13178,#13180) ;
#13195=LINE('Line',#13192,#13194) ;
#13238=LINE('Line',#13235,#13237) ;
#13247=LINE('Line',#13244,#13246) ;
#13252=LINE('Line',#13249,#13251) ;
#13276=LINE('Line',#13273,#13275) ;
#13288=LINE('Line',#13285,#13287) ;
#13295=LINE('Line',#13292,#13294) ;
#13319=LINE('Line',#13316,#13318) ;
#13331=LINE('Line',#13328,#13330) ;
#13338=LINE('Line',#13335,#13337) ;
#13362=LINE('Line',#13359,#13361) ;
#13374=LINE('Line',#13371,#13373) ;
#13381=LINE('Line',#13378,#13380) ;
#13405=LINE('Line',#13402,#13404) ;
#13417=LINE('Line',#13414,#13416) ;
#13424=LINE('Line',#13421,#13423) ;
#13448=LINE('Line',#13445,#13447) ;
#13460=LINE('Line',#13457,#13459) ;
#13467=LINE('Line',#13464,#13466) ;
#13491=LINE('Line',#13488,#13490) ;
#13503=LINE('Line',#13500,#13502) ;
#13510=LINE('Line',#13507,#13509) ;
#13534=LINE('Line',#13531,#13533) ;
#13546=LINE('Line',#13543,#13545) ;
#13553=LINE('Line',#13550,#13552) ;
#13570=LINE('Line',#13567,#13569) ;
#13589=LINE('Line',#13586,#13588) ;
#13596=LINE('Line',#13593,#13595) ;
#13620=LINE('Line',#13617,#13619) ;
#13634=LINE('Line',#13631,#13633) ;
#13648=LINE('Line',#13645,#13647) ;
#13696=LINE('Line',#13693,#13695) ;
#13708=LINE('Line',#13705,#13707) ;
#13725=LINE('Line',#13722,#13724) ;
#13737=LINE('Line',#13734,#13736) ;
#13754=LINE('Line',#13751,#13753) ;
#13771=LINE('Line',#13768,#13770) ;
#13837=LINE('Line',#13834,#13836) ;
#13851=LINE('Line',#13848,#13850) ;
#13890=LINE('Line',#13887,#13889) ;
#13904=LINE('Line',#13901,#13903) ;
#13986=LINE('Line',#13983,#13985) ;
#13993=LINE('Line',#13990,#13992) ;
#14000=LINE('Line',#13997,#13999) ;
#14007=LINE('Line',#14004,#14006) ;
#14014=LINE('Line',#14011,#14013) ;
#14028=LINE('Line',#14025,#14027) ;
#14042=LINE('Line',#14039,#14041) ;
#14049=LINE('Line',#14046,#14048) ;
#14056=LINE('Line',#14053,#14055) ;
#14063=LINE('Line',#14060,#14062) ;
#14070=LINE('Line',#14067,#14069) ;
#14084=LINE('Line',#14081,#14083) ;
#14131=LINE('Line',#14128,#14130) ;
#14147=LINE('Line',#14144,#14146) ;
#14161=LINE('Line',#14158,#14160) ;
#14175=LINE('Line',#14172,#14174) ;
#14206=LINE('Line',#14203,#14205) ;
#14220=LINE('Line',#14217,#14219) ;
#14234=LINE('Line',#14231,#14233) ;
#14248=LINE('Line',#14245,#14247) ;
#14269=LINE('Line',#14266,#14268) ;
#14274=LINE('Line',#14271,#14273) ;
#14291=LINE('Line',#14288,#14290) ;
#14308=LINE('Line',#14305,#14307) ;
#14325=LINE('Line',#14322,#14324) ;
#14330=LINE('Line',#14327,#14329) ;
#14337=LINE('Line',#14334,#14336) ;
#14344=LINE('Line',#14341,#14343) ;
#14365=LINE('Line',#14362,#14364) ;
#14382=LINE('Line',#14379,#14381) ;
#14399=LINE('Line',#14396,#14398) ;
#14416=LINE('Line',#14413,#14415) ;
#14423=LINE('Line',#14420,#14422) ;
#14430=LINE('Line',#14427,#14429) ;
#14451=LINE('Line',#14448,#14450) ;
#14460=LINE('Line',#14457,#14459) ;
#14465=LINE('Line',#14462,#14464) ;
#14482=LINE('Line',#14479,#14481) ;
#14499=LINE('Line',#14496,#14498) ;
#14523=LINE('Line',#14520,#14522) ;
#14530=LINE('Line',#14527,#14529) ;
#14542=LINE('Line',#14539,#14541) ;
#14549=LINE('Line',#14546,#14548) ;
#14566=LINE('Line',#14563,#14565) ;
#14590=LINE('Line',#14587,#14589) ;
#14614=LINE('Line',#14611,#14613) ;
#14623=LINE('Line',#14620,#14622) ;
#14630=LINE('Line',#14627,#14629) ;
#14637=LINE('Line',#14634,#14636) ;
#14644=LINE('Line',#14641,#14643) ;
#14651=LINE('Line',#14648,#14650) ;
#14656=LINE('Line',#14653,#14655) ;
#14677=LINE('Line',#14674,#14676) ;
#14708=LINE('Line',#14705,#14707) ;
#14725=LINE('Line',#14722,#14724) ;
#14732=LINE('Line',#14729,#14731) ;
#14749=LINE('Line',#14746,#14748) ;
#14773=LINE('Line',#14770,#14772) ;
#14780=LINE('Line',#14777,#14779) ;
#14804=LINE('Line',#14801,#14803) ;
#14843=LINE('Line',#14840,#14842) ;
#14857=LINE('Line',#14854,#14856) ;
#14900=LINE('Line',#14897,#14899) ;
#14905=LINE('Line',#14902,#14904) ;
#14952=LINE('Line',#14949,#14951) ;
#14957=LINE('Line',#14954,#14956) ;
#14986=LINE('Line',#14983,#14985) ;
#14991=LINE('Line',#14988,#14990) ;
#15046=LINE('Line',#15043,#15045) ;
#15055=LINE('Line',#15052,#15054) ;
#15062=LINE('Line',#15059,#15061) ;
#15069=LINE('Line',#15066,#15068) ;
#15093=LINE('Line',#15090,#15092) ;
#15131=LINE('Line',#15128,#15130) ;
#15157=LINE('Line',#15154,#15156) ;
#15164=LINE('Line',#15161,#15163) ;
#15171=LINE('Line',#15168,#15170) ;
#15185=LINE('Line',#15182,#15184) ;
#15204=LINE('Line',#15201,#15203) ;
#15218=LINE('Line',#15215,#15217) ;
#15232=LINE('Line',#15229,#15231) ;
#15237=LINE('Line',#15234,#15236) ;
#15260=LINE('Line',#15257,#15259) ;
#15267=LINE('Line',#15264,#15266) ;
#15278=LINE('Line',#15275,#15277) ;
#15294=LINE('Line',#15291,#15293) ;
#15308=LINE('Line',#15305,#15307) ;
#15322=LINE('Line',#15319,#15321) ;
#15350=LINE('Line',#15347,#15349) ;
#15359=LINE('Line',#15356,#15358) ;
#15366=LINE('Line',#15363,#15365) ;
#15373=LINE('Line',#15370,#15372) ;
#15397=LINE('Line',#15394,#15396) ;
#15421=LINE('Line',#15418,#15420) ;
#15452=LINE('Line',#15449,#15451) ;
#15459=LINE('Line',#15456,#15458) ;
#15466=LINE('Line',#15463,#15465) ;
#15490=LINE('Line',#15487,#15489) ;
#15514=LINE('Line',#15511,#15513) ;
#15521=LINE('Line',#15518,#15520) ;
#15528=LINE('Line',#15525,#15527) ;
#15552=LINE('Line',#15549,#15551) ;
#15576=LINE('Line',#15573,#15575) ;
#15581=LINE('Line',#15578,#15580) ;
#15605=LINE('Line',#15602,#15604) ;
#15619=LINE('Line',#15616,#15618) ;
#15626=LINE('Line',#15623,#15625) ;
#15633=LINE('Line',#15630,#15632) ;
#15665=LINE('Line',#15662,#15664) ;
#15679=LINE('Line',#15676,#15678) ;
#15717=LINE('Line',#15714,#15716) ;
#15731=LINE('Line',#15728,#15730) ;
#15736=LINE('Line',#15733,#15735) ;
#15817=LINE('Line',#15814,#15816) ;
#15822=LINE('Line',#15819,#15821) ;
#15841=LINE('Line',#15838,#15840) ;
#15846=LINE('Line',#15843,#15845) ;
#15875=LINE('Line',#15872,#15874) ;
#15892=LINE('Line',#15889,#15891) ;
#15899=LINE('Line',#15896,#15898) ;
#15906=LINE('Line',#15903,#15905) ;
#15934=LINE('Line',#15931,#15933) ;
#15951=LINE('Line',#15948,#15950) ;
#15975=LINE('Line',#15972,#15974) ;
#15982=LINE('Line',#15979,#15981) ;
#16006=LINE('Line',#16003,#16005) ;
#16023=LINE('Line',#16020,#16022) ;
#16030=LINE('Line',#16027,#16029) ;
#16047=LINE('Line',#16044,#16046) ;
#16071=LINE('Line',#16068,#16070) ;
#16096=LINE('Line',#16093,#16095) ;
#16112=LINE('Line',#16109,#16111) ;
#16126=LINE('Line',#16123,#16125) ;
#16133=LINE('Line',#16130,#16132) ;
#16146=LINE('Line',#16143,#16145) ;
#16155=LINE('Line',#16152,#16154) ;
#16169=LINE('Line',#16166,#16168) ;
#16183=LINE('Line',#16180,#16182) ;
#16254=LINE('Line',#16251,#16253) ;
#16261=LINE('Line',#16258,#16260) ;
#16268=LINE('Line',#16265,#16267) ;
#16285=LINE('Line',#16282,#16284) ;
#16316=LINE('Line',#16313,#16315) ;
#16333=LINE('Line',#16330,#16332) ;
#16340=LINE('Line',#16337,#16339) ;
#16357=LINE('Line',#16354,#16356) ;
#16381=LINE('Line',#16378,#16380) ;
#16388=LINE('Line',#16385,#16387) ;
#16405=LINE('Line',#16402,#16404) ;
#16429=LINE('Line',#16426,#16428) ;
#16532=LINE('Line',#16529,#16531) ;
#16537=LINE('Line',#16534,#16536) ;
#16561=LINE('Line',#16558,#16560) ;
#16568=LINE('Line',#16565,#16567) ;
#16575=LINE('Line',#16572,#16574) ;
#16592=LINE('Line',#16589,#16591) ;
#16616=LINE('Line',#16613,#16615) ;
#16623=LINE('Line',#16620,#16622) ;
#16640=LINE('Line',#16637,#16639) ;
#16664=LINE('Line',#16661,#16663) ;
#16671=LINE('Line',#16668,#16670) ;
#16688=LINE('Line',#16685,#16687) ;
#16714=LINE('Line',#16711,#16713) ;
#16721=LINE('Line',#16718,#16720) ;
#16728=LINE('Line',#16725,#16727) ;
#16752=LINE('Line',#16749,#16751) ;
#16769=LINE('Line',#16766,#16768) ;
#16776=LINE('Line',#16773,#16775) ;
#16800=LINE('Line',#16797,#16799) ;
#16812=LINE('Line',#16809,#16811) ;
#16819=LINE('Line',#16816,#16818) ;
#16836=LINE('Line',#16833,#16835) ;
#16862=LINE('Line',#16859,#16861) ;
#16869=LINE('Line',#16866,#16868) ;
#16915=LINE('Line',#16912,#16914) ;
#16922=LINE('Line',#16919,#16921) ;
#16997=LINE('Line',#16994,#16996) ;
#17013=LINE('Line',#17010,#17012) ;
#17110=LINE('Line',#17107,#17109) ;
#17117=LINE('Line',#17114,#17116) ;
#17181=LINE('Line',#17178,#17180) ;
#17188=LINE('Line',#17185,#17187) ;
#17380=LINE('Line',#17377,#17379) ;
#17387=LINE('Line',#17384,#17386) ;
#17423=LINE('Line',#17420,#17422) ;
#17437=LINE('Line',#17434,#17436) ;
#17556=LINE('Line',#17553,#17555) ;
#17570=LINE('Line',#17567,#17569) ;
#17627=LINE('Line',#17624,#17626) ;
#17634=LINE('Line',#17631,#17633) ;
#17670=LINE('Line',#17667,#17669) ;
#17675=LINE('Line',#17672,#17674) ;
#73=PLANE('',#72) ;
#113=PLANE('',#112) ;
#144=PLANE('',#143) ;
#175=PLANE('',#174) ;
#256=PLANE('',#255) ;
#280=PLANE('',#279) ;
#304=PLANE('',#303) ;
#347=PLANE('',#346) ;
#409=PLANE('',#408) ;
#445=PLANE('',#444) ;
#805=PLANE('',#804) ;
#916=PLANE('',#915) ;
#978=PLANE('',#977) ;
#1040=PLANE('',#1039) ;
#1102=PLANE('',#1101) ;
#1124=PLANE('',#1123) ;
#1260=PLANE('',#1259) ;
#1299=PLANE('',#1298) ;
#1333=PLANE('',#1332) ;
#1384=PLANE('',#1383) ;
#1439=PLANE('',#1438) ;
#1481=PLANE('',#1480) ;
#1724=PLANE('',#1723) ;
#1795=PLANE('',#1794) ;
#1857=PLANE('',#1856) ;
#1919=PLANE('',#1918) ;
#1981=PLANE('',#1980) ;
#2100=PLANE('',#2099) ;
#2162=PLANE('',#2161) ;
#2281=PLANE('',#2280) ;
#2448=PLANE('',#2447) ;
#2484=PLANE('',#2483) ;
#2539=PLANE('',#2538) ;
#2587=PLANE('',#2586) ;
#2659=PLANE('',#2658) ;
#2733=PLANE('',#2732) ;
#3117=PLANE('',#3116) ;
#3299=PLANE('',#3298) ;
#3341=PLANE('',#3340) ;
#3427=PLANE('',#3426) ;
#3518=PLANE('',#3517) ;
#3800=PLANE('',#3799) ;
#3943=PLANE('',#3942) ;
#3971=PLANE('',#3970) ;
#4047=PLANE('',#4046) ;
#4095=PLANE('',#4094) ;
#4143=PLANE('',#4142) ;
#4175=PLANE('',#4174) ;
#4238=PLANE('',#4237) ;
#4286=PLANE('',#4285) ;
#4319=PLANE('',#4318) ;
#4437=PLANE('',#4436) ;
#4485=PLANE('',#4484) ;
#4502=PLANE('',#4501) ;
#4562=PLANE('',#4561) ;
#4667=PLANE('',#4666) ;
#4821=PLANE('',#4820) ;
#4959=PLANE('',#4958) ;
#5015=PLANE('',#5014) ;
#5072=PLANE('',#5071) ;
#5106=PLANE('',#5105) ;
#5141=PLANE('',#5140) ;
#5172=PLANE('',#5171) ;
#5189=PLANE('',#5188) ;
#5206=PLANE('',#5205) ;
#5256=PLANE('',#5255) ;
#5280=PLANE('',#5279) ;
#5304=PLANE('',#5303) ;
#5415=PLANE('',#5414) ;
#5463=PLANE('',#5462) ;
#5533=PLANE('',#5532) ;
#5612=PLANE('',#5611) ;
#5743=PLANE('',#5742) ;
#5845=PLANE('',#5844) ;
#5901=PLANE('',#5900) ;
#5957=PLANE('',#5956) ;
#6241=PLANE('',#6240) ;
#6343=PLANE('',#6342) ;
#6405=PLANE('',#6404) ;
#6467=PLANE('',#6466) ;
#6489=PLANE('',#6488) ;
#6646=PLANE('',#6645) ;
#6680=PLANE('',#6679) ;
#6783=PLANE('',#6782) ;
#6866=PLANE('',#6865) ;
#6914=PLANE('',#6913) ;
#6962=PLANE('',#6961) ;
#7147=PLANE('',#7146) ;
#7163=PLANE('',#7162) ;
#7242=PLANE('',#7241) ;
#7290=PLANE('',#7289) ;
#7338=PLANE('',#7337) ;
#7355=PLANE('',#7354) ;
#7389=PLANE('',#7388) ;
#7641=PLANE('',#7640) ;
#7722=PLANE('',#7721) ;
#7777=PLANE('',#7776) ;
#7825=PLANE('',#7824) ;
#7849=PLANE('',#7848) ;
#7866=PLANE('',#7865) ;
#7930=PLANE('',#7929) ;
#7997=PLANE('',#7996) ;
#8066=PLANE('',#8065) ;
#8249=PLANE('',#8248) ;
#8289=PLANE('',#8288) ;
#8311=PLANE('',#8310) ;
#8363=PLANE('',#8362) ;
#8415=PLANE('',#8414) ;
#8433=PLANE('',#8432) ;
#8485=PLANE('',#8484) ;
#8507=PLANE('',#8506) ;
#8552=PLANE('',#8551) ;
#8604=PLANE('',#8603) ;
#8621=PLANE('',#8620) ;
#8673=PLANE('',#8672) ;
#8695=PLANE('',#8694) ;
#8740=PLANE('',#8739) ;
#8792=PLANE('',#8791) ;
#8809=PLANE('',#8808) ;
#8861=PLANE('',#8860) ;
#8883=PLANE('',#8882) ;
#8928=PLANE('',#8927) ;
#8980=PLANE('',#8979) ;
#8998=PLANE('',#8997) ;
#9050=PLANE('',#9049) ;
#9072=PLANE('',#9071) ;
#9117=PLANE('',#9116) ;
#9169=PLANE('',#9168) ;
#9186=PLANE('',#9185) ;
#9238=PLANE('',#9237) ;
#9260=PLANE('',#9259) ;
#9305=PLANE('',#9304) ;
#9350=PLANE('',#9349) ;
#9367=PLANE('',#9366) ;
#9384=PLANE('',#9383) ;
#9524=PLANE('',#9523) ;
#9581=PLANE('',#9580) ;
#9737=PLANE('',#9736) ;
#9765=PLANE('',#9764) ;
#9836=PLANE('',#9835) ;
#9964=PLANE('',#9963) ;
#10149=PLANE('',#10148) ;
#10177=PLANE('',#10176) ;
#10282=PLANE('',#10281) ;
#10436=PLANE('',#10435) ;
#10612=PLANE('',#10611) ;
#10683=PLANE('',#10682) ;
#10858=PLANE('',#10857) ;
#11021=PLANE('',#11020) ;
#11061=PLANE('',#11060) ;
#11092=PLANE('',#11091) ;
#11123=PLANE('',#11122) ;
#11140=PLANE('',#11139) ;
#11157=PLANE('',#11156) ;
#11469=PLANE('',#11468) ;
#11531=PLANE('',#11530) ;
#11593=PLANE('',#11592) ;
#11655=PLANE('',#11654) ;
#11677=PLANE('',#11676) ;
#11795=PLANE('',#11794) ;
#11834=PLANE('',#11833) ;
#11868=PLANE('',#11867) ;
#11919=PLANE('',#11918) ;
#11931=PLANE('',#11930) ;
#11973=PLANE('',#11972) ;
#12216=PLANE('',#12215) ;
#12287=PLANE('',#12286) ;
#12349=PLANE('',#12348) ;
#12411=PLANE('',#12410) ;
#12473=PLANE('',#12472) ;
#12592=PLANE('',#12591) ;
#12654=PLANE('',#12653) ;
#12773=PLANE('',#12772) ;
#12940=PLANE('',#12939) ;
#12976=PLANE('',#12975) ;
#13031=PLANE('',#13030) ;
#13079=PLANE('',#13078) ;
#13151=PLANE('',#13150) ;
#13225=PLANE('',#13224) ;
#13609=PLANE('',#13608) ;
#13791=PLANE('',#13790) ;
#13876=PLANE('',#13875) ;
#13973=PLANE('',#13972) ;
#14127=PLANE('',#14126) ;
#14265=PLANE('',#14264) ;
#14321=PLANE('',#14320) ;
#14378=PLANE('',#14377) ;
#14412=PLANE('',#14411) ;
#14447=PLANE('',#14446) ;
#14478=PLANE('',#14477) ;
#14495=PLANE('',#14494) ;
#14512=PLANE('',#14511) ;
#14562=PLANE('',#14561) ;
#14586=PLANE('',#14585) ;
#14610=PLANE('',#14609) ;
#14721=PLANE('',#14720) ;
#14769=PLANE('',#14768) ;
#14839=PLANE('',#14838) ;
#14918=PLANE('',#14917) ;
#15042=PLANE('',#15041) ;
#15144=PLANE('',#15143) ;
#15200=PLANE('',#15199) ;
#15256=PLANE('',#15255) ;
#15346=PLANE('',#15345) ;
#15448=PLANE('',#15447) ;
#15510=PLANE('',#15509) ;
#15572=PLANE('',#15571) ;
#15594=PLANE('',#15593) ;
#15751=PLANE('',#15750) ;
#15785=PLANE('',#15784) ;
#15888=PLANE('',#15887) ;
#15971=PLANE('',#15970) ;
#16019=PLANE('',#16018) ;
#16067=PLANE('',#16066) ;
#16234=PLANE('',#16233) ;
#16250=PLANE('',#16249) ;
#16329=PLANE('',#16328) ;
#16377=PLANE('',#16376) ;
#16425=PLANE('',#16424) ;
#16442=PLANE('',#16441) ;
#16476=PLANE('',#16475) ;
#16557=PLANE('',#16556) ;
#16612=PLANE('',#16611) ;
#16660=PLANE('',#16659) ;
#16684=PLANE('',#16683) ;
#16701=PLANE('',#16700) ;
#16765=PLANE('',#16764) ;
#16832=PLANE('',#16831) ;
#16901=PLANE('',#16900) ;
#17050=PLANE('',#17049) ;
#17078=PLANE('',#17077) ;
#17149=PLANE('',#17148) ;
#17277=PLANE('',#17276) ;
#17462=PLANE('',#17461) ;
#17490=PLANE('',#17489) ;
#17595=PLANE('',#17594) ;
#1609=TOROIDAL_SURFACE('homeo Torus',#1608,5.,0.1) ;
#1638=TOROIDAL_SURFACE('homeo Torus',#1637,4.8,0.1) ;
#3639=TOROIDAL_SURFACE('homeo Torus',#3638,1.8,0.2) ;
#3663=TOROIDAL_SURFACE('homeo Torus',#3662,1.8,0.2) ;
#3711=TOROIDAL_SURFACE('homeo Torus',#3710,1.8,0.2) ;
#3759=TOROIDAL_SURFACE('homeo Torus',#3758,1.8,0.2) ;
#9907=TOROIDAL_SURFACE('homeo Torus',#9906,6.1,0.3) ;
#10015=TOROIDAL_SURFACE('homeo Torus',#10014,4.2,0.2) ;
#10046=TOROIDAL_SURFACE('homeo Torus',#10045,4.2,0.2) ;
#10191=TOROIDAL_SURFACE('homeo Torus',#10190,8.8,0.2) ;
#10222=TOROIDAL_SURFACE('homeo Torus',#10221,8.8,0.2) ;
#12101=TOROIDAL_SURFACE('homeo Torus',#12100,5.,0.1) ;
#12130=TOROIDAL_SURFACE('homeo Torus',#12129,4.8,0.1) ;
#17220=TOROIDAL_SURFACE('homeo Torus',#17219,6.1,0.3) ;
#17328=TOROIDAL_SURFACE('homeo Torus',#17327,4.2,0.2) ;
#17359=TOROIDAL_SURFACE('homeo Torus',#17358,4.2,0.2) ;
#17504=TOROIDAL_SURFACE('homeo Torus',#17503,8.8,0.2) ;
#17535=TOROIDAL_SURFACE('homeo Torus',#17534,8.8,0.2) ;
#82=EDGE_CURVE('',#79,#81,#77,.T.) ;
#89=EDGE_CURVE('',#79,#88,#86,.T.) ;
#96=EDGE_CURVE('',#88,#95,#93,.T.) ;
#101=EDGE_CURVE('',#81,#95,#100,.T.) ;
#122=EDGE_CURVE('',#119,#121,#117,.T.) ;
#127=EDGE_CURVE('',#119,#79,#126,.T.) ;
#132=EDGE_CURVE('',#121,#81,#131,.T.) ;
#151=EDGE_CURVE('',#88,#150,#148,.T.) ;
#158=EDGE_CURVE('',#150,#157,#155,.T.) ;
#163=EDGE_CURVE('',#95,#157,#162,.T.) ;
#182=EDGE_CURVE('',#157,#181,#179,.T.) ;
#189=EDGE_CURVE('',#188,#181,#186,.T.) ;
#196=EDGE_CURVE('',#188,#195,#193,.T.) ;
#203=EDGE_CURVE('',#195,#202,#200,.T.) ;
#210=EDGE_CURVE('',#209,#202,#207,.T.) ;
#217=EDGE_CURVE('',#216,#209,#214,.T.) ;
#224=EDGE_CURVE('',#216,#223,#221,.T.) ;
#231=EDGE_CURVE('',#223,#230,#228,.T.) ;
#236=EDGE_CURVE('',#121,#230,#235,.T.) ;
#263=EDGE_CURVE('',#262,#230,#260,.T.) ;
#268=EDGE_CURVE('',#119,#262,#267,.T.) ;
#287=EDGE_CURVE('',#150,#286,#284,.T.) ;
#292=EDGE_CURVE('',#286,#181,#291,.T.) ;
#311=EDGE_CURVE('',#310,#286,#308,.T.) ;
#316=EDGE_CURVE('',#310,#188,#315,.T.) ;
#330=EDGE_CURVE('',#310,#329,#327,.T.) ;
#335=EDGE_CURVE('',#329,#195,#334,.T.) ;
#354=EDGE_CURVE('',#329,#353,#351,.T.) ;
#359=EDGE_CURVE('',#353,#202,#358,.T.) ;
#373=EDGE_CURVE('',#372,#353,#370,.T.) ;
#378=EDGE_CURVE('',#372,#209,#377,.T.) ;
#392=EDGE_CURVE('',#391,#372,#389,.T.) ;
#397=EDGE_CURVE('',#391,#216,#396,.T.) ;
#416=EDGE_CURVE('',#391,#415,#413,.T.) ;
#421=EDGE_CURVE('',#415,#223,#420,.T.) ;
#433=EDGE_CURVE('',#415,#262,#432,.T.) ;
#454=EDGE_CURVE('',#451,#453,#449,.F.) ;
#461=EDGE_CURVE('',#460,#453,#458,.F.) ;
#468=EDGE_CURVE('',#460,#467,#465,.T.) ;
#475=EDGE_CURVE('',#474,#467,#472,.F.) ;
#482=EDGE_CURVE('',#474,#481,#479,.F.) ;
#489=EDGE_CURVE('',#488,#481,#486,.F.) ;
#496=EDGE_CURVE('',#488,#495,#493,.T.) ;
#501=EDGE_CURVE('',#451,#495,#500,.F.) ;
#534=EDGE_CURVE('',#531,#533,#529,.F.) ;
#541=EDGE_CURVE('',#540,#533,#538,.T.) ;
#548=EDGE_CURVE('',#540,#547,#545,.F.) ;
#555=EDGE_CURVE('',#554,#547,#552,.F.) ;
#562=EDGE_CURVE('',#554,#561,#559,.F.) ;
#569=EDGE_CURVE('',#568,#561,#566,.T.) ;
#576=EDGE_CURVE('',#568,#575,#573,.F.) ;
#583=EDGE_CURVE('',#582,#575,#580,.T.) ;
#590=EDGE_CURVE('',#589,#582,#587,.F.) ;
#597=EDGE_CURVE('',#596,#589,#594,.T.) ;
#604=EDGE_CURVE('',#603,#596,#601,.F.) ;
#611=EDGE_CURVE('',#610,#603,#608,.T.) ;
#618=EDGE_CURVE('',#610,#617,#615,.F.) ;
#625=EDGE_CURVE('',#624,#617,#622,.T.) ;
#632=EDGE_CURVE('',#624,#631,#629,.F.) ;
#639=EDGE_CURVE('',#638,#631,#636,.F.) ;
#646=EDGE_CURVE('',#638,#645,#643,.F.) ;
#653=EDGE_CURVE('',#652,#645,#650,.T.) ;
#660=EDGE_CURVE('',#652,#659,#657,.F.) ;
#667=EDGE_CURVE('',#666,#659,#664,.F.) ;
#674=EDGE_CURVE('',#673,#666,#671,.F.) ;
#681=EDGE_CURVE('',#680,#673,#678,.F.) ;
#688=EDGE_CURVE('',#687,#680,#685,.F.) ;
#693=EDGE_CURVE('',#531,#687,#692,.F.) ;
#728=EDGE_CURVE('',#725,#727,#723,.F.) ;
#733=EDGE_CURVE('',#727,#725,#732,.F.) ;
#752=EDGE_CURVE('',#749,#751,#747,.F.) ;
#759=EDGE_CURVE('',#751,#758,#756,.T.) ;
#766=EDGE_CURVE('',#765,#758,#763,.F.) ;
#771=EDGE_CURVE('',#749,#765,#770,.T.) ;
#788=EDGE_CURVE('',#758,#751,#787,.T.) ;
#793=EDGE_CURVE('',#765,#749,#792,.T.) ;
#814=EDGE_CURVE('',#811,#813,#809,.T.) ;
#819=EDGE_CURVE('',#813,#811,#818,.T.) ;
#840=EDGE_CURVE('',#758,#839,#837,.T.) ;
#847=EDGE_CURVE('',#839,#846,#844,.T.) ;
#852=EDGE_CURVE('',#751,#846,#851,.T.) ;
#864=EDGE_CURVE('',#846,#839,#863,.T.) ;
#885=EDGE_CURVE('',#882,#884,#880,.F.) ;
#892=EDGE_CURVE('',#884,#891,#889,.T.) ;
#899=EDGE_CURVE('',#898,#891,#896,.F.) ;
#904=EDGE_CURVE('',#882,#898,#903,.T.) ;
#925=EDGE_CURVE('',#922,#924,#920,.F.) ;
#930=EDGE_CURVE('',#924,#884,#929,.F.) ;
#935=EDGE_CURVE('',#922,#882,#934,.F.) ;
#956=EDGE_CURVE('',#953,#955,#951,.F.) ;
#961=EDGE_CURVE('',#955,#924,#960,.T.) ;
#966=EDGE_CURVE('',#953,#922,#965,.T.) ;
#987=EDGE_CURVE('',#984,#986,#982,.F.) ;
#992=EDGE_CURVE('',#986,#955,#991,.T.) ;
#997=EDGE_CURVE('',#984,#953,#996,.T.) ;
#1018=EDGE_CURVE('',#1015,#1017,#1013,.F.) ;
#1023=EDGE_CURVE('',#1017,#986,#1022,.T.) ;
#1028=EDGE_CURVE('',#1015,#984,#1027,.T.) ;
#1049=EDGE_CURVE('',#1046,#1048,#1044,.F.) ;
#1054=EDGE_CURVE('',#1048,#1017,#1053,.F.) ;
#1059=EDGE_CURVE('',#1046,#1015,#1058,.F.) ;
#1080=EDGE_CURVE('',#1077,#1079,#1075,.F.) ;
#1085=EDGE_CURVE('',#1079,#1048,#1084,.T.) ;
#1090=EDGE_CURVE('',#1077,#1046,#1089,.T.) ;
#1107=EDGE_CURVE('',#891,#1079,#1106,.T.) ;
#1112=EDGE_CURVE('',#898,#1077,#1111,.T.) ;
#1143=EDGE_CURVE('',#1140,#1142,#1138,.T.) ;
#1150=EDGE_CURVE('',#1142,#1149,#1147,.T.) ;
#1157=EDGE_CURVE('',#1149,#1156,#1154,.F.) ;
#1164=EDGE_CURVE('',#1156,#1163,#1161,.T.) ;
#1171=EDGE_CURVE('',#1163,#1170,#1168,.T.) ;
#1178=EDGE_CURVE('',#1170,#1177,#1175,.T.) ;
#1185=EDGE_CURVE('',#1177,#1184,#1182,.F.) ;
#1190=EDGE_CURVE('',#1184,#1140,#1189,.T.) ;
#1209=EDGE_CURVE('',#1206,#1208,#1204,.F.) ;
#1214=EDGE_CURVE('',#1208,#1206,#1213,.F.) ;
#1227=EDGE_CURVE('',#1224,#1226,#1222,.T.) ;
#1232=EDGE_CURVE('',#1226,#1224,#1231,.T.) ;
#1245=EDGE_CURVE('',#1242,#1244,#1240,.T.) ;
#1250=EDGE_CURVE('',#1244,#1242,#1249,.T.) ;
#1265=EDGE_CURVE('',#467,#1077,#1264,.T.) ;
#1270=EDGE_CURVE('',#460,#898,#1269,.T.) ;
#1287=EDGE_CURVE('',#474,#1046,#1286,.T.) ;
#1304=EDGE_CURVE('',#481,#1015,#1303,.T.) ;
#1321=EDGE_CURVE('',#488,#984,#1320,.T.) ;
#1338=EDGE_CURVE('',#495,#953,#1337,.T.) ;
#1355=EDGE_CURVE('',#453,#882,#1354,.T.) ;
#1372=EDGE_CURVE('',#451,#922,#1371,.T.) ;
#1405=EDGE_CURVE('',#1402,#1404,#1400,.F.) ;
#1410=EDGE_CURVE('',#1402,#1208,#1409,.T.) ;
#1415=EDGE_CURVE('',#1404,#1206,#1414,.T.) ;
#1427=EDGE_CURVE('',#1404,#1402,#1426,.F.) ;
#1448=EDGE_CURVE('',#1445,#1447,#1443,.T.) ;
#1453=EDGE_CURVE('',#1445,#1447,#1452,.F.) ;
#1466=EDGE_CURVE('',#1463,#1465,#1461,.T.) ;
#1471=EDGE_CURVE('',#1463,#1465,#1470,.F.) ;
#1490=EDGE_CURVE('',#1487,#1489,#1485,.T.) ;
#1495=EDGE_CURVE('',#1487,#1489,#1494,.F.) ;
#1508=EDGE_CURVE('',#1505,#1507,#1503,.T.) ;
#1513=EDGE_CURVE('',#1505,#1507,#1512,.F.) ;
#1532=EDGE_CURVE('',#1529,#1531,#1527,.F.) ;
#1537=EDGE_CURVE('',#1445,#1529,#1536,.T.) ;
#1542=EDGE_CURVE('',#1447,#1531,#1541,.T.) ;
#1554=EDGE_CURVE('',#1531,#1529,#1553,.F.) ;
#1575=EDGE_CURVE('',#1572,#1574,#1570,.F.) ;
#1580=EDGE_CURVE('',#1465,#1574,#1579,.T.) ;
#1585=EDGE_CURVE('',#1572,#1463,#1584,.F.) ;
#1597=EDGE_CURVE('',#1572,#1574,#1596,.T.) ;
#1614=EDGE_CURVE('',#1574,#1489,#1613,.T.) ;
#1619=EDGE_CURVE('',#1572,#1487,#1618,.T.) ;
#1647=EDGE_CURVE('',#1644,#1646,#1642,.F.) ;
#1652=EDGE_CURVE('',#1507,#1646,#1651,.T.) ;
#1657=EDGE_CURVE('',#1505,#1644,#1656,.T.) ;
#1669=EDGE_CURVE('',#1644,#1646,#1668,.T.) ;
#1690=EDGE_CURVE('',#1687,#1689,#1685,.F.) ;
#1695=EDGE_CURVE('',#1689,#1646,#1694,.T.) ;
#1700=EDGE_CURVE('',#1644,#1687,#1699,.F.) ;
#1712=EDGE_CURVE('',#1689,#1687,#1711,.F.) ;
#1733=EDGE_CURVE('',#1730,#1732,#1728,.F.) ;
#1740=EDGE_CURVE('',#1739,#1732,#1737,.T.) ;
#1747=EDGE_CURVE('',#1739,#1746,#1744,.T.) ;
#1752=EDGE_CURVE('',#1746,#1730,#1751,.T.) ;
#1771=EDGE_CURVE('',#1770,#1730,#1768,.F.) ;
#1778=EDGE_CURVE('',#1746,#1777,#1775,.T.) ;
#1783=EDGE_CURVE('',#1777,#1770,#1782,.T.) ;
#1802=EDGE_CURVE('',#1801,#1777,#1799,.T.) ;
#1809=EDGE_CURVE('',#1801,#1808,#1806,.T.) ;
#1814=EDGE_CURVE('',#1808,#1770,#1813,.T.) ;
#1833=EDGE_CURVE('',#1832,#1808,#1830,.F.) ;
#1840=EDGE_CURVE('',#1801,#1839,#1837,.T.) ;
#1845=EDGE_CURVE('',#1839,#1832,#1844,.T.) ;
#1864=EDGE_CURVE('',#1863,#1839,#1861,.T.) ;
#1871=EDGE_CURVE('',#1870,#1863,#1868,.F.) ;
#1876=EDGE_CURVE('',#1870,#1832,#1875,.F.) ;
#1897=EDGE_CURVE('',#1894,#1896,#1892,.F.) ;
#1902=EDGE_CURVE('',#1870,#1894,#1901,.F.) ;
#1907=EDGE_CURVE('',#1896,#1863,#1906,.T.) ;
#1926=EDGE_CURVE('',#1896,#1925,#1923,.T.) ;
#1933=EDGE_CURVE('',#1932,#1925,#1930,.F.) ;
#1938=EDGE_CURVE('',#1932,#1894,#1937,.F.) ;
#1959=EDGE_CURVE('',#1956,#1958,#1954,.F.) ;
#1964=EDGE_CURVE('',#1932,#1956,#1963,.F.) ;
#1969=EDGE_CURVE('',#1958,#1925,#1968,.T.) ;
#1988=EDGE_CURVE('',#1987,#1958,#1985,.T.) ;
#1995=EDGE_CURVE('',#1987,#1994,#1992,.T.) ;
#2000=EDGE_CURVE('',#1994,#1956,#1999,.F.) ;
#2019=EDGE_CURVE('',#2018,#1994,#2016,.F.) ;
#2026=EDGE_CURVE('',#1987,#2025,#2023,.T.) ;
#2031=EDGE_CURVE('',#2025,#2018,#2030,.T.) ;
#2047=EDGE_CURVE('',#2044,#2046,#2042,.T.) ;
#2052=EDGE_CURVE('',#2046,#2018,#2051,.T.) ;
#2057=EDGE_CURVE('',#2044,#2025,#2056,.T.) ;
#2076=EDGE_CURVE('',#2075,#2046,#2073,.F.) ;
#2083=EDGE_CURVE('',#2044,#2082,#2080,.T.) ;
#2088=EDGE_CURVE('',#2082,#2075,#2087,.T.) ;
#2107=EDGE_CURVE('',#2082,#2106,#2104,.T.) ;
#2114=EDGE_CURVE('',#2106,#2113,#2111,.T.) ;
#2119=EDGE_CURVE('',#2113,#2075,#2118,.F.) ;
#2138=EDGE_CURVE('',#2137,#2113,#2135,.F.) ;
#2145=EDGE_CURVE('',#2106,#2144,#2142,.T.) ;
#2150=EDGE_CURVE('',#2144,#2137,#2149,.T.) ;
#2169=EDGE_CURVE('',#2168,#2144,#2166,.T.) ;
#2176=EDGE_CURVE('',#2168,#2175,#2173,.T.) ;
#2181=EDGE_CURVE('',#2175,#2137,#2180,.T.) ;
#2200=EDGE_CURVE('',#2199,#2175,#2197,.F.) ;
#2207=EDGE_CURVE('',#2168,#2206,#2204,.T.) ;
#2212=EDGE_CURVE('',#2206,#2199,#2211,.T.) ;
#2226=EDGE_CURVE('',#2225,#2206,#2223,.T.) ;
#2233=EDGE_CURVE('',#2232,#2225,#2230,.F.) ;
#2238=EDGE_CURVE('',#2232,#2199,#2237,.T.) ;
#2259=EDGE_CURVE('',#2256,#2258,#2254,.F.) ;
#2264=EDGE_CURVE('',#2232,#2256,#2263,.F.) ;
#2269=EDGE_CURVE('',#2258,#2225,#2268,.T.) ;
#2288=EDGE_CURVE('',#2287,#2258,#2285,.T.) ;
#2295=EDGE_CURVE('',#2294,#2287,#2292,.F.) ;
#2300=EDGE_CURVE('',#2294,#2256,#2299,.T.) ;
#2321=EDGE_CURVE('',#2318,#2320,#2316,.F.) ;
#2326=EDGE_CURVE('',#2294,#2318,#2325,.F.) ;
#2331=EDGE_CURVE('',#2320,#2287,#2330,.T.) ;
#2345=EDGE_CURVE('',#2344,#2320,#2342,.T.) ;
#2352=EDGE_CURVE('',#2344,#2351,#2349,.T.) ;
#2357=EDGE_CURVE('',#2351,#2318,#2356,.T.) ;
#2376=EDGE_CURVE('',#2375,#2351,#2373,.F.) ;
#2383=EDGE_CURVE('',#2344,#2382,#2380,.T.) ;
#2388=EDGE_CURVE('',#2382,#2375,#2387,.T.) ;
#2407=EDGE_CURVE('',#1732,#2406,#2404,.F.) ;
#2414=EDGE_CURVE('',#2413,#2406,#2411,.T.) ;
#2419=EDGE_CURVE('',#2413,#1739,#2418,.T.) ;
#2431=EDGE_CURVE('',#2406,#2375,#2430,.T.) ;
#2436=EDGE_CURVE('',#2413,#2382,#2435,.T.) ;
#2491=EDGE_CURVE('',#2490,#1140,#2488,.F.) ;
#2498=EDGE_CURVE('',#2490,#2497,#2495,.T.) ;
#2503=EDGE_CURVE('',#2497,#1142,#2502,.F.) ;
#2522=EDGE_CURVE('',#2521,#1184,#2519,.F.) ;
#2527=EDGE_CURVE('',#2490,#2521,#2526,.F.) ;
#2546=EDGE_CURVE('',#2545,#1177,#2543,.F.) ;
#2551=EDGE_CURVE('',#2545,#2521,#2550,.F.) ;
#2570=EDGE_CURVE('',#2569,#2497,#2567,.F.) ;
#2575=EDGE_CURVE('',#2569,#1149,#2574,.F.) ;
#2594=EDGE_CURVE('',#2569,#2593,#2591,.F.) ;
#2599=EDGE_CURVE('',#2593,#1156,#2598,.F.) ;
#2618=EDGE_CURVE('',#2617,#1170,#2615,.F.) ;
#2623=EDGE_CURVE('',#2545,#2617,#2622,.F.) ;
#2642=EDGE_CURVE('',#2641,#2593,#2639,.F.) ;
#2647=EDGE_CURVE('',#2641,#1163,#2646,.F.) ;
#2664=EDGE_CURVE('',#2641,#2617,#2663,.T.) ;
#2685=EDGE_CURVE('',#2682,#2684,#2680,.T.) ;
#2692=EDGE_CURVE('',#2684,#2691,#2689,.F.) ;
#2699=EDGE_CURVE('',#2698,#2691,#2696,.T.) ;
#2704=EDGE_CURVE('',#2682,#2698,#2703,.F.) ;
#2716=EDGE_CURVE('',#2684,#2682,#2715,.T.) ;
#2721=EDGE_CURVE('',#2691,#2698,#2720,.T.) ;
#2751=EDGE_CURVE('',#2748,#2750,#2746,.F.) ;
#2756=EDGE_CURVE('',#666,#2748,#2755,.T.) ;
#2761=EDGE_CURVE('',#2750,#659,#2760,.F.) ;
#2780=EDGE_CURVE('',#2748,#2779,#2777,.F.) ;
#2785=EDGE_CURVE('',#673,#2779,#2784,.T.) ;
#2799=EDGE_CURVE('',#680,#2798,#2796,.T.) ;
#2804=EDGE_CURVE('',#2798,#2779,#2803,.F.) ;
#2823=EDGE_CURVE('',#2798,#2822,#2820,.F.) ;
#2828=EDGE_CURVE('',#687,#2822,#2827,.T.) ;
#2842=EDGE_CURVE('',#2841,#2822,#2839,.F.) ;
#2847=EDGE_CURVE('',#2841,#531,#2846,.F.) ;
#2866=EDGE_CURVE('',#2865,#2841,#2863,.F.) ;
#2871=EDGE_CURVE('',#2865,#533,#2870,.F.) ;
#2885=EDGE_CURVE('',#2884,#2865,#2882,.T.) ;
#2890=EDGE_CURVE('',#2884,#540,#2889,.F.) ;
#2909=EDGE_CURVE('',#2908,#2884,#2906,.F.) ;
#2914=EDGE_CURVE('',#2908,#547,#2913,.F.) ;
#2928=EDGE_CURVE('',#2927,#2908,#2925,.F.) ;
#2933=EDGE_CURVE('',#2927,#554,#2932,.F.) ;
#2952=EDGE_CURVE('',#2951,#2927,#2949,.F.) ;
#2957=EDGE_CURVE('',#2951,#561,#2956,.F.) ;
#2971=EDGE_CURVE('',#2970,#2951,#2968,.T.) ;
#2976=EDGE_CURVE('',#2970,#568,#2975,.F.) ;
#2995=EDGE_CURVE('',#2994,#2970,#2992,.F.) ;
#3000=EDGE_CURVE('',#2994,#575,#2999,.F.) ;
#3014=EDGE_CURVE('',#3013,#2994,#3011,.T.) ;
#3019=EDGE_CURVE('',#582,#3013,#3018,.T.) ;
#3038=EDGE_CURVE('',#3013,#3037,#3035,.F.) ;
#3043=EDGE_CURVE('',#589,#3037,#3042,.T.) ;
#3057=EDGE_CURVE('',#3056,#3037,#3054,.T.) ;
#3062=EDGE_CURVE('',#596,#3056,#3061,.T.) ;
#3081=EDGE_CURVE('',#3080,#652,#3078,.F.) ;
#3086=EDGE_CURVE('',#2750,#3080,#3085,.F.) ;
#3100=EDGE_CURVE('',#3099,#645,#3097,.F.) ;
#3105=EDGE_CURVE('',#3080,#3099,#3104,.T.) ;
#3124=EDGE_CURVE('',#3099,#3123,#3121,.T.) ;
#3131=EDGE_CURVE('',#3123,#3130,#3128,.F.) ;
#3138=EDGE_CURVE('',#3130,#3137,#3135,.T.) ;
#3145=EDGE_CURVE('',#3137,#3144,#3142,.T.) ;
#3152=EDGE_CURVE('',#3144,#3151,#3149,.T.) ;
#3159=EDGE_CURVE('',#3151,#3158,#3156,.T.) ;
#3164=EDGE_CURVE('',#3056,#3158,#3163,.T.) ;
#3205=EDGE_CURVE('',#603,#3158,#3204,.T.) ;
#3217=EDGE_CURVE('',#3151,#610,#3216,.F.) ;
#3234=EDGE_CURVE('',#3123,#638,#3233,.F.) ;
#3246=EDGE_CURVE('',#3130,#631,#3245,.F.) ;
#3263=EDGE_CURVE('',#3137,#624,#3262,.F.) ;
#3280=EDGE_CURVE('',#3144,#617,#3279,.F.) ;
#3360=EDGE_CURVE('',#727,#811,#3359,.F.) ;
#3365=EDGE_CURVE('',#725,#813,#3364,.F.) ;
#3391=EDGE_CURVE('',#3390,#1226,#3388,.F.) ;
#3398=EDGE_CURVE('',#3390,#3397,#3395,.T.) ;
#3403=EDGE_CURVE('',#3397,#1224,#3402,.F.) ;
#3415=EDGE_CURVE('',#3397,#3390,#3414,.T.) ;
#3444=EDGE_CURVE('',#3443,#1244,#3441,.F.) ;
#3451=EDGE_CURVE('',#3443,#3450,#3448,.T.) ;
#3456=EDGE_CURVE('',#3450,#1242,#3455,.F.) ;
#3468=EDGE_CURVE('',#3450,#3443,#3467,.T.) ;
#3527=EDGE_CURVE('',#3524,#3526,#3522,.T.) ;
#3534=EDGE_CURVE('',#3526,#3533,#3531,.T.) ;
#3541=EDGE_CURVE('',#3533,#3540,#3538,.T.) ;
#3548=EDGE_CURVE('',#3540,#3547,#3545,.T.) ;
#3555=EDGE_CURVE('',#3547,#3554,#3552,.T.) ;
#3562=EDGE_CURVE('',#3554,#3561,#3559,.T.) ;
#3569=EDGE_CURVE('',#3561,#3568,#3566,.T.) ;
#3574=EDGE_CURVE('',#3568,#3524,#3573,.T.) ;
#3593=EDGE_CURVE('',#3590,#3592,#3588,.F.) ;
#3598=EDGE_CURVE('',#3592,#3590,#3597,.F.) ;
#3615=EDGE_CURVE('',#3561,#3614,#3612,.T.) ;
#3622=EDGE_CURVE('',#3614,#3621,#3619,.T.) ;
#3627=EDGE_CURVE('',#3568,#3621,#3626,.T.) ;
#3646=EDGE_CURVE('',#3554,#3645,#3643,.F.) ;
#3651=EDGE_CURVE('',#3645,#3614,#3650,.T.) ;
#3670=EDGE_CURVE('',#3621,#3669,#3667,.T.) ;
#3675=EDGE_CURVE('',#3524,#3669,#3674,.F.) ;
#3694=EDGE_CURVE('',#3547,#3693,#3691,.T.) ;
#3699=EDGE_CURVE('',#3693,#3645,#3698,.T.) ;
#3718=EDGE_CURVE('',#3540,#3717,#3715,.F.) ;
#3723=EDGE_CURVE('',#3717,#3693,#3722,.T.) ;
#3742=EDGE_CURVE('',#3533,#3741,#3739,.T.) ;
#3747=EDGE_CURVE('',#3741,#3717,#3746,.T.) ;
#3766=EDGE_CURVE('',#3526,#3765,#3763,.F.) ;
#3771=EDGE_CURVE('',#3765,#3741,#3770,.T.) ;
#3788=EDGE_CURVE('',#3669,#3765,#3787,.T.) ;
#3809=EDGE_CURVE('',#3806,#3808,#3804,.T.) ;
#3814=EDGE_CURVE('',#3808,#3806,#3813,.T.) ;
#3828=EDGE_CURVE('',#3825,#3827,#3823,.F.) ;
#3833=EDGE_CURVE('',#3827,#3825,#3832,.T.) ;
#3852=EDGE_CURVE('',#3849,#3851,#3847,.F.) ;
#3859=EDGE_CURVE('',#3858,#3851,#3856,.T.) ;
#3866=EDGE_CURVE('',#3865,#3858,#3863,.F.) ;
#3871=EDGE_CURVE('',#3865,#3849,#3870,.T.) ;
#3883=EDGE_CURVE('',#3851,#3858,#3882,.T.) ;
#3888=EDGE_CURVE('',#3849,#3865,#3887,.T.) ;
#3907=EDGE_CURVE('',#3906,#3590,#3904,.F.) ;
#3914=EDGE_CURVE('',#3913,#3592,#3911,.F.) ;
#3919=EDGE_CURVE('',#3913,#3906,#3918,.T.) ;
#3931=EDGE_CURVE('',#3906,#3913,#3930,.T.) ;
#3956=EDGE_CURVE('',#3953,#3955,#3951,.T.) ;
#3961=EDGE_CURVE('',#3955,#3953,#3960,.T.) ;
#3992=EDGE_CURVE('',#3991,#3669,#3989,.T.) ;
#3999=EDGE_CURVE('',#3998,#3621,#3996,.T.) ;
#4004=EDGE_CURVE('',#3998,#3991,#4003,.T.) ;
#4023=EDGE_CURVE('',#4022,#3741,#4020,.T.) ;
#4030=EDGE_CURVE('',#4029,#3765,#4027,.T.) ;
#4035=EDGE_CURVE('',#4029,#4022,#4034,.T.) ;
#4052=EDGE_CURVE('',#3991,#4029,#4051,.T.) ;
#4071=EDGE_CURVE('',#3998,#4070,#4068,.F.) ;
#4078=EDGE_CURVE('',#4070,#4077,#4075,.T.) ;
#4083=EDGE_CURVE('',#3991,#4077,#4082,.F.) ;
#4102=EDGE_CURVE('',#4077,#4101,#4099,.T.) ;
#4107=EDGE_CURVE('',#4029,#4101,#4106,.F.) ;
#4126=EDGE_CURVE('',#4101,#4125,#4123,.T.) ;
#4131=EDGE_CURVE('',#4022,#4125,#4130,.F.) ;
#4150=EDGE_CURVE('',#4022,#4149,#4147,.T.) ;
#4157=EDGE_CURVE('',#4125,#4156,#4154,.T.) ;
#4163=EDGE_CURVE('',#4156,#4149,#4158,.F.) ;
#4182=EDGE_CURVE('',#4181,#4070,#4179,.T.) ;
#4189=EDGE_CURVE('',#4188,#3998,#4186,.T.) ;
#4195=EDGE_CURVE('',#4188,#4181,#4190,.T.) ;
#4214=EDGE_CURVE('',#4213,#3614,#4211,.T.) ;
#4221=EDGE_CURVE('',#4220,#3645,#4218,.T.) ;
#4226=EDGE_CURVE('',#4220,#4213,#4225,.T.) ;
#4245=EDGE_CURVE('',#4244,#3693,#4242,.T.) ;
#4250=EDGE_CURVE('',#4244,#4220,#4249,.T.) ;
#4269=EDGE_CURVE('',#4268,#3717,#4266,.T.) ;
#4274=EDGE_CURVE('',#4268,#4244,#4273,.T.) ;
#4293=EDGE_CURVE('',#4292,#3808,#4290,.T.) ;
#4298=EDGE_CURVE('',#4188,#3806,#4297,.T.) ;
#4303=EDGE_CURVE('',#4213,#4292,#4302,.T.) ;
#4324=EDGE_CURVE('',#4149,#3825,#4323,.T.) ;
#4331=EDGE_CURVE('',#4330,#3827,#4328,.T.) ;
#4336=EDGE_CURVE('',#4330,#4268,#4335,.T.) ;
#4360=EDGE_CURVE('',#4359,#4292,#4353,.F.) ;
#4365=EDGE_CURVE('',#4181,#4359,#4364,.T.) ;
#4387=EDGE_CURVE('',#4330,#4386,#4380,.T.) ;
#4392=EDGE_CURVE('',#4386,#4156,#4391,.T.) ;
#4413=EDGE_CURVE('',#4268,#4412,#4410,.F.) ;
#4420=EDGE_CURVE('',#4412,#4419,#4417,.T.) ;
#4425=EDGE_CURVE('',#4244,#4419,#4424,.F.) ;
#4444=EDGE_CURVE('',#4419,#4443,#4441,.T.) ;
#4449=EDGE_CURVE('',#4220,#4443,#4448,.F.) ;
#4468=EDGE_CURVE('',#4443,#4467,#4465,.T.) ;
#4473=EDGE_CURVE('',#4213,#4467,#4472,.F.) ;
#4490=EDGE_CURVE('',#4467,#4359,#4489,.T.) ;
#4507=EDGE_CURVE('',#4386,#4412,#4506,.T.) ;
#4528=EDGE_CURVE('',#4525,#4527,#4523,.T.) ;
#4533=EDGE_CURVE('',#4527,#3953,#4532,.F.) ;
#4538=EDGE_CURVE('',#4525,#3955,#4537,.F.) ;
#4550=EDGE_CURVE('',#4527,#4525,#4549,.T.) ;
#4585=EDGE_CURVE('',#4582,#4584,#4580,.F.) ;
#4590=EDGE_CURVE('',#4584,#4582,#4589,.F.) ;
#4605=EDGE_CURVE('',#4527,#4582,#4604,.T.) ;
#4610=EDGE_CURVE('',#4525,#4584,#4609,.T.) ;
#4676=EDGE_CURVE('',#4673,#4675,#4671,.T.) ;
#4683=EDGE_CURVE('',#4682,#4673,#4680,.F.) ;
#4690=EDGE_CURVE('',#4689,#4682,#4687,.T.) ;
#4697=EDGE_CURVE('',#4696,#4689,#4694,.T.) ;
#4704=EDGE_CURVE('',#4696,#4703,#4701,.T.) ;
#4711=EDGE_CURVE('',#4703,#4710,#4708,.F.) ;
#4718=EDGE_CURVE('',#4710,#4717,#4715,.T.) ;
#4725=EDGE_CURVE('',#4724,#4717,#4722,.T.) ;
#4732=EDGE_CURVE('',#4731,#4724,#4729,.T.) ;
#4739=EDGE_CURVE('',#4738,#4731,#4736,.F.) ;
#4746=EDGE_CURVE('',#4745,#4738,#4743,.T.) ;
#4753=EDGE_CURVE('',#4752,#4745,#4750,.T.) ;
#4760=EDGE_CURVE('',#4752,#4759,#4757,.F.) ;
#4767=EDGE_CURVE('',#4759,#4766,#4764,.T.) ;
#4774=EDGE_CURVE('',#4766,#4773,#4771,.F.) ;
#4779=EDGE_CURVE('',#4675,#4773,#4778,.T.) ;
#4806=EDGE_CURVE('',#4803,#4805,#4801,.F.) ;
#4811=EDGE_CURVE('',#4805,#4803,#4810,.F.) ;
#4830=EDGE_CURVE('',#4827,#4829,#4825,.T.) ;
#4837=EDGE_CURVE('',#4836,#4829,#4834,.F.) ;
#4844=EDGE_CURVE('',#4843,#4836,#4841,.T.) ;
#4851=EDGE_CURVE('',#4850,#4843,#4848,.F.) ;
#4858=EDGE_CURVE('',#4850,#4857,#4855,.T.) ;
#4865=EDGE_CURVE('',#4864,#4857,#4862,.F.) ;
#4872=EDGE_CURVE('',#4871,#4864,#4869,.T.) ;
#4877=EDGE_CURVE('',#4827,#4871,#4876,.F.) ;
#4896=EDGE_CURVE('',#4893,#4895,#4891,.F.) ;
#4903=EDGE_CURVE('',#4902,#4895,#4900,.T.) ;
#4910=EDGE_CURVE('',#4902,#4909,#4907,.F.) ;
#4917=EDGE_CURVE('',#4909,#4916,#4914,.F.) ;
#4924=EDGE_CURVE('',#4916,#4923,#4921,.F.) ;
#4931=EDGE_CURVE('',#4930,#4923,#4928,.T.) ;
#4938=EDGE_CURVE('',#4930,#4937,#4935,.F.) ;
#4943=EDGE_CURVE('',#4893,#4937,#4942,.T.) ;
#4964=EDGE_CURVE('',#4738,#4836,#4963,.T.) ;
#4969=EDGE_CURVE('',#4731,#4843,#4968,.T.) ;
#4986=EDGE_CURVE('',#4745,#4829,#4985,.T.) ;
#5003=EDGE_CURVE('',#4724,#4850,#5002,.T.) ;
#5022=EDGE_CURVE('',#4773,#5021,#5019,.T.) ;
#5029=EDGE_CURVE('',#5021,#5028,#5026,.T.) ;
#5034=EDGE_CURVE('',#4752,#5028,#5033,.T.) ;
#5039=EDGE_CURVE('',#4675,#4827,#5038,.T.) ;
#5060=EDGE_CURVE('',#4673,#4871,#5059,.T.) ;
#5077=EDGE_CURVE('',#4682,#4864,#5076,.T.) ;
#5094=EDGE_CURVE('',#4689,#4857,#5093,.T.) ;
#5113=EDGE_CURVE('',#4717,#5112,#5110,.T.) ;
#5120=EDGE_CURVE('',#5112,#5119,#5117,.F.) ;
#5125=EDGE_CURVE('',#4696,#5119,#5124,.T.) ;
#5150=EDGE_CURVE('',#5147,#5149,#5145,.T.) ;
#5155=EDGE_CURVE('',#4766,#5149,#5154,.T.) ;
#5160=EDGE_CURVE('',#4759,#5147,#5159,.T.) ;
#5177=EDGE_CURVE('',#5149,#5021,#5176,.F.) ;
#5194=EDGE_CURVE('',#5028,#5147,#5193,.F.) ;
#5220=EDGE_CURVE('',#5219,#5112,#5217,.T.) ;
#5225=EDGE_CURVE('',#4710,#5219,#5224,.T.) ;
#5239=EDGE_CURVE('',#5119,#5238,#5236,.T.) ;
#5244=EDGE_CURVE('',#4703,#5238,#5243,.T.) ;
#5261=EDGE_CURVE('',#5238,#5219,#5260,.F.) ;
#5289=EDGE_CURVE('',#5286,#5288,#5284,.T.) ;
#5294=EDGE_CURVE('',#5288,#5286,#5293,.T.) ;
#5311=EDGE_CURVE('',#5310,#4909,#5308,.F.) ;
#5318=EDGE_CURVE('',#5317,#5310,#5315,.T.) ;
#5325=EDGE_CURVE('',#5324,#5317,#5322,.T.) ;
#5332=EDGE_CURVE('',#5324,#5331,#5329,.T.) ;
#5339=EDGE_CURVE('',#5331,#5338,#5336,.T.) ;
#5346=EDGE_CURVE('',#5345,#5338,#5343,.T.) ;
#5351=EDGE_CURVE('',#5345,#4916,#5350,.F.) ;
#5374=EDGE_CURVE('',#5373,#4902,#5371,.F.) ;
#5379=EDGE_CURVE('',#5310,#5373,#5378,.F.) ;
#5398=EDGE_CURVE('',#5397,#5345,#5395,.F.) ;
#5403=EDGE_CURVE('',#5397,#4923,#5402,.F.) ;
#5422=EDGE_CURVE('',#5373,#5421,#5419,.T.) ;
#5427=EDGE_CURVE('',#5421,#4895,#5426,.F.) ;
#5446=EDGE_CURVE('',#5445,#4893,#5443,.F.) ;
#5451=EDGE_CURVE('',#5421,#5445,#5450,.F.) ;
#5470=EDGE_CURVE('',#5469,#5397,#5467,.T.) ;
#5475=EDGE_CURVE('',#5469,#4930,#5474,.F.) ;
#5494=EDGE_CURVE('',#5493,#5469,#5491,.F.) ;
#5499=EDGE_CURVE('',#5493,#4937,#5498,.F.) ;
#5516=EDGE_CURVE('',#5317,#5338,#5515,.T.) ;
#5521=EDGE_CURVE('',#5331,#5324,#5520,.F.) ;
#5540=EDGE_CURVE('',#5445,#5539,#5537,.T.) ;
#5547=EDGE_CURVE('',#5546,#5539,#5544,.T.) ;
#5552=EDGE_CURVE('',#5546,#5493,#5551,.T.) ;
#5575=EDGE_CURVE('',#5572,#5574,#5570,.T.) ;
#5580=EDGE_CURVE('',#5574,#5572,#5579,.T.) ;
#5595=EDGE_CURVE('',#5288,#5546,#5594,.F.) ;
#5600=EDGE_CURVE('',#5286,#5539,#5599,.F.) ;
#5642=EDGE_CURVE('',#5639,#5641,#5637,.F.) ;
#5647=EDGE_CURVE('',#5641,#5572,#5646,.T.) ;
#5652=EDGE_CURVE('',#5639,#5574,#5651,.T.) ;
#5664=EDGE_CURVE('',#5641,#5639,#5663,.F.) ;
#5681=EDGE_CURVE('',#4803,#5639,#5680,.F.) ;
#5686=EDGE_CURVE('',#4805,#5641,#5685,.F.) ;
#5752=EDGE_CURVE('',#5749,#5751,#5747,.T.) ;
#5759=EDGE_CURVE('',#5751,#5758,#5756,.T.) ;
#5766=EDGE_CURVE('',#5765,#5758,#5763,.T.) ;
#5771=EDGE_CURVE('',#5749,#5765,#5770,.T.) ;
#5790=EDGE_CURVE('',#5758,#5789,#5787,.F.) ;
#5797=EDGE_CURVE('',#5796,#5789,#5794,.T.) ;
#5802=EDGE_CURVE('',#5796,#5765,#5801,.T.) ;
#5821=EDGE_CURVE('',#5820,#5751,#5818,.F.) ;
#5828=EDGE_CURVE('',#5749,#5827,#5825,.T.) ;
#5833=EDGE_CURVE('',#5827,#5820,#5832,.T.) ;
#5854=EDGE_CURVE('',#5851,#5853,#5849,.T.) ;
#5861=EDGE_CURVE('',#5860,#5851,#5858,.T.) ;
#5868=EDGE_CURVE('',#5867,#5860,#5865,.T.) ;
#5875=EDGE_CURVE('',#5874,#5867,#5872,.T.) ;
#5882=EDGE_CURVE('',#5881,#5874,#5879,.T.) ;
#5887=EDGE_CURVE('',#5853,#5881,#5886,.T.) ;
#5908=EDGE_CURVE('',#5860,#5907,#5905,.F.) ;
#5915=EDGE_CURVE('',#5914,#5907,#5912,.F.) ;
#5922=EDGE_CURVE('',#5921,#5914,#5919,.T.) ;
#5929=EDGE_CURVE('',#5928,#5921,#5926,.F.) ;
#5934=EDGE_CURVE('',#5789,#5928,#5933,.T.) ;
#5939=EDGE_CURVE('',#5820,#5867,#5938,.T.) ;
#5964=EDGE_CURVE('',#5963,#5928,#5961,.T.) ;
#5969=EDGE_CURVE('',#5963,#5796,#5968,.T.) ;
#5984=EDGE_CURVE('',#5981,#5983,#5979,.F.) ;
#5991=EDGE_CURVE('',#5990,#5983,#5988,.T.) ;
#5998=EDGE_CURVE('',#5997,#5990,#5995,.T.) ;
#6005=EDGE_CURVE('',#6004,#5997,#6002,.T.) ;
#6012=EDGE_CURVE('',#6004,#6011,#6009,.F.) ;
#6019=EDGE_CURVE('',#6018,#6011,#6016,.T.) ;
#6026=EDGE_CURVE('',#6025,#6018,#6023,.T.) ;
#6033=EDGE_CURVE('',#6032,#6025,#6030,.T.) ;
#6040=EDGE_CURVE('',#6032,#6039,#6037,.F.) ;
#6047=EDGE_CURVE('',#6046,#6039,#6044,.T.) ;
#6054=EDGE_CURVE('',#6053,#6046,#6051,.T.) ;
#6061=EDGE_CURVE('',#6060,#6053,#6058,.T.) ;
#6068=EDGE_CURVE('',#6060,#6067,#6065,.F.) ;
#6075=EDGE_CURVE('',#6074,#6067,#6072,.T.) ;
#6082=EDGE_CURVE('',#6081,#6074,#6079,.T.) ;
#6089=EDGE_CURVE('',#6088,#6081,#6086,.T.) ;
#6096=EDGE_CURVE('',#6088,#6095,#6093,.F.) ;
#6103=EDGE_CURVE('',#6102,#6095,#6100,.T.) ;
#6110=EDGE_CURVE('',#6109,#6102,#6107,.T.) ;
#6117=EDGE_CURVE('',#6116,#6109,#6114,.T.) ;
#6124=EDGE_CURVE('',#6116,#6123,#6121,.F.) ;
#6131=EDGE_CURVE('',#6130,#6123,#6128,.T.) ;
#6138=EDGE_CURVE('',#6137,#6130,#6135,.T.) ;
#6143=EDGE_CURVE('',#5981,#6137,#6142,.T.) ;
#6178=EDGE_CURVE('',#6175,#6177,#6173,.T.) ;
#6185=EDGE_CURVE('',#6184,#6177,#6182,.T.) ;
#6192=EDGE_CURVE('',#6184,#6191,#6189,.T.) ;
#6199=EDGE_CURVE('',#6198,#6191,#6196,.T.) ;
#6206=EDGE_CURVE('',#6198,#6205,#6203,.T.) ;
#6213=EDGE_CURVE('',#6212,#6205,#6210,.T.) ;
#6220=EDGE_CURVE('',#6212,#6219,#6217,.T.) ;
#6225=EDGE_CURVE('',#6175,#6219,#6224,.T.) ;
#6250=EDGE_CURVE('',#6247,#6249,#6245,.F.) ;
#6257=EDGE_CURVE('',#6249,#6256,#6254,.F.) ;
#6264=EDGE_CURVE('',#6263,#6256,#6261,.F.) ;
#6269=EDGE_CURVE('',#6247,#6263,#6268,.F.) ;
#6288=EDGE_CURVE('',#6287,#6247,#6285,.F.) ;
#6295=EDGE_CURVE('',#6287,#6294,#6292,.F.) ;
#6300=EDGE_CURVE('',#6249,#6294,#6299,.T.) ;
#6321=EDGE_CURVE('',#6318,#6320,#6316,.F.) ;
#6326=EDGE_CURVE('',#6263,#6318,#6325,.F.) ;
#6331=EDGE_CURVE('',#6320,#6256,#6330,.T.) ;
#6350=EDGE_CURVE('',#6349,#6294,#6347,.T.) ;
#6357=EDGE_CURVE('',#6356,#6287,#6354,.T.) ;
#6362=EDGE_CURVE('',#6356,#6349,#6361,.F.) ;
#6381=EDGE_CURVE('',#6380,#6356,#6378,.F.) ;
#6388=EDGE_CURVE('',#6380,#6387,#6385,.F.) ;
#6393=EDGE_CURVE('',#6349,#6387,#6392,.T.) ;
#6412=EDGE_CURVE('',#6411,#6380,#6409,.F.) ;
#6419=EDGE_CURVE('',#6411,#6418,#6416,.F.) ;
#6424=EDGE_CURVE('',#6418,#6387,#6423,.F.) ;
#6443=EDGE_CURVE('',#6442,#6411,#6440,.F.) ;
#6450=EDGE_CURVE('',#6442,#6449,#6447,.F.) ;
#6455=EDGE_CURVE('',#6418,#6449,#6454,.T.) ;
#6472=EDGE_CURVE('',#6318,#6442,#6471,.T.) ;
#6477=EDGE_CURVE('',#6320,#6449,#6476,.T.) ;
#6496=EDGE_CURVE('',#6495,#5963,#6493,.F.) ;
#6503=EDGE_CURVE('',#6495,#6502,#6500,.T.) ;
#6510=EDGE_CURVE('',#6509,#6502,#6507,.F.) ;
#6517=EDGE_CURVE('',#6509,#6516,#6514,.T.) ;
#6524=EDGE_CURVE('',#6523,#6516,#6521,.T.) ;
#6529=EDGE_CURVE('',#6523,#5827,#6528,.F.) ;
#6556=EDGE_CURVE('',#6553,#6555,#6551,.F.) ;
#6563=EDGE_CURVE('',#6562,#6555,#6560,.F.) ;
#6570=EDGE_CURVE('',#6562,#6569,#6567,.T.) ;
#6575=EDGE_CURVE('',#6569,#6553,#6574,.F.) ;
#6587=EDGE_CURVE('',#6555,#6553,#6586,.F.) ;
#6592=EDGE_CURVE('',#6569,#6562,#6591,.T.) ;
#6608=EDGE_CURVE('',#6605,#6607,#6603,.T.) ;
#6615=EDGE_CURVE('',#6614,#6605,#6612,.T.) ;
#6622=EDGE_CURVE('',#6621,#6614,#6619,.T.) ;
#6627=EDGE_CURVE('',#6523,#6621,#6626,.T.) ;
#6632=EDGE_CURVE('',#6607,#6516,#6631,.T.) ;
#6665=EDGE_CURVE('',#6662,#6664,#6660,.T.) ;
#6670=EDGE_CURVE('',#6664,#6662,#6669,.T.) ;
#6689=EDGE_CURVE('',#6686,#6688,#6684,.F.) ;
#6694=EDGE_CURVE('',#6688,#6686,#6693,.F.) ;
#6713=EDGE_CURVE('',#6662,#6686,#6712,.T.) ;
#6718=EDGE_CURVE('',#6664,#6688,#6717,.T.) ;
#6737=EDGE_CURVE('',#6495,#5921,#6736,.T.) ;
#6742=EDGE_CURVE('',#6502,#5914,#6741,.T.) ;
#6771=EDGE_CURVE('',#6509,#5907,#6770,.T.) ;
#6790=EDGE_CURVE('',#6789,#6621,#6787,.T.) ;
#6797=EDGE_CURVE('',#6789,#6796,#6794,.F.) ;
#6802=EDGE_CURVE('',#6796,#5874,#6801,.T.) ;
#6825=EDGE_CURVE('',#6796,#6824,#6822,.T.) ;
#6830=EDGE_CURVE('',#6824,#5881,#6829,.T.) ;
#6849=EDGE_CURVE('',#6848,#6614,#6846,.T.) ;
#6854=EDGE_CURVE('',#6848,#6789,#6853,.T.) ;
#6873=EDGE_CURVE('',#6872,#5853,#6870,.T.) ;
#6878=EDGE_CURVE('',#6872,#6824,#6877,.T.) ;
#6897=EDGE_CURVE('',#6872,#6896,#6894,.T.) ;
#6902=EDGE_CURVE('',#6896,#5851,#6901,.T.) ;
#6921=EDGE_CURVE('',#6920,#6605,#6918,.T.) ;
#6926=EDGE_CURVE('',#6848,#6920,#6925,.T.) ;
#6945=EDGE_CURVE('',#6944,#6607,#6942,.T.) ;
#6950=EDGE_CURVE('',#6944,#6920,#6949,.T.) ;
#6967=EDGE_CURVE('',#6944,#6896,#6966,.T.) ;
#6996=EDGE_CURVE('',#6993,#6995,#6991,.T.) ;
#7001=EDGE_CURVE('',#6995,#6993,#7000,.T.) ;
#7014=EDGE_CURVE('',#7011,#7013,#7009,.T.) ;
#7021=EDGE_CURVE('',#7020,#7013,#7018,.T.) ;
#7028=EDGE_CURVE('',#7020,#7027,#7025,.T.) ;
#7035=EDGE_CURVE('',#7034,#7027,#7032,.T.) ;
#7042=EDGE_CURVE('',#7034,#7041,#7039,.T.) ;
#7047=EDGE_CURVE('',#7041,#7011,#7046,.T.) ;
#7064=EDGE_CURVE('',#7061,#7063,#7059,.T.) ;
#7071=EDGE_CURVE('',#7061,#7070,#7068,.T.) ;
#7078=EDGE_CURVE('',#7077,#7070,#7075,.T.) ;
#7085=EDGE_CURVE('',#7084,#7077,#7082,.T.) ;
#7092=EDGE_CURVE('',#7091,#7084,#7089,.T.) ;
#7097=EDGE_CURVE('',#7091,#7063,#7096,.T.) ;
#7114=EDGE_CURVE('',#7111,#7113,#7109,.T.) ;
#7119=EDGE_CURVE('',#7113,#7111,#7118,.T.) ;
#7132=EDGE_CURVE('',#7129,#7131,#7127,.T.) ;
#7137=EDGE_CURVE('',#7131,#7129,#7136,.T.) ;
#7170=EDGE_CURVE('',#6184,#7169,#7167,.T.) ;
#7177=EDGE_CURVE('',#7176,#7169,#7174,.F.) ;
#7182=EDGE_CURVE('',#6191,#7176,#7181,.T.) ;
#7201=EDGE_CURVE('',#6177,#7200,#7198,.T.) ;
#7206=EDGE_CURVE('',#7200,#7169,#7205,.F.) ;
#7225=EDGE_CURVE('',#7176,#7224,#7222,.F.) ;
#7230=EDGE_CURVE('',#6198,#7224,#7229,.T.) ;
#7249=EDGE_CURVE('',#6175,#7248,#7246,.T.) ;
#7254=EDGE_CURVE('',#7200,#7248,#7253,.F.) ;
#7273=EDGE_CURVE('',#6219,#7272,#7270,.T.) ;
#7278=EDGE_CURVE('',#7272,#7248,#7277,.F.) ;
#7297=EDGE_CURVE('',#6212,#7296,#7294,.T.) ;
#7302=EDGE_CURVE('',#7272,#7296,#7301,.F.) ;
#7321=EDGE_CURVE('',#6205,#7320,#7318,.T.) ;
#7326=EDGE_CURVE('',#7320,#7296,#7325,.F.) ;
#7343=EDGE_CURVE('',#7320,#7224,#7342,.F.) ;
#7374=EDGE_CURVE('',#7371,#7373,#7369,.T.) ;
#7379=EDGE_CURVE('',#7373,#7371,#7378,.T.) ;
#7398=EDGE_CURVE('',#7395,#7397,#7393,.T.) ;
#7403=EDGE_CURVE('',#7397,#7395,#7402,.T.) ;
#7416=EDGE_CURVE('',#7413,#7415,#7411,.T.) ;
#7421=EDGE_CURVE('',#7415,#7413,#7420,.T.) ;
#7441=EDGE_CURVE('',#7438,#7440,#7432,.T.) ;
#7447=EDGE_CURVE('',#7440,#6123,#7442,.T.) ;
#7455=EDGE_CURVE('',#7454,#6116,#7448,.T.) ;
#7464=EDGE_CURVE('',#7463,#7454,#7456,.T.) ;
#7470=EDGE_CURVE('',#7463,#6095,#7465,.T.) ;
#7478=EDGE_CURVE('',#7477,#6088,#7471,.T.) ;
#7487=EDGE_CURVE('',#7486,#7477,#7479,.T.) ;
#7493=EDGE_CURVE('',#7486,#6067,#7488,.T.) ;
#7501=EDGE_CURVE('',#7500,#6060,#7494,.T.) ;
#7509=EDGE_CURVE('',#7508,#7500,#7502,.T.) ;
#7514=EDGE_CURVE('',#7508,#7397,#7513,.F.) ;
#7519=EDGE_CURVE('',#7438,#7395,#7518,.F.) ;
#7551=EDGE_CURVE('',#7508,#7550,#7544,.T.) ;
#7557=EDGE_CURVE('',#7550,#6039,#7552,.T.) ;
#7565=EDGE_CURVE('',#7564,#6032,#7558,.T.) ;
#7574=EDGE_CURVE('',#7573,#7564,#7566,.T.) ;
#7580=EDGE_CURVE('',#7573,#6011,#7575,.T.) ;
#7588=EDGE_CURVE('',#7587,#6004,#7581,.T.) ;
#7597=EDGE_CURVE('',#7596,#7587,#7589,.T.) ;
#7603=EDGE_CURVE('',#7596,#5983,#7598,.T.) ;
#7611=EDGE_CURVE('',#7610,#5981,#7604,.T.) ;
#7617=EDGE_CURVE('',#7438,#7610,#7612,.T.) ;
#7662=EDGE_CURVE('',#7659,#7661,#7642,.T.) ;
#7679=EDGE_CURVE('',#7661,#7659,#7663,.T.) ;
#7698=EDGE_CURVE('',#7659,#7373,#7697,.F.) ;
#7703=EDGE_CURVE('',#7661,#7371,#7702,.F.) ;
#7729=EDGE_CURVE('',#7034,#7728,#7726,.T.) ;
#7736=EDGE_CURVE('',#7735,#7728,#7733,.F.) ;
#7741=EDGE_CURVE('',#7041,#7735,#7740,.T.) ;
#7760=EDGE_CURVE('',#7027,#7759,#7757,.T.) ;
#7765=EDGE_CURVE('',#7728,#7759,#7764,.F.) ;
#7784=EDGE_CURVE('',#7020,#7783,#7781,.T.) ;
#7789=EDGE_CURVE('',#7759,#7783,#7788,.F.) ;
#7808=EDGE_CURVE('',#7013,#7807,#7805,.T.) ;
#7813=EDGE_CURVE('',#7783,#7807,#7812,.F.) ;
#7832=EDGE_CURVE('',#7011,#7831,#7829,.T.) ;
#7837=EDGE_CURVE('',#7807,#7831,#7836,.F.) ;
#7854=EDGE_CURVE('',#7831,#7735,#7853,.F.) ;
#7882=EDGE_CURVE('',#7061,#7881,#7879,.T.) ;
#7889=EDGE_CURVE('',#7881,#7888,#7886,.T.) ;
#7894=EDGE_CURVE('',#7070,#7888,#7893,.T.) ;
#7913=EDGE_CURVE('',#7888,#7912,#7910,.F.) ;
#7918=EDGE_CURVE('',#7077,#7912,#7917,.F.) ;
#7937=EDGE_CURVE('',#7912,#7936,#7934,.F.) ;
#7942=EDGE_CURVE('',#7084,#7936,#7941,.T.) ;
#7961=EDGE_CURVE('',#7936,#7960,#7958,.F.) ;
#7966=EDGE_CURVE('',#7091,#7960,#7965,.F.) ;
#7980=EDGE_CURVE('',#7960,#7979,#7977,.T.) ;
#7985=EDGE_CURVE('',#7063,#7979,#7984,.T.) ;
#8002=EDGE_CURVE('',#7979,#7881,#8001,.F.) ;
#8032=EDGE_CURVE('',#8029,#8031,#8027,.F.) ;
#8037=EDGE_CURVE('',#8031,#6993,#8036,.T.) ;
#8042=EDGE_CURVE('',#8029,#6995,#8041,.T.) ;
#8054=EDGE_CURVE('',#8031,#8029,#8053,.F.) ;
#8075=EDGE_CURVE('',#8072,#8074,#8070,.F.) ;
#8082=EDGE_CURVE('',#8081,#8072,#8079,.T.) ;
#8087=EDGE_CURVE('',#8081,#8074,#8086,.T.) ;
#8102=EDGE_CURVE('',#8099,#8101,#8097,.F.) ;
#8109=EDGE_CURVE('',#8108,#8099,#8106,.F.) ;
#8116=EDGE_CURVE('',#8115,#8108,#8113,.T.) ;
#8121=EDGE_CURVE('',#8115,#8101,#8120,.T.) ;
#8137=EDGE_CURVE('',#8134,#8136,#8132,.F.) ;
#8144=EDGE_CURVE('',#8143,#8134,#8141,.T.) ;
#8149=EDGE_CURVE('',#8143,#8136,#8148,.T.) ;
#8164=EDGE_CURVE('',#8161,#8163,#8159,.F.) ;
#8171=EDGE_CURVE('',#8170,#8161,#8168,.T.) ;
#8176=EDGE_CURVE('',#8170,#8163,#8175,.T.) ;
#8191=EDGE_CURVE('',#8188,#8190,#8186,.F.) ;
#8198=EDGE_CURVE('',#8197,#8188,#8195,.F.) ;
#8205=EDGE_CURVE('',#8204,#8197,#8202,.T.) ;
#8210=EDGE_CURVE('',#8204,#8190,#8209,.T.) ;
#8226=EDGE_CURVE('',#8223,#8225,#8221,.F.) ;
#8233=EDGE_CURVE('',#8232,#8223,#8230,.T.) ;
#8238=EDGE_CURVE('',#8232,#8225,#8237,.T.) ;
#8258=EDGE_CURVE('',#8255,#8257,#8253,.T.) ;
#8265=EDGE_CURVE('',#8264,#8257,#8262,.F.) ;
#8272=EDGE_CURVE('',#8271,#8264,#8269,.F.) ;
#8277=EDGE_CURVE('',#8255,#8271,#8276,.F.) ;
#8294=EDGE_CURVE('',#8271,#6046,#8293,.T.) ;
#8299=EDGE_CURVE('',#8264,#6053,#8298,.T.) ;
#8319=EDGE_CURVE('',#8197,#8255,#8312,.T.) ;
#8326=EDGE_CURVE('',#8325,#7550,#8323,.T.) ;
#8333=EDGE_CURVE('',#8332,#8325,#8330,.F.) ;
#8340=EDGE_CURVE('',#8339,#8332,#8337,.F.) ;
#8345=EDGE_CURVE('',#8339,#8204,#8344,.T.) ;
#8371=EDGE_CURVE('',#8225,#8257,#8364,.T.) ;
#8378=EDGE_CURVE('',#8377,#8232,#8375,.T.) ;
#8385=EDGE_CURVE('',#8384,#8377,#8382,.F.) ;
#8392=EDGE_CURVE('',#8391,#8384,#8389,.T.) ;
#8397=EDGE_CURVE('',#8391,#7500,#8396,.T.) ;
#8420=EDGE_CURVE('',#8325,#8391,#8419,.T.) ;
#8438=EDGE_CURVE('',#8384,#8332,#8437,.T.) ;
#8454=EDGE_CURVE('',#8451,#8453,#8449,.T.) ;
#8461=EDGE_CURVE('',#8460,#8453,#8458,.F.) ;
#8468=EDGE_CURVE('',#8467,#8460,#8465,.F.) ;
#8473=EDGE_CURVE('',#8451,#8467,#8472,.F.) ;
#8490=EDGE_CURVE('',#8467,#6074,#8489,.T.) ;
#8495=EDGE_CURVE('',#8460,#6081,#8494,.T.) ;
#8515=EDGE_CURVE('',#8223,#8451,#8508,.T.) ;
#8522=EDGE_CURVE('',#8521,#7486,#8519,.T.) ;
#8529=EDGE_CURVE('',#8528,#8521,#8526,.F.) ;
#8534=EDGE_CURVE('',#8377,#8528,#8533,.F.) ;
#8560=EDGE_CURVE('',#8163,#8453,#8553,.T.) ;
#8567=EDGE_CURVE('',#8566,#8170,#8564,.T.) ;
#8574=EDGE_CURVE('',#8573,#8566,#8571,.F.) ;
#8581=EDGE_CURVE('',#8580,#8573,#8578,.T.) ;
#8586=EDGE_CURVE('',#8580,#7477,#8585,.T.) ;
#8609=EDGE_CURVE('',#8521,#8580,#8608,.T.) ;
#8626=EDGE_CURVE('',#8573,#8528,#8625,.T.) ;
#8642=EDGE_CURVE('',#8639,#8641,#8637,.T.) ;
#8649=EDGE_CURVE('',#8648,#8641,#8646,.F.) ;
#8656=EDGE_CURVE('',#8655,#8648,#8653,.F.) ;
#8661=EDGE_CURVE('',#8639,#8655,#8660,.F.) ;
#8678=EDGE_CURVE('',#8655,#6102,#8677,.T.) ;
#8683=EDGE_CURVE('',#8648,#6109,#8682,.T.) ;
#8703=EDGE_CURVE('',#8161,#8639,#8696,.T.) ;
#8710=EDGE_CURVE('',#8709,#7463,#8707,.T.) ;
#8717=EDGE_CURVE('',#8716,#8709,#8714,.F.) ;
#8722=EDGE_CURVE('',#8566,#8716,#8721,.F.) ;
#8748=EDGE_CURVE('',#8101,#8641,#8741,.T.) ;
#8755=EDGE_CURVE('',#8754,#8115,#8752,.T.) ;
#8762=EDGE_CURVE('',#8761,#8754,#8759,.F.) ;
#8769=EDGE_CURVE('',#8768,#8761,#8766,.T.) ;
#8774=EDGE_CURVE('',#8768,#7454,#8773,.T.) ;
#8797=EDGE_CURVE('',#8709,#8768,#8796,.T.) ;
#8814=EDGE_CURVE('',#8761,#8716,#8813,.T.) ;
#8830=EDGE_CURVE('',#8827,#8829,#8825,.T.) ;
#8837=EDGE_CURVE('',#8836,#8829,#8834,.F.) ;
#8844=EDGE_CURVE('',#8843,#8836,#8841,.F.) ;
#8849=EDGE_CURVE('',#8827,#8843,#8848,.F.) ;
#8866=EDGE_CURVE('',#8843,#6130,#8865,.T.) ;
#8871=EDGE_CURVE('',#8836,#6137,#8870,.T.) ;
#8891=EDGE_CURVE('',#8108,#8827,#8884,.T.) ;
#8898=EDGE_CURVE('',#8897,#7440,#8895,.T.) ;
#8905=EDGE_CURVE('',#8904,#8897,#8902,.F.) ;
#8910=EDGE_CURVE('',#8754,#8904,#8909,.F.) ;
#8936=EDGE_CURVE('',#8074,#8829,#8929,.T.) ;
#8943=EDGE_CURVE('',#8942,#8081,#8940,.T.) ;
#8950=EDGE_CURVE('',#8949,#8942,#8947,.F.) ;
#8957=EDGE_CURVE('',#8956,#8949,#8954,.T.) ;
#8962=EDGE_CURVE('',#8956,#7610,#8961,.T.) ;
#8985=EDGE_CURVE('',#8897,#8956,#8984,.T.) ;
#9003=EDGE_CURVE('',#8949,#8904,#9002,.T.) ;
#9019=EDGE_CURVE('',#9016,#9018,#9014,.T.) ;
#9026=EDGE_CURVE('',#9025,#9018,#9023,.F.) ;
#9033=EDGE_CURVE('',#9032,#9025,#9030,.F.) ;
#9038=EDGE_CURVE('',#9016,#9032,#9037,.F.) ;
#9055=EDGE_CURVE('',#9032,#5990,#9054,.T.) ;
#9060=EDGE_CURVE('',#9025,#5997,#9059,.T.) ;
#9080=EDGE_CURVE('',#8072,#9016,#9073,.T.) ;
#9087=EDGE_CURVE('',#9086,#7596,#9084,.T.) ;
#9094=EDGE_CURVE('',#9093,#9086,#9091,.F.) ;
#9099=EDGE_CURVE('',#8942,#9093,#9098,.F.) ;
#9125=EDGE_CURVE('',#8136,#9018,#9118,.T.) ;
#9132=EDGE_CURVE('',#9131,#8143,#9129,.T.) ;
#9139=EDGE_CURVE('',#9138,#9131,#9136,.F.) ;
#9146=EDGE_CURVE('',#9145,#9138,#9143,.T.) ;
#9151=EDGE_CURVE('',#9145,#7587,#9150,.T.) ;
#9174=EDGE_CURVE('',#9086,#9145,#9173,.T.) ;
#9191=EDGE_CURVE('',#9138,#9093,#9190,.T.) ;
#9207=EDGE_CURVE('',#9204,#9206,#9202,.T.) ;
#9214=EDGE_CURVE('',#9213,#9206,#9211,.F.) ;
#9221=EDGE_CURVE('',#9220,#9213,#9218,.F.) ;
#9226=EDGE_CURVE('',#9204,#9220,#9225,.F.) ;
#9243=EDGE_CURVE('',#9220,#6018,#9242,.T.) ;
#9248=EDGE_CURVE('',#9213,#6025,#9247,.T.) ;
#9268=EDGE_CURVE('',#8134,#9204,#9261,.T.) ;
#9275=EDGE_CURVE('',#9274,#7573,#9272,.T.) ;
#9282=EDGE_CURVE('',#9281,#9274,#9279,.F.) ;
#9287=EDGE_CURVE('',#9131,#9281,#9286,.F.) ;
#9313=EDGE_CURVE('',#8190,#9206,#9306,.T.) ;
#9320=EDGE_CURVE('',#9319,#8339,#9317,.F.) ;
#9327=EDGE_CURVE('',#9326,#9319,#9324,.T.) ;
#9332=EDGE_CURVE('',#9326,#7564,#9331,.T.) ;
#9355=EDGE_CURVE('',#9274,#9326,#9354,.T.) ;
#9372=EDGE_CURVE('',#9319,#9281,#9371,.T.) ;
#9413=EDGE_CURVE('',#9410,#9412,#9408,.T.) ;
#9418=EDGE_CURVE('',#9412,#9410,#9417,.T.) ;
#9433=EDGE_CURVE('',#9412,#7413,#9432,.F.) ;
#9438=EDGE_CURVE('',#9410,#7415,#9437,.F.) ;
#9464=EDGE_CURVE('',#8099,#9463,#9461,.T.) ;
#9471=EDGE_CURVE('',#9470,#9463,#9468,.F.) ;
#9476=EDGE_CURVE('',#8188,#9470,#9475,.T.) ;
#9500=EDGE_CURVE('',#9463,#9470,#9499,.F.) ;
#9545=EDGE_CURVE('',#7111,#9544,#9542,.T.) ;
#9552=EDGE_CURVE('',#7113,#9551,#9549,.T.) ;
#9557=EDGE_CURVE('',#9544,#9551,#9556,.T.) ;
#9569=EDGE_CURVE('',#9551,#9544,#9568,.T.) ;
#9598=EDGE_CURVE('',#7129,#9597,#9595,.T.) ;
#9605=EDGE_CURVE('',#7131,#9604,#9602,.T.) ;
#9610=EDGE_CURVE('',#9597,#9604,#9609,.T.) ;
#9622=EDGE_CURVE('',#9604,#9597,#9621,.T.) ;
#9689=EDGE_CURVE('',#9686,#9688,#9684,.F.) ;
#9696=EDGE_CURVE('',#9695,#9688,#9693,.T.) ;
#9703=EDGE_CURVE('',#9702,#9695,#9700,.F.) ;
#9708=EDGE_CURVE('',#9702,#9686,#9707,.T.) ;
#9720=EDGE_CURVE('',#9688,#9695,#9719,.T.) ;
#9725=EDGE_CURVE('',#9686,#9702,#9724,.T.) ;
#9750=EDGE_CURVE('',#9747,#9749,#9745,.T.) ;
#9755=EDGE_CURVE('',#9749,#9747,#9754,.T.) ;
#9774=EDGE_CURVE('',#9771,#9773,#9769,.T.) ;
#9779=EDGE_CURVE('',#9773,#9771,#9778,.T.) ;
#9800=EDGE_CURVE('',#9799,#9773,#9797,.T.) ;
#9807=EDGE_CURVE('',#9806,#9771,#9804,.T.) ;
#9812=EDGE_CURVE('',#9806,#9799,#9811,.T.) ;
#9824=EDGE_CURVE('',#9799,#9806,#9823,.T.) ;
#9849=EDGE_CURVE('',#9846,#9848,#9844,.T.) ;
#9854=EDGE_CURVE('',#9848,#9846,#9853,.T.) ;
#9871=EDGE_CURVE('',#9870,#9846,#9868,.T.) ;
#9878=EDGE_CURVE('',#9877,#9848,#9875,.T.) ;
#9883=EDGE_CURVE('',#9877,#9870,#9882,.T.) ;
#9895=EDGE_CURVE('',#9870,#9877,#9894,.T.) ;
#9916=EDGE_CURVE('',#9913,#9915,#9911,.T.) ;
#9923=EDGE_CURVE('',#9922,#9915,#9920,.T.) ;
#9930=EDGE_CURVE('',#9929,#9922,#9927,.T.) ;
#9935=EDGE_CURVE('',#9929,#9913,#9934,.T.) ;
#9947=EDGE_CURVE('',#9915,#9922,#9946,.T.) ;
#9952=EDGE_CURVE('',#9913,#9929,#9951,.T.) ;
#9977=EDGE_CURVE('',#9974,#9976,#9972,.F.) ;
#9982=EDGE_CURVE('',#9976,#9974,#9981,.F.) ;
#9996=EDGE_CURVE('',#9993,#9995,#9991,.T.) ;
#10001=EDGE_CURVE('',#9995,#9993,#10000,.T.) ;
#10024=EDGE_CURVE('',#10021,#10023,#10019,.F.) ;
#10029=EDGE_CURVE('',#10023,#9976,#10028,.T.) ;
#10034=EDGE_CURVE('',#10021,#9974,#10033,.T.) ;
#10051=EDGE_CURVE('',#10023,#10021,#10050,.F.) ;
#10070=EDGE_CURVE('',#10069,#9995,#10067,.T.) ;
#10077=EDGE_CURVE('',#10076,#9993,#10074,.T.) ;
#10082=EDGE_CURVE('',#10076,#10069,#10081,.T.) ;
#10094=EDGE_CURVE('',#10069,#10076,#10093,.T.) ;
#10113=EDGE_CURVE('',#10021,#10112,#10110,.T.) ;
#10120=EDGE_CURVE('',#10119,#10112,#10117,.T.) ;
#10125=EDGE_CURVE('',#10023,#10119,#10124,.T.) ;
#10137=EDGE_CURVE('',#10112,#10119,#10136,.T.) ;
#10158=EDGE_CURVE('',#10155,#10157,#10153,.T.) ;
#10163=EDGE_CURVE('',#10157,#10155,#10162,.T.) ;
#10198=EDGE_CURVE('',#10155,#10197,#10195,.F.) ;
#10205=EDGE_CURVE('',#10197,#10204,#10202,.T.) ;
#10210=EDGE_CURVE('',#10157,#10204,#10209,.F.) ;
#10227=EDGE_CURVE('',#10204,#10197,#10226,.T.) ;
#10246=EDGE_CURVE('',#10245,#10197,#10243,.T.) ;
#10253=EDGE_CURVE('',#10245,#10252,#10250,.T.) ;
#10258=EDGE_CURVE('',#10252,#10204,#10257,.T.) ;
#10270=EDGE_CURVE('',#10252,#10245,#10269,.T.) ;
#10295=EDGE_CURVE('',#10292,#10294,#10290,.T.) ;
#10300=EDGE_CURVE('',#10294,#10292,#10299,.T.) ;
#10317=EDGE_CURVE('',#10316,#10292,#10314,.T.) ;
#10324=EDGE_CURVE('',#10323,#10294,#10321,.T.) ;
#10329=EDGE_CURVE('',#10323,#10316,#10328,.F.) ;
#10341=EDGE_CURVE('',#10316,#10323,#10340,.F.) ;
#10358=EDGE_CURVE('',#9747,#10323,#10357,.F.) ;
#10363=EDGE_CURVE('',#9749,#10316,#10362,.F.) ;
#10457=EDGE_CURVE('',#10454,#10456,#10437,.T.) ;
#10474=EDGE_CURVE('',#10456,#10454,#10458,.T.) ;
#10499=EDGE_CURVE('',#10496,#10498,#10479,.F.) ;
#10516=EDGE_CURVE('',#10498,#10496,#10500,.F.) ;
#10533=EDGE_CURVE('',#10456,#10532,#10530,.T.) ;
#10540=EDGE_CURVE('',#10454,#10539,#10537,.T.) ;
#10545=EDGE_CURVE('',#10532,#10539,#10544,.T.) ;
#10557=EDGE_CURVE('',#10539,#10532,#10556,.T.) ;
#10576=EDGE_CURVE('',#10575,#10498,#10573,.F.) ;
#10583=EDGE_CURVE('',#10582,#10496,#10580,.F.) ;
#10588=EDGE_CURVE('',#10582,#10575,#10587,.T.) ;
#10600=EDGE_CURVE('',#10575,#10582,#10599,.T.) ;
#10621=EDGE_CURVE('',#10618,#10620,#10616,.T.) ;
#10626=EDGE_CURVE('',#10620,#10618,#10625,.T.) ;
#10647=EDGE_CURVE('',#10646,#10618,#10644,.T.) ;
#10654=EDGE_CURVE('',#10653,#10620,#10651,.T.) ;
#10659=EDGE_CURVE('',#10653,#10646,#10658,.T.) ;
#10671=EDGE_CURVE('',#10646,#10653,#10670,.T.) ;
#10704=EDGE_CURVE('',#10653,#10703,#10701,.T.) ;
#10711=EDGE_CURVE('',#10703,#10710,#10708,.T.) ;
#10716=EDGE_CURVE('',#10646,#10710,#10715,.T.) ;
#10728=EDGE_CURVE('',#10710,#10703,#10727,.T.) ;
#10749=EDGE_CURVE('',#10746,#10748,#10744,.T.) ;
#10756=EDGE_CURVE('',#10746,#10755,#10753,.F.) ;
#10763=EDGE_CURVE('',#10755,#10762,#10760,.T.) ;
#10768=EDGE_CURVE('',#10748,#10762,#10767,.F.) ;
#10780=EDGE_CURVE('',#10748,#10746,#10779,.T.) ;
#10785=EDGE_CURVE('',#10762,#10755,#10784,.T.) ;
#10801=EDGE_CURVE('',#10798,#10800,#10796,.T.) ;
#10808=EDGE_CURVE('',#10798,#10807,#10805,.F.) ;
#10815=EDGE_CURVE('',#10807,#10814,#10812,.T.) ;
#10820=EDGE_CURVE('',#10800,#10814,#10819,.F.) ;
#10832=EDGE_CURVE('',#10800,#10798,#10831,.T.) ;
#10837=EDGE_CURVE('',#10814,#10807,#10836,.T.) ;
#10898=EDGE_CURVE('',#10454,#10798,#10897,.T.) ;
#10903=EDGE_CURVE('',#10456,#10800,#10902,.T.) ;
#11030=EDGE_CURVE('',#11027,#11029,#11025,.T.) ;
#11037=EDGE_CURVE('',#11027,#11036,#11034,.T.) ;
#11044=EDGE_CURVE('',#11036,#11043,#11041,.T.) ;
#11049=EDGE_CURVE('',#11029,#11043,#11048,.T.) ;
#11070=EDGE_CURVE('',#11067,#11069,#11065,.T.) ;
#11075=EDGE_CURVE('',#11067,#11027,#11074,.T.) ;
#11080=EDGE_CURVE('',#11069,#11029,#11079,.T.) ;
#11099=EDGE_CURVE('',#11036,#11098,#11096,.T.) ;
#11106=EDGE_CURVE('',#11098,#11105,#11103,.T.) ;
#11111=EDGE_CURVE('',#11043,#11105,#11110,.T.) ;
#11128=EDGE_CURVE('',#11069,#11105,#11127,.T.) ;
#11145=EDGE_CURVE('',#11067,#11098,#11144,.T.) ;
#11166=EDGE_CURVE('',#11163,#11165,#11161,.F.) ;
#11173=EDGE_CURVE('',#11172,#11165,#11170,.F.) ;
#11180=EDGE_CURVE('',#11172,#11179,#11177,.T.) ;
#11187=EDGE_CURVE('',#11186,#11179,#11184,.F.) ;
#11194=EDGE_CURVE('',#11186,#11193,#11191,.F.) ;
#11201=EDGE_CURVE('',#11200,#11193,#11198,.F.) ;
#11208=EDGE_CURVE('',#11200,#11207,#11205,.T.) ;
#11213=EDGE_CURVE('',#11163,#11207,#11212,.F.) ;
#11238=EDGE_CURVE('',#11235,#11237,#11233,.F.) ;
#11245=EDGE_CURVE('',#11244,#11237,#11242,.T.) ;
#11252=EDGE_CURVE('',#11244,#11251,#11249,.F.) ;
#11259=EDGE_CURVE('',#11258,#11251,#11256,.F.) ;
#11266=EDGE_CURVE('',#11258,#11265,#11263,.F.) ;
#11273=EDGE_CURVE('',#11272,#11265,#11270,.T.) ;
#11280=EDGE_CURVE('',#11272,#11279,#11277,.F.) ;
#11287=EDGE_CURVE('',#11286,#11279,#11284,.T.) ;
#11294=EDGE_CURVE('',#11293,#11286,#11291,.F.) ;
#11301=EDGE_CURVE('',#11300,#11293,#11298,.T.) ;
#11308=EDGE_CURVE('',#11307,#11300,#11305,.F.) ;
#11315=EDGE_CURVE('',#11314,#11307,#11312,.T.) ;
#11322=EDGE_CURVE('',#11314,#11321,#11319,.F.) ;
#11329=EDGE_CURVE('',#11328,#11321,#11326,.T.) ;
#11336=EDGE_CURVE('',#11328,#11335,#11333,.F.) ;
#11343=EDGE_CURVE('',#11342,#11335,#11340,.F.) ;
#11350=EDGE_CURVE('',#11342,#11349,#11347,.F.) ;
#11357=EDGE_CURVE('',#11356,#11349,#11354,.T.) ;
#11364=EDGE_CURVE('',#11356,#11363,#11361,.F.) ;
#11371=EDGE_CURVE('',#11370,#11363,#11368,.F.) ;
#11378=EDGE_CURVE('',#11377,#11370,#11375,.F.) ;
#11385=EDGE_CURVE('',#11384,#11377,#11382,.F.) ;
#11392=EDGE_CURVE('',#11391,#11384,#11389,.F.) ;
#11397=EDGE_CURVE('',#11235,#11391,#11396,.F.) ;
#11438=EDGE_CURVE('',#11435,#11437,#11433,.F.) ;
#11445=EDGE_CURVE('',#11437,#11444,#11442,.T.) ;
#11452=EDGE_CURVE('',#11451,#11444,#11449,.F.) ;
#11457=EDGE_CURVE('',#11435,#11451,#11456,.T.) ;
#11478=EDGE_CURVE('',#11475,#11477,#11473,.F.) ;
#11483=EDGE_CURVE('',#11477,#11437,#11482,.F.) ;
#11488=EDGE_CURVE('',#11475,#11435,#11487,.F.) ;
#11509=EDGE_CURVE('',#11506,#11508,#11504,.F.) ;
#11514=EDGE_CURVE('',#11508,#11477,#11513,.T.) ;
#11519=EDGE_CURVE('',#11506,#11475,#11518,.T.) ;
#11540=EDGE_CURVE('',#11537,#11539,#11535,.F.) ;
#11545=EDGE_CURVE('',#11539,#11508,#11544,.T.) ;
#11550=EDGE_CURVE('',#11537,#11506,#11549,.T.) ;
#11571=EDGE_CURVE('',#11568,#11570,#11566,.F.) ;
#11576=EDGE_CURVE('',#11570,#11539,#11575,.T.) ;
#11581=EDGE_CURVE('',#11568,#11537,#11580,.T.) ;
#11602=EDGE_CURVE('',#11599,#11601,#11597,.F.) ;
#11607=EDGE_CURVE('',#11601,#11570,#11606,.F.) ;
#11612=EDGE_CURVE('',#11599,#11568,#11611,.F.) ;
#11633=EDGE_CURVE('',#11630,#11632,#11628,.F.) ;
#11638=EDGE_CURVE('',#11632,#11601,#11637,.T.) ;
#11643=EDGE_CURVE('',#11630,#11599,#11642,.T.) ;
#11660=EDGE_CURVE('',#11444,#11632,#11659,.T.) ;
#11665=EDGE_CURVE('',#11451,#11630,#11664,.T.) ;
#11696=EDGE_CURVE('',#11693,#11695,#11691,.T.) ;
#11703=EDGE_CURVE('',#11695,#11702,#11700,.T.) ;
#11710=EDGE_CURVE('',#11702,#11709,#11707,.F.) ;
#11717=EDGE_CURVE('',#11709,#11716,#11714,.T.) ;
#11724=EDGE_CURVE('',#11716,#11723,#11721,.T.) ;
#11731=EDGE_CURVE('',#11723,#11730,#11728,.T.) ;
#11738=EDGE_CURVE('',#11730,#11737,#11735,.F.) ;
#11743=EDGE_CURVE('',#11737,#11693,#11742,.T.) ;
#11762=EDGE_CURVE('',#11759,#11761,#11757,.T.) ;
#11767=EDGE_CURVE('',#11761,#11759,#11766,.T.) ;
#11780=EDGE_CURVE('',#11777,#11779,#11775,.T.) ;
#11785=EDGE_CURVE('',#11779,#11777,#11784,.T.) ;
#11800=EDGE_CURVE('',#11179,#11630,#11799,.T.) ;
#11805=EDGE_CURVE('',#11172,#11451,#11804,.T.) ;
#11822=EDGE_CURVE('',#11186,#11599,#11821,.T.) ;
#11839=EDGE_CURVE('',#11193,#11568,#11838,.T.) ;
#11856=EDGE_CURVE('',#11200,#11537,#11855,.T.) ;
#11873=EDGE_CURVE('',#11207,#11506,#11872,.T.) ;
#11890=EDGE_CURVE('',#11165,#11435,#11889,.T.) ;
#11907=EDGE_CURVE('',#11163,#11475,#11906,.T.) ;
#11940=EDGE_CURVE('',#11937,#11939,#11935,.T.) ;
#11945=EDGE_CURVE('',#11937,#11939,#11944,.F.) ;
#11958=EDGE_CURVE('',#11955,#11957,#11953,.T.) ;
#11963=EDGE_CURVE('',#11955,#11957,#11962,.F.) ;
#11982=EDGE_CURVE('',#11979,#11981,#11977,.T.) ;
#11987=EDGE_CURVE('',#11979,#11981,#11986,.F.) ;
#12000=EDGE_CURVE('',#11997,#11999,#11995,.T.) ;
#12005=EDGE_CURVE('',#11997,#11999,#12004,.F.) ;
#12024=EDGE_CURVE('',#12021,#12023,#12019,.F.) ;
#12029=EDGE_CURVE('',#11937,#12021,#12028,.T.) ;
#12034=EDGE_CURVE('',#11939,#12023,#12033,.T.) ;
#12046=EDGE_CURVE('',#12023,#12021,#12045,.F.) ;
#12067=EDGE_CURVE('',#12064,#12066,#12062,.F.) ;
#12072=EDGE_CURVE('',#11957,#12066,#12071,.T.) ;
#12077=EDGE_CURVE('',#12064,#11955,#12076,.F.) ;
#12089=EDGE_CURVE('',#12064,#12066,#12088,.T.) ;
#12106=EDGE_CURVE('',#12066,#11981,#12105,.T.) ;
#12111=EDGE_CURVE('',#12064,#11979,#12110,.T.) ;
#12139=EDGE_CURVE('',#12136,#12138,#12134,.F.) ;
#12144=EDGE_CURVE('',#11999,#12138,#12143,.T.) ;
#12149=EDGE_CURVE('',#11997,#12136,#12148,.T.) ;
#12161=EDGE_CURVE('',#12136,#12138,#12160,.T.) ;
#12182=EDGE_CURVE('',#12179,#12181,#12177,.F.) ;
#12187=EDGE_CURVE('',#12181,#12138,#12186,.T.) ;
#12192=EDGE_CURVE('',#12136,#12179,#12191,.F.) ;
#12204=EDGE_CURVE('',#12181,#12179,#12203,.F.) ;
#12225=EDGE_CURVE('',#12222,#12224,#12220,.F.) ;
#12232=EDGE_CURVE('',#12231,#12224,#12229,.T.) ;
#12239=EDGE_CURVE('',#12231,#12238,#12236,.T.) ;
#12244=EDGE_CURVE('',#12238,#12222,#12243,.T.) ;
#12263=EDGE_CURVE('',#12262,#12222,#12260,.F.) ;
#12270=EDGE_CURVE('',#12238,#12269,#12267,.T.) ;
#12275=EDGE_CURVE('',#12269,#12262,#12274,.T.) ;
#12294=EDGE_CURVE('',#12293,#12269,#12291,.T.) ;
#12301=EDGE_CURVE('',#12293,#12300,#12298,.T.) ;
#12306=EDGE_CURVE('',#12300,#12262,#12305,.T.) ;
#12325=EDGE_CURVE('',#12324,#12300,#12322,.F.) ;
#12332=EDGE_CURVE('',#12293,#12331,#12329,.T.) ;
#12337=EDGE_CURVE('',#12331,#12324,#12336,.T.) ;
#12356=EDGE_CURVE('',#12355,#12331,#12353,.T.) ;
#12363=EDGE_CURVE('',#12362,#12355,#12360,.F.) ;
#12368=EDGE_CURVE('',#12362,#12324,#12367,.F.) ;
#12389=EDGE_CURVE('',#12386,#12388,#12384,.F.) ;
#12394=EDGE_CURVE('',#12362,#12386,#12393,.F.) ;
#12399=EDGE_CURVE('',#12388,#12355,#12398,.T.) ;
#12418=EDGE_CURVE('',#12388,#12417,#12415,.T.) ;
#12425=EDGE_CURVE('',#12424,#12417,#12422,.F.) ;
#12430=EDGE_CURVE('',#12424,#12386,#12429,.F.) ;
#12451=EDGE_CURVE('',#12448,#12450,#12446,.F.) ;
#12456=EDGE_CURVE('',#12424,#12448,#12455,.F.) ;
#12461=EDGE_CURVE('',#12450,#12417,#12460,.T.) ;
#12480=EDGE_CURVE('',#12479,#12450,#12477,.T.) ;
#12487=EDGE_CURVE('',#12479,#12486,#12484,.T.) ;
#12492=EDGE_CURVE('',#12486,#12448,#12491,.F.) ;
#12511=EDGE_CURVE('',#12510,#12486,#12508,.F.) ;
#12518=EDGE_CURVE('',#12479,#12517,#12515,.T.) ;
#12523=EDGE_CURVE('',#12517,#12510,#12522,.T.) ;
#12539=EDGE_CURVE('',#12536,#12538,#12534,.T.) ;
#12544=EDGE_CURVE('',#12538,#12510,#12543,.T.) ;
#12549=EDGE_CURVE('',#12536,#12517,#12548,.T.) ;
#12568=EDGE_CURVE('',#12567,#12538,#12565,.F.) ;
#12575=EDGE_CURVE('',#12536,#12574,#12572,.T.) ;
#12580=EDGE_CURVE('',#12574,#12567,#12579,.T.) ;
#12599=EDGE_CURVE('',#12574,#12598,#12596,.T.) ;
#12606=EDGE_CURVE('',#12598,#12605,#12603,.T.) ;
#12611=EDGE_CURVE('',#12605,#12567,#12610,.F.) ;
#12630=EDGE_CURVE('',#12629,#12605,#12627,.F.) ;
#12637=EDGE_CURVE('',#12598,#12636,#12634,.T.) ;
#12642=EDGE_CURVE('',#12636,#12629,#12641,.T.) ;
#12661=EDGE_CURVE('',#12660,#12636,#12658,.T.) ;
#12668=EDGE_CURVE('',#12660,#12667,#12665,.T.) ;
#12673=EDGE_CURVE('',#12667,#12629,#12672,.T.) ;
#12692=EDGE_CURVE('',#12691,#12667,#12689,.F.) ;
#12699=EDGE_CURVE('',#12660,#12698,#12696,.T.) ;
#12704=EDGE_CURVE('',#12698,#12691,#12703,.T.) ;
#12718=EDGE_CURVE('',#12717,#12698,#12715,.T.) ;
#12725=EDGE_CURVE('',#12724,#12717,#12722,.F.) ;
#12730=EDGE_CURVE('',#12724,#12691,#12729,.T.) ;
#12751=EDGE_CURVE('',#12748,#12750,#12746,.F.) ;
#12756=EDGE_CURVE('',#12724,#12748,#12755,.F.) ;
#12761=EDGE_CURVE('',#12750,#12717,#12760,.T.) ;
#12780=EDGE_CURVE('',#12779,#12750,#12777,.T.) ;
#12787=EDGE_CURVE('',#12786,#12779,#12784,.F.) ;
#12792=EDGE_CURVE('',#12786,#12748,#12791,.T.) ;
#12813=EDGE_CURVE('',#12810,#12812,#12808,.F.) ;
#12818=EDGE_CURVE('',#12786,#12810,#12817,.F.) ;
#12823=EDGE_CURVE('',#12812,#12779,#12822,.T.) ;
#12837=EDGE_CURVE('',#12836,#12812,#12834,.T.) ;
#12844=EDGE_CURVE('',#12836,#12843,#12841,.T.) ;
#12849=EDGE_CURVE('',#12843,#12810,#12848,.T.) ;
#12868=EDGE_CURVE('',#12867,#12843,#12865,.F.) ;
#12875=EDGE_CURVE('',#12836,#12874,#12872,.T.) ;
#12880=EDGE_CURVE('',#12874,#12867,#12879,.T.) ;
#12899=EDGE_CURVE('',#12224,#12898,#12896,.F.) ;
#12906=EDGE_CURVE('',#12905,#12898,#12903,.T.) ;
#12911=EDGE_CURVE('',#12905,#12231,#12910,.T.) ;
#12923=EDGE_CURVE('',#12898,#12867,#12922,.T.) ;
#12928=EDGE_CURVE('',#12905,#12874,#12927,.T.) ;
#12983=EDGE_CURVE('',#12982,#11693,#12980,.F.) ;
#12990=EDGE_CURVE('',#12982,#12989,#12987,.T.) ;
#12995=EDGE_CURVE('',#12989,#11695,#12994,.F.) ;
#13014=EDGE_CURVE('',#13013,#11737,#13011,.F.) ;
#13019=EDGE_CURVE('',#12982,#13013,#13018,.F.) ;
#13038=EDGE_CURVE('',#13037,#11730,#13035,.F.) ;
#13043=EDGE_CURVE('',#13037,#13013,#13042,.F.) ;
#13062=EDGE_CURVE('',#13061,#12989,#13059,.F.) ;
#13067=EDGE_CURVE('',#13061,#11702,#13066,.F.) ;
#13086=EDGE_CURVE('',#13061,#13085,#13083,.F.) ;
#13091=EDGE_CURVE('',#13085,#11709,#13090,.F.) ;
#13110=EDGE_CURVE('',#13109,#11723,#13107,.F.) ;
#13115=EDGE_CURVE('',#13037,#13109,#13114,.F.) ;
#13134=EDGE_CURVE('',#13133,#13085,#13131,.F.) ;
#13139=EDGE_CURVE('',#13133,#11716,#13138,.F.) ;
#13156=EDGE_CURVE('',#13133,#13109,#13155,.T.) ;
#13177=EDGE_CURVE('',#13174,#13176,#13172,.T.) ;
#13184=EDGE_CURVE('',#13176,#13183,#13181,.F.) ;
#13191=EDGE_CURVE('',#13190,#13183,#13188,.T.) ;
#13196=EDGE_CURVE('',#13174,#13190,#13195,.F.) ;
#13208=EDGE_CURVE('',#13176,#13174,#13207,.T.) ;
#13213=EDGE_CURVE('',#13183,#13190,#13212,.T.) ;
#13243=EDGE_CURVE('',#13240,#13242,#13238,.F.) ;
#13248=EDGE_CURVE('',#11370,#13240,#13247,.T.) ;
#13253=EDGE_CURVE('',#13242,#11363,#13252,.F.) ;
#13272=EDGE_CURVE('',#13240,#13271,#13269,.F.) ;
#13277=EDGE_CURVE('',#11377,#13271,#13276,.T.) ;
#13291=EDGE_CURVE('',#11384,#13290,#13288,.T.) ;
#13296=EDGE_CURVE('',#13290,#13271,#13295,.F.) ;
#13315=EDGE_CURVE('',#13290,#13314,#13312,.F.) ;
#13320=EDGE_CURVE('',#11391,#13314,#13319,.T.) ;
#13334=EDGE_CURVE('',#13333,#13314,#13331,.F.) ;
#13339=EDGE_CURVE('',#13333,#11235,#13338,.F.) ;
#13358=EDGE_CURVE('',#13357,#13333,#13355,.F.) ;
#13363=EDGE_CURVE('',#13357,#11237,#13362,.F.) ;
#13377=EDGE_CURVE('',#13376,#13357,#13374,.T.) ;
#13382=EDGE_CURVE('',#13376,#11244,#13381,.F.) ;
#13401=EDGE_CURVE('',#13400,#13376,#13398,.F.) ;
#13406=EDGE_CURVE('',#13400,#11251,#13405,.F.) ;
#13420=EDGE_CURVE('',#13419,#13400,#13417,.F.) ;
#13425=EDGE_CURVE('',#13419,#11258,#13424,.F.) ;
#13444=EDGE_CURVE('',#13443,#13419,#13441,.F.) ;
#13449=EDGE_CURVE('',#13443,#11265,#13448,.F.) ;
#13463=EDGE_CURVE('',#13462,#13443,#13460,.T.) ;
#13468=EDGE_CURVE('',#13462,#11272,#13467,.F.) ;
#13487=EDGE_CURVE('',#13486,#13462,#13484,.F.) ;
#13492=EDGE_CURVE('',#13486,#11279,#13491,.F.) ;
#13506=EDGE_CURVE('',#13505,#13486,#13503,.T.) ;
#13511=EDGE_CURVE('',#11286,#13505,#13510,.T.) ;
#13530=EDGE_CURVE('',#13505,#13529,#13527,.F.) ;
#13535=EDGE_CURVE('',#11293,#13529,#13534,.T.) ;
#13549=EDGE_CURVE('',#13548,#13529,#13546,.T.) ;
#13554=EDGE_CURVE('',#11300,#13548,#13553,.T.) ;
#13573=EDGE_CURVE('',#13572,#11356,#13570,.F.) ;
#13578=EDGE_CURVE('',#13242,#13572,#13577,.F.) ;
#13592=EDGE_CURVE('',#13591,#11349,#13589,.F.) ;
#13597=EDGE_CURVE('',#13572,#13591,#13596,.T.) ;
#13616=EDGE_CURVE('',#13591,#13615,#13613,.T.) ;
#13623=EDGE_CURVE('',#13615,#13622,#13620,.F.) ;
#13630=EDGE_CURVE('',#13622,#13629,#13627,.T.) ;
#13637=EDGE_CURVE('',#13629,#13636,#13634,.T.) ;
#13644=EDGE_CURVE('',#13636,#13643,#13641,.T.) ;
#13651=EDGE_CURVE('',#13643,#13650,#13648,.T.) ;
#13656=EDGE_CURVE('',#13548,#13650,#13655,.T.) ;
#13697=EDGE_CURVE('',#11307,#13650,#13696,.T.) ;
#13709=EDGE_CURVE('',#13643,#11314,#13708,.F.) ;
#13726=EDGE_CURVE('',#13615,#11342,#13725,.F.) ;
#13738=EDGE_CURVE('',#13622,#11335,#13737,.F.) ;
#13755=EDGE_CURVE('',#13629,#11328,#13754,.F.) ;
#13772=EDGE_CURVE('',#13636,#11321,#13771,.F.) ;
#13840=EDGE_CURVE('',#13839,#11761,#13837,.F.) ;
#13847=EDGE_CURVE('',#13839,#13846,#13844,.T.) ;
#13852=EDGE_CURVE('',#13846,#11759,#13851,.F.) ;
#13864=EDGE_CURVE('',#13846,#13839,#13863,.T.) ;
#13893=EDGE_CURVE('',#13892,#11779,#13890,.F.) ;
#13900=EDGE_CURVE('',#13892,#13899,#13897,.T.) ;
#13905=EDGE_CURVE('',#13899,#11777,#13904,.F.) ;
#13917=EDGE_CURVE('',#13899,#13892,#13916,.T.) ;
#13982=EDGE_CURVE('',#13979,#13981,#13977,.T.) ;
#13989=EDGE_CURVE('',#13988,#13979,#13986,.T.) ;
#13996=EDGE_CURVE('',#13988,#13995,#13993,.T.) ;
#14003=EDGE_CURVE('',#13995,#14002,#14000,.F.) ;
#14010=EDGE_CURVE('',#14002,#14009,#14007,.T.) ;
#14017=EDGE_CURVE('',#14016,#14009,#14014,.T.) ;
#14024=EDGE_CURVE('',#14023,#14016,#14021,.T.) ;
#14031=EDGE_CURVE('',#14030,#14023,#14028,.F.) ;
#14038=EDGE_CURVE('',#14037,#14030,#14035,.T.) ;
#14045=EDGE_CURVE('',#14044,#14037,#14042,.T.) ;
#14052=EDGE_CURVE('',#14044,#14051,#14049,.F.) ;
#14059=EDGE_CURVE('',#14051,#14058,#14056,.T.) ;
#14066=EDGE_CURVE('',#14058,#14065,#14063,.F.) ;
#14073=EDGE_CURVE('',#14072,#14065,#14070,.T.) ;
#14080=EDGE_CURVE('',#14079,#14072,#14077,.T.) ;
#14085=EDGE_CURVE('',#13981,#14079,#14084,.F.) ;
#14112=EDGE_CURVE('',#14109,#14111,#14107,.F.) ;
#14117=EDGE_CURVE('',#14111,#14109,#14116,.F.) ;
#14136=EDGE_CURVE('',#14133,#14135,#14131,.T.) ;
#14143=EDGE_CURVE('',#14142,#14133,#14140,.F.) ;
#14150=EDGE_CURVE('',#14142,#14149,#14147,.T.) ;
#14157=EDGE_CURVE('',#14156,#14149,#14154,.F.) ;
#14164=EDGE_CURVE('',#14163,#14156,#14161,.T.) ;
#14171=EDGE_CURVE('',#14170,#14163,#14168,.F.) ;
#14178=EDGE_CURVE('',#14170,#14177,#14175,.T.) ;
#14183=EDGE_CURVE('',#14135,#14177,#14182,.F.) ;
#14202=EDGE_CURVE('',#14199,#14201,#14197,.F.) ;
#14209=EDGE_CURVE('',#14201,#14208,#14206,.F.) ;
#14216=EDGE_CURVE('',#14208,#14215,#14213,.F.) ;
#14223=EDGE_CURVE('',#14222,#14215,#14220,.T.) ;
#14230=EDGE_CURVE('',#14222,#14229,#14227,.F.) ;
#14237=EDGE_CURVE('',#14236,#14229,#14234,.T.) ;
#14244=EDGE_CURVE('',#14236,#14243,#14241,.F.) ;
#14249=EDGE_CURVE('',#14199,#14243,#14248,.T.) ;
#14270=EDGE_CURVE('',#14023,#14163,#14269,.T.) ;
#14275=EDGE_CURVE('',#14030,#14156,#14274,.T.) ;
#14292=EDGE_CURVE('',#14037,#14149,#14291,.T.) ;
#14309=EDGE_CURVE('',#14016,#14170,#14308,.T.) ;
#14326=EDGE_CURVE('',#14072,#14142,#14325,.T.) ;
#14333=EDGE_CURVE('',#14065,#14332,#14330,.T.) ;
#14340=EDGE_CURVE('',#14332,#14339,#14337,.T.) ;
#14345=EDGE_CURVE('',#14044,#14339,#14344,.T.) ;
#14366=EDGE_CURVE('',#14079,#14133,#14365,.T.) ;
#14383=EDGE_CURVE('',#13981,#14135,#14382,.T.) ;
#14400=EDGE_CURVE('',#13979,#14177,#14399,.T.) ;
#14419=EDGE_CURVE('',#14009,#14418,#14416,.T.) ;
#14426=EDGE_CURVE('',#14418,#14425,#14423,.F.) ;
#14431=EDGE_CURVE('',#13988,#14425,#14430,.T.) ;
#14456=EDGE_CURVE('',#14453,#14455,#14451,.T.) ;
#14461=EDGE_CURVE('',#14058,#14455,#14460,.T.) ;
#14466=EDGE_CURVE('',#14051,#14453,#14465,.T.) ;
#14483=EDGE_CURVE('',#14455,#14332,#14482,.F.) ;
#14500=EDGE_CURVE('',#14339,#14453,#14499,.F.) ;
#14526=EDGE_CURVE('',#14525,#14418,#14523,.T.) ;
#14531=EDGE_CURVE('',#14002,#14525,#14530,.T.) ;
#14545=EDGE_CURVE('',#14425,#14544,#14542,.T.) ;
#14550=EDGE_CURVE('',#13995,#14544,#14549,.T.) ;
#14567=EDGE_CURVE('',#14544,#14525,#14566,.F.) ;
#14595=EDGE_CURVE('',#14592,#14594,#14590,.T.) ;
#14600=EDGE_CURVE('',#14594,#14592,#14599,.T.) ;
#14619=EDGE_CURVE('',#14616,#14618,#14614,.T.) ;
#14626=EDGE_CURVE('',#14625,#14616,#14623,.T.) ;
#14633=EDGE_CURVE('',#14625,#14632,#14630,.T.) ;
#14640=EDGE_CURVE('',#14632,#14639,#14637,.T.) ;
#14647=EDGE_CURVE('',#14646,#14639,#14644,.T.) ;
#14652=EDGE_CURVE('',#14646,#14208,#14651,.F.) ;
#14657=EDGE_CURVE('',#14618,#14201,#14656,.F.) ;
#14680=EDGE_CURVE('',#14679,#14199,#14677,.F.) ;
#14685=EDGE_CURVE('',#14618,#14679,#14684,.F.) ;
#14704=EDGE_CURVE('',#14703,#14646,#14701,.F.) ;
#14709=EDGE_CURVE('',#14703,#14215,#14708,.F.) ;
#14728=EDGE_CURVE('',#14727,#14243,#14725,.F.) ;
#14733=EDGE_CURVE('',#14679,#14727,#14732,.T.) ;
#14752=EDGE_CURVE('',#14751,#14236,#14749,.F.) ;
#14757=EDGE_CURVE('',#14727,#14751,#14756,.F.) ;
#14776=EDGE_CURVE('',#14775,#14703,#14773,.T.) ;
#14781=EDGE_CURVE('',#14775,#14222,#14780,.F.) ;
#14800=EDGE_CURVE('',#14799,#14775,#14797,.F.) ;
#14805=EDGE_CURVE('',#14799,#14229,#14804,.F.) ;
#14822=EDGE_CURVE('',#14616,#14639,#14821,.T.) ;
#14827=EDGE_CURVE('',#14632,#14625,#14826,.F.) ;
#14846=EDGE_CURVE('',#14751,#14845,#14843,.T.) ;
#14853=EDGE_CURVE('',#14852,#14845,#14850,.T.) ;
#14858=EDGE_CURVE('',#14852,#14799,#14857,.T.) ;
#14881=EDGE_CURVE('',#14878,#14880,#14876,.T.) ;
#14886=EDGE_CURVE('',#14880,#14878,#14885,.T.) ;
#14901=EDGE_CURVE('',#14594,#14852,#14900,.F.) ;
#14906=EDGE_CURVE('',#14592,#14845,#14905,.F.) ;
#14948=EDGE_CURVE('',#14945,#14947,#14943,.F.) ;
#14953=EDGE_CURVE('',#14947,#14878,#14952,.T.) ;
#14958=EDGE_CURVE('',#14945,#14880,#14957,.T.) ;
#14970=EDGE_CURVE('',#14947,#14945,#14969,.F.) ;
#14987=EDGE_CURVE('',#14109,#14945,#14986,.F.) ;
#14992=EDGE_CURVE('',#14111,#14947,#14991,.F.) ;
#15051=EDGE_CURVE('',#15048,#15050,#15046,.T.) ;
#15058=EDGE_CURVE('',#15050,#15057,#15055,.T.) ;
#15065=EDGE_CURVE('',#15064,#15057,#15062,.T.) ;
#15070=EDGE_CURVE('',#15048,#15064,#15069,.T.) ;
#15089=EDGE_CURVE('',#15057,#15088,#15086,.F.) ;
#15096=EDGE_CURVE('',#15095,#15088,#15093,.T.) ;
#15101=EDGE_CURVE('',#15095,#15064,#15100,.T.) ;
#15120=EDGE_CURVE('',#15119,#15050,#15117,.F.) ;
#15127=EDGE_CURVE('',#15048,#15126,#15124,.T.) ;
#15132=EDGE_CURVE('',#15126,#15119,#15131,.T.) ;
#15153=EDGE_CURVE('',#15150,#15152,#15148,.T.) ;
#15160=EDGE_CURVE('',#15159,#15150,#15157,.T.) ;
#15167=EDGE_CURVE('',#15166,#15159,#15164,.T.) ;
#15174=EDGE_CURVE('',#15173,#15166,#15171,.T.) ;
#15181=EDGE_CURVE('',#15180,#15173,#15178,.T.) ;
#15186=EDGE_CURVE('',#15152,#15180,#15185,.T.) ;
#15207=EDGE_CURVE('',#15159,#15206,#15204,.F.) ;
#15214=EDGE_CURVE('',#15213,#15206,#15211,.F.) ;
#15221=EDGE_CURVE('',#15220,#15213,#15218,.T.) ;
#15228=EDGE_CURVE('',#15227,#15220,#15225,.F.) ;
#15233=EDGE_CURVE('',#15088,#15227,#15232,.T.) ;
#15238=EDGE_CURVE('',#15119,#15166,#15237,.T.) ;
#15263=EDGE_CURVE('',#15262,#15227,#15260,.T.) ;
#15268=EDGE_CURVE('',#15262,#15095,#15267,.T.) ;
#15283=EDGE_CURVE('',#15280,#15282,#15278,.T.) ;
#15290=EDGE_CURVE('',#15289,#15282,#15287,.T.) ;
#15297=EDGE_CURVE('',#15289,#15296,#15294,.T.) ;
#15304=EDGE_CURVE('',#15303,#15296,#15301,.T.) ;
#15311=EDGE_CURVE('',#15303,#15310,#15308,.T.) ;
#15318=EDGE_CURVE('',#15317,#15310,#15315,.T.) ;
#15325=EDGE_CURVE('',#15317,#15324,#15322,.T.) ;
#15330=EDGE_CURVE('',#15280,#15324,#15329,.T.) ;
#15355=EDGE_CURVE('',#15352,#15354,#15350,.F.) ;
#15362=EDGE_CURVE('',#15354,#15361,#15359,.F.) ;
#15369=EDGE_CURVE('',#15368,#15361,#15366,.F.) ;
#15374=EDGE_CURVE('',#15352,#15368,#15373,.F.) ;
#15393=EDGE_CURVE('',#15392,#15352,#15390,.F.) ;
#15400=EDGE_CURVE('',#15392,#15399,#15397,.F.) ;
#15405=EDGE_CURVE('',#15354,#15399,#15404,.T.) ;
#15426=EDGE_CURVE('',#15423,#15425,#15421,.F.) ;
#15431=EDGE_CURVE('',#15368,#15423,#15430,.F.) ;
#15436=EDGE_CURVE('',#15425,#15361,#15435,.T.) ;
#15455=EDGE_CURVE('',#15454,#15399,#15452,.T.) ;
#15462=EDGE_CURVE('',#15461,#15392,#15459,.T.) ;
#15467=EDGE_CURVE('',#15461,#15454,#15466,.F.) ;
#15486=EDGE_CURVE('',#15485,#15461,#15483,.F.) ;
#15493=EDGE_CURVE('',#15485,#15492,#15490,.F.) ;
#15498=EDGE_CURVE('',#15454,#15492,#15497,.T.) ;
#15517=EDGE_CURVE('',#15516,#15485,#15514,.F.) ;
#15524=EDGE_CURVE('',#15516,#15523,#15521,.F.) ;
#15529=EDGE_CURVE('',#15523,#15492,#15528,.F.) ;
#15548=EDGE_CURVE('',#15547,#15516,#15545,.F.) ;
#15555=EDGE_CURVE('',#15547,#15554,#15552,.F.) ;
#15560=EDGE_CURVE('',#15523,#15554,#15559,.T.) ;
#15577=EDGE_CURVE('',#15423,#15547,#15576,.T.) ;
#15582=EDGE_CURVE('',#15425,#15554,#15581,.T.) ;
#15601=EDGE_CURVE('',#15600,#15262,#15598,.F.) ;
#15608=EDGE_CURVE('',#15600,#15607,#15605,.T.) ;
#15615=EDGE_CURVE('',#15614,#15607,#15612,.F.) ;
#15622=EDGE_CURVE('',#15614,#15621,#15619,.T.) ;
#15629=EDGE_CURVE('',#15628,#15621,#15626,.T.) ;
#15634=EDGE_CURVE('',#15628,#15126,#15633,.F.) ;
#15661=EDGE_CURVE('',#15658,#15660,#15656,.F.) ;
#15668=EDGE_CURVE('',#15667,#15660,#15665,.F.) ;
#15675=EDGE_CURVE('',#15667,#15674,#15672,.T.) ;
#15680=EDGE_CURVE('',#15674,#15658,#15679,.F.) ;
#15692=EDGE_CURVE('',#15660,#15658,#15691,.F.) ;
#15697=EDGE_CURVE('',#15674,#15667,#15696,.T.) ;
#15713=EDGE_CURVE('',#15710,#15712,#15708,.T.) ;
#15720=EDGE_CURVE('',#15719,#15710,#15717,.T.) ;
#15727=EDGE_CURVE('',#15726,#15719,#15724,.T.) ;
#15732=EDGE_CURVE('',#15628,#15726,#15731,.T.) ;
#15737=EDGE_CURVE('',#15712,#15621,#15736,.T.) ;
#15770=EDGE_CURVE('',#15767,#15769,#15765,.T.) ;
#15775=EDGE_CURVE('',#15769,#15767,#15774,.T.) ;
#15794=EDGE_CURVE('',#15791,#15793,#15789,.F.) ;
#15799=EDGE_CURVE('',#15793,#15791,#15798,.F.) ;
#15818=EDGE_CURVE('',#15767,#15791,#15817,.T.) ;
#15823=EDGE_CURVE('',#15769,#15793,#15822,.T.) ;
#15842=EDGE_CURVE('',#15600,#15220,#15841,.T.) ;
#15847=EDGE_CURVE('',#15607,#15213,#15846,.T.) ;
#15876=EDGE_CURVE('',#15614,#15206,#15875,.T.) ;
#15895=EDGE_CURVE('',#15894,#15726,#15892,.T.) ;
#15902=EDGE_CURVE('',#15894,#15901,#15899,.F.) ;
#15907=EDGE_CURVE('',#15901,#15173,#15906,.T.) ;
#15930=EDGE_CURVE('',#15901,#15929,#15927,.T.) ;
#15935=EDGE_CURVE('',#15929,#15180,#15934,.T.) ;
#15954=EDGE_CURVE('',#15953,#15719,#15951,.T.) ;
#15959=EDGE_CURVE('',#15953,#15894,#15958,.T.) ;
#15978=EDGE_CURVE('',#15977,#15152,#15975,.T.) ;
#15983=EDGE_CURVE('',#15977,#15929,#15982,.T.) ;
#16002=EDGE_CURVE('',#15977,#16001,#15999,.T.) ;
#16007=EDGE_CURVE('',#16001,#15150,#16006,.T.) ;
#16026=EDGE_CURVE('',#16025,#15710,#16023,.T.) ;
#16031=EDGE_CURVE('',#15953,#16025,#16030,.T.) ;
#16050=EDGE_CURVE('',#16049,#15712,#16047,.T.) ;
#16055=EDGE_CURVE('',#16049,#16025,#16054,.T.) ;
#16072=EDGE_CURVE('',#16049,#16001,#16071,.T.) ;
#16101=EDGE_CURVE('',#16098,#16100,#16096,.T.) ;
#16108=EDGE_CURVE('',#16107,#16100,#16105,.T.) ;
#16115=EDGE_CURVE('',#16107,#16114,#16112,.T.) ;
#16122=EDGE_CURVE('',#16121,#16114,#16119,.T.) ;
#16129=EDGE_CURVE('',#16121,#16128,#16126,.T.) ;
#16134=EDGE_CURVE('',#16128,#16098,#16133,.T.) ;
#16151=EDGE_CURVE('',#16148,#16150,#16146,.T.) ;
#16158=EDGE_CURVE('',#16148,#16157,#16155,.T.) ;
#16165=EDGE_CURVE('',#16164,#16157,#16162,.T.) ;
#16172=EDGE_CURVE('',#16171,#16164,#16169,.T.) ;
#16179=EDGE_CURVE('',#16178,#16171,#16176,.T.) ;
#16184=EDGE_CURVE('',#16178,#16150,#16183,.T.) ;
#16201=EDGE_CURVE('',#16198,#16200,#16196,.T.) ;
#16206=EDGE_CURVE('',#16200,#16198,#16205,.T.) ;
#16219=EDGE_CURVE('',#16216,#16218,#16214,.T.) ;
#16224=EDGE_CURVE('',#16218,#16216,#16223,.T.) ;
#16257=EDGE_CURVE('',#15289,#16256,#16254,.T.) ;
#16264=EDGE_CURVE('',#16263,#16256,#16261,.F.) ;
#16269=EDGE_CURVE('',#15296,#16263,#16268,.T.) ;
#16288=EDGE_CURVE('',#15282,#16287,#16285,.T.) ;
#16293=EDGE_CURVE('',#16287,#16256,#16292,.F.) ;
#16312=EDGE_CURVE('',#16263,#16311,#16309,.F.) ;
#16317=EDGE_CURVE('',#15303,#16311,#16316,.T.) ;
#16336=EDGE_CURVE('',#15280,#16335,#16333,.T.) ;
#16341=EDGE_CURVE('',#16287,#16335,#16340,.F.) ;
#16360=EDGE_CURVE('',#15324,#16359,#16357,.T.) ;
#16365=EDGE_CURVE('',#16359,#16335,#16364,.F.) ;
#16384=EDGE_CURVE('',#15317,#16383,#16381,.T.) ;
#16389=EDGE_CURVE('',#16359,#16383,#16388,.F.) ;
#16408=EDGE_CURVE('',#15310,#16407,#16405,.T.) ;
#16413=EDGE_CURVE('',#16407,#16383,#16412,.F.) ;
#16430=EDGE_CURVE('',#16407,#16311,#16429,.F.) ;
#16461=EDGE_CURVE('',#16458,#16460,#16456,.T.) ;
#16466=EDGE_CURVE('',#16460,#16458,#16465,.T.) ;
#16497=EDGE_CURVE('',#16494,#16496,#16477,.T.) ;
#16514=EDGE_CURVE('',#16496,#16494,#16498,.T.) ;
#16533=EDGE_CURVE('',#16494,#16460,#16532,.F.) ;
#16538=EDGE_CURVE('',#16496,#16458,#16537,.F.) ;
#16564=EDGE_CURVE('',#16121,#16563,#16561,.T.) ;
#16571=EDGE_CURVE('',#16570,#16563,#16568,.F.) ;
#16576=EDGE_CURVE('',#16128,#16570,#16575,.T.) ;
#16595=EDGE_CURVE('',#16114,#16594,#16592,.T.) ;
#16600=EDGE_CURVE('',#16563,#16594,#16599,.F.) ;
#16619=EDGE_CURVE('',#16107,#16618,#16616,.T.) ;
#16624=EDGE_CURVE('',#16594,#16618,#16623,.F.) ;
#16643=EDGE_CURVE('',#16100,#16642,#16640,.T.) ;
#16648=EDGE_CURVE('',#16618,#16642,#16647,.F.) ;
#16667=EDGE_CURVE('',#16098,#16666,#16664,.T.) ;
#16672=EDGE_CURVE('',#16642,#16666,#16671,.F.) ;
#16689=EDGE_CURVE('',#16666,#16570,#16688,.F.) ;
#16717=EDGE_CURVE('',#16148,#16716,#16714,.T.) ;
#16724=EDGE_CURVE('',#16716,#16723,#16721,.T.) ;
#16729=EDGE_CURVE('',#16157,#16723,#16728,.T.) ;
#16748=EDGE_CURVE('',#16723,#16747,#16745,.F.) ;
#16753=EDGE_CURVE('',#16164,#16747,#16752,.F.) ;
#16772=EDGE_CURVE('',#16747,#16771,#16769,.F.) ;
#16777=EDGE_CURVE('',#16171,#16771,#16776,.T.) ;
#16796=EDGE_CURVE('',#16771,#16795,#16793,.F.) ;
#16801=EDGE_CURVE('',#16178,#16795,#16800,.F.) ;
#16815=EDGE_CURVE('',#16795,#16814,#16812,.T.) ;
#16820=EDGE_CURVE('',#16150,#16814,#16819,.T.) ;
#16837=EDGE_CURVE('',#16814,#16716,#16836,.F.) ;
#16865=EDGE_CURVE('',#16198,#16864,#16862,.T.) ;
#16872=EDGE_CURVE('',#16200,#16871,#16869,.T.) ;
#16877=EDGE_CURVE('',#16864,#16871,#16876,.T.) ;
#16889=EDGE_CURVE('',#16871,#16864,#16888,.T.) ;
#16918=EDGE_CURVE('',#16216,#16917,#16915,.T.) ;
#16925=EDGE_CURVE('',#16218,#16924,#16922,.T.) ;
#16930=EDGE_CURVE('',#16917,#16924,#16929,.T.) ;
#16942=EDGE_CURVE('',#16924,#16917,#16941,.T.) ;
#17002=EDGE_CURVE('',#16999,#17001,#16997,.F.) ;
#17009=EDGE_CURVE('',#17008,#17001,#17006,.T.) ;
#17016=EDGE_CURVE('',#17015,#17008,#17013,.F.) ;
#17021=EDGE_CURVE('',#17015,#16999,#17020,.T.) ;
#17033=EDGE_CURVE('',#17001,#17008,#17032,.T.) ;
#17038=EDGE_CURVE('',#16999,#17015,#17037,.T.) ;
#17063=EDGE_CURVE('',#17060,#17062,#17058,.T.) ;
#17068=EDGE_CURVE('',#17062,#17060,#17067,.T.) ;
#17087=EDGE_CURVE('',#17084,#17086,#17082,.T.) ;
#17092=EDGE_CURVE('',#17086,#17084,#17091,.T.) ;
#17113=EDGE_CURVE('',#17112,#17086,#17110,.T.) ;
#17120=EDGE_CURVE('',#17119,#17084,#17117,.T.) ;
#17125=EDGE_CURVE('',#17119,#17112,#17124,.T.) ;
#17137=EDGE_CURVE('',#17112,#17119,#17136,.T.) ;
#17162=EDGE_CURVE('',#17159,#17161,#17157,.T.) ;
#17167=EDGE_CURVE('',#17161,#17159,#17166,.T.) ;
#17184=EDGE_CURVE('',#17183,#17159,#17181,.T.) ;
#17191=EDGE_CURVE('',#17190,#17161,#17188,.T.) ;
#17196=EDGE_CURVE('',#17190,#17183,#17195,.T.) ;
#17208=EDGE_CURVE('',#17183,#17190,#17207,.T.) ;
#17229=EDGE_CURVE('',#17226,#17228,#17224,.T.) ;
#17236=EDGE_CURVE('',#17235,#17228,#17233,.T.) ;
#17243=EDGE_CURVE('',#17242,#17235,#17240,.T.) ;
#17248=EDGE_CURVE('',#17242,#17226,#17247,.T.) ;
#17260=EDGE_CURVE('',#17228,#17235,#17259,.T.) ;
#17265=EDGE_CURVE('',#17226,#17242,#17264,.T.) ;
#17290=EDGE_CURVE('',#17287,#17289,#17285,.F.) ;
#17295=EDGE_CURVE('',#17289,#17287,#17294,.F.) ;
#17309=EDGE_CURVE('',#17306,#17308,#17304,.T.) ;
#17314=EDGE_CURVE('',#17308,#17306,#17313,.T.) ;
#17337=EDGE_CURVE('',#17334,#17336,#17332,.F.) ;
#17342=EDGE_CURVE('',#17336,#17289,#17341,.T.) ;
#17347=EDGE_CURVE('',#17334,#17287,#17346,.T.) ;
#17364=EDGE_CURVE('',#17336,#17334,#17363,.F.) ;
#17383=EDGE_CURVE('',#17382,#17308,#17380,.T.) ;
#17390=EDGE_CURVE('',#17389,#17306,#17387,.T.) ;
#17395=EDGE_CURVE('',#17389,#17382,#17394,.T.) ;
#17407=EDGE_CURVE('',#17382,#17389,#17406,.T.) ;
#17426=EDGE_CURVE('',#17334,#17425,#17423,.T.) ;
#17433=EDGE_CURVE('',#17432,#17425,#17430,.T.) ;
#17438=EDGE_CURVE('',#17336,#17432,#17437,.T.) ;
#17450=EDGE_CURVE('',#17425,#17432,#17449,.T.) ;
#17471=EDGE_CURVE('',#17468,#17470,#17466,.T.) ;
#17476=EDGE_CURVE('',#17470,#17468,#17475,.T.) ;
#17511=EDGE_CURVE('',#17468,#17510,#17508,.F.) ;
#17518=EDGE_CURVE('',#17510,#17517,#17515,.T.) ;
#17523=EDGE_CURVE('',#17470,#17517,#17522,.F.) ;
#17540=EDGE_CURVE('',#17517,#17510,#17539,.T.) ;
#17559=EDGE_CURVE('',#17558,#17510,#17556,.T.) ;
#17566=EDGE_CURVE('',#17558,#17565,#17563,.T.) ;
#17571=EDGE_CURVE('',#17565,#17517,#17570,.T.) ;
#17583=EDGE_CURVE('',#17565,#17558,#17582,.T.) ;
#17608=EDGE_CURVE('',#17605,#17607,#17603,.T.) ;
#17613=EDGE_CURVE('',#17607,#17605,#17612,.T.) ;
#17630=EDGE_CURVE('',#17629,#17605,#17627,.T.) ;
#17637=EDGE_CURVE('',#17636,#17607,#17634,.T.) ;
#17642=EDGE_CURVE('',#17636,#17629,#17641,.F.) ;
#17654=EDGE_CURVE('',#17629,#17636,#17653,.F.) ;
#17671=EDGE_CURVE('',#17060,#17636,#17670,.F.) ;
#17676=EDGE_CURVE('',#17062,#17629,#17675,.F.) ;
#103=ORIENTED_EDGE('',*,*,#82,.F.) ;
#104=ORIENTED_EDGE('',*,*,#89,.T.) ;
#105=ORIENTED_EDGE('',*,*,#96,.T.) ;
#106=ORIENTED_EDGE('',*,*,#101,.F.) ;
#134=ORIENTED_EDGE('',*,*,#122,.F.) ;
#135=ORIENTED_EDGE('',*,*,#127,.T.) ;
#136=ORIENTED_EDGE('',*,*,#82,.T.) ;
#137=ORIENTED_EDGE('',*,*,#132,.F.) ;
#165=ORIENTED_EDGE('',*,*,#96,.F.) ;
#166=ORIENTED_EDGE('',*,*,#151,.T.) ;
#167=ORIENTED_EDGE('',*,*,#158,.T.) ;
#168=ORIENTED_EDGE('',*,*,#163,.F.) ;
#238=ORIENTED_EDGE('',*,*,#101,.T.) ;
#239=ORIENTED_EDGE('',*,*,#163,.T.) ;
#240=ORIENTED_EDGE('',*,*,#182,.T.) ;
#241=ORIENTED_EDGE('',*,*,#189,.F.) ;
#242=ORIENTED_EDGE('',*,*,#196,.T.) ;
#243=ORIENTED_EDGE('',*,*,#203,.T.) ;
#244=ORIENTED_EDGE('',*,*,#210,.F.) ;
#245=ORIENTED_EDGE('',*,*,#217,.F.) ;
#246=ORIENTED_EDGE('',*,*,#224,.T.) ;
#247=ORIENTED_EDGE('',*,*,#231,.T.) ;
#248=ORIENTED_EDGE('',*,*,#236,.F.) ;
#249=ORIENTED_EDGE('',*,*,#132,.T.) ;
#270=ORIENTED_EDGE('',*,*,#236,.T.) ;
#271=ORIENTED_EDGE('',*,*,#263,.F.) ;
#272=ORIENTED_EDGE('',*,*,#268,.F.) ;
#273=ORIENTED_EDGE('',*,*,#122,.T.) ;
#294=ORIENTED_EDGE('',*,*,#158,.F.) ;
#295=ORIENTED_EDGE('',*,*,#287,.T.) ;
#296=ORIENTED_EDGE('',*,*,#292,.T.) ;
#297=ORIENTED_EDGE('',*,*,#182,.F.) ;
#318=ORIENTED_EDGE('',*,*,#189,.T.) ;
#319=ORIENTED_EDGE('',*,*,#292,.F.) ;
#320=ORIENTED_EDGE('',*,*,#311,.F.) ;
#321=ORIENTED_EDGE('',*,*,#316,.T.) ;
#337=ORIENTED_EDGE('',*,*,#316,.F.) ;
#338=ORIENTED_EDGE('',*,*,#330,.T.) ;
#339=ORIENTED_EDGE('',*,*,#335,.T.) ;
#340=ORIENTED_EDGE('',*,*,#196,.F.) ;
#361=ORIENTED_EDGE('',*,*,#335,.F.) ;
#362=ORIENTED_EDGE('',*,*,#354,.T.) ;
#363=ORIENTED_EDGE('',*,*,#359,.T.) ;
#364=ORIENTED_EDGE('',*,*,#203,.F.) ;
#380=ORIENTED_EDGE('',*,*,#210,.T.) ;
#381=ORIENTED_EDGE('',*,*,#359,.F.) ;
#382=ORIENTED_EDGE('',*,*,#373,.F.) ;
#383=ORIENTED_EDGE('',*,*,#378,.T.) ;
#399=ORIENTED_EDGE('',*,*,#217,.T.) ;
#400=ORIENTED_EDGE('',*,*,#378,.F.) ;
#401=ORIENTED_EDGE('',*,*,#392,.F.) ;
#402=ORIENTED_EDGE('',*,*,#397,.T.) ;
#423=ORIENTED_EDGE('',*,*,#397,.F.) ;
#424=ORIENTED_EDGE('',*,*,#416,.T.) ;
#425=ORIENTED_EDGE('',*,*,#421,.T.) ;
#426=ORIENTED_EDGE('',*,*,#224,.F.) ;
#435=ORIENTED_EDGE('',*,*,#421,.F.) ;
#436=ORIENTED_EDGE('',*,*,#433,.T.) ;
#437=ORIENTED_EDGE('',*,*,#263,.T.) ;
#438=ORIENTED_EDGE('',*,*,#231,.F.) ;
#503=ORIENTED_EDGE('',*,*,#454,.T.) ;
#504=ORIENTED_EDGE('',*,*,#461,.F.) ;
#505=ORIENTED_EDGE('',*,*,#468,.T.) ;
#506=ORIENTED_EDGE('',*,*,#475,.F.) ;
#507=ORIENTED_EDGE('',*,*,#482,.T.) ;
#508=ORIENTED_EDGE('',*,*,#489,.F.) ;
#509=ORIENTED_EDGE('',*,*,#496,.T.) ;
#510=ORIENTED_EDGE('',*,*,#501,.F.) ;
#513=ORIENTED_EDGE('',*,*,#268,.T.) ;
#514=ORIENTED_EDGE('',*,*,#433,.F.) ;
#515=ORIENTED_EDGE('',*,*,#416,.F.) ;
#516=ORIENTED_EDGE('',*,*,#392,.T.) ;
#517=ORIENTED_EDGE('',*,*,#373,.T.) ;
#518=ORIENTED_EDGE('',*,*,#354,.F.) ;
#519=ORIENTED_EDGE('',*,*,#330,.F.) ;
#520=ORIENTED_EDGE('',*,*,#311,.T.) ;
#521=ORIENTED_EDGE('',*,*,#287,.F.) ;
#522=ORIENTED_EDGE('',*,*,#151,.F.) ;
#523=ORIENTED_EDGE('',*,*,#89,.F.) ;
#524=ORIENTED_EDGE('',*,*,#127,.F.) ;
#695=ORIENTED_EDGE('',*,*,#534,.T.) ;
#696=ORIENTED_EDGE('',*,*,#541,.F.) ;
#697=ORIENTED_EDGE('',*,*,#548,.T.) ;
#698=ORIENTED_EDGE('',*,*,#555,.F.) ;
#699=ORIENTED_EDGE('',*,*,#562,.T.) ;
#700=ORIENTED_EDGE('',*,*,#569,.F.) ;
#701=ORIENTED_EDGE('',*,*,#576,.T.) ;
#702=ORIENTED_EDGE('',*,*,#583,.F.) ;
#703=ORIENTED_EDGE('',*,*,#590,.F.) ;
#704=ORIENTED_EDGE('',*,*,#597,.F.) ;
#705=ORIENTED_EDGE('',*,*,#604,.F.) ;
#706=ORIENTED_EDGE('',*,*,#611,.F.) ;
#707=ORIENTED_EDGE('',*,*,#618,.T.) ;
#708=ORIENTED_EDGE('',*,*,#625,.F.) ;
#709=ORIENTED_EDGE('',*,*,#632,.T.) ;
#710=ORIENTED_EDGE('',*,*,#639,.F.) ;
#711=ORIENTED_EDGE('',*,*,#646,.T.) ;
#712=ORIENTED_EDGE('',*,*,#653,.F.) ;
#713=ORIENTED_EDGE('',*,*,#660,.T.) ;
#714=ORIENTED_EDGE('',*,*,#667,.F.) ;
#715=ORIENTED_EDGE('',*,*,#674,.F.) ;
#716=ORIENTED_EDGE('',*,*,#681,.F.) ;
#717=ORIENTED_EDGE('',*,*,#688,.F.) ;
#718=ORIENTED_EDGE('',*,*,#693,.F.) ;
#735=ORIENTED_EDGE('',*,*,#728,.T.) ;
#736=ORIENTED_EDGE('',*,*,#733,.T.) ;
#773=ORIENTED_EDGE('',*,*,#752,.T.) ;
#774=ORIENTED_EDGE('',*,*,#759,.T.) ;
#775=ORIENTED_EDGE('',*,*,#766,.F.) ;
#776=ORIENTED_EDGE('',*,*,#771,.F.) ;
#795=ORIENTED_EDGE('',*,*,#766,.T.) ;
#796=ORIENTED_EDGE('',*,*,#788,.T.) ;
#797=ORIENTED_EDGE('',*,*,#752,.F.) ;
#798=ORIENTED_EDGE('',*,*,#793,.F.) ;
#821=ORIENTED_EDGE('',*,*,#814,.F.) ;
#822=ORIENTED_EDGE('',*,*,#819,.F.) ;
#825=ORIENTED_EDGE('',*,*,#793,.T.) ;
#826=ORIENTED_EDGE('',*,*,#771,.T.) ;
#854=ORIENTED_EDGE('',*,*,#788,.F.) ;
#855=ORIENTED_EDGE('',*,*,#840,.T.) ;
#856=ORIENTED_EDGE('',*,*,#847,.T.) ;
#857=ORIENTED_EDGE('',*,*,#852,.F.) ;
#866=ORIENTED_EDGE('',*,*,#759,.F.) ;
#867=ORIENTED_EDGE('',*,*,#852,.T.) ;
#868=ORIENTED_EDGE('',*,*,#864,.T.) ;
#869=ORIENTED_EDGE('',*,*,#840,.F.) ;
#906=ORIENTED_EDGE('',*,*,#885,.T.) ;
#907=ORIENTED_EDGE('',*,*,#892,.T.) ;
#908=ORIENTED_EDGE('',*,*,#899,.F.) ;
#909=ORIENTED_EDGE('',*,*,#904,.F.) ;
#937=ORIENTED_EDGE('',*,*,#925,.T.) ;
#938=ORIENTED_EDGE('',*,*,#930,.T.) ;
#939=ORIENTED_EDGE('',*,*,#885,.F.) ;
#940=ORIENTED_EDGE('',*,*,#935,.F.) ;
#968=ORIENTED_EDGE('',*,*,#956,.T.) ;
#969=ORIENTED_EDGE('',*,*,#961,.T.) ;
#970=ORIENTED_EDGE('',*,*,#925,.F.) ;
#971=ORIENTED_EDGE('',*,*,#966,.F.) ;
#999=ORIENTED_EDGE('',*,*,#987,.T.) ;
#1000=ORIENTED_EDGE('',*,*,#992,.T.) ;
#1001=ORIENTED_EDGE('',*,*,#956,.F.) ;
#1002=ORIENTED_EDGE('',*,*,#997,.F.) ;
#1030=ORIENTED_EDGE('',*,*,#1018,.T.) ;
#1031=ORIENTED_EDGE('',*,*,#1023,.T.) ;
#1032=ORIENTED_EDGE('',*,*,#987,.F.) ;
#1033=ORIENTED_EDGE('',*,*,#1028,.F.) ;
#1061=ORIENTED_EDGE('',*,*,#1049,.T.) ;
#1062=ORIENTED_EDGE('',*,*,#1054,.T.) ;
#1063=ORIENTED_EDGE('',*,*,#1018,.F.) ;
#1064=ORIENTED_EDGE('',*,*,#1059,.F.) ;
#1092=ORIENTED_EDGE('',*,*,#1080,.T.) ;
#1093=ORIENTED_EDGE('',*,*,#1085,.T.) ;
#1094=ORIENTED_EDGE('',*,*,#1049,.F.) ;
#1095=ORIENTED_EDGE('',*,*,#1090,.F.) ;
#1114=ORIENTED_EDGE('',*,*,#899,.T.) ;
#1115=ORIENTED_EDGE('',*,*,#1107,.T.) ;
#1116=ORIENTED_EDGE('',*,*,#1080,.F.) ;
#1117=ORIENTED_EDGE('',*,*,#1112,.F.) ;
#1126=ORIENTED_EDGE('',*,*,#892,.F.) ;
#1127=ORIENTED_EDGE('',*,*,#930,.F.) ;
#1128=ORIENTED_EDGE('',*,*,#961,.F.) ;
#1129=ORIENTED_EDGE('',*,*,#992,.F.) ;
#1130=ORIENTED_EDGE('',*,*,#1023,.F.) ;
#1131=ORIENTED_EDGE('',*,*,#1054,.F.) ;
#1132=ORIENTED_EDGE('',*,*,#1085,.F.) ;
#1133=ORIENTED_EDGE('',*,*,#1107,.F.) ;
#1192=ORIENTED_EDGE('',*,*,#1143,.T.) ;
#1193=ORIENTED_EDGE('',*,*,#1150,.T.) ;
#1194=ORIENTED_EDGE('',*,*,#1157,.T.) ;
#1195=ORIENTED_EDGE('',*,*,#1164,.T.) ;
#1196=ORIENTED_EDGE('',*,*,#1171,.T.) ;
#1197=ORIENTED_EDGE('',*,*,#1178,.T.) ;
#1198=ORIENTED_EDGE('',*,*,#1185,.T.) ;
#1199=ORIENTED_EDGE('',*,*,#1190,.T.) ;
#1216=ORIENTED_EDGE('',*,*,#1209,.F.) ;
#1217=ORIENTED_EDGE('',*,*,#1214,.F.) ;
#1234=ORIENTED_EDGE('',*,*,#1227,.T.) ;
#1235=ORIENTED_EDGE('',*,*,#1232,.T.) ;
#1252=ORIENTED_EDGE('',*,*,#1245,.T.) ;
#1253=ORIENTED_EDGE('',*,*,#1250,.T.) ;
#1272=ORIENTED_EDGE('',*,*,#1112,.T.) ;
#1273=ORIENTED_EDGE('',*,*,#1265,.F.) ;
#1274=ORIENTED_EDGE('',*,*,#468,.F.) ;
#1275=ORIENTED_EDGE('',*,*,#1270,.T.) ;
#1289=ORIENTED_EDGE('',*,*,#1287,.F.) ;
#1290=ORIENTED_EDGE('',*,*,#475,.T.) ;
#1291=ORIENTED_EDGE('',*,*,#1265,.T.) ;
#1292=ORIENTED_EDGE('',*,*,#1090,.T.) ;
#1306=ORIENTED_EDGE('',*,*,#1304,.F.) ;
#1307=ORIENTED_EDGE('',*,*,#482,.F.) ;
#1308=ORIENTED_EDGE('',*,*,#1287,.T.) ;
#1309=ORIENTED_EDGE('',*,*,#1059,.T.) ;
#1323=ORIENTED_EDGE('',*,*,#1321,.F.) ;
#1324=ORIENTED_EDGE('',*,*,#489,.T.) ;
#1325=ORIENTED_EDGE('',*,*,#1304,.T.) ;
#1326=ORIENTED_EDGE('',*,*,#1028,.T.) ;
#1340=ORIENTED_EDGE('',*,*,#997,.T.) ;
#1341=ORIENTED_EDGE('',*,*,#1338,.F.) ;
#1342=ORIENTED_EDGE('',*,*,#496,.F.) ;
#1343=ORIENTED_EDGE('',*,*,#1321,.T.) ;
#1357=ORIENTED_EDGE('',*,*,#1270,.F.) ;
#1358=ORIENTED_EDGE('',*,*,#461,.T.) ;
#1359=ORIENTED_EDGE('',*,*,#1355,.T.) ;
#1360=ORIENTED_EDGE('',*,*,#904,.T.) ;
#1374=ORIENTED_EDGE('',*,*,#1372,.F.) ;
#1375=ORIENTED_EDGE('',*,*,#501,.T.) ;
#1376=ORIENTED_EDGE('',*,*,#1338,.T.) ;
#1377=ORIENTED_EDGE('',*,*,#966,.T.) ;
#1386=ORIENTED_EDGE('',*,*,#1355,.F.) ;
#1387=ORIENTED_EDGE('',*,*,#454,.F.) ;
#1388=ORIENTED_EDGE('',*,*,#1372,.T.) ;
#1389=ORIENTED_EDGE('',*,*,#935,.T.) ;
#1417=ORIENTED_EDGE('',*,*,#1405,.F.) ;
#1418=ORIENTED_EDGE('',*,*,#1410,.T.) ;
#1419=ORIENTED_EDGE('',*,*,#1214,.T.) ;
#1420=ORIENTED_EDGE('',*,*,#1415,.F.) ;
#1429=ORIENTED_EDGE('',*,*,#1427,.F.) ;
#1430=ORIENTED_EDGE('',*,*,#1415,.T.) ;
#1431=ORIENTED_EDGE('',*,*,#1209,.T.) ;
#1432=ORIENTED_EDGE('',*,*,#1410,.F.) ;
#1455=ORIENTED_EDGE('',*,*,#1448,.T.) ;
#1456=ORIENTED_EDGE('',*,*,#1453,.F.) ;
#1473=ORIENTED_EDGE('',*,*,#1466,.F.) ;
#1474=ORIENTED_EDGE('',*,*,#1471,.T.) ;
#1497=ORIENTED_EDGE('',*,*,#1490,.T.) ;
#1498=ORIENTED_EDGE('',*,*,#1495,.F.) ;
#1515=ORIENTED_EDGE('',*,*,#1508,.F.) ;
#1516=ORIENTED_EDGE('',*,*,#1513,.T.) ;
#1544=ORIENTED_EDGE('',*,*,#1532,.F.) ;
#1545=ORIENTED_EDGE('',*,*,#1537,.F.) ;
#1546=ORIENTED_EDGE('',*,*,#1453,.T.) ;
#1547=ORIENTED_EDGE('',*,*,#1542,.T.) ;
#1556=ORIENTED_EDGE('',*,*,#1554,.F.) ;
#1557=ORIENTED_EDGE('',*,*,#1542,.F.) ;
#1558=ORIENTED_EDGE('',*,*,#1448,.F.) ;
#1559=ORIENTED_EDGE('',*,*,#1537,.T.) ;
#1587=ORIENTED_EDGE('',*,*,#1575,.T.) ;
#1588=ORIENTED_EDGE('',*,*,#1580,.F.) ;
#1589=ORIENTED_EDGE('',*,*,#1471,.F.) ;
#1590=ORIENTED_EDGE('',*,*,#1585,.F.) ;
#1599=ORIENTED_EDGE('',*,*,#1466,.T.) ;
#1600=ORIENTED_EDGE('',*,*,#1580,.T.) ;
#1601=ORIENTED_EDGE('',*,*,#1597,.F.) ;
#1602=ORIENTED_EDGE('',*,*,#1585,.T.) ;
#1621=ORIENTED_EDGE('',*,*,#1495,.T.) ;
#1622=ORIENTED_EDGE('',*,*,#1614,.F.) ;
#1623=ORIENTED_EDGE('',*,*,#1575,.F.) ;
#1624=ORIENTED_EDGE('',*,*,#1619,.T.) ;
#1628=ORIENTED_EDGE('',*,*,#1597,.T.) ;
#1629=ORIENTED_EDGE('',*,*,#1614,.T.) ;
#1630=ORIENTED_EDGE('',*,*,#1490,.F.) ;
#1631=ORIENTED_EDGE('',*,*,#1619,.F.) ;
#1659=ORIENTED_EDGE('',*,*,#1647,.T.) ;
#1660=ORIENTED_EDGE('',*,*,#1652,.F.) ;
#1661=ORIENTED_EDGE('',*,*,#1513,.F.) ;
#1662=ORIENTED_EDGE('',*,*,#1657,.T.) ;
#1671=ORIENTED_EDGE('',*,*,#1508,.T.) ;
#1672=ORIENTED_EDGE('',*,*,#1652,.T.) ;
#1673=ORIENTED_EDGE('',*,*,#1669,.F.) ;
#1674=ORIENTED_EDGE('',*,*,#1657,.F.) ;
#1702=ORIENTED_EDGE('',*,*,#1690,.T.) ;
#1703=ORIENTED_EDGE('',*,*,#1695,.T.) ;
#1704=ORIENTED_EDGE('',*,*,#1647,.F.) ;
#1705=ORIENTED_EDGE('',*,*,#1700,.T.) ;
#1714=ORIENTED_EDGE('',*,*,#1712,.T.) ;
#1715=ORIENTED_EDGE('',*,*,#1700,.F.) ;
#1716=ORIENTED_EDGE('',*,*,#1669,.T.) ;
#1717=ORIENTED_EDGE('',*,*,#1695,.F.) ;
#1754=ORIENTED_EDGE('',*,*,#1733,.T.) ;
#1755=ORIENTED_EDGE('',*,*,#1740,.F.) ;
#1756=ORIENTED_EDGE('',*,*,#1747,.T.) ;
#1757=ORIENTED_EDGE('',*,*,#1752,.T.) ;
#1785=ORIENTED_EDGE('',*,*,#1771,.T.) ;
#1786=ORIENTED_EDGE('',*,*,#1752,.F.) ;
#1787=ORIENTED_EDGE('',*,*,#1778,.T.) ;
#1788=ORIENTED_EDGE('',*,*,#1783,.T.) ;
#1816=ORIENTED_EDGE('',*,*,#1783,.F.) ;
#1817=ORIENTED_EDGE('',*,*,#1802,.F.) ;
#1818=ORIENTED_EDGE('',*,*,#1809,.T.) ;
#1819=ORIENTED_EDGE('',*,*,#1814,.T.) ;
#1847=ORIENTED_EDGE('',*,*,#1833,.T.) ;
#1848=ORIENTED_EDGE('',*,*,#1809,.F.) ;
#1849=ORIENTED_EDGE('',*,*,#1840,.T.) ;
#1850=ORIENTED_EDGE('',*,*,#1845,.T.) ;
#1878=ORIENTED_EDGE('',*,*,#1845,.F.) ;
#1879=ORIENTED_EDGE('',*,*,#1864,.F.) ;
#1880=ORIENTED_EDGE('',*,*,#1871,.F.) ;
#1881=ORIENTED_EDGE('',*,*,#1876,.T.) ;
#1909=ORIENTED_EDGE('',*,*,#1897,.F.) ;
#1910=ORIENTED_EDGE('',*,*,#1902,.F.) ;
#1911=ORIENTED_EDGE('',*,*,#1871,.T.) ;
#1912=ORIENTED_EDGE('',*,*,#1907,.F.) ;
#1940=ORIENTED_EDGE('',*,*,#1926,.T.) ;
#1941=ORIENTED_EDGE('',*,*,#1933,.F.) ;
#1942=ORIENTED_EDGE('',*,*,#1938,.T.) ;
#1943=ORIENTED_EDGE('',*,*,#1897,.T.) ;
#1971=ORIENTED_EDGE('',*,*,#1959,.F.) ;
#1972=ORIENTED_EDGE('',*,*,#1964,.F.) ;
#1973=ORIENTED_EDGE('',*,*,#1933,.T.) ;
#1974=ORIENTED_EDGE('',*,*,#1969,.F.) ;
#2002=ORIENTED_EDGE('',*,*,#1959,.T.) ;
#2003=ORIENTED_EDGE('',*,*,#1988,.F.) ;
#2004=ORIENTED_EDGE('',*,*,#1995,.T.) ;
#2005=ORIENTED_EDGE('',*,*,#2000,.T.) ;
#2033=ORIENTED_EDGE('',*,*,#2019,.T.) ;
#2034=ORIENTED_EDGE('',*,*,#1995,.F.) ;
#2035=ORIENTED_EDGE('',*,*,#2026,.T.) ;
#2036=ORIENTED_EDGE('',*,*,#2031,.T.) ;
#2059=ORIENTED_EDGE('',*,*,#2047,.T.) ;
#2060=ORIENTED_EDGE('',*,*,#2052,.T.) ;
#2061=ORIENTED_EDGE('',*,*,#2031,.F.) ;
#2062=ORIENTED_EDGE('',*,*,#2057,.F.) ;
#2090=ORIENTED_EDGE('',*,*,#2076,.T.) ;
#2091=ORIENTED_EDGE('',*,*,#2047,.F.) ;
#2092=ORIENTED_EDGE('',*,*,#2083,.T.) ;
#2093=ORIENTED_EDGE('',*,*,#2088,.T.) ;
#2121=ORIENTED_EDGE('',*,*,#2107,.T.) ;
#2122=ORIENTED_EDGE('',*,*,#2114,.T.) ;
#2123=ORIENTED_EDGE('',*,*,#2119,.T.) ;
#2124=ORIENTED_EDGE('',*,*,#2088,.F.) ;
#2152=ORIENTED_EDGE('',*,*,#2138,.T.) ;
#2153=ORIENTED_EDGE('',*,*,#2114,.F.) ;
#2154=ORIENTED_EDGE('',*,*,#2145,.T.) ;
#2155=ORIENTED_EDGE('',*,*,#2150,.T.) ;
#2183=ORIENTED_EDGE('',*,*,#2150,.F.) ;
#2184=ORIENTED_EDGE('',*,*,#2169,.F.) ;
#2185=ORIENTED_EDGE('',*,*,#2176,.T.) ;
#2186=ORIENTED_EDGE('',*,*,#2181,.T.) ;
#2214=ORIENTED_EDGE('',*,*,#2200,.T.) ;
#2215=ORIENTED_EDGE('',*,*,#2176,.F.) ;
#2216=ORIENTED_EDGE('',*,*,#2207,.T.) ;
#2217=ORIENTED_EDGE('',*,*,#2212,.T.) ;
#2240=ORIENTED_EDGE('',*,*,#2212,.F.) ;
#2241=ORIENTED_EDGE('',*,*,#2226,.F.) ;
#2242=ORIENTED_EDGE('',*,*,#2233,.F.) ;
#2243=ORIENTED_EDGE('',*,*,#2238,.T.) ;
#2271=ORIENTED_EDGE('',*,*,#2259,.F.) ;
#2272=ORIENTED_EDGE('',*,*,#2264,.F.) ;
#2273=ORIENTED_EDGE('',*,*,#2233,.T.) ;
#2274=ORIENTED_EDGE('',*,*,#2269,.F.) ;
#2302=ORIENTED_EDGE('',*,*,#2259,.T.) ;
#2303=ORIENTED_EDGE('',*,*,#2288,.F.) ;
#2304=ORIENTED_EDGE('',*,*,#2295,.F.) ;
#2305=ORIENTED_EDGE('',*,*,#2300,.T.) ;
#2333=ORIENTED_EDGE('',*,*,#2321,.F.) ;
#2334=ORIENTED_EDGE('',*,*,#2326,.F.) ;
#2335=ORIENTED_EDGE('',*,*,#2295,.T.) ;
#2336=ORIENTED_EDGE('',*,*,#2331,.F.) ;
#2359=ORIENTED_EDGE('',*,*,#2321,.T.) ;
#2360=ORIENTED_EDGE('',*,*,#2345,.F.) ;
#2361=ORIENTED_EDGE('',*,*,#2352,.T.) ;
#2362=ORIENTED_EDGE('',*,*,#2357,.T.) ;
#2390=ORIENTED_EDGE('',*,*,#2376,.T.) ;
#2391=ORIENTED_EDGE('',*,*,#2352,.F.) ;
#2392=ORIENTED_EDGE('',*,*,#2383,.T.) ;
#2393=ORIENTED_EDGE('',*,*,#2388,.T.) ;
#2421=ORIENTED_EDGE('',*,*,#2407,.T.) ;
#2422=ORIENTED_EDGE('',*,*,#2414,.F.) ;
#2423=ORIENTED_EDGE('',*,*,#2419,.T.) ;
#2424=ORIENTED_EDGE('',*,*,#1740,.T.) ;
#2438=ORIENTED_EDGE('',*,*,#2414,.T.) ;
#2439=ORIENTED_EDGE('',*,*,#2431,.T.) ;
#2440=ORIENTED_EDGE('',*,*,#2388,.F.) ;
#2441=ORIENTED_EDGE('',*,*,#2436,.F.) ;
#2450=ORIENTED_EDGE('',*,*,#2076,.F.) ;
#2451=ORIENTED_EDGE('',*,*,#2119,.F.) ;
#2452=ORIENTED_EDGE('',*,*,#2138,.F.) ;
#2453=ORIENTED_EDGE('',*,*,#2181,.F.) ;
#2454=ORIENTED_EDGE('',*,*,#2200,.F.) ;
#2455=ORIENTED_EDGE('',*,*,#2238,.F.) ;
#2456=ORIENTED_EDGE('',*,*,#2264,.T.) ;
#2457=ORIENTED_EDGE('',*,*,#2300,.F.) ;
#2458=ORIENTED_EDGE('',*,*,#2326,.T.) ;
#2459=ORIENTED_EDGE('',*,*,#2357,.F.) ;
#2460=ORIENTED_EDGE('',*,*,#2376,.F.) ;
#2461=ORIENTED_EDGE('',*,*,#2431,.F.) ;
#2462=ORIENTED_EDGE('',*,*,#2407,.F.) ;
#2463=ORIENTED_EDGE('',*,*,#1733,.F.) ;
#2464=ORIENTED_EDGE('',*,*,#1771,.F.) ;
#2465=ORIENTED_EDGE('',*,*,#1814,.F.) ;
#2466=ORIENTED_EDGE('',*,*,#1833,.F.) ;
#2467=ORIENTED_EDGE('',*,*,#1876,.F.) ;
#2468=ORIENTED_EDGE('',*,*,#1902,.T.) ;
#2469=ORIENTED_EDGE('',*,*,#1938,.F.) ;
#2470=ORIENTED_EDGE('',*,*,#1964,.T.) ;
#2471=ORIENTED_EDGE('',*,*,#2000,.F.) ;
#2472=ORIENTED_EDGE('',*,*,#2019,.F.) ;
#2473=ORIENTED_EDGE('',*,*,#2052,.F.) ;
#2476=ORIENTED_EDGE('',*,*,#1532,.T.) ;
#2477=ORIENTED_EDGE('',*,*,#1554,.T.) ;
#2505=ORIENTED_EDGE('',*,*,#2491,.F.) ;
#2506=ORIENTED_EDGE('',*,*,#2498,.T.) ;
#2507=ORIENTED_EDGE('',*,*,#2503,.T.) ;
#2508=ORIENTED_EDGE('',*,*,#1143,.F.) ;
#2529=ORIENTED_EDGE('',*,*,#2522,.F.) ;
#2530=ORIENTED_EDGE('',*,*,#2527,.F.) ;
#2531=ORIENTED_EDGE('',*,*,#2491,.T.) ;
#2532=ORIENTED_EDGE('',*,*,#1190,.F.) ;
#2553=ORIENTED_EDGE('',*,*,#1185,.F.) ;
#2554=ORIENTED_EDGE('',*,*,#2546,.F.) ;
#2555=ORIENTED_EDGE('',*,*,#2551,.T.) ;
#2556=ORIENTED_EDGE('',*,*,#2522,.T.) ;
#2577=ORIENTED_EDGE('',*,*,#2503,.F.) ;
#2578=ORIENTED_EDGE('',*,*,#2570,.F.) ;
#2579=ORIENTED_EDGE('',*,*,#2575,.T.) ;
#2580=ORIENTED_EDGE('',*,*,#1150,.F.) ;
#2601=ORIENTED_EDGE('',*,*,#2594,.T.) ;
#2602=ORIENTED_EDGE('',*,*,#2599,.T.) ;
#2603=ORIENTED_EDGE('',*,*,#1157,.F.) ;
#2604=ORIENTED_EDGE('',*,*,#2575,.F.) ;
#2625=ORIENTED_EDGE('',*,*,#2618,.F.) ;
#2626=ORIENTED_EDGE('',*,*,#2623,.F.) ;
#2627=ORIENTED_EDGE('',*,*,#2546,.T.) ;
#2628=ORIENTED_EDGE('',*,*,#1178,.F.) ;
#2649=ORIENTED_EDGE('',*,*,#2599,.F.) ;
#2650=ORIENTED_EDGE('',*,*,#2642,.F.) ;
#2651=ORIENTED_EDGE('',*,*,#2647,.T.) ;
#2652=ORIENTED_EDGE('',*,*,#1164,.F.) ;
#2666=ORIENTED_EDGE('',*,*,#2647,.F.) ;
#2667=ORIENTED_EDGE('',*,*,#2664,.T.) ;
#2668=ORIENTED_EDGE('',*,*,#2618,.T.) ;
#2669=ORIENTED_EDGE('',*,*,#1171,.F.) ;
#2706=ORIENTED_EDGE('',*,*,#2685,.T.) ;
#2707=ORIENTED_EDGE('',*,*,#2692,.T.) ;
#2708=ORIENTED_EDGE('',*,*,#2699,.F.) ;
#2709=ORIENTED_EDGE('',*,*,#2704,.F.) ;
#2723=ORIENTED_EDGE('',*,*,#2716,.T.) ;
#2724=ORIENTED_EDGE('',*,*,#2704,.T.) ;
#2725=ORIENTED_EDGE('',*,*,#2721,.F.) ;
#2726=ORIENTED_EDGE('',*,*,#2692,.F.) ;
#2735=ORIENTED_EDGE('',*,*,#2699,.T.) ;
#2736=ORIENTED_EDGE('',*,*,#2721,.T.) ;
#2739=ORIENTED_EDGE('',*,*,#1712,.F.) ;
#2740=ORIENTED_EDGE('',*,*,#1690,.F.) ;
#2763=ORIENTED_EDGE('',*,*,#2751,.F.) ;
#2764=ORIENTED_EDGE('',*,*,#2756,.F.) ;
#2765=ORIENTED_EDGE('',*,*,#667,.T.) ;
#2766=ORIENTED_EDGE('',*,*,#2761,.F.) ;
#2787=ORIENTED_EDGE('',*,*,#2780,.T.) ;
#2788=ORIENTED_EDGE('',*,*,#2785,.F.) ;
#2789=ORIENTED_EDGE('',*,*,#674,.T.) ;
#2790=ORIENTED_EDGE('',*,*,#2756,.T.) ;
#2806=ORIENTED_EDGE('',*,*,#2799,.F.) ;
#2807=ORIENTED_EDGE('',*,*,#681,.T.) ;
#2808=ORIENTED_EDGE('',*,*,#2785,.T.) ;
#2809=ORIENTED_EDGE('',*,*,#2804,.F.) ;
#2830=ORIENTED_EDGE('',*,*,#2823,.T.) ;
#2831=ORIENTED_EDGE('',*,*,#2828,.F.) ;
#2832=ORIENTED_EDGE('',*,*,#688,.T.) ;
#2833=ORIENTED_EDGE('',*,*,#2799,.T.) ;
#2849=ORIENTED_EDGE('',*,*,#693,.T.) ;
#2850=ORIENTED_EDGE('',*,*,#2828,.T.) ;
#2851=ORIENTED_EDGE('',*,*,#2842,.F.) ;
#2852=ORIENTED_EDGE('',*,*,#2847,.T.) ;
#2873=ORIENTED_EDGE('',*,*,#2847,.F.) ;
#2874=ORIENTED_EDGE('',*,*,#2866,.F.) ;
#2875=ORIENTED_EDGE('',*,*,#2871,.T.) ;
#2876=ORIENTED_EDGE('',*,*,#534,.F.) ;
#2892=ORIENTED_EDGE('',*,*,#2885,.F.) ;
#2893=ORIENTED_EDGE('',*,*,#2890,.T.) ;
#2894=ORIENTED_EDGE('',*,*,#541,.T.) ;
#2895=ORIENTED_EDGE('',*,*,#2871,.F.) ;
#2916=ORIENTED_EDGE('',*,*,#2890,.F.) ;
#2917=ORIENTED_EDGE('',*,*,#2909,.F.) ;
#2918=ORIENTED_EDGE('',*,*,#2914,.T.) ;
#2919=ORIENTED_EDGE('',*,*,#548,.F.) ;
#2935=ORIENTED_EDGE('',*,*,#2914,.F.) ;
#2936=ORIENTED_EDGE('',*,*,#2928,.F.) ;
#2937=ORIENTED_EDGE('',*,*,#2933,.T.) ;
#2938=ORIENTED_EDGE('',*,*,#555,.T.) ;
#2959=ORIENTED_EDGE('',*,*,#2933,.F.) ;
#2960=ORIENTED_EDGE('',*,*,#2952,.F.) ;
#2961=ORIENTED_EDGE('',*,*,#2957,.T.) ;
#2962=ORIENTED_EDGE('',*,*,#562,.F.) ;
#2978=ORIENTED_EDGE('',*,*,#569,.T.) ;
#2979=ORIENTED_EDGE('',*,*,#2957,.F.) ;
#2980=ORIENTED_EDGE('',*,*,#2971,.F.) ;
#2981=ORIENTED_EDGE('',*,*,#2976,.T.) ;
#3002=ORIENTED_EDGE('',*,*,#2976,.F.) ;
#3003=ORIENTED_EDGE('',*,*,#2995,.F.) ;
#3004=ORIENTED_EDGE('',*,*,#3000,.T.) ;
#3005=ORIENTED_EDGE('',*,*,#576,.F.) ;
#3021=ORIENTED_EDGE('',*,*,#3014,.F.) ;
#3022=ORIENTED_EDGE('',*,*,#3019,.F.) ;
#3023=ORIENTED_EDGE('',*,*,#583,.T.) ;
#3024=ORIENTED_EDGE('',*,*,#3000,.F.) ;
#3045=ORIENTED_EDGE('',*,*,#3038,.T.) ;
#3046=ORIENTED_EDGE('',*,*,#3043,.F.) ;
#3047=ORIENTED_EDGE('',*,*,#590,.T.) ;
#3048=ORIENTED_EDGE('',*,*,#3019,.T.) ;
#3064=ORIENTED_EDGE('',*,*,#597,.T.) ;
#3065=ORIENTED_EDGE('',*,*,#3043,.T.) ;
#3066=ORIENTED_EDGE('',*,*,#3057,.F.) ;
#3067=ORIENTED_EDGE('',*,*,#3062,.F.) ;
#3088=ORIENTED_EDGE('',*,*,#3081,.F.) ;
#3089=ORIENTED_EDGE('',*,*,#3086,.F.) ;
#3090=ORIENTED_EDGE('',*,*,#2761,.T.) ;
#3091=ORIENTED_EDGE('',*,*,#660,.F.) ;
#3107=ORIENTED_EDGE('',*,*,#653,.T.) ;
#3108=ORIENTED_EDGE('',*,*,#3100,.F.) ;
#3109=ORIENTED_EDGE('',*,*,#3105,.F.) ;
#3110=ORIENTED_EDGE('',*,*,#3081,.T.) ;
#3166=ORIENTED_EDGE('',*,*,#2842,.T.) ;
#3167=ORIENTED_EDGE('',*,*,#2823,.F.) ;
#3168=ORIENTED_EDGE('',*,*,#2804,.T.) ;
#3169=ORIENTED_EDGE('',*,*,#2780,.F.) ;
#3170=ORIENTED_EDGE('',*,*,#2751,.T.) ;
#3171=ORIENTED_EDGE('',*,*,#3086,.T.) ;
#3172=ORIENTED_EDGE('',*,*,#3105,.T.) ;
#3173=ORIENTED_EDGE('',*,*,#3124,.T.) ;
#3174=ORIENTED_EDGE('',*,*,#3131,.T.) ;
#3175=ORIENTED_EDGE('',*,*,#3138,.T.) ;
#3176=ORIENTED_EDGE('',*,*,#3145,.T.) ;
#3177=ORIENTED_EDGE('',*,*,#3152,.T.) ;
#3178=ORIENTED_EDGE('',*,*,#3159,.T.) ;
#3179=ORIENTED_EDGE('',*,*,#3164,.F.) ;
#3180=ORIENTED_EDGE('',*,*,#3057,.T.) ;
#3181=ORIENTED_EDGE('',*,*,#3038,.F.) ;
#3182=ORIENTED_EDGE('',*,*,#3014,.T.) ;
#3183=ORIENTED_EDGE('',*,*,#2995,.T.) ;
#3184=ORIENTED_EDGE('',*,*,#2971,.T.) ;
#3185=ORIENTED_EDGE('',*,*,#2952,.T.) ;
#3186=ORIENTED_EDGE('',*,*,#2928,.T.) ;
#3187=ORIENTED_EDGE('',*,*,#2909,.T.) ;
#3188=ORIENTED_EDGE('',*,*,#2885,.T.) ;
#3189=ORIENTED_EDGE('',*,*,#2866,.T.) ;
#3192=ORIENTED_EDGE('',*,*,#2716,.F.) ;
#3193=ORIENTED_EDGE('',*,*,#2685,.F.) ;
#3207=ORIENTED_EDGE('',*,*,#3164,.T.) ;
#3208=ORIENTED_EDGE('',*,*,#3205,.F.) ;
#3209=ORIENTED_EDGE('',*,*,#604,.T.) ;
#3210=ORIENTED_EDGE('',*,*,#3062,.T.) ;
#3219=ORIENTED_EDGE('',*,*,#611,.T.) ;
#3220=ORIENTED_EDGE('',*,*,#3205,.T.) ;
#3221=ORIENTED_EDGE('',*,*,#3159,.F.) ;
#3222=ORIENTED_EDGE('',*,*,#3217,.T.) ;
#3236=ORIENTED_EDGE('',*,*,#3234,.F.) ;
#3237=ORIENTED_EDGE('',*,*,#3124,.F.) ;
#3238=ORIENTED_EDGE('',*,*,#3100,.T.) ;
#3239=ORIENTED_EDGE('',*,*,#646,.F.) ;
#3248=ORIENTED_EDGE('',*,*,#3234,.T.) ;
#3249=ORIENTED_EDGE('',*,*,#639,.T.) ;
#3250=ORIENTED_EDGE('',*,*,#3246,.F.) ;
#3251=ORIENTED_EDGE('',*,*,#3131,.F.) ;
#3265=ORIENTED_EDGE('',*,*,#3263,.F.) ;
#3266=ORIENTED_EDGE('',*,*,#3138,.F.) ;
#3267=ORIENTED_EDGE('',*,*,#3246,.T.) ;
#3268=ORIENTED_EDGE('',*,*,#632,.F.) ;
#3282=ORIENTED_EDGE('',*,*,#3217,.F.) ;
#3283=ORIENTED_EDGE('',*,*,#3152,.F.) ;
#3284=ORIENTED_EDGE('',*,*,#3280,.T.) ;
#3285=ORIENTED_EDGE('',*,*,#618,.F.) ;
#3289=ORIENTED_EDGE('',*,*,#3145,.F.) ;
#3290=ORIENTED_EDGE('',*,*,#3263,.T.) ;
#3291=ORIENTED_EDGE('',*,*,#625,.T.) ;
#3292=ORIENTED_EDGE('',*,*,#3280,.F.) ;
#3301=ORIENTED_EDGE('',*,*,#2527,.T.) ;
#3302=ORIENTED_EDGE('',*,*,#2551,.F.) ;
#3303=ORIENTED_EDGE('',*,*,#2623,.T.) ;
#3304=ORIENTED_EDGE('',*,*,#2664,.F.) ;
#3305=ORIENTED_EDGE('',*,*,#2642,.T.) ;
#3306=ORIENTED_EDGE('',*,*,#2594,.F.) ;
#3307=ORIENTED_EDGE('',*,*,#2570,.T.) ;
#3308=ORIENTED_EDGE('',*,*,#2498,.F.) ;
#3311=ORIENTED_EDGE('',*,*,#2057,.T.) ;
#3312=ORIENTED_EDGE('',*,*,#2026,.F.) ;
#3313=ORIENTED_EDGE('',*,*,#1988,.T.) ;
#3314=ORIENTED_EDGE('',*,*,#1969,.T.) ;
#3315=ORIENTED_EDGE('',*,*,#1926,.F.) ;
#3316=ORIENTED_EDGE('',*,*,#1907,.T.) ;
#3317=ORIENTED_EDGE('',*,*,#1864,.T.) ;
#3318=ORIENTED_EDGE('',*,*,#1840,.F.) ;
#3319=ORIENTED_EDGE('',*,*,#1802,.T.) ;
#3320=ORIENTED_EDGE('',*,*,#1778,.F.) ;
#3321=ORIENTED_EDGE('',*,*,#1747,.F.) ;
#3322=ORIENTED_EDGE('',*,*,#2419,.F.) ;
#3323=ORIENTED_EDGE('',*,*,#2436,.T.) ;
#3324=ORIENTED_EDGE('',*,*,#2383,.F.) ;
#3325=ORIENTED_EDGE('',*,*,#2345,.T.) ;
#3326=ORIENTED_EDGE('',*,*,#2331,.T.) ;
#3327=ORIENTED_EDGE('',*,*,#2288,.T.) ;
#3328=ORIENTED_EDGE('',*,*,#2269,.T.) ;
#3329=ORIENTED_EDGE('',*,*,#2226,.T.) ;
#3330=ORIENTED_EDGE('',*,*,#2207,.F.) ;
#3331=ORIENTED_EDGE('',*,*,#2169,.T.) ;
#3332=ORIENTED_EDGE('',*,*,#2145,.F.) ;
#3333=ORIENTED_EDGE('',*,*,#2107,.F.) ;
#3334=ORIENTED_EDGE('',*,*,#2083,.F.) ;
#3343=ORIENTED_EDGE('',*,*,#1405,.T.) ;
#3344=ORIENTED_EDGE('',*,*,#1427,.T.) ;
#3347=ORIENTED_EDGE('',*,*,#847,.F.) ;
#3348=ORIENTED_EDGE('',*,*,#864,.F.) ;
#3367=ORIENTED_EDGE('',*,*,#733,.F.) ;
#3368=ORIENTED_EDGE('',*,*,#3360,.T.) ;
#3369=ORIENTED_EDGE('',*,*,#814,.T.) ;
#3370=ORIENTED_EDGE('',*,*,#3365,.F.) ;
#3374=ORIENTED_EDGE('',*,*,#728,.F.) ;
#3375=ORIENTED_EDGE('',*,*,#3365,.T.) ;
#3376=ORIENTED_EDGE('',*,*,#819,.T.) ;
#3377=ORIENTED_EDGE('',*,*,#3360,.F.) ;
#3405=ORIENTED_EDGE('',*,*,#3391,.F.) ;
#3406=ORIENTED_EDGE('',*,*,#3398,.T.) ;
#3407=ORIENTED_EDGE('',*,*,#3403,.T.) ;
#3408=ORIENTED_EDGE('',*,*,#1232,.F.) ;
#3417=ORIENTED_EDGE('',*,*,#3403,.F.) ;
#3418=ORIENTED_EDGE('',*,*,#3415,.T.) ;
#3419=ORIENTED_EDGE('',*,*,#3391,.T.) ;
#3420=ORIENTED_EDGE('',*,*,#1227,.F.) ;
#3429=ORIENTED_EDGE('',*,*,#3415,.F.) ;
#3430=ORIENTED_EDGE('',*,*,#3398,.F.) ;
#3458=ORIENTED_EDGE('',*,*,#3444,.F.) ;
#3459=ORIENTED_EDGE('',*,*,#3451,.T.) ;
#3460=ORIENTED_EDGE('',*,*,#3456,.T.) ;
#3461=ORIENTED_EDGE('',*,*,#1250,.F.) ;
#3470=ORIENTED_EDGE('',*,*,#3456,.F.) ;
#3471=ORIENTED_EDGE('',*,*,#3468,.T.) ;
#3472=ORIENTED_EDGE('',*,*,#3444,.T.) ;
#3473=ORIENTED_EDGE('',*,*,#1245,.F.) ;
#3477=ORIENTED_EDGE('',*,*,#3468,.F.) ;
#3478=ORIENTED_EDGE('',*,*,#3451,.F.) ;
#3576=ORIENTED_EDGE('',*,*,#3527,.T.) ;
#3577=ORIENTED_EDGE('',*,*,#3534,.T.) ;
#3578=ORIENTED_EDGE('',*,*,#3541,.T.) ;
#3579=ORIENTED_EDGE('',*,*,#3548,.T.) ;
#3580=ORIENTED_EDGE('',*,*,#3555,.T.) ;
#3581=ORIENTED_EDGE('',*,*,#3562,.T.) ;
#3582=ORIENTED_EDGE('',*,*,#3569,.T.) ;
#3583=ORIENTED_EDGE('',*,*,#3574,.T.) ;
#3600=ORIENTED_EDGE('',*,*,#3593,.T.) ;
#3601=ORIENTED_EDGE('',*,*,#3598,.T.) ;
#3629=ORIENTED_EDGE('',*,*,#3615,.T.) ;
#3630=ORIENTED_EDGE('',*,*,#3622,.T.) ;
#3631=ORIENTED_EDGE('',*,*,#3627,.F.) ;
#3632=ORIENTED_EDGE('',*,*,#3569,.F.) ;
#3653=ORIENTED_EDGE('',*,*,#3646,.T.) ;
#3654=ORIENTED_EDGE('',*,*,#3651,.T.) ;
#3655=ORIENTED_EDGE('',*,*,#3615,.F.) ;
#3656=ORIENTED_EDGE('',*,*,#3562,.F.) ;
#3677=ORIENTED_EDGE('',*,*,#3627,.T.) ;
#3678=ORIENTED_EDGE('',*,*,#3670,.T.) ;
#3679=ORIENTED_EDGE('',*,*,#3675,.F.) ;
#3680=ORIENTED_EDGE('',*,*,#3574,.F.) ;
#3701=ORIENTED_EDGE('',*,*,#3694,.T.) ;
#3702=ORIENTED_EDGE('',*,*,#3699,.T.) ;
#3703=ORIENTED_EDGE('',*,*,#3646,.F.) ;
#3704=ORIENTED_EDGE('',*,*,#3555,.F.) ;
#3725=ORIENTED_EDGE('',*,*,#3718,.T.) ;
#3726=ORIENTED_EDGE('',*,*,#3723,.T.) ;
#3727=ORIENTED_EDGE('',*,*,#3694,.F.) ;
#3728=ORIENTED_EDGE('',*,*,#3548,.F.) ;
#3749=ORIENTED_EDGE('',*,*,#3742,.T.) ;
#3750=ORIENTED_EDGE('',*,*,#3747,.T.) ;
#3751=ORIENTED_EDGE('',*,*,#3718,.F.) ;
#3752=ORIENTED_EDGE('',*,*,#3541,.F.) ;
#3773=ORIENTED_EDGE('',*,*,#3766,.T.) ;
#3774=ORIENTED_EDGE('',*,*,#3771,.T.) ;
#3775=ORIENTED_EDGE('',*,*,#3742,.F.) ;
#3776=ORIENTED_EDGE('',*,*,#3534,.F.) ;
#3790=ORIENTED_EDGE('',*,*,#3675,.T.) ;
#3791=ORIENTED_EDGE('',*,*,#3788,.T.) ;
#3792=ORIENTED_EDGE('',*,*,#3766,.F.) ;
#3793=ORIENTED_EDGE('',*,*,#3527,.F.) ;
#3816=ORIENTED_EDGE('',*,*,#3809,.F.) ;
#3817=ORIENTED_EDGE('',*,*,#3814,.F.) ;
#3835=ORIENTED_EDGE('',*,*,#3828,.F.) ;
#3836=ORIENTED_EDGE('',*,*,#3833,.F.) ;
#3873=ORIENTED_EDGE('',*,*,#3852,.T.) ;
#3874=ORIENTED_EDGE('',*,*,#3859,.F.) ;
#3875=ORIENTED_EDGE('',*,*,#3866,.F.) ;
#3876=ORIENTED_EDGE('',*,*,#3871,.T.) ;
#3890=ORIENTED_EDGE('',*,*,#3866,.T.) ;
#3891=ORIENTED_EDGE('',*,*,#3883,.F.) ;
#3892=ORIENTED_EDGE('',*,*,#3852,.F.) ;
#3893=ORIENTED_EDGE('',*,*,#3888,.T.) ;
#3921=ORIENTED_EDGE('',*,*,#3907,.T.) ;
#3922=ORIENTED_EDGE('',*,*,#3598,.F.) ;
#3923=ORIENTED_EDGE('',*,*,#3914,.F.) ;
#3924=ORIENTED_EDGE('',*,*,#3919,.T.) ;
#3933=ORIENTED_EDGE('',*,*,#3914,.T.) ;
#3934=ORIENTED_EDGE('',*,*,#3593,.F.) ;
#3935=ORIENTED_EDGE('',*,*,#3907,.F.) ;
#3936=ORIENTED_EDGE('',*,*,#3931,.T.) ;
#3945=ORIENTED_EDGE('',*,*,#3871,.F.) ;
#3946=ORIENTED_EDGE('',*,*,#3888,.F.) ;
#3963=ORIENTED_EDGE('',*,*,#3956,.T.) ;
#3964=ORIENTED_EDGE('',*,*,#3961,.T.) ;
#3973=ORIENTED_EDGE('',*,*,#3919,.F.) ;
#3974=ORIENTED_EDGE('',*,*,#3931,.F.) ;
#3977=ORIENTED_EDGE('',*,*,#3883,.T.) ;
#3978=ORIENTED_EDGE('',*,*,#3859,.T.) ;
#4006=ORIENTED_EDGE('',*,*,#3992,.T.) ;
#4007=ORIENTED_EDGE('',*,*,#3670,.F.) ;
#4008=ORIENTED_EDGE('',*,*,#3999,.F.) ;
#4009=ORIENTED_EDGE('',*,*,#4004,.T.) ;
#4037=ORIENTED_EDGE('',*,*,#4023,.T.) ;
#4038=ORIENTED_EDGE('',*,*,#3771,.F.) ;
#4039=ORIENTED_EDGE('',*,*,#4030,.F.) ;
#4040=ORIENTED_EDGE('',*,*,#4035,.T.) ;
#4054=ORIENTED_EDGE('',*,*,#4030,.T.) ;
#4055=ORIENTED_EDGE('',*,*,#3788,.F.) ;
#4056=ORIENTED_EDGE('',*,*,#3992,.F.) ;
#4057=ORIENTED_EDGE('',*,*,#4052,.T.) ;
#4085=ORIENTED_EDGE('',*,*,#4071,.T.) ;
#4086=ORIENTED_EDGE('',*,*,#4078,.T.) ;
#4087=ORIENTED_EDGE('',*,*,#4083,.F.) ;
#4088=ORIENTED_EDGE('',*,*,#4004,.F.) ;
#4109=ORIENTED_EDGE('',*,*,#4083,.T.) ;
#4110=ORIENTED_EDGE('',*,*,#4102,.T.) ;
#4111=ORIENTED_EDGE('',*,*,#4107,.F.) ;
#4112=ORIENTED_EDGE('',*,*,#4052,.F.) ;
#4133=ORIENTED_EDGE('',*,*,#4107,.T.) ;
#4134=ORIENTED_EDGE('',*,*,#4126,.T.) ;
#4135=ORIENTED_EDGE('',*,*,#4131,.F.) ;
#4136=ORIENTED_EDGE('',*,*,#4035,.F.) ;
#4165=ORIENTED_EDGE('',*,*,#4150,.F.) ;
#4166=ORIENTED_EDGE('',*,*,#4131,.T.) ;
#4167=ORIENTED_EDGE('',*,*,#4157,.T.) ;
#4168=ORIENTED_EDGE('',*,*,#4163,.T.) ;
#4197=ORIENTED_EDGE('',*,*,#4182,.T.) ;
#4198=ORIENTED_EDGE('',*,*,#4071,.F.) ;
#4199=ORIENTED_EDGE('',*,*,#4189,.F.) ;
#4200=ORIENTED_EDGE('',*,*,#4195,.T.) ;
#4228=ORIENTED_EDGE('',*,*,#4214,.T.) ;
#4229=ORIENTED_EDGE('',*,*,#3651,.F.) ;
#4230=ORIENTED_EDGE('',*,*,#4221,.F.) ;
#4231=ORIENTED_EDGE('',*,*,#4226,.T.) ;
#4252=ORIENTED_EDGE('',*,*,#4221,.T.) ;
#4253=ORIENTED_EDGE('',*,*,#3699,.F.) ;
#4254=ORIENTED_EDGE('',*,*,#4245,.F.) ;
#4255=ORIENTED_EDGE('',*,*,#4250,.T.) ;
#4276=ORIENTED_EDGE('',*,*,#4245,.T.) ;
#4277=ORIENTED_EDGE('',*,*,#3723,.F.) ;
#4278=ORIENTED_EDGE('',*,*,#4269,.F.) ;
#4279=ORIENTED_EDGE('',*,*,#4274,.T.) ;
#4305=ORIENTED_EDGE('',*,*,#4293,.T.) ;
#4306=ORIENTED_EDGE('',*,*,#3814,.T.) ;
#4307=ORIENTED_EDGE('',*,*,#4298,.F.) ;
#4308=ORIENTED_EDGE('',*,*,#4189,.T.) ;
#4309=ORIENTED_EDGE('',*,*,#3999,.T.) ;
#4310=ORIENTED_EDGE('',*,*,#3622,.F.) ;
#4311=ORIENTED_EDGE('',*,*,#4214,.F.) ;
#4312=ORIENTED_EDGE('',*,*,#4303,.T.) ;
#4338=ORIENTED_EDGE('',*,*,#4269,.T.) ;
#4339=ORIENTED_EDGE('',*,*,#3747,.F.) ;
#4340=ORIENTED_EDGE('',*,*,#4023,.F.) ;
#4341=ORIENTED_EDGE('',*,*,#4150,.T.) ;
#4342=ORIENTED_EDGE('',*,*,#4324,.T.) ;
#4343=ORIENTED_EDGE('',*,*,#3828,.T.) ;
#4344=ORIENTED_EDGE('',*,*,#4331,.F.) ;
#4345=ORIENTED_EDGE('',*,*,#4336,.T.) ;
#4367=ORIENTED_EDGE('',*,*,#4360,.F.) ;
#4368=ORIENTED_EDGE('',*,*,#4365,.F.) ;
#4369=ORIENTED_EDGE('',*,*,#4195,.F.) ;
#4370=ORIENTED_EDGE('',*,*,#4298,.T.) ;
#4371=ORIENTED_EDGE('',*,*,#3809,.T.) ;
#4372=ORIENTED_EDGE('',*,*,#4293,.F.) ;
#4394=ORIENTED_EDGE('',*,*,#4387,.F.) ;
#4395=ORIENTED_EDGE('',*,*,#4331,.T.) ;
#4396=ORIENTED_EDGE('',*,*,#3833,.T.) ;
#4397=ORIENTED_EDGE('',*,*,#4324,.F.) ;
#4398=ORIENTED_EDGE('',*,*,#4163,.F.) ;
#4399=ORIENTED_EDGE('',*,*,#4392,.F.) ;
#4427=ORIENTED_EDGE('',*,*,#4413,.T.) ;
#4428=ORIENTED_EDGE('',*,*,#4420,.T.) ;
#4429=ORIENTED_EDGE('',*,*,#4425,.F.) ;
#4430=ORIENTED_EDGE('',*,*,#4274,.F.) ;
#4451=ORIENTED_EDGE('',*,*,#4425,.T.) ;
#4452=ORIENTED_EDGE('',*,*,#4444,.T.) ;
#4453=ORIENTED_EDGE('',*,*,#4449,.F.) ;
#4454=ORIENTED_EDGE('',*,*,#4250,.F.) ;
#4475=ORIENTED_EDGE('',*,*,#4449,.T.) ;
#4476=ORIENTED_EDGE('',*,*,#4468,.T.) ;
#4477=ORIENTED_EDGE('',*,*,#4473,.F.) ;
#4478=ORIENTED_EDGE('',*,*,#4226,.F.) ;
#4492=ORIENTED_EDGE('',*,*,#4303,.F.) ;
#4493=ORIENTED_EDGE('',*,*,#4473,.T.) ;
#4494=ORIENTED_EDGE('',*,*,#4490,.T.) ;
#4495=ORIENTED_EDGE('',*,*,#4360,.T.) ;
#4509=ORIENTED_EDGE('',*,*,#4507,.T.) ;
#4510=ORIENTED_EDGE('',*,*,#4413,.F.) ;
#4511=ORIENTED_EDGE('',*,*,#4336,.F.) ;
#4512=ORIENTED_EDGE('',*,*,#4387,.T.) ;
#4540=ORIENTED_EDGE('',*,*,#4528,.T.) ;
#4541=ORIENTED_EDGE('',*,*,#4533,.T.) ;
#4542=ORIENTED_EDGE('',*,*,#3961,.F.) ;
#4543=ORIENTED_EDGE('',*,*,#4538,.F.) ;
#4552=ORIENTED_EDGE('',*,*,#4550,.T.) ;
#4553=ORIENTED_EDGE('',*,*,#4538,.T.) ;
#4554=ORIENTED_EDGE('',*,*,#3956,.F.) ;
#4555=ORIENTED_EDGE('',*,*,#4533,.F.) ;
#4564=ORIENTED_EDGE('',*,*,#4490,.F.) ;
#4565=ORIENTED_EDGE('',*,*,#4468,.F.) ;
#4566=ORIENTED_EDGE('',*,*,#4444,.F.) ;
#4567=ORIENTED_EDGE('',*,*,#4420,.F.) ;
#4568=ORIENTED_EDGE('',*,*,#4507,.F.) ;
#4569=ORIENTED_EDGE('',*,*,#4392,.T.) ;
#4570=ORIENTED_EDGE('',*,*,#4157,.F.) ;
#4571=ORIENTED_EDGE('',*,*,#4126,.F.) ;
#4572=ORIENTED_EDGE('',*,*,#4102,.F.) ;
#4573=ORIENTED_EDGE('',*,*,#4078,.F.) ;
#4574=ORIENTED_EDGE('',*,*,#4182,.F.) ;
#4575=ORIENTED_EDGE('',*,*,#4365,.T.) ;
#4592=ORIENTED_EDGE('',*,*,#4585,.F.) ;
#4593=ORIENTED_EDGE('',*,*,#4590,.F.) ;
#4612=ORIENTED_EDGE('',*,*,#4605,.T.) ;
#4613=ORIENTED_EDGE('',*,*,#4585,.T.) ;
#4614=ORIENTED_EDGE('',*,*,#4610,.F.) ;
#4615=ORIENTED_EDGE('',*,*,#4550,.F.) ;
#4624=ORIENTED_EDGE('',*,*,#4610,.T.) ;
#4625=ORIENTED_EDGE('',*,*,#4590,.T.) ;
#4626=ORIENTED_EDGE('',*,*,#4605,.F.) ;
#4627=ORIENTED_EDGE('',*,*,#4528,.F.) ;
#4781=ORIENTED_EDGE('',*,*,#4676,.F.) ;
#4782=ORIENTED_EDGE('',*,*,#4683,.F.) ;
#4783=ORIENTED_EDGE('',*,*,#4690,.F.) ;
#4784=ORIENTED_EDGE('',*,*,#4697,.F.) ;
#4785=ORIENTED_EDGE('',*,*,#4704,.T.) ;
#4786=ORIENTED_EDGE('',*,*,#4711,.T.) ;
#4787=ORIENTED_EDGE('',*,*,#4718,.T.) ;
#4788=ORIENTED_EDGE('',*,*,#4725,.F.) ;
#4789=ORIENTED_EDGE('',*,*,#4732,.F.) ;
#4790=ORIENTED_EDGE('',*,*,#4739,.F.) ;
#4791=ORIENTED_EDGE('',*,*,#4746,.F.) ;
#4792=ORIENTED_EDGE('',*,*,#4753,.F.) ;
#4793=ORIENTED_EDGE('',*,*,#4760,.T.) ;
#4794=ORIENTED_EDGE('',*,*,#4767,.T.) ;
#4795=ORIENTED_EDGE('',*,*,#4774,.T.) ;
#4796=ORIENTED_EDGE('',*,*,#4779,.F.) ;
#4813=ORIENTED_EDGE('',*,*,#4806,.F.) ;
#4814=ORIENTED_EDGE('',*,*,#4811,.F.) ;
#4879=ORIENTED_EDGE('',*,*,#4830,.T.) ;
#4880=ORIENTED_EDGE('',*,*,#4837,.F.) ;
#4881=ORIENTED_EDGE('',*,*,#4844,.F.) ;
#4882=ORIENTED_EDGE('',*,*,#4851,.F.) ;
#4883=ORIENTED_EDGE('',*,*,#4858,.T.) ;
#4884=ORIENTED_EDGE('',*,*,#4865,.F.) ;
#4885=ORIENTED_EDGE('',*,*,#4872,.F.) ;
#4886=ORIENTED_EDGE('',*,*,#4877,.F.) ;
#4945=ORIENTED_EDGE('',*,*,#4896,.T.) ;
#4946=ORIENTED_EDGE('',*,*,#4903,.F.) ;
#4947=ORIENTED_EDGE('',*,*,#4910,.T.) ;
#4948=ORIENTED_EDGE('',*,*,#4917,.T.) ;
#4949=ORIENTED_EDGE('',*,*,#4924,.T.) ;
#4950=ORIENTED_EDGE('',*,*,#4931,.F.) ;
#4951=ORIENTED_EDGE('',*,*,#4938,.T.) ;
#4952=ORIENTED_EDGE('',*,*,#4943,.F.) ;
#4971=ORIENTED_EDGE('',*,*,#4964,.F.) ;
#4972=ORIENTED_EDGE('',*,*,#4739,.T.) ;
#4973=ORIENTED_EDGE('',*,*,#4969,.T.) ;
#4974=ORIENTED_EDGE('',*,*,#4844,.T.) ;
#4988=ORIENTED_EDGE('',*,*,#4837,.T.) ;
#4989=ORIENTED_EDGE('',*,*,#4986,.F.) ;
#4990=ORIENTED_EDGE('',*,*,#4746,.T.) ;
#4991=ORIENTED_EDGE('',*,*,#4964,.T.) ;
#5005=ORIENTED_EDGE('',*,*,#4851,.T.) ;
#5006=ORIENTED_EDGE('',*,*,#4969,.F.) ;
#5007=ORIENTED_EDGE('',*,*,#4732,.T.) ;
#5008=ORIENTED_EDGE('',*,*,#5003,.T.) ;
#5041=ORIENTED_EDGE('',*,*,#4779,.T.) ;
#5042=ORIENTED_EDGE('',*,*,#5022,.T.) ;
#5043=ORIENTED_EDGE('',*,*,#5029,.T.) ;
#5044=ORIENTED_EDGE('',*,*,#5034,.F.) ;
#5045=ORIENTED_EDGE('',*,*,#4753,.T.) ;
#5046=ORIENTED_EDGE('',*,*,#4986,.T.) ;
#5047=ORIENTED_EDGE('',*,*,#4830,.F.) ;
#5048=ORIENTED_EDGE('',*,*,#5039,.F.) ;
#5062=ORIENTED_EDGE('',*,*,#4877,.T.) ;
#5063=ORIENTED_EDGE('',*,*,#5060,.F.) ;
#5064=ORIENTED_EDGE('',*,*,#4676,.T.) ;
#5065=ORIENTED_EDGE('',*,*,#5039,.T.) ;
#5079=ORIENTED_EDGE('',*,*,#5060,.T.) ;
#5080=ORIENTED_EDGE('',*,*,#4872,.T.) ;
#5081=ORIENTED_EDGE('',*,*,#5077,.F.) ;
#5082=ORIENTED_EDGE('',*,*,#4683,.T.) ;
#5096=ORIENTED_EDGE('',*,*,#4865,.T.) ;
#5097=ORIENTED_EDGE('',*,*,#5094,.F.) ;
#5098=ORIENTED_EDGE('',*,*,#4690,.T.) ;
#5099=ORIENTED_EDGE('',*,*,#5077,.T.) ;
#5127=ORIENTED_EDGE('',*,*,#4725,.T.) ;
#5128=ORIENTED_EDGE('',*,*,#5113,.T.) ;
#5129=ORIENTED_EDGE('',*,*,#5120,.T.) ;
#5130=ORIENTED_EDGE('',*,*,#5125,.F.) ;
#5131=ORIENTED_EDGE('',*,*,#4697,.T.) ;
#5132=ORIENTED_EDGE('',*,*,#5094,.T.) ;
#5133=ORIENTED_EDGE('',*,*,#4858,.F.) ;
#5134=ORIENTED_EDGE('',*,*,#5003,.F.) ;
#5162=ORIENTED_EDGE('',*,*,#5150,.T.) ;
#5163=ORIENTED_EDGE('',*,*,#5155,.F.) ;
#5164=ORIENTED_EDGE('',*,*,#4767,.F.) ;
#5165=ORIENTED_EDGE('',*,*,#5160,.T.) ;
#5179=ORIENTED_EDGE('',*,*,#5177,.T.) ;
#5180=ORIENTED_EDGE('',*,*,#5022,.F.) ;
#5181=ORIENTED_EDGE('',*,*,#4774,.F.) ;
#5182=ORIENTED_EDGE('',*,*,#5155,.T.) ;
#5196=ORIENTED_EDGE('',*,*,#5194,.T.) ;
#5197=ORIENTED_EDGE('',*,*,#5160,.F.) ;
#5198=ORIENTED_EDGE('',*,*,#4760,.F.) ;
#5199=ORIENTED_EDGE('',*,*,#5034,.T.) ;
#5208=ORIENTED_EDGE('',*,*,#5194,.F.) ;
#5209=ORIENTED_EDGE('',*,*,#5029,.F.) ;
#5210=ORIENTED_EDGE('',*,*,#5177,.F.) ;
#5211=ORIENTED_EDGE('',*,*,#5150,.F.) ;
#5227=ORIENTED_EDGE('',*,*,#5220,.T.) ;
#5228=ORIENTED_EDGE('',*,*,#5113,.F.) ;
#5229=ORIENTED_EDGE('',*,*,#4718,.F.) ;
#5230=ORIENTED_EDGE('',*,*,#5225,.T.) ;
#5246=ORIENTED_EDGE('',*,*,#5239,.T.) ;
#5247=ORIENTED_EDGE('',*,*,#5244,.F.) ;
#5248=ORIENTED_EDGE('',*,*,#4704,.F.) ;
#5249=ORIENTED_EDGE('',*,*,#5125,.T.) ;
#5263=ORIENTED_EDGE('',*,*,#5261,.T.) ;
#5264=ORIENTED_EDGE('',*,*,#5225,.F.) ;
#5265=ORIENTED_EDGE('',*,*,#4711,.F.) ;
#5266=ORIENTED_EDGE('',*,*,#5244,.T.) ;
#5270=ORIENTED_EDGE('',*,*,#5261,.F.) ;
#5271=ORIENTED_EDGE('',*,*,#5239,.F.) ;
#5272=ORIENTED_EDGE('',*,*,#5120,.F.) ;
#5273=ORIENTED_EDGE('',*,*,#5220,.F.) ;
#5296=ORIENTED_EDGE('',*,*,#5289,.T.) ;
#5297=ORIENTED_EDGE('',*,*,#5294,.T.) ;
#5353=ORIENTED_EDGE('',*,*,#4917,.F.) ;
#5354=ORIENTED_EDGE('',*,*,#5311,.F.) ;
#5355=ORIENTED_EDGE('',*,*,#5318,.F.) ;
#5356=ORIENTED_EDGE('',*,*,#5325,.F.) ;
#5357=ORIENTED_EDGE('',*,*,#5332,.T.) ;
#5358=ORIENTED_EDGE('',*,*,#5339,.T.) ;
#5359=ORIENTED_EDGE('',*,*,#5346,.F.) ;
#5360=ORIENTED_EDGE('',*,*,#5351,.T.) ;
#5381=ORIENTED_EDGE('',*,*,#5374,.F.) ;
#5382=ORIENTED_EDGE('',*,*,#5379,.F.) ;
#5383=ORIENTED_EDGE('',*,*,#5311,.T.) ;
#5384=ORIENTED_EDGE('',*,*,#4910,.F.) ;
#5405=ORIENTED_EDGE('',*,*,#5351,.F.) ;
#5406=ORIENTED_EDGE('',*,*,#5398,.F.) ;
#5407=ORIENTED_EDGE('',*,*,#5403,.T.) ;
#5408=ORIENTED_EDGE('',*,*,#4924,.F.) ;
#5429=ORIENTED_EDGE('',*,*,#5422,.F.) ;
#5430=ORIENTED_EDGE('',*,*,#5374,.T.) ;
#5431=ORIENTED_EDGE('',*,*,#4903,.T.) ;
#5432=ORIENTED_EDGE('',*,*,#5427,.F.) ;
#5453=ORIENTED_EDGE('',*,*,#5446,.F.) ;
#5454=ORIENTED_EDGE('',*,*,#5451,.F.) ;
#5455=ORIENTED_EDGE('',*,*,#5427,.T.) ;
#5456=ORIENTED_EDGE('',*,*,#4896,.F.) ;
#5477=ORIENTED_EDGE('',*,*,#4931,.T.) ;
#5478=ORIENTED_EDGE('',*,*,#5403,.F.) ;
#5479=ORIENTED_EDGE('',*,*,#5470,.F.) ;
#5480=ORIENTED_EDGE('',*,*,#5475,.T.) ;
#5501=ORIENTED_EDGE('',*,*,#5475,.F.) ;
#5502=ORIENTED_EDGE('',*,*,#5494,.F.) ;
#5503=ORIENTED_EDGE('',*,*,#5499,.T.) ;
#5504=ORIENTED_EDGE('',*,*,#4938,.F.) ;
#5523=ORIENTED_EDGE('',*,*,#5325,.T.) ;
#5524=ORIENTED_EDGE('',*,*,#5516,.T.) ;
#5525=ORIENTED_EDGE('',*,*,#5339,.F.) ;
#5526=ORIENTED_EDGE('',*,*,#5521,.T.) ;
#5554=ORIENTED_EDGE('',*,*,#5540,.T.) ;
#5555=ORIENTED_EDGE('',*,*,#5547,.F.) ;
#5556=ORIENTED_EDGE('',*,*,#5552,.T.) ;
#5557=ORIENTED_EDGE('',*,*,#5494,.T.) ;
#5558=ORIENTED_EDGE('',*,*,#5470,.T.) ;
#5559=ORIENTED_EDGE('',*,*,#5398,.T.) ;
#5560=ORIENTED_EDGE('',*,*,#5346,.T.) ;
#5561=ORIENTED_EDGE('',*,*,#5516,.F.) ;
#5562=ORIENTED_EDGE('',*,*,#5318,.T.) ;
#5563=ORIENTED_EDGE('',*,*,#5379,.T.) ;
#5564=ORIENTED_EDGE('',*,*,#5422,.T.) ;
#5565=ORIENTED_EDGE('',*,*,#5451,.T.) ;
#5582=ORIENTED_EDGE('',*,*,#5575,.F.) ;
#5583=ORIENTED_EDGE('',*,*,#5580,.F.) ;
#5602=ORIENTED_EDGE('',*,*,#5595,.T.) ;
#5603=ORIENTED_EDGE('',*,*,#5547,.T.) ;
#5604=ORIENTED_EDGE('',*,*,#5600,.F.) ;
#5605=ORIENTED_EDGE('',*,*,#5294,.F.) ;
#5614=ORIENTED_EDGE('',*,*,#4943,.T.) ;
#5615=ORIENTED_EDGE('',*,*,#5499,.F.) ;
#5616=ORIENTED_EDGE('',*,*,#5552,.F.) ;
#5617=ORIENTED_EDGE('',*,*,#5595,.F.) ;
#5618=ORIENTED_EDGE('',*,*,#5289,.F.) ;
#5619=ORIENTED_EDGE('',*,*,#5600,.T.) ;
#5620=ORIENTED_EDGE('',*,*,#5540,.F.) ;
#5621=ORIENTED_EDGE('',*,*,#5446,.T.) ;
#5625=ORIENTED_EDGE('',*,*,#5521,.F.) ;
#5626=ORIENTED_EDGE('',*,*,#5332,.F.) ;
#5654=ORIENTED_EDGE('',*,*,#5642,.T.) ;
#5655=ORIENTED_EDGE('',*,*,#5647,.T.) ;
#5656=ORIENTED_EDGE('',*,*,#5575,.T.) ;
#5657=ORIENTED_EDGE('',*,*,#5652,.F.) ;
#5666=ORIENTED_EDGE('',*,*,#5664,.T.) ;
#5667=ORIENTED_EDGE('',*,*,#5652,.T.) ;
#5668=ORIENTED_EDGE('',*,*,#5580,.T.) ;
#5669=ORIENTED_EDGE('',*,*,#5647,.F.) ;
#5688=ORIENTED_EDGE('',*,*,#4811,.T.) ;
#5689=ORIENTED_EDGE('',*,*,#5681,.T.) ;
#5690=ORIENTED_EDGE('',*,*,#5664,.F.) ;
#5691=ORIENTED_EDGE('',*,*,#5686,.F.) ;
#5700=ORIENTED_EDGE('',*,*,#4806,.T.) ;
#5701=ORIENTED_EDGE('',*,*,#5686,.T.) ;
#5702=ORIENTED_EDGE('',*,*,#5642,.F.) ;
#5703=ORIENTED_EDGE('',*,*,#5681,.F.) ;
#5773=ORIENTED_EDGE('',*,*,#5752,.T.) ;
#5774=ORIENTED_EDGE('',*,*,#5759,.T.) ;
#5775=ORIENTED_EDGE('',*,*,#5766,.F.) ;
#5776=ORIENTED_EDGE('',*,*,#5771,.F.) ;
#5804=ORIENTED_EDGE('',*,*,#5790,.T.) ;
#5805=ORIENTED_EDGE('',*,*,#5797,.F.) ;
#5806=ORIENTED_EDGE('',*,*,#5802,.T.) ;
#5807=ORIENTED_EDGE('',*,*,#5766,.T.) ;
#5835=ORIENTED_EDGE('',*,*,#5821,.T.) ;
#5836=ORIENTED_EDGE('',*,*,#5752,.F.) ;
#5837=ORIENTED_EDGE('',*,*,#5828,.T.) ;
#5838=ORIENTED_EDGE('',*,*,#5833,.T.) ;
#5889=ORIENTED_EDGE('',*,*,#5854,.F.) ;
#5890=ORIENTED_EDGE('',*,*,#5861,.F.) ;
#5891=ORIENTED_EDGE('',*,*,#5868,.F.) ;
#5892=ORIENTED_EDGE('',*,*,#5875,.F.) ;
#5893=ORIENTED_EDGE('',*,*,#5882,.F.) ;
#5894=ORIENTED_EDGE('',*,*,#5887,.F.) ;
#5941=ORIENTED_EDGE('',*,*,#5868,.T.) ;
#5942=ORIENTED_EDGE('',*,*,#5908,.T.) ;
#5943=ORIENTED_EDGE('',*,*,#5915,.F.) ;
#5944=ORIENTED_EDGE('',*,*,#5922,.F.) ;
#5945=ORIENTED_EDGE('',*,*,#5929,.F.) ;
#5946=ORIENTED_EDGE('',*,*,#5934,.F.) ;
#5947=ORIENTED_EDGE('',*,*,#5790,.F.) ;
#5948=ORIENTED_EDGE('',*,*,#5759,.F.) ;
#5949=ORIENTED_EDGE('',*,*,#5821,.F.) ;
#5950=ORIENTED_EDGE('',*,*,#5939,.T.) ;
#5971=ORIENTED_EDGE('',*,*,#5964,.F.) ;
#5972=ORIENTED_EDGE('',*,*,#5969,.T.) ;
#5973=ORIENTED_EDGE('',*,*,#5797,.T.) ;
#5974=ORIENTED_EDGE('',*,*,#5934,.T.) ;
#6145=ORIENTED_EDGE('',*,*,#5984,.T.) ;
#6146=ORIENTED_EDGE('',*,*,#5991,.F.) ;
#6147=ORIENTED_EDGE('',*,*,#5998,.F.) ;
#6148=ORIENTED_EDGE('',*,*,#6005,.F.) ;
#6149=ORIENTED_EDGE('',*,*,#6012,.T.) ;
#6150=ORIENTED_EDGE('',*,*,#6019,.F.) ;
#6151=ORIENTED_EDGE('',*,*,#6026,.F.) ;
#6152=ORIENTED_EDGE('',*,*,#6033,.F.) ;
#6153=ORIENTED_EDGE('',*,*,#6040,.T.) ;
#6154=ORIENTED_EDGE('',*,*,#6047,.F.) ;
#6155=ORIENTED_EDGE('',*,*,#6054,.F.) ;
#6156=ORIENTED_EDGE('',*,*,#6061,.F.) ;
#6157=ORIENTED_EDGE('',*,*,#6068,.T.) ;
#6158=ORIENTED_EDGE('',*,*,#6075,.F.) ;
#6159=ORIENTED_EDGE('',*,*,#6082,.F.) ;
#6160=ORIENTED_EDGE('',*,*,#6089,.F.) ;
#6161=ORIENTED_EDGE('',*,*,#6096,.T.) ;
#6162=ORIENTED_EDGE('',*,*,#6103,.F.) ;
#6163=ORIENTED_EDGE('',*,*,#6110,.F.) ;
#6164=ORIENTED_EDGE('',*,*,#6117,.F.) ;
#6165=ORIENTED_EDGE('',*,*,#6124,.T.) ;
#6166=ORIENTED_EDGE('',*,*,#6131,.F.) ;
#6167=ORIENTED_EDGE('',*,*,#6138,.F.) ;
#6168=ORIENTED_EDGE('',*,*,#6143,.F.) ;
#6227=ORIENTED_EDGE('',*,*,#6178,.T.) ;
#6228=ORIENTED_EDGE('',*,*,#6185,.F.) ;
#6229=ORIENTED_EDGE('',*,*,#6192,.T.) ;
#6230=ORIENTED_EDGE('',*,*,#6199,.F.) ;
#6231=ORIENTED_EDGE('',*,*,#6206,.T.) ;
#6232=ORIENTED_EDGE('',*,*,#6213,.F.) ;
#6233=ORIENTED_EDGE('',*,*,#6220,.T.) ;
#6234=ORIENTED_EDGE('',*,*,#6225,.F.) ;
#6271=ORIENTED_EDGE('',*,*,#6250,.T.) ;
#6272=ORIENTED_EDGE('',*,*,#6257,.T.) ;
#6273=ORIENTED_EDGE('',*,*,#6264,.F.) ;
#6274=ORIENTED_EDGE('',*,*,#6269,.F.) ;
#6302=ORIENTED_EDGE('',*,*,#6250,.F.) ;
#6303=ORIENTED_EDGE('',*,*,#6288,.F.) ;
#6304=ORIENTED_EDGE('',*,*,#6295,.T.) ;
#6305=ORIENTED_EDGE('',*,*,#6300,.F.) ;
#6333=ORIENTED_EDGE('',*,*,#6321,.F.) ;
#6334=ORIENTED_EDGE('',*,*,#6326,.F.) ;
#6335=ORIENTED_EDGE('',*,*,#6264,.T.) ;
#6336=ORIENTED_EDGE('',*,*,#6331,.F.) ;
#6364=ORIENTED_EDGE('',*,*,#6350,.T.) ;
#6365=ORIENTED_EDGE('',*,*,#6295,.F.) ;
#6366=ORIENTED_EDGE('',*,*,#6357,.F.) ;
#6367=ORIENTED_EDGE('',*,*,#6362,.T.) ;
#6395=ORIENTED_EDGE('',*,*,#6362,.F.) ;
#6396=ORIENTED_EDGE('',*,*,#6381,.F.) ;
#6397=ORIENTED_EDGE('',*,*,#6388,.T.) ;
#6398=ORIENTED_EDGE('',*,*,#6393,.F.) ;
#6426=ORIENTED_EDGE('',*,*,#6388,.F.) ;
#6427=ORIENTED_EDGE('',*,*,#6412,.F.) ;
#6428=ORIENTED_EDGE('',*,*,#6419,.T.) ;
#6429=ORIENTED_EDGE('',*,*,#6424,.T.) ;
#6457=ORIENTED_EDGE('',*,*,#6419,.F.) ;
#6458=ORIENTED_EDGE('',*,*,#6443,.F.) ;
#6459=ORIENTED_EDGE('',*,*,#6450,.T.) ;
#6460=ORIENTED_EDGE('',*,*,#6455,.F.) ;
#6479=ORIENTED_EDGE('',*,*,#6472,.F.) ;
#6480=ORIENTED_EDGE('',*,*,#6321,.T.) ;
#6481=ORIENTED_EDGE('',*,*,#6477,.T.) ;
#6482=ORIENTED_EDGE('',*,*,#6450,.F.) ;
#6531=ORIENTED_EDGE('',*,*,#5771,.T.) ;
#6532=ORIENTED_EDGE('',*,*,#5802,.F.) ;
#6533=ORIENTED_EDGE('',*,*,#5969,.F.) ;
#6534=ORIENTED_EDGE('',*,*,#6496,.F.) ;
#6535=ORIENTED_EDGE('',*,*,#6503,.T.) ;
#6536=ORIENTED_EDGE('',*,*,#6510,.F.) ;
#6537=ORIENTED_EDGE('',*,*,#6517,.T.) ;
#6538=ORIENTED_EDGE('',*,*,#6524,.F.) ;
#6539=ORIENTED_EDGE('',*,*,#6529,.T.) ;
#6540=ORIENTED_EDGE('',*,*,#5828,.F.) ;
#6577=ORIENTED_EDGE('',*,*,#6556,.T.) ;
#6578=ORIENTED_EDGE('',*,*,#6563,.F.) ;
#6579=ORIENTED_EDGE('',*,*,#6570,.T.) ;
#6580=ORIENTED_EDGE('',*,*,#6575,.T.) ;
#6594=ORIENTED_EDGE('',*,*,#6587,.T.) ;
#6595=ORIENTED_EDGE('',*,*,#6575,.F.) ;
#6596=ORIENTED_EDGE('',*,*,#6592,.T.) ;
#6597=ORIENTED_EDGE('',*,*,#6563,.T.) ;
#6634=ORIENTED_EDGE('',*,*,#6608,.F.) ;
#6635=ORIENTED_EDGE('',*,*,#6615,.F.) ;
#6636=ORIENTED_EDGE('',*,*,#6622,.F.) ;
#6637=ORIENTED_EDGE('',*,*,#6627,.F.) ;
#6638=ORIENTED_EDGE('',*,*,#6524,.T.) ;
#6639=ORIENTED_EDGE('',*,*,#6632,.F.) ;
#6648=ORIENTED_EDGE('',*,*,#6357,.T.) ;
#6649=ORIENTED_EDGE('',*,*,#6288,.T.) ;
#6650=ORIENTED_EDGE('',*,*,#6269,.T.) ;
#6651=ORIENTED_EDGE('',*,*,#6326,.T.) ;
#6652=ORIENTED_EDGE('',*,*,#6472,.T.) ;
#6653=ORIENTED_EDGE('',*,*,#6443,.T.) ;
#6654=ORIENTED_EDGE('',*,*,#6412,.T.) ;
#6655=ORIENTED_EDGE('',*,*,#6381,.T.) ;
#6672=ORIENTED_EDGE('',*,*,#6665,.F.) ;
#6673=ORIENTED_EDGE('',*,*,#6670,.F.) ;
#6696=ORIENTED_EDGE('',*,*,#6689,.F.) ;
#6697=ORIENTED_EDGE('',*,*,#6694,.F.) ;
#6700=ORIENTED_EDGE('',*,*,#6570,.F.) ;
#6701=ORIENTED_EDGE('',*,*,#6592,.F.) ;
#6720=ORIENTED_EDGE('',*,*,#6713,.F.) ;
#6721=ORIENTED_EDGE('',*,*,#6665,.T.) ;
#6722=ORIENTED_EDGE('',*,*,#6718,.T.) ;
#6723=ORIENTED_EDGE('',*,*,#6694,.T.) ;
#6727=ORIENTED_EDGE('',*,*,#6689,.T.) ;
#6728=ORIENTED_EDGE('',*,*,#6718,.F.) ;
#6729=ORIENTED_EDGE('',*,*,#6670,.T.) ;
#6730=ORIENTED_EDGE('',*,*,#6713,.T.) ;
#6744=ORIENTED_EDGE('',*,*,#6737,.T.) ;
#6745=ORIENTED_EDGE('',*,*,#5922,.T.) ;
#6746=ORIENTED_EDGE('',*,*,#6742,.F.) ;
#6747=ORIENTED_EDGE('',*,*,#6503,.F.) ;
#6756=ORIENTED_EDGE('',*,*,#5929,.T.) ;
#6757=ORIENTED_EDGE('',*,*,#6737,.F.) ;
#6758=ORIENTED_EDGE('',*,*,#6496,.T.) ;
#6759=ORIENTED_EDGE('',*,*,#5964,.T.) ;
#6773=ORIENTED_EDGE('',*,*,#5915,.T.) ;
#6774=ORIENTED_EDGE('',*,*,#6771,.F.) ;
#6775=ORIENTED_EDGE('',*,*,#6510,.T.) ;
#6776=ORIENTED_EDGE('',*,*,#6742,.T.) ;
#6804=ORIENTED_EDGE('',*,*,#5833,.F.) ;
#6805=ORIENTED_EDGE('',*,*,#6529,.F.) ;
#6806=ORIENTED_EDGE('',*,*,#6627,.T.) ;
#6807=ORIENTED_EDGE('',*,*,#6790,.F.) ;
#6808=ORIENTED_EDGE('',*,*,#6797,.T.) ;
#6809=ORIENTED_EDGE('',*,*,#6802,.T.) ;
#6810=ORIENTED_EDGE('',*,*,#5875,.T.) ;
#6811=ORIENTED_EDGE('',*,*,#5939,.F.) ;
#6832=ORIENTED_EDGE('',*,*,#5882,.T.) ;
#6833=ORIENTED_EDGE('',*,*,#6802,.F.) ;
#6834=ORIENTED_EDGE('',*,*,#6825,.T.) ;
#6835=ORIENTED_EDGE('',*,*,#6830,.T.) ;
#6856=ORIENTED_EDGE('',*,*,#6622,.T.) ;
#6857=ORIENTED_EDGE('',*,*,#6849,.F.) ;
#6858=ORIENTED_EDGE('',*,*,#6854,.T.) ;
#6859=ORIENTED_EDGE('',*,*,#6790,.T.) ;
#6880=ORIENTED_EDGE('',*,*,#6873,.T.) ;
#6881=ORIENTED_EDGE('',*,*,#5887,.T.) ;
#6882=ORIENTED_EDGE('',*,*,#6830,.F.) ;
#6883=ORIENTED_EDGE('',*,*,#6878,.F.) ;
#6904=ORIENTED_EDGE('',*,*,#5854,.T.) ;
#6905=ORIENTED_EDGE('',*,*,#6873,.F.) ;
#6906=ORIENTED_EDGE('',*,*,#6897,.T.) ;
#6907=ORIENTED_EDGE('',*,*,#6902,.T.) ;
#6928=ORIENTED_EDGE('',*,*,#6921,.F.) ;
#6929=ORIENTED_EDGE('',*,*,#6926,.F.) ;
#6930=ORIENTED_EDGE('',*,*,#6849,.T.) ;
#6931=ORIENTED_EDGE('',*,*,#6615,.T.) ;
#6952=ORIENTED_EDGE('',*,*,#6608,.T.) ;
#6953=ORIENTED_EDGE('',*,*,#6945,.F.) ;
#6954=ORIENTED_EDGE('',*,*,#6950,.T.) ;
#6955=ORIENTED_EDGE('',*,*,#6921,.T.) ;
#6969=ORIENTED_EDGE('',*,*,#6878,.T.) ;
#6970=ORIENTED_EDGE('',*,*,#6825,.F.) ;
#6971=ORIENTED_EDGE('',*,*,#6797,.F.) ;
#6972=ORIENTED_EDGE('',*,*,#6854,.F.) ;
#6973=ORIENTED_EDGE('',*,*,#6926,.T.) ;
#6974=ORIENTED_EDGE('',*,*,#6950,.F.) ;
#6975=ORIENTED_EDGE('',*,*,#6967,.T.) ;
#6976=ORIENTED_EDGE('',*,*,#6897,.F.) ;
#6979=ORIENTED_EDGE('',*,*,#6393,.T.) ;
#6980=ORIENTED_EDGE('',*,*,#6424,.F.) ;
#6981=ORIENTED_EDGE('',*,*,#6455,.T.) ;
#6982=ORIENTED_EDGE('',*,*,#6477,.F.) ;
#6983=ORIENTED_EDGE('',*,*,#6331,.T.) ;
#6984=ORIENTED_EDGE('',*,*,#6257,.F.) ;
#6985=ORIENTED_EDGE('',*,*,#6300,.T.) ;
#6986=ORIENTED_EDGE('',*,*,#6350,.F.) ;
#7003=ORIENTED_EDGE('',*,*,#6996,.F.) ;
#7004=ORIENTED_EDGE('',*,*,#7001,.F.) ;
#7049=ORIENTED_EDGE('',*,*,#7014,.T.) ;
#7050=ORIENTED_EDGE('',*,*,#7021,.F.) ;
#7051=ORIENTED_EDGE('',*,*,#7028,.T.) ;
#7052=ORIENTED_EDGE('',*,*,#7035,.F.) ;
#7053=ORIENTED_EDGE('',*,*,#7042,.T.) ;
#7054=ORIENTED_EDGE('',*,*,#7047,.T.) ;
#7099=ORIENTED_EDGE('',*,*,#7064,.F.) ;
#7100=ORIENTED_EDGE('',*,*,#7071,.T.) ;
#7101=ORIENTED_EDGE('',*,*,#7078,.F.) ;
#7102=ORIENTED_EDGE('',*,*,#7085,.F.) ;
#7103=ORIENTED_EDGE('',*,*,#7092,.F.) ;
#7104=ORIENTED_EDGE('',*,*,#7097,.T.) ;
#7121=ORIENTED_EDGE('',*,*,#7114,.F.) ;
#7122=ORIENTED_EDGE('',*,*,#7119,.F.) ;
#7139=ORIENTED_EDGE('',*,*,#7132,.F.) ;
#7140=ORIENTED_EDGE('',*,*,#7137,.F.) ;
#7149=ORIENTED_EDGE('',*,*,#6771,.T.) ;
#7150=ORIENTED_EDGE('',*,*,#5908,.F.) ;
#7151=ORIENTED_EDGE('',*,*,#5861,.T.) ;
#7152=ORIENTED_EDGE('',*,*,#6902,.F.) ;
#7153=ORIENTED_EDGE('',*,*,#6967,.F.) ;
#7154=ORIENTED_EDGE('',*,*,#6945,.T.) ;
#7155=ORIENTED_EDGE('',*,*,#6632,.T.) ;
#7156=ORIENTED_EDGE('',*,*,#6517,.F.) ;
#7184=ORIENTED_EDGE('',*,*,#6192,.F.) ;
#7185=ORIENTED_EDGE('',*,*,#7170,.T.) ;
#7186=ORIENTED_EDGE('',*,*,#7177,.F.) ;
#7187=ORIENTED_EDGE('',*,*,#7182,.F.) ;
#7208=ORIENTED_EDGE('',*,*,#7201,.T.) ;
#7209=ORIENTED_EDGE('',*,*,#7206,.T.) ;
#7210=ORIENTED_EDGE('',*,*,#7170,.F.) ;
#7211=ORIENTED_EDGE('',*,*,#6185,.T.) ;
#7232=ORIENTED_EDGE('',*,*,#7182,.T.) ;
#7233=ORIENTED_EDGE('',*,*,#7225,.T.) ;
#7234=ORIENTED_EDGE('',*,*,#7230,.F.) ;
#7235=ORIENTED_EDGE('',*,*,#6199,.T.) ;
#7256=ORIENTED_EDGE('',*,*,#6178,.F.) ;
#7257=ORIENTED_EDGE('',*,*,#7249,.T.) ;
#7258=ORIENTED_EDGE('',*,*,#7254,.F.) ;
#7259=ORIENTED_EDGE('',*,*,#7201,.F.) ;
#7280=ORIENTED_EDGE('',*,*,#7273,.T.) ;
#7281=ORIENTED_EDGE('',*,*,#7278,.T.) ;
#7282=ORIENTED_EDGE('',*,*,#7249,.F.) ;
#7283=ORIENTED_EDGE('',*,*,#6225,.T.) ;
#7304=ORIENTED_EDGE('',*,*,#6220,.F.) ;
#7305=ORIENTED_EDGE('',*,*,#7297,.T.) ;
#7306=ORIENTED_EDGE('',*,*,#7302,.F.) ;
#7307=ORIENTED_EDGE('',*,*,#7273,.F.) ;
#7328=ORIENTED_EDGE('',*,*,#7321,.T.) ;
#7329=ORIENTED_EDGE('',*,*,#7326,.T.) ;
#7330=ORIENTED_EDGE('',*,*,#7297,.F.) ;
#7331=ORIENTED_EDGE('',*,*,#6213,.T.) ;
#7345=ORIENTED_EDGE('',*,*,#6206,.F.) ;
#7346=ORIENTED_EDGE('',*,*,#7230,.T.) ;
#7347=ORIENTED_EDGE('',*,*,#7343,.F.) ;
#7348=ORIENTED_EDGE('',*,*,#7321,.F.) ;
#7357=ORIENTED_EDGE('',*,*,#7343,.T.) ;
#7358=ORIENTED_EDGE('',*,*,#7225,.F.) ;
#7359=ORIENTED_EDGE('',*,*,#7177,.T.) ;
#7360=ORIENTED_EDGE('',*,*,#7206,.F.) ;
#7361=ORIENTED_EDGE('',*,*,#7254,.T.) ;
#7362=ORIENTED_EDGE('',*,*,#7278,.F.) ;
#7363=ORIENTED_EDGE('',*,*,#7302,.T.) ;
#7364=ORIENTED_EDGE('',*,*,#7326,.F.) ;
#7381=ORIENTED_EDGE('',*,*,#7374,.F.) ;
#7382=ORIENTED_EDGE('',*,*,#7379,.F.) ;
#7405=ORIENTED_EDGE('',*,*,#7398,.F.) ;
#7406=ORIENTED_EDGE('',*,*,#7403,.F.) ;
#7423=ORIENTED_EDGE('',*,*,#7416,.T.) ;
#7424=ORIENTED_EDGE('',*,*,#7421,.T.) ;
#7521=ORIENTED_EDGE('',*,*,#7441,.T.) ;
#7522=ORIENTED_EDGE('',*,*,#7447,.T.) ;
#7523=ORIENTED_EDGE('',*,*,#6124,.F.) ;
#7524=ORIENTED_EDGE('',*,*,#7455,.F.) ;
#7525=ORIENTED_EDGE('',*,*,#7464,.F.) ;
#7526=ORIENTED_EDGE('',*,*,#7470,.T.) ;
#7527=ORIENTED_EDGE('',*,*,#6096,.F.) ;
#7528=ORIENTED_EDGE('',*,*,#7478,.F.) ;
#7529=ORIENTED_EDGE('',*,*,#7487,.F.) ;
#7530=ORIENTED_EDGE('',*,*,#7493,.T.) ;
#7531=ORIENTED_EDGE('',*,*,#6068,.F.) ;
#7532=ORIENTED_EDGE('',*,*,#7501,.F.) ;
#7533=ORIENTED_EDGE('',*,*,#7509,.F.) ;
#7534=ORIENTED_EDGE('',*,*,#7514,.T.) ;
#7535=ORIENTED_EDGE('',*,*,#7403,.T.) ;
#7536=ORIENTED_EDGE('',*,*,#7519,.F.) ;
#7619=ORIENTED_EDGE('',*,*,#7551,.T.) ;
#7620=ORIENTED_EDGE('',*,*,#7557,.T.) ;
#7621=ORIENTED_EDGE('',*,*,#6040,.F.) ;
#7622=ORIENTED_EDGE('',*,*,#7565,.F.) ;
#7623=ORIENTED_EDGE('',*,*,#7574,.F.) ;
#7624=ORIENTED_EDGE('',*,*,#7580,.T.) ;
#7625=ORIENTED_EDGE('',*,*,#6012,.F.) ;
#7626=ORIENTED_EDGE('',*,*,#7588,.F.) ;
#7627=ORIENTED_EDGE('',*,*,#7597,.F.) ;
#7628=ORIENTED_EDGE('',*,*,#7603,.T.) ;
#7629=ORIENTED_EDGE('',*,*,#5984,.F.) ;
#7630=ORIENTED_EDGE('',*,*,#7611,.F.) ;
#7631=ORIENTED_EDGE('',*,*,#7617,.F.) ;
#7632=ORIENTED_EDGE('',*,*,#7519,.T.) ;
#7633=ORIENTED_EDGE('',*,*,#7398,.T.) ;
#7634=ORIENTED_EDGE('',*,*,#7514,.F.) ;
#7681=ORIENTED_EDGE('',*,*,#7662,.T.) ;
#7682=ORIENTED_EDGE('',*,*,#7679,.T.) ;
#7685=ORIENTED_EDGE('',*,*,#6556,.F.) ;
#7686=ORIENTED_EDGE('',*,*,#6587,.F.) ;
#7705=ORIENTED_EDGE('',*,*,#7374,.T.) ;
#7706=ORIENTED_EDGE('',*,*,#7698,.F.) ;
#7707=ORIENTED_EDGE('',*,*,#7679,.F.) ;
#7708=ORIENTED_EDGE('',*,*,#7703,.T.) ;
#7712=ORIENTED_EDGE('',*,*,#7379,.T.) ;
#7713=ORIENTED_EDGE('',*,*,#7703,.F.) ;
#7714=ORIENTED_EDGE('',*,*,#7662,.F.) ;
#7715=ORIENTED_EDGE('',*,*,#7698,.T.) ;
#7743=ORIENTED_EDGE('',*,*,#7042,.F.) ;
#7744=ORIENTED_EDGE('',*,*,#7729,.T.) ;
#7745=ORIENTED_EDGE('',*,*,#7736,.F.) ;
#7746=ORIENTED_EDGE('',*,*,#7741,.F.) ;
#7767=ORIENTED_EDGE('',*,*,#7035,.T.) ;
#7768=ORIENTED_EDGE('',*,*,#7760,.T.) ;
#7769=ORIENTED_EDGE('',*,*,#7765,.F.) ;
#7770=ORIENTED_EDGE('',*,*,#7729,.F.) ;
#7791=ORIENTED_EDGE('',*,*,#7028,.F.) ;
#7792=ORIENTED_EDGE('',*,*,#7784,.T.) ;
#7793=ORIENTED_EDGE('',*,*,#7789,.F.) ;
#7794=ORIENTED_EDGE('',*,*,#7760,.F.) ;
#7815=ORIENTED_EDGE('',*,*,#7021,.T.) ;
#7816=ORIENTED_EDGE('',*,*,#7808,.T.) ;
#7817=ORIENTED_EDGE('',*,*,#7813,.F.) ;
#7818=ORIENTED_EDGE('',*,*,#7784,.F.) ;
#7839=ORIENTED_EDGE('',*,*,#7014,.F.) ;
#7840=ORIENTED_EDGE('',*,*,#7832,.T.) ;
#7841=ORIENTED_EDGE('',*,*,#7837,.F.) ;
#7842=ORIENTED_EDGE('',*,*,#7808,.F.) ;
#7856=ORIENTED_EDGE('',*,*,#7047,.F.) ;
#7857=ORIENTED_EDGE('',*,*,#7741,.T.) ;
#7858=ORIENTED_EDGE('',*,*,#7854,.F.) ;
#7859=ORIENTED_EDGE('',*,*,#7832,.F.) ;
#7868=ORIENTED_EDGE('',*,*,#7789,.T.) ;
#7869=ORIENTED_EDGE('',*,*,#7813,.T.) ;
#7870=ORIENTED_EDGE('',*,*,#7837,.T.) ;
#7871=ORIENTED_EDGE('',*,*,#7854,.T.) ;
#7872=ORIENTED_EDGE('',*,*,#7736,.T.) ;
#7873=ORIENTED_EDGE('',*,*,#7765,.T.) ;
#7896=ORIENTED_EDGE('',*,*,#7071,.F.) ;
#7897=ORIENTED_EDGE('',*,*,#7882,.T.) ;
#7898=ORIENTED_EDGE('',*,*,#7889,.T.) ;
#7899=ORIENTED_EDGE('',*,*,#7894,.F.) ;
#7920=ORIENTED_EDGE('',*,*,#7078,.T.) ;
#7921=ORIENTED_EDGE('',*,*,#7894,.T.) ;
#7922=ORIENTED_EDGE('',*,*,#7913,.T.) ;
#7923=ORIENTED_EDGE('',*,*,#7918,.F.) ;
#7944=ORIENTED_EDGE('',*,*,#7918,.T.) ;
#7945=ORIENTED_EDGE('',*,*,#7937,.T.) ;
#7946=ORIENTED_EDGE('',*,*,#7942,.F.) ;
#7947=ORIENTED_EDGE('',*,*,#7085,.T.) ;
#7968=ORIENTED_EDGE('',*,*,#7092,.T.) ;
#7969=ORIENTED_EDGE('',*,*,#7942,.T.) ;
#7970=ORIENTED_EDGE('',*,*,#7961,.T.) ;
#7971=ORIENTED_EDGE('',*,*,#7966,.F.) ;
#7987=ORIENTED_EDGE('',*,*,#7097,.F.) ;
#7988=ORIENTED_EDGE('',*,*,#7966,.T.) ;
#7989=ORIENTED_EDGE('',*,*,#7980,.T.) ;
#7990=ORIENTED_EDGE('',*,*,#7985,.F.) ;
#8004=ORIENTED_EDGE('',*,*,#7985,.T.) ;
#8005=ORIENTED_EDGE('',*,*,#8002,.T.) ;
#8006=ORIENTED_EDGE('',*,*,#7882,.F.) ;
#8007=ORIENTED_EDGE('',*,*,#7064,.T.) ;
#8011=ORIENTED_EDGE('',*,*,#7913,.F.) ;
#8012=ORIENTED_EDGE('',*,*,#7889,.F.) ;
#8013=ORIENTED_EDGE('',*,*,#8002,.F.) ;
#8014=ORIENTED_EDGE('',*,*,#7980,.F.) ;
#8015=ORIENTED_EDGE('',*,*,#7961,.F.) ;
#8016=ORIENTED_EDGE('',*,*,#7937,.F.) ;
#8044=ORIENTED_EDGE('',*,*,#8032,.T.) ;
#8045=ORIENTED_EDGE('',*,*,#8037,.T.) ;
#8046=ORIENTED_EDGE('',*,*,#6996,.T.) ;
#8047=ORIENTED_EDGE('',*,*,#8042,.F.) ;
#8056=ORIENTED_EDGE('',*,*,#8054,.T.) ;
#8057=ORIENTED_EDGE('',*,*,#8042,.T.) ;
#8058=ORIENTED_EDGE('',*,*,#7001,.T.) ;
#8059=ORIENTED_EDGE('',*,*,#8037,.F.) ;
#8089=ORIENTED_EDGE('',*,*,#8075,.F.) ;
#8090=ORIENTED_EDGE('',*,*,#8082,.F.) ;
#8091=ORIENTED_EDGE('',*,*,#8087,.T.) ;
#8123=ORIENTED_EDGE('',*,*,#8102,.F.) ;
#8124=ORIENTED_EDGE('',*,*,#8109,.F.) ;
#8125=ORIENTED_EDGE('',*,*,#8116,.F.) ;
#8126=ORIENTED_EDGE('',*,*,#8121,.T.) ;
#8151=ORIENTED_EDGE('',*,*,#8137,.F.) ;
#8152=ORIENTED_EDGE('',*,*,#8144,.F.) ;
#8153=ORIENTED_EDGE('',*,*,#8149,.T.) ;
#8178=ORIENTED_EDGE('',*,*,#8164,.F.) ;
#8179=ORIENTED_EDGE('',*,*,#8171,.F.) ;
#8180=ORIENTED_EDGE('',*,*,#8176,.T.) ;
#8212=ORIENTED_EDGE('',*,*,#8191,.F.) ;
#8213=ORIENTED_EDGE('',*,*,#8198,.F.) ;
#8214=ORIENTED_EDGE('',*,*,#8205,.F.) ;
#8215=ORIENTED_EDGE('',*,*,#8210,.T.) ;
#8240=ORIENTED_EDGE('',*,*,#8226,.F.) ;
#8241=ORIENTED_EDGE('',*,*,#8233,.F.) ;
#8242=ORIENTED_EDGE('',*,*,#8238,.T.) ;
#8279=ORIENTED_EDGE('',*,*,#8258,.T.) ;
#8280=ORIENTED_EDGE('',*,*,#8265,.F.) ;
#8281=ORIENTED_EDGE('',*,*,#8272,.F.) ;
#8282=ORIENTED_EDGE('',*,*,#8277,.F.) ;
#8301=ORIENTED_EDGE('',*,*,#6054,.T.) ;
#8302=ORIENTED_EDGE('',*,*,#8294,.F.) ;
#8303=ORIENTED_EDGE('',*,*,#8272,.T.) ;
#8304=ORIENTED_EDGE('',*,*,#8299,.T.) ;
#8347=ORIENTED_EDGE('',*,*,#8319,.T.) ;
#8348=ORIENTED_EDGE('',*,*,#8277,.T.) ;
#8349=ORIENTED_EDGE('',*,*,#8294,.T.) ;
#8350=ORIENTED_EDGE('',*,*,#6047,.T.) ;
#8351=ORIENTED_EDGE('',*,*,#7557,.F.) ;
#8352=ORIENTED_EDGE('',*,*,#8326,.F.) ;
#8353=ORIENTED_EDGE('',*,*,#8333,.F.) ;
#8354=ORIENTED_EDGE('',*,*,#8340,.F.) ;
#8355=ORIENTED_EDGE('',*,*,#8345,.T.) ;
#8356=ORIENTED_EDGE('',*,*,#8205,.T.) ;
#8399=ORIENTED_EDGE('',*,*,#8371,.F.) ;
#8400=ORIENTED_EDGE('',*,*,#8238,.F.) ;
#8401=ORIENTED_EDGE('',*,*,#8378,.F.) ;
#8402=ORIENTED_EDGE('',*,*,#8385,.F.) ;
#8403=ORIENTED_EDGE('',*,*,#8392,.F.) ;
#8404=ORIENTED_EDGE('',*,*,#8397,.T.) ;
#8405=ORIENTED_EDGE('',*,*,#7501,.T.) ;
#8406=ORIENTED_EDGE('',*,*,#6061,.T.) ;
#8407=ORIENTED_EDGE('',*,*,#8299,.F.) ;
#8408=ORIENTED_EDGE('',*,*,#8265,.T.) ;
#8422=ORIENTED_EDGE('',*,*,#7551,.F.) ;
#8423=ORIENTED_EDGE('',*,*,#7509,.T.) ;
#8424=ORIENTED_EDGE('',*,*,#8397,.F.) ;
#8425=ORIENTED_EDGE('',*,*,#8420,.F.) ;
#8426=ORIENTED_EDGE('',*,*,#8326,.T.) ;
#8440=ORIENTED_EDGE('',*,*,#8438,.T.) ;
#8441=ORIENTED_EDGE('',*,*,#8333,.T.) ;
#8442=ORIENTED_EDGE('',*,*,#8420,.T.) ;
#8443=ORIENTED_EDGE('',*,*,#8392,.T.) ;
#8475=ORIENTED_EDGE('',*,*,#8454,.T.) ;
#8476=ORIENTED_EDGE('',*,*,#8461,.F.) ;
#8477=ORIENTED_EDGE('',*,*,#8468,.F.) ;
#8478=ORIENTED_EDGE('',*,*,#8473,.F.) ;
#8497=ORIENTED_EDGE('',*,*,#6082,.T.) ;
#8498=ORIENTED_EDGE('',*,*,#8490,.F.) ;
#8499=ORIENTED_EDGE('',*,*,#8468,.T.) ;
#8500=ORIENTED_EDGE('',*,*,#8495,.T.) ;
#8536=ORIENTED_EDGE('',*,*,#8515,.T.) ;
#8537=ORIENTED_EDGE('',*,*,#8473,.T.) ;
#8538=ORIENTED_EDGE('',*,*,#8490,.T.) ;
#8539=ORIENTED_EDGE('',*,*,#6075,.T.) ;
#8540=ORIENTED_EDGE('',*,*,#7493,.F.) ;
#8541=ORIENTED_EDGE('',*,*,#8522,.F.) ;
#8542=ORIENTED_EDGE('',*,*,#8529,.F.) ;
#8543=ORIENTED_EDGE('',*,*,#8534,.F.) ;
#8544=ORIENTED_EDGE('',*,*,#8378,.T.) ;
#8545=ORIENTED_EDGE('',*,*,#8233,.T.) ;
#8588=ORIENTED_EDGE('',*,*,#8560,.F.) ;
#8589=ORIENTED_EDGE('',*,*,#8176,.F.) ;
#8590=ORIENTED_EDGE('',*,*,#8567,.F.) ;
#8591=ORIENTED_EDGE('',*,*,#8574,.F.) ;
#8592=ORIENTED_EDGE('',*,*,#8581,.F.) ;
#8593=ORIENTED_EDGE('',*,*,#8586,.T.) ;
#8594=ORIENTED_EDGE('',*,*,#7478,.T.) ;
#8595=ORIENTED_EDGE('',*,*,#6089,.T.) ;
#8596=ORIENTED_EDGE('',*,*,#8495,.F.) ;
#8597=ORIENTED_EDGE('',*,*,#8461,.T.) ;
#8611=ORIENTED_EDGE('',*,*,#7487,.T.) ;
#8612=ORIENTED_EDGE('',*,*,#8586,.F.) ;
#8613=ORIENTED_EDGE('',*,*,#8609,.F.) ;
#8614=ORIENTED_EDGE('',*,*,#8522,.T.) ;
#8628=ORIENTED_EDGE('',*,*,#8626,.T.) ;
#8629=ORIENTED_EDGE('',*,*,#8529,.T.) ;
#8630=ORIENTED_EDGE('',*,*,#8609,.T.) ;
#8631=ORIENTED_EDGE('',*,*,#8581,.T.) ;
#8663=ORIENTED_EDGE('',*,*,#8642,.T.) ;
#8664=ORIENTED_EDGE('',*,*,#8649,.F.) ;
#8665=ORIENTED_EDGE('',*,*,#8656,.F.) ;
#8666=ORIENTED_EDGE('',*,*,#8661,.F.) ;
#8685=ORIENTED_EDGE('',*,*,#6110,.T.) ;
#8686=ORIENTED_EDGE('',*,*,#8678,.F.) ;
#8687=ORIENTED_EDGE('',*,*,#8656,.T.) ;
#8688=ORIENTED_EDGE('',*,*,#8683,.T.) ;
#8724=ORIENTED_EDGE('',*,*,#8703,.T.) ;
#8725=ORIENTED_EDGE('',*,*,#8661,.T.) ;
#8726=ORIENTED_EDGE('',*,*,#8678,.T.) ;
#8727=ORIENTED_EDGE('',*,*,#6103,.T.) ;
#8728=ORIENTED_EDGE('',*,*,#7470,.F.) ;
#8729=ORIENTED_EDGE('',*,*,#8710,.F.) ;
#8730=ORIENTED_EDGE('',*,*,#8717,.F.) ;
#8731=ORIENTED_EDGE('',*,*,#8722,.F.) ;
#8732=ORIENTED_EDGE('',*,*,#8567,.T.) ;
#8733=ORIENTED_EDGE('',*,*,#8171,.T.) ;
#8776=ORIENTED_EDGE('',*,*,#8748,.F.) ;
#8777=ORIENTED_EDGE('',*,*,#8121,.F.) ;
#8778=ORIENTED_EDGE('',*,*,#8755,.F.) ;
#8779=ORIENTED_EDGE('',*,*,#8762,.F.) ;
#8780=ORIENTED_EDGE('',*,*,#8769,.F.) ;
#8781=ORIENTED_EDGE('',*,*,#8774,.T.) ;
#8782=ORIENTED_EDGE('',*,*,#7455,.T.) ;
#8783=ORIENTED_EDGE('',*,*,#6117,.T.) ;
#8784=ORIENTED_EDGE('',*,*,#8683,.F.) ;
#8785=ORIENTED_EDGE('',*,*,#8649,.T.) ;
#8799=ORIENTED_EDGE('',*,*,#7464,.T.) ;
#8800=ORIENTED_EDGE('',*,*,#8774,.F.) ;
#8801=ORIENTED_EDGE('',*,*,#8797,.F.) ;
#8802=ORIENTED_EDGE('',*,*,#8710,.T.) ;
#8816=ORIENTED_EDGE('',*,*,#8814,.T.) ;
#8817=ORIENTED_EDGE('',*,*,#8717,.T.) ;
#8818=ORIENTED_EDGE('',*,*,#8797,.T.) ;
#8819=ORIENTED_EDGE('',*,*,#8769,.T.) ;
#8851=ORIENTED_EDGE('',*,*,#8830,.T.) ;
#8852=ORIENTED_EDGE('',*,*,#8837,.F.) ;
#8853=ORIENTED_EDGE('',*,*,#8844,.F.) ;
#8854=ORIENTED_EDGE('',*,*,#8849,.F.) ;
#8873=ORIENTED_EDGE('',*,*,#6138,.T.) ;
#8874=ORIENTED_EDGE('',*,*,#8866,.F.) ;
#8875=ORIENTED_EDGE('',*,*,#8844,.T.) ;
#8876=ORIENTED_EDGE('',*,*,#8871,.T.) ;
#8912=ORIENTED_EDGE('',*,*,#8891,.T.) ;
#8913=ORIENTED_EDGE('',*,*,#8849,.T.) ;
#8914=ORIENTED_EDGE('',*,*,#8866,.T.) ;
#8915=ORIENTED_EDGE('',*,*,#6131,.T.) ;
#8916=ORIENTED_EDGE('',*,*,#7447,.F.) ;
#8917=ORIENTED_EDGE('',*,*,#8898,.F.) ;
#8918=ORIENTED_EDGE('',*,*,#8905,.F.) ;
#8919=ORIENTED_EDGE('',*,*,#8910,.F.) ;
#8920=ORIENTED_EDGE('',*,*,#8755,.T.) ;
#8921=ORIENTED_EDGE('',*,*,#8116,.T.) ;
#8964=ORIENTED_EDGE('',*,*,#8936,.F.) ;
#8965=ORIENTED_EDGE('',*,*,#8087,.F.) ;
#8966=ORIENTED_EDGE('',*,*,#8943,.F.) ;
#8967=ORIENTED_EDGE('',*,*,#8950,.F.) ;
#8968=ORIENTED_EDGE('',*,*,#8957,.F.) ;
#8969=ORIENTED_EDGE('',*,*,#8962,.T.) ;
#8970=ORIENTED_EDGE('',*,*,#7611,.T.) ;
#8971=ORIENTED_EDGE('',*,*,#6143,.T.) ;
#8972=ORIENTED_EDGE('',*,*,#8871,.F.) ;
#8973=ORIENTED_EDGE('',*,*,#8837,.T.) ;
#8987=ORIENTED_EDGE('',*,*,#7441,.F.) ;
#8988=ORIENTED_EDGE('',*,*,#7617,.T.) ;
#8989=ORIENTED_EDGE('',*,*,#8962,.F.) ;
#8990=ORIENTED_EDGE('',*,*,#8985,.F.) ;
#8991=ORIENTED_EDGE('',*,*,#8898,.T.) ;
#9005=ORIENTED_EDGE('',*,*,#9003,.T.) ;
#9006=ORIENTED_EDGE('',*,*,#8905,.T.) ;
#9007=ORIENTED_EDGE('',*,*,#8985,.T.) ;
#9008=ORIENTED_EDGE('',*,*,#8957,.T.) ;
#9040=ORIENTED_EDGE('',*,*,#9019,.T.) ;
#9041=ORIENTED_EDGE('',*,*,#9026,.F.) ;
#9042=ORIENTED_EDGE('',*,*,#9033,.F.) ;
#9043=ORIENTED_EDGE('',*,*,#9038,.F.) ;
#9062=ORIENTED_EDGE('',*,*,#5998,.T.) ;
#9063=ORIENTED_EDGE('',*,*,#9055,.F.) ;
#9064=ORIENTED_EDGE('',*,*,#9033,.T.) ;
#9065=ORIENTED_EDGE('',*,*,#9060,.T.) ;
#9101=ORIENTED_EDGE('',*,*,#9080,.T.) ;
#9102=ORIENTED_EDGE('',*,*,#9038,.T.) ;
#9103=ORIENTED_EDGE('',*,*,#9055,.T.) ;
#9104=ORIENTED_EDGE('',*,*,#5991,.T.) ;
#9105=ORIENTED_EDGE('',*,*,#7603,.F.) ;
#9106=ORIENTED_EDGE('',*,*,#9087,.F.) ;
#9107=ORIENTED_EDGE('',*,*,#9094,.F.) ;
#9108=ORIENTED_EDGE('',*,*,#9099,.F.) ;
#9109=ORIENTED_EDGE('',*,*,#8943,.T.) ;
#9110=ORIENTED_EDGE('',*,*,#8082,.T.) ;
#9153=ORIENTED_EDGE('',*,*,#9125,.F.) ;
#9154=ORIENTED_EDGE('',*,*,#8149,.F.) ;
#9155=ORIENTED_EDGE('',*,*,#9132,.F.) ;
#9156=ORIENTED_EDGE('',*,*,#9139,.F.) ;
#9157=ORIENTED_EDGE('',*,*,#9146,.F.) ;
#9158=ORIENTED_EDGE('',*,*,#9151,.T.) ;
#9159=ORIENTED_EDGE('',*,*,#7588,.T.) ;
#9160=ORIENTED_EDGE('',*,*,#6005,.T.) ;
#9161=ORIENTED_EDGE('',*,*,#9060,.F.) ;
#9162=ORIENTED_EDGE('',*,*,#9026,.T.) ;
#9176=ORIENTED_EDGE('',*,*,#7597,.T.) ;
#9177=ORIENTED_EDGE('',*,*,#9151,.F.) ;
#9178=ORIENTED_EDGE('',*,*,#9174,.F.) ;
#9179=ORIENTED_EDGE('',*,*,#9087,.T.) ;
#9193=ORIENTED_EDGE('',*,*,#9191,.T.) ;
#9194=ORIENTED_EDGE('',*,*,#9094,.T.) ;
#9195=ORIENTED_EDGE('',*,*,#9174,.T.) ;
#9196=ORIENTED_EDGE('',*,*,#9146,.T.) ;
#9228=ORIENTED_EDGE('',*,*,#9207,.T.) ;
#9229=ORIENTED_EDGE('',*,*,#9214,.F.) ;
#9230=ORIENTED_EDGE('',*,*,#9221,.F.) ;
#9231=ORIENTED_EDGE('',*,*,#9226,.F.) ;
#9250=ORIENTED_EDGE('',*,*,#6026,.T.) ;
#9251=ORIENTED_EDGE('',*,*,#9243,.F.) ;
#9252=ORIENTED_EDGE('',*,*,#9221,.T.) ;
#9253=ORIENTED_EDGE('',*,*,#9248,.T.) ;
#9289=ORIENTED_EDGE('',*,*,#9268,.T.) ;
#9290=ORIENTED_EDGE('',*,*,#9226,.T.) ;
#9291=ORIENTED_EDGE('',*,*,#9243,.T.) ;
#9292=ORIENTED_EDGE('',*,*,#6019,.T.) ;
#9293=ORIENTED_EDGE('',*,*,#7580,.F.) ;
#9294=ORIENTED_EDGE('',*,*,#9275,.F.) ;
#9295=ORIENTED_EDGE('',*,*,#9282,.F.) ;
#9296=ORIENTED_EDGE('',*,*,#9287,.F.) ;
#9297=ORIENTED_EDGE('',*,*,#9132,.T.) ;
#9298=ORIENTED_EDGE('',*,*,#8144,.T.) ;
#9334=ORIENTED_EDGE('',*,*,#9313,.F.) ;
#9335=ORIENTED_EDGE('',*,*,#8210,.F.) ;
#9336=ORIENTED_EDGE('',*,*,#8345,.F.) ;
#9337=ORIENTED_EDGE('',*,*,#9320,.F.) ;
#9338=ORIENTED_EDGE('',*,*,#9327,.F.) ;
#9339=ORIENTED_EDGE('',*,*,#9332,.T.) ;
#9340=ORIENTED_EDGE('',*,*,#7565,.T.) ;
#9341=ORIENTED_EDGE('',*,*,#6033,.T.) ;
#9342=ORIENTED_EDGE('',*,*,#9248,.F.) ;
#9343=ORIENTED_EDGE('',*,*,#9214,.T.) ;
#9357=ORIENTED_EDGE('',*,*,#7574,.T.) ;
#9358=ORIENTED_EDGE('',*,*,#9332,.F.) ;
#9359=ORIENTED_EDGE('',*,*,#9355,.F.) ;
#9360=ORIENTED_EDGE('',*,*,#9275,.T.) ;
#9374=ORIENTED_EDGE('',*,*,#9372,.T.) ;
#9375=ORIENTED_EDGE('',*,*,#9282,.T.) ;
#9376=ORIENTED_EDGE('',*,*,#9355,.T.) ;
#9377=ORIENTED_EDGE('',*,*,#9327,.T.) ;
#9386=ORIENTED_EDGE('',*,*,#9287,.T.) ;
#9387=ORIENTED_EDGE('',*,*,#9372,.F.) ;
#9388=ORIENTED_EDGE('',*,*,#9320,.T.) ;
#9389=ORIENTED_EDGE('',*,*,#8340,.T.) ;
#9390=ORIENTED_EDGE('',*,*,#8438,.F.) ;
#9391=ORIENTED_EDGE('',*,*,#8385,.T.) ;
#9392=ORIENTED_EDGE('',*,*,#8534,.T.) ;
#9393=ORIENTED_EDGE('',*,*,#8626,.F.) ;
#9394=ORIENTED_EDGE('',*,*,#8574,.T.) ;
#9395=ORIENTED_EDGE('',*,*,#8722,.T.) ;
#9396=ORIENTED_EDGE('',*,*,#8814,.F.) ;
#9397=ORIENTED_EDGE('',*,*,#8762,.T.) ;
#9398=ORIENTED_EDGE('',*,*,#8910,.T.) ;
#9399=ORIENTED_EDGE('',*,*,#9003,.F.) ;
#9400=ORIENTED_EDGE('',*,*,#8950,.T.) ;
#9401=ORIENTED_EDGE('',*,*,#9099,.T.) ;
#9402=ORIENTED_EDGE('',*,*,#9191,.F.) ;
#9403=ORIENTED_EDGE('',*,*,#9139,.T.) ;
#9420=ORIENTED_EDGE('',*,*,#9413,.F.) ;
#9421=ORIENTED_EDGE('',*,*,#9418,.F.) ;
#9440=ORIENTED_EDGE('',*,*,#9433,.T.) ;
#9441=ORIENTED_EDGE('',*,*,#7421,.F.) ;
#9442=ORIENTED_EDGE('',*,*,#9438,.F.) ;
#9443=ORIENTED_EDGE('',*,*,#9413,.T.) ;
#9447=ORIENTED_EDGE('',*,*,#9438,.T.) ;
#9448=ORIENTED_EDGE('',*,*,#7416,.F.) ;
#9449=ORIENTED_EDGE('',*,*,#9433,.F.) ;
#9450=ORIENTED_EDGE('',*,*,#9418,.T.) ;
#9478=ORIENTED_EDGE('',*,*,#8936,.T.) ;
#9479=ORIENTED_EDGE('',*,*,#8830,.F.) ;
#9480=ORIENTED_EDGE('',*,*,#8891,.F.) ;
#9481=ORIENTED_EDGE('',*,*,#8109,.T.) ;
#9482=ORIENTED_EDGE('',*,*,#9464,.T.) ;
#9483=ORIENTED_EDGE('',*,*,#9471,.F.) ;
#9484=ORIENTED_EDGE('',*,*,#9476,.F.) ;
#9485=ORIENTED_EDGE('',*,*,#8191,.T.) ;
#9486=ORIENTED_EDGE('',*,*,#9313,.T.) ;
#9487=ORIENTED_EDGE('',*,*,#9207,.F.) ;
#9488=ORIENTED_EDGE('',*,*,#9268,.F.) ;
#9489=ORIENTED_EDGE('',*,*,#8137,.T.) ;
#9490=ORIENTED_EDGE('',*,*,#9125,.T.) ;
#9491=ORIENTED_EDGE('',*,*,#9019,.F.) ;
#9492=ORIENTED_EDGE('',*,*,#9080,.F.) ;
#9493=ORIENTED_EDGE('',*,*,#8075,.T.) ;
#9502=ORIENTED_EDGE('',*,*,#8371,.T.) ;
#9503=ORIENTED_EDGE('',*,*,#8258,.F.) ;
#9504=ORIENTED_EDGE('',*,*,#8319,.F.) ;
#9505=ORIENTED_EDGE('',*,*,#8198,.T.) ;
#9506=ORIENTED_EDGE('',*,*,#9476,.T.) ;
#9507=ORIENTED_EDGE('',*,*,#9500,.F.) ;
#9508=ORIENTED_EDGE('',*,*,#9464,.F.) ;
#9509=ORIENTED_EDGE('',*,*,#8102,.T.) ;
#9510=ORIENTED_EDGE('',*,*,#8748,.T.) ;
#9511=ORIENTED_EDGE('',*,*,#8642,.F.) ;
#9512=ORIENTED_EDGE('',*,*,#8703,.F.) ;
#9513=ORIENTED_EDGE('',*,*,#8164,.T.) ;
#9514=ORIENTED_EDGE('',*,*,#8560,.T.) ;
#9515=ORIENTED_EDGE('',*,*,#8454,.F.) ;
#9516=ORIENTED_EDGE('',*,*,#8515,.F.) ;
#9517=ORIENTED_EDGE('',*,*,#8226,.T.) ;
#9526=ORIENTED_EDGE('',*,*,#9500,.T.) ;
#9527=ORIENTED_EDGE('',*,*,#9471,.T.) ;
#9530=ORIENTED_EDGE('',*,*,#8032,.F.) ;
#9531=ORIENTED_EDGE('',*,*,#8054,.F.) ;
#9559=ORIENTED_EDGE('',*,*,#9545,.F.) ;
#9560=ORIENTED_EDGE('',*,*,#7114,.T.) ;
#9561=ORIENTED_EDGE('',*,*,#9552,.T.) ;
#9562=ORIENTED_EDGE('',*,*,#9557,.F.) ;
#9571=ORIENTED_EDGE('',*,*,#9552,.F.) ;
#9572=ORIENTED_EDGE('',*,*,#7119,.T.) ;
#9573=ORIENTED_EDGE('',*,*,#9545,.T.) ;
#9574=ORIENTED_EDGE('',*,*,#9569,.F.) ;
#9583=ORIENTED_EDGE('',*,*,#9557,.T.) ;
#9584=ORIENTED_EDGE('',*,*,#9569,.T.) ;
#9612=ORIENTED_EDGE('',*,*,#9598,.F.) ;
#9613=ORIENTED_EDGE('',*,*,#7132,.T.) ;
#9614=ORIENTED_EDGE('',*,*,#9605,.T.) ;
#9615=ORIENTED_EDGE('',*,*,#9610,.F.) ;
#9624=ORIENTED_EDGE('',*,*,#9605,.F.) ;
#9625=ORIENTED_EDGE('',*,*,#7137,.T.) ;
#9626=ORIENTED_EDGE('',*,*,#9598,.T.) ;
#9627=ORIENTED_EDGE('',*,*,#9622,.F.) ;
#9631=ORIENTED_EDGE('',*,*,#9610,.T.) ;
#9632=ORIENTED_EDGE('',*,*,#9622,.T.) ;
#9710=ORIENTED_EDGE('',*,*,#9689,.T.) ;
#9711=ORIENTED_EDGE('',*,*,#9696,.F.) ;
#9712=ORIENTED_EDGE('',*,*,#9703,.F.) ;
#9713=ORIENTED_EDGE('',*,*,#9708,.T.) ;
#9727=ORIENTED_EDGE('',*,*,#9703,.T.) ;
#9728=ORIENTED_EDGE('',*,*,#9720,.F.) ;
#9729=ORIENTED_EDGE('',*,*,#9689,.F.) ;
#9730=ORIENTED_EDGE('',*,*,#9725,.T.) ;
#9739=ORIENTED_EDGE('',*,*,#9720,.T.) ;
#9740=ORIENTED_EDGE('',*,*,#9696,.T.) ;
#9757=ORIENTED_EDGE('',*,*,#9750,.F.) ;
#9758=ORIENTED_EDGE('',*,*,#9755,.F.) ;
#9781=ORIENTED_EDGE('',*,*,#9774,.T.) ;
#9782=ORIENTED_EDGE('',*,*,#9779,.T.) ;
#9785=ORIENTED_EDGE('',*,*,#9708,.F.) ;
#9786=ORIENTED_EDGE('',*,*,#9725,.F.) ;
#9814=ORIENTED_EDGE('',*,*,#9800,.T.) ;
#9815=ORIENTED_EDGE('',*,*,#9774,.F.) ;
#9816=ORIENTED_EDGE('',*,*,#9807,.F.) ;
#9817=ORIENTED_EDGE('',*,*,#9812,.T.) ;
#9826=ORIENTED_EDGE('',*,*,#9807,.T.) ;
#9827=ORIENTED_EDGE('',*,*,#9779,.F.) ;
#9828=ORIENTED_EDGE('',*,*,#9800,.F.) ;
#9829=ORIENTED_EDGE('',*,*,#9824,.T.) ;
#9838=ORIENTED_EDGE('',*,*,#9824,.F.) ;
#9839=ORIENTED_EDGE('',*,*,#9812,.F.) ;
#9856=ORIENTED_EDGE('',*,*,#9849,.T.) ;
#9857=ORIENTED_EDGE('',*,*,#9854,.T.) ;
#9885=ORIENTED_EDGE('',*,*,#9871,.T.) ;
#9886=ORIENTED_EDGE('',*,*,#9854,.F.) ;
#9887=ORIENTED_EDGE('',*,*,#9878,.F.) ;
#9888=ORIENTED_EDGE('',*,*,#9883,.T.) ;
#9897=ORIENTED_EDGE('',*,*,#9878,.T.) ;
#9898=ORIENTED_EDGE('',*,*,#9849,.F.) ;
#9899=ORIENTED_EDGE('',*,*,#9871,.F.) ;
#9900=ORIENTED_EDGE('',*,*,#9895,.T.) ;
#9937=ORIENTED_EDGE('',*,*,#9916,.T.) ;
#9938=ORIENTED_EDGE('',*,*,#9923,.F.) ;
#9939=ORIENTED_EDGE('',*,*,#9930,.F.) ;
#9940=ORIENTED_EDGE('',*,*,#9935,.T.) ;
#9954=ORIENTED_EDGE('',*,*,#9930,.T.) ;
#9955=ORIENTED_EDGE('',*,*,#9947,.F.) ;
#9956=ORIENTED_EDGE('',*,*,#9916,.F.) ;
#9957=ORIENTED_EDGE('',*,*,#9952,.T.) ;
#9966=ORIENTED_EDGE('',*,*,#9947,.T.) ;
#9967=ORIENTED_EDGE('',*,*,#9923,.T.) ;
#9984=ORIENTED_EDGE('',*,*,#9977,.T.) ;
#9985=ORIENTED_EDGE('',*,*,#9982,.T.) ;
#10003=ORIENTED_EDGE('',*,*,#9996,.T.) ;
#10004=ORIENTED_EDGE('',*,*,#10001,.T.) ;
#10007=ORIENTED_EDGE('',*,*,#9935,.F.) ;
#10008=ORIENTED_EDGE('',*,*,#9952,.F.) ;
#10036=ORIENTED_EDGE('',*,*,#10024,.T.) ;
#10037=ORIENTED_EDGE('',*,*,#10029,.T.) ;
#10038=ORIENTED_EDGE('',*,*,#9977,.F.) ;
#10039=ORIENTED_EDGE('',*,*,#10034,.F.) ;
#10053=ORIENTED_EDGE('',*,*,#10051,.T.) ;
#10054=ORIENTED_EDGE('',*,*,#10034,.T.) ;
#10055=ORIENTED_EDGE('',*,*,#9982,.F.) ;
#10056=ORIENTED_EDGE('',*,*,#10029,.F.) ;
#10084=ORIENTED_EDGE('',*,*,#10070,.T.) ;
#10085=ORIENTED_EDGE('',*,*,#9996,.F.) ;
#10086=ORIENTED_EDGE('',*,*,#10077,.F.) ;
#10087=ORIENTED_EDGE('',*,*,#10082,.T.) ;
#10096=ORIENTED_EDGE('',*,*,#10077,.T.) ;
#10097=ORIENTED_EDGE('',*,*,#10001,.F.) ;
#10098=ORIENTED_EDGE('',*,*,#10070,.F.) ;
#10099=ORIENTED_EDGE('',*,*,#10094,.T.) ;
#10127=ORIENTED_EDGE('',*,*,#10113,.T.) ;
#10128=ORIENTED_EDGE('',*,*,#10120,.F.) ;
#10129=ORIENTED_EDGE('',*,*,#10125,.F.) ;
#10130=ORIENTED_EDGE('',*,*,#10024,.F.) ;
#10139=ORIENTED_EDGE('',*,*,#10125,.T.) ;
#10140=ORIENTED_EDGE('',*,*,#10137,.F.) ;
#10141=ORIENTED_EDGE('',*,*,#10113,.F.) ;
#10142=ORIENTED_EDGE('',*,*,#10051,.F.) ;
#10165=ORIENTED_EDGE('',*,*,#10158,.T.) ;
#10166=ORIENTED_EDGE('',*,*,#10163,.T.) ;
#10169=ORIENTED_EDGE('',*,*,#10094,.F.) ;
#10170=ORIENTED_EDGE('',*,*,#10082,.F.) ;
#10179=ORIENTED_EDGE('',*,*,#10137,.T.) ;
#10180=ORIENTED_EDGE('',*,*,#10120,.T.) ;
#10183=ORIENTED_EDGE('',*,*,#9895,.F.) ;
#10184=ORIENTED_EDGE('',*,*,#9883,.F.) ;
#10212=ORIENTED_EDGE('',*,*,#10198,.T.) ;
#10213=ORIENTED_EDGE('',*,*,#10205,.T.) ;
#10214=ORIENTED_EDGE('',*,*,#10210,.F.) ;
#10215=ORIENTED_EDGE('',*,*,#10158,.F.) ;
#10229=ORIENTED_EDGE('',*,*,#10210,.T.) ;
#10230=ORIENTED_EDGE('',*,*,#10227,.T.) ;
#10231=ORIENTED_EDGE('',*,*,#10198,.F.) ;
#10232=ORIENTED_EDGE('',*,*,#10163,.F.) ;
#10260=ORIENTED_EDGE('',*,*,#10246,.F.) ;
#10261=ORIENTED_EDGE('',*,*,#10253,.T.) ;
#10262=ORIENTED_EDGE('',*,*,#10258,.T.) ;
#10263=ORIENTED_EDGE('',*,*,#10205,.F.) ;
#10272=ORIENTED_EDGE('',*,*,#10258,.F.) ;
#10273=ORIENTED_EDGE('',*,*,#10270,.T.) ;
#10274=ORIENTED_EDGE('',*,*,#10246,.T.) ;
#10275=ORIENTED_EDGE('',*,*,#10227,.F.) ;
#10284=ORIENTED_EDGE('',*,*,#10270,.F.) ;
#10285=ORIENTED_EDGE('',*,*,#10253,.F.) ;
#10302=ORIENTED_EDGE('',*,*,#10295,.T.) ;
#10303=ORIENTED_EDGE('',*,*,#10300,.T.) ;
#10331=ORIENTED_EDGE('',*,*,#10317,.T.) ;
#10332=ORIENTED_EDGE('',*,*,#10300,.F.) ;
#10333=ORIENTED_EDGE('',*,*,#10324,.F.) ;
#10334=ORIENTED_EDGE('',*,*,#10329,.T.) ;
#10343=ORIENTED_EDGE('',*,*,#10324,.T.) ;
#10344=ORIENTED_EDGE('',*,*,#10295,.F.) ;
#10345=ORIENTED_EDGE('',*,*,#10317,.F.) ;
#10346=ORIENTED_EDGE('',*,*,#10341,.T.) ;
#10365=ORIENTED_EDGE('',*,*,#10358,.T.) ;
#10366=ORIENTED_EDGE('',*,*,#10341,.F.) ;
#10367=ORIENTED_EDGE('',*,*,#10363,.F.) ;
#10368=ORIENTED_EDGE('',*,*,#9755,.T.) ;
#10372=ORIENTED_EDGE('',*,*,#10363,.T.) ;
#10373=ORIENTED_EDGE('',*,*,#10329,.F.) ;
#10374=ORIENTED_EDGE('',*,*,#10358,.F.) ;
#10375=ORIENTED_EDGE('',*,*,#9750,.T.) ;
#10476=ORIENTED_EDGE('',*,*,#10457,.F.) ;
#10477=ORIENTED_EDGE('',*,*,#10474,.F.) ;
#10518=ORIENTED_EDGE('',*,*,#10499,.F.) ;
#10519=ORIENTED_EDGE('',*,*,#10516,.F.) ;
#10547=ORIENTED_EDGE('',*,*,#10533,.F.) ;
#10548=ORIENTED_EDGE('',*,*,#10474,.T.) ;
#10549=ORIENTED_EDGE('',*,*,#10540,.T.) ;
#10550=ORIENTED_EDGE('',*,*,#10545,.F.) ;
#10559=ORIENTED_EDGE('',*,*,#10540,.F.) ;
#10560=ORIENTED_EDGE('',*,*,#10457,.T.) ;
#10561=ORIENTED_EDGE('',*,*,#10533,.T.) ;
#10562=ORIENTED_EDGE('',*,*,#10557,.F.) ;
#10590=ORIENTED_EDGE('',*,*,#10576,.T.) ;
#10591=ORIENTED_EDGE('',*,*,#10516,.T.) ;
#10592=ORIENTED_EDGE('',*,*,#10583,.F.) ;
#10593=ORIENTED_EDGE('',*,*,#10588,.T.) ;
#10602=ORIENTED_EDGE('',*,*,#10600,.T.) ;
#10603=ORIENTED_EDGE('',*,*,#10583,.T.) ;
#10604=ORIENTED_EDGE('',*,*,#10499,.T.) ;
#10605=ORIENTED_EDGE('',*,*,#10576,.F.) ;
#10628=ORIENTED_EDGE('',*,*,#10621,.T.) ;
#10629=ORIENTED_EDGE('',*,*,#10626,.T.) ;
#10632=ORIENTED_EDGE('',*,*,#10600,.F.) ;
#10633=ORIENTED_EDGE('',*,*,#10588,.F.) ;
#10661=ORIENTED_EDGE('',*,*,#10647,.T.) ;
#10662=ORIENTED_EDGE('',*,*,#10626,.F.) ;
#10663=ORIENTED_EDGE('',*,*,#10654,.F.) ;
#10664=ORIENTED_EDGE('',*,*,#10659,.T.) ;
#10673=ORIENTED_EDGE('',*,*,#10654,.T.) ;
#10674=ORIENTED_EDGE('',*,*,#10621,.F.) ;
#10675=ORIENTED_EDGE('',*,*,#10647,.F.) ;
#10676=ORIENTED_EDGE('',*,*,#10671,.T.) ;
#10685=ORIENTED_EDGE('',*,*,#10545,.T.) ;
#10686=ORIENTED_EDGE('',*,*,#10557,.T.) ;
#10689=ORIENTED_EDGE('',*,*,#10659,.F.) ;
#10690=ORIENTED_EDGE('',*,*,#10671,.F.) ;
#10718=ORIENTED_EDGE('',*,*,#10659,.F.) ;
#10719=ORIENTED_EDGE('',*,*,#10704,.T.) ;
#10720=ORIENTED_EDGE('',*,*,#10711,.T.) ;
#10721=ORIENTED_EDGE('',*,*,#10716,.F.) ;
#10730=ORIENTED_EDGE('',*,*,#10671,.F.) ;
#10731=ORIENTED_EDGE('',*,*,#10716,.T.) ;
#10732=ORIENTED_EDGE('',*,*,#10728,.T.) ;
#10733=ORIENTED_EDGE('',*,*,#10704,.F.) ;
#10770=ORIENTED_EDGE('',*,*,#10749,.F.) ;
#10771=ORIENTED_EDGE('',*,*,#10756,.T.) ;
#10772=ORIENTED_EDGE('',*,*,#10763,.T.) ;
#10773=ORIENTED_EDGE('',*,*,#10768,.F.) ;
#10787=ORIENTED_EDGE('',*,*,#10780,.F.) ;
#10788=ORIENTED_EDGE('',*,*,#10768,.T.) ;
#10789=ORIENTED_EDGE('',*,*,#10785,.T.) ;
#10790=ORIENTED_EDGE('',*,*,#10756,.F.) ;
#10822=ORIENTED_EDGE('',*,*,#10801,.F.) ;
#10823=ORIENTED_EDGE('',*,*,#10808,.T.) ;
#10824=ORIENTED_EDGE('',*,*,#10815,.T.) ;
#10825=ORIENTED_EDGE('',*,*,#10820,.F.) ;
#10839=ORIENTED_EDGE('',*,*,#10832,.F.) ;
#10840=ORIENTED_EDGE('',*,*,#10820,.T.) ;
#10841=ORIENTED_EDGE('',*,*,#10837,.T.) ;
#10842=ORIENTED_EDGE('',*,*,#10808,.F.) ;
#10846=ORIENTED_EDGE('',*,*,#10780,.T.) ;
#10847=ORIENTED_EDGE('',*,*,#10749,.T.) ;
#10850=ORIENTED_EDGE('',*,*,#10711,.F.) ;
#10851=ORIENTED_EDGE('',*,*,#10728,.F.) ;
#10860=ORIENTED_EDGE('',*,*,#10832,.T.) ;
#10861=ORIENTED_EDGE('',*,*,#10801,.T.) ;
#10864=ORIENTED_EDGE('',*,*,#10763,.F.) ;
#10865=ORIENTED_EDGE('',*,*,#10785,.F.) ;
#10869=ORIENTED_EDGE('',*,*,#10815,.F.) ;
#10870=ORIENTED_EDGE('',*,*,#10837,.F.) ;
#10873=ORIENTED_EDGE('',*,*,#10671,.T.) ;
#10874=ORIENTED_EDGE('',*,*,#10659,.T.) ;
#10881=ORIENTED_EDGE('',*,*,#10749,.F.) ;
#10882=ORIENTED_EDGE('',*,*,#10756,.T.) ;
#10883=ORIENTED_EDGE('',*,*,#10763,.T.) ;
#10884=ORIENTED_EDGE('',*,*,#10768,.F.) ;
#10888=ORIENTED_EDGE('',*,*,#10780,.F.) ;
#10889=ORIENTED_EDGE('',*,*,#10768,.T.) ;
#10890=ORIENTED_EDGE('',*,*,#10785,.T.) ;
#10891=ORIENTED_EDGE('',*,*,#10756,.F.) ;
#10905=ORIENTED_EDGE('',*,*,#10801,.F.) ;
#10906=ORIENTED_EDGE('',*,*,#10898,.F.) ;
#10907=ORIENTED_EDGE('',*,*,#10457,.T.) ;
#10908=ORIENTED_EDGE('',*,*,#10903,.T.) ;
#10912=ORIENTED_EDGE('',*,*,#10832,.F.) ;
#10913=ORIENTED_EDGE('',*,*,#10903,.F.) ;
#10914=ORIENTED_EDGE('',*,*,#10474,.T.) ;
#10915=ORIENTED_EDGE('',*,*,#10898,.T.) ;
#10919=ORIENTED_EDGE('',*,*,#10780,.T.) ;
#10920=ORIENTED_EDGE('',*,*,#10749,.T.) ;
#10923=ORIENTED_EDGE('',*,*,#10588,.F.) ;
#10924=ORIENTED_EDGE('',*,*,#10600,.F.) ;
#10928=ORIENTED_EDGE('',*,*,#10832,.T.) ;
#10929=ORIENTED_EDGE('',*,*,#10801,.T.) ;
#10932=ORIENTED_EDGE('',*,*,#10763,.F.) ;
#10933=ORIENTED_EDGE('',*,*,#10785,.F.) ;
#10937=ORIENTED_EDGE('',*,*,#10457,.F.) ;
#10938=ORIENTED_EDGE('',*,*,#10474,.F.) ;
#10941=ORIENTED_EDGE('',*,*,#10499,.F.) ;
#10942=ORIENTED_EDGE('',*,*,#10516,.F.) ;
#10946=ORIENTED_EDGE('',*,*,#10576,.T.) ;
#10947=ORIENTED_EDGE('',*,*,#10516,.T.) ;
#10948=ORIENTED_EDGE('',*,*,#10583,.F.) ;
#10949=ORIENTED_EDGE('',*,*,#10588,.T.) ;
#10953=ORIENTED_EDGE('',*,*,#10600,.T.) ;
#10954=ORIENTED_EDGE('',*,*,#10583,.T.) ;
#10955=ORIENTED_EDGE('',*,*,#10499,.T.) ;
#10956=ORIENTED_EDGE('',*,*,#10576,.F.) ;
#11051=ORIENTED_EDGE('',*,*,#11030,.F.) ;
#11052=ORIENTED_EDGE('',*,*,#11037,.T.) ;
#11053=ORIENTED_EDGE('',*,*,#11044,.T.) ;
#11054=ORIENTED_EDGE('',*,*,#11049,.F.) ;
#11082=ORIENTED_EDGE('',*,*,#11070,.F.) ;
#11083=ORIENTED_EDGE('',*,*,#11075,.T.) ;
#11084=ORIENTED_EDGE('',*,*,#11030,.T.) ;
#11085=ORIENTED_EDGE('',*,*,#11080,.F.) ;
#11113=ORIENTED_EDGE('',*,*,#11044,.F.) ;
#11114=ORIENTED_EDGE('',*,*,#11099,.T.) ;
#11115=ORIENTED_EDGE('',*,*,#11106,.T.) ;
#11116=ORIENTED_EDGE('',*,*,#11111,.F.) ;
#11130=ORIENTED_EDGE('',*,*,#11049,.T.) ;
#11131=ORIENTED_EDGE('',*,*,#11111,.T.) ;
#11132=ORIENTED_EDGE('',*,*,#11128,.F.) ;
#11133=ORIENTED_EDGE('',*,*,#11080,.T.) ;
#11147=ORIENTED_EDGE('',*,*,#11128,.T.) ;
#11148=ORIENTED_EDGE('',*,*,#11106,.F.) ;
#11149=ORIENTED_EDGE('',*,*,#11145,.F.) ;
#11150=ORIENTED_EDGE('',*,*,#11070,.T.) ;
#11215=ORIENTED_EDGE('',*,*,#11166,.T.) ;
#11216=ORIENTED_EDGE('',*,*,#11173,.F.) ;
#11217=ORIENTED_EDGE('',*,*,#11180,.T.) ;
#11218=ORIENTED_EDGE('',*,*,#11187,.F.) ;
#11219=ORIENTED_EDGE('',*,*,#11194,.T.) ;
#11220=ORIENTED_EDGE('',*,*,#11201,.F.) ;
#11221=ORIENTED_EDGE('',*,*,#11208,.T.) ;
#11222=ORIENTED_EDGE('',*,*,#11213,.F.) ;
#11225=ORIENTED_EDGE('',*,*,#11145,.T.) ;
#11226=ORIENTED_EDGE('',*,*,#11099,.F.) ;
#11227=ORIENTED_EDGE('',*,*,#11037,.F.) ;
#11228=ORIENTED_EDGE('',*,*,#11075,.F.) ;
#11399=ORIENTED_EDGE('',*,*,#11238,.T.) ;
#11400=ORIENTED_EDGE('',*,*,#11245,.F.) ;
#11401=ORIENTED_EDGE('',*,*,#11252,.T.) ;
#11402=ORIENTED_EDGE('',*,*,#11259,.F.) ;
#11403=ORIENTED_EDGE('',*,*,#11266,.T.) ;
#11404=ORIENTED_EDGE('',*,*,#11273,.F.) ;
#11405=ORIENTED_EDGE('',*,*,#11280,.T.) ;
#11406=ORIENTED_EDGE('',*,*,#11287,.F.) ;
#11407=ORIENTED_EDGE('',*,*,#11294,.F.) ;
#11408=ORIENTED_EDGE('',*,*,#11301,.F.) ;
#11409=ORIENTED_EDGE('',*,*,#11308,.F.) ;
#11410=ORIENTED_EDGE('',*,*,#11315,.F.) ;
#11411=ORIENTED_EDGE('',*,*,#11322,.T.) ;
#11412=ORIENTED_EDGE('',*,*,#11329,.F.) ;
#11413=ORIENTED_EDGE('',*,*,#11336,.T.) ;
#11414=ORIENTED_EDGE('',*,*,#11343,.F.) ;
#11415=ORIENTED_EDGE('',*,*,#11350,.T.) ;
#11416=ORIENTED_EDGE('',*,*,#11357,.F.) ;
#11417=ORIENTED_EDGE('',*,*,#11364,.T.) ;
#11418=ORIENTED_EDGE('',*,*,#11371,.F.) ;
#11419=ORIENTED_EDGE('',*,*,#11378,.F.) ;
#11420=ORIENTED_EDGE('',*,*,#11385,.F.) ;
#11421=ORIENTED_EDGE('',*,*,#11392,.F.) ;
#11422=ORIENTED_EDGE('',*,*,#11397,.F.) ;
#11459=ORIENTED_EDGE('',*,*,#11438,.T.) ;
#11460=ORIENTED_EDGE('',*,*,#11445,.T.) ;
#11461=ORIENTED_EDGE('',*,*,#11452,.F.) ;
#11462=ORIENTED_EDGE('',*,*,#11457,.F.) ;
#11490=ORIENTED_EDGE('',*,*,#11478,.T.) ;
#11491=ORIENTED_EDGE('',*,*,#11483,.T.) ;
#11492=ORIENTED_EDGE('',*,*,#11438,.F.) ;
#11493=ORIENTED_EDGE('',*,*,#11488,.F.) ;
#11521=ORIENTED_EDGE('',*,*,#11509,.T.) ;
#11522=ORIENTED_EDGE('',*,*,#11514,.T.) ;
#11523=ORIENTED_EDGE('',*,*,#11478,.F.) ;
#11524=ORIENTED_EDGE('',*,*,#11519,.F.) ;
#11552=ORIENTED_EDGE('',*,*,#11540,.T.) ;
#11553=ORIENTED_EDGE('',*,*,#11545,.T.) ;
#11554=ORIENTED_EDGE('',*,*,#11509,.F.) ;
#11555=ORIENTED_EDGE('',*,*,#11550,.F.) ;
#11583=ORIENTED_EDGE('',*,*,#11571,.T.) ;
#11584=ORIENTED_EDGE('',*,*,#11576,.T.) ;
#11585=ORIENTED_EDGE('',*,*,#11540,.F.) ;
#11586=ORIENTED_EDGE('',*,*,#11581,.F.) ;
#11614=ORIENTED_EDGE('',*,*,#11602,.T.) ;
#11615=ORIENTED_EDGE('',*,*,#11607,.T.) ;
#11616=ORIENTED_EDGE('',*,*,#11571,.F.) ;
#11617=ORIENTED_EDGE('',*,*,#11612,.F.) ;
#11645=ORIENTED_EDGE('',*,*,#11633,.T.) ;
#11646=ORIENTED_EDGE('',*,*,#11638,.T.) ;
#11647=ORIENTED_EDGE('',*,*,#11602,.F.) ;
#11648=ORIENTED_EDGE('',*,*,#11643,.F.) ;
#11667=ORIENTED_EDGE('',*,*,#11452,.T.) ;
#11668=ORIENTED_EDGE('',*,*,#11660,.T.) ;
#11669=ORIENTED_EDGE('',*,*,#11633,.F.) ;
#11670=ORIENTED_EDGE('',*,*,#11665,.F.) ;
#11679=ORIENTED_EDGE('',*,*,#11445,.F.) ;
#11680=ORIENTED_EDGE('',*,*,#11483,.F.) ;
#11681=ORIENTED_EDGE('',*,*,#11514,.F.) ;
#11682=ORIENTED_EDGE('',*,*,#11545,.F.) ;
#11683=ORIENTED_EDGE('',*,*,#11576,.F.) ;
#11684=ORIENTED_EDGE('',*,*,#11607,.F.) ;
#11685=ORIENTED_EDGE('',*,*,#11638,.F.) ;
#11686=ORIENTED_EDGE('',*,*,#11660,.F.) ;
#11745=ORIENTED_EDGE('',*,*,#11696,.T.) ;
#11746=ORIENTED_EDGE('',*,*,#11703,.T.) ;
#11747=ORIENTED_EDGE('',*,*,#11710,.T.) ;
#11748=ORIENTED_EDGE('',*,*,#11717,.T.) ;
#11749=ORIENTED_EDGE('',*,*,#11724,.T.) ;
#11750=ORIENTED_EDGE('',*,*,#11731,.T.) ;
#11751=ORIENTED_EDGE('',*,*,#11738,.T.) ;
#11752=ORIENTED_EDGE('',*,*,#11743,.T.) ;
#11769=ORIENTED_EDGE('',*,*,#11762,.T.) ;
#11770=ORIENTED_EDGE('',*,*,#11767,.T.) ;
#11787=ORIENTED_EDGE('',*,*,#11780,.T.) ;
#11788=ORIENTED_EDGE('',*,*,#11785,.T.) ;
#11807=ORIENTED_EDGE('',*,*,#11665,.T.) ;
#11808=ORIENTED_EDGE('',*,*,#11800,.F.) ;
#11809=ORIENTED_EDGE('',*,*,#11180,.F.) ;
#11810=ORIENTED_EDGE('',*,*,#11805,.T.) ;
#11824=ORIENTED_EDGE('',*,*,#11822,.F.) ;
#11825=ORIENTED_EDGE('',*,*,#11187,.T.) ;
#11826=ORIENTED_EDGE('',*,*,#11800,.T.) ;
#11827=ORIENTED_EDGE('',*,*,#11643,.T.) ;
#11841=ORIENTED_EDGE('',*,*,#11839,.F.) ;
#11842=ORIENTED_EDGE('',*,*,#11194,.F.) ;
#11843=ORIENTED_EDGE('',*,*,#11822,.T.) ;
#11844=ORIENTED_EDGE('',*,*,#11612,.T.) ;
#11858=ORIENTED_EDGE('',*,*,#11856,.F.) ;
#11859=ORIENTED_EDGE('',*,*,#11201,.T.) ;
#11860=ORIENTED_EDGE('',*,*,#11839,.T.) ;
#11861=ORIENTED_EDGE('',*,*,#11581,.T.) ;
#11875=ORIENTED_EDGE('',*,*,#11550,.T.) ;
#11876=ORIENTED_EDGE('',*,*,#11873,.F.) ;
#11877=ORIENTED_EDGE('',*,*,#11208,.F.) ;
#11878=ORIENTED_EDGE('',*,*,#11856,.T.) ;
#11892=ORIENTED_EDGE('',*,*,#11805,.F.) ;
#11893=ORIENTED_EDGE('',*,*,#11173,.T.) ;
#11894=ORIENTED_EDGE('',*,*,#11890,.T.) ;
#11895=ORIENTED_EDGE('',*,*,#11457,.T.) ;
#11909=ORIENTED_EDGE('',*,*,#11907,.F.) ;
#11910=ORIENTED_EDGE('',*,*,#11213,.T.) ;
#11911=ORIENTED_EDGE('',*,*,#11873,.T.) ;
#11912=ORIENTED_EDGE('',*,*,#11519,.T.) ;
#11921=ORIENTED_EDGE('',*,*,#11890,.F.) ;
#11922=ORIENTED_EDGE('',*,*,#11166,.F.) ;
#11923=ORIENTED_EDGE('',*,*,#11907,.T.) ;
#11924=ORIENTED_EDGE('',*,*,#11488,.T.) ;
#11947=ORIENTED_EDGE('',*,*,#11940,.T.) ;
#11948=ORIENTED_EDGE('',*,*,#11945,.F.) ;
#11965=ORIENTED_EDGE('',*,*,#11958,.F.) ;
#11966=ORIENTED_EDGE('',*,*,#11963,.T.) ;
#11989=ORIENTED_EDGE('',*,*,#11982,.T.) ;
#11990=ORIENTED_EDGE('',*,*,#11987,.F.) ;
#12007=ORIENTED_EDGE('',*,*,#12000,.F.) ;
#12008=ORIENTED_EDGE('',*,*,#12005,.T.) ;
#12036=ORIENTED_EDGE('',*,*,#12024,.F.) ;
#12037=ORIENTED_EDGE('',*,*,#12029,.F.) ;
#12038=ORIENTED_EDGE('',*,*,#11945,.T.) ;
#12039=ORIENTED_EDGE('',*,*,#12034,.T.) ;
#12048=ORIENTED_EDGE('',*,*,#12046,.F.) ;
#12049=ORIENTED_EDGE('',*,*,#12034,.F.) ;
#12050=ORIENTED_EDGE('',*,*,#11940,.F.) ;
#12051=ORIENTED_EDGE('',*,*,#12029,.T.) ;
#12079=ORIENTED_EDGE('',*,*,#12067,.T.) ;
#12080=ORIENTED_EDGE('',*,*,#12072,.F.) ;
#12081=ORIENTED_EDGE('',*,*,#11963,.F.) ;
#12082=ORIENTED_EDGE('',*,*,#12077,.F.) ;
#12091=ORIENTED_EDGE('',*,*,#11958,.T.) ;
#12092=ORIENTED_EDGE('',*,*,#12072,.T.) ;
#12093=ORIENTED_EDGE('',*,*,#12089,.F.) ;
#12094=ORIENTED_EDGE('',*,*,#12077,.T.) ;
#12113=ORIENTED_EDGE('',*,*,#11987,.T.) ;
#12114=ORIENTED_EDGE('',*,*,#12106,.F.) ;
#12115=ORIENTED_EDGE('',*,*,#12067,.F.) ;
#12116=ORIENTED_EDGE('',*,*,#12111,.T.) ;
#12120=ORIENTED_EDGE('',*,*,#12089,.T.) ;
#12121=ORIENTED_EDGE('',*,*,#12106,.T.) ;
#12122=ORIENTED_EDGE('',*,*,#11982,.F.) ;
#12123=ORIENTED_EDGE('',*,*,#12111,.F.) ;
#12151=ORIENTED_EDGE('',*,*,#12139,.T.) ;
#12152=ORIENTED_EDGE('',*,*,#12144,.F.) ;
#12153=ORIENTED_EDGE('',*,*,#12005,.F.) ;
#12154=ORIENTED_EDGE('',*,*,#12149,.T.) ;
#12163=ORIENTED_EDGE('',*,*,#12000,.T.) ;
#12164=ORIENTED_EDGE('',*,*,#12144,.T.) ;
#12165=ORIENTED_EDGE('',*,*,#12161,.F.) ;
#12166=ORIENTED_EDGE('',*,*,#12149,.F.) ;
#12194=ORIENTED_EDGE('',*,*,#12182,.T.) ;
#12195=ORIENTED_EDGE('',*,*,#12187,.T.) ;
#12196=ORIENTED_EDGE('',*,*,#12139,.F.) ;
#12197=ORIENTED_EDGE('',*,*,#12192,.T.) ;
#12206=ORIENTED_EDGE('',*,*,#12204,.T.) ;
#12207=ORIENTED_EDGE('',*,*,#12192,.F.) ;
#12208=ORIENTED_EDGE('',*,*,#12161,.T.) ;
#12209=ORIENTED_EDGE('',*,*,#12187,.F.) ;
#12246=ORIENTED_EDGE('',*,*,#12225,.T.) ;
#12247=ORIENTED_EDGE('',*,*,#12232,.F.) ;
#12248=ORIENTED_EDGE('',*,*,#12239,.T.) ;
#12249=ORIENTED_EDGE('',*,*,#12244,.T.) ;
#12277=ORIENTED_EDGE('',*,*,#12263,.T.) ;
#12278=ORIENTED_EDGE('',*,*,#12244,.F.) ;
#12279=ORIENTED_EDGE('',*,*,#12270,.T.) ;
#12280=ORIENTED_EDGE('',*,*,#12275,.T.) ;
#12308=ORIENTED_EDGE('',*,*,#12275,.F.) ;
#12309=ORIENTED_EDGE('',*,*,#12294,.F.) ;
#12310=ORIENTED_EDGE('',*,*,#12301,.T.) ;
#12311=ORIENTED_EDGE('',*,*,#12306,.T.) ;
#12339=ORIENTED_EDGE('',*,*,#12325,.T.) ;
#12340=ORIENTED_EDGE('',*,*,#12301,.F.) ;
#12341=ORIENTED_EDGE('',*,*,#12332,.T.) ;
#12342=ORIENTED_EDGE('',*,*,#12337,.T.) ;
#12370=ORIENTED_EDGE('',*,*,#12337,.F.) ;
#12371=ORIENTED_EDGE('',*,*,#12356,.F.) ;
#12372=ORIENTED_EDGE('',*,*,#12363,.F.) ;
#12373=ORIENTED_EDGE('',*,*,#12368,.T.) ;
#12401=ORIENTED_EDGE('',*,*,#12389,.F.) ;
#12402=ORIENTED_EDGE('',*,*,#12394,.F.) ;
#12403=ORIENTED_EDGE('',*,*,#12363,.T.) ;
#12404=ORIENTED_EDGE('',*,*,#12399,.F.) ;
#12432=ORIENTED_EDGE('',*,*,#12418,.T.) ;
#12433=ORIENTED_EDGE('',*,*,#12425,.F.) ;
#12434=ORIENTED_EDGE('',*,*,#12430,.T.) ;
#12435=ORIENTED_EDGE('',*,*,#12389,.T.) ;
#12463=ORIENTED_EDGE('',*,*,#12451,.F.) ;
#12464=ORIENTED_EDGE('',*,*,#12456,.F.) ;
#12465=ORIENTED_EDGE('',*,*,#12425,.T.) ;
#12466=ORIENTED_EDGE('',*,*,#12461,.F.) ;
#12494=ORIENTED_EDGE('',*,*,#12451,.T.) ;
#12495=ORIENTED_EDGE('',*,*,#12480,.F.) ;
#12496=ORIENTED_EDGE('',*,*,#12487,.T.) ;
#12497=ORIENTED_EDGE('',*,*,#12492,.T.) ;
#12525=ORIENTED_EDGE('',*,*,#12511,.T.) ;
#12526=ORIENTED_EDGE('',*,*,#12487,.F.) ;
#12527=ORIENTED_EDGE('',*,*,#12518,.T.) ;
#12528=ORIENTED_EDGE('',*,*,#12523,.T.) ;
#12551=ORIENTED_EDGE('',*,*,#12539,.T.) ;
#12552=ORIENTED_EDGE('',*,*,#12544,.T.) ;
#12553=ORIENTED_EDGE('',*,*,#12523,.F.) ;
#12554=ORIENTED_EDGE('',*,*,#12549,.F.) ;
#12582=ORIENTED_EDGE('',*,*,#12568,.T.) ;
#12583=ORIENTED_EDGE('',*,*,#12539,.F.) ;
#12584=ORIENTED_EDGE('',*,*,#12575,.T.) ;
#12585=ORIENTED_EDGE('',*,*,#12580,.T.) ;
#12613=ORIENTED_EDGE('',*,*,#12599,.T.) ;
#12614=ORIENTED_EDGE('',*,*,#12606,.T.) ;
#12615=ORIENTED_EDGE('',*,*,#12611,.T.) ;
#12616=ORIENTED_EDGE('',*,*,#12580,.F.) ;
#12644=ORIENTED_EDGE('',*,*,#12630,.T.) ;
#12645=ORIENTED_EDGE('',*,*,#12606,.F.) ;
#12646=ORIENTED_EDGE('',*,*,#12637,.T.) ;
#12647=ORIENTED_EDGE('',*,*,#12642,.T.) ;
#12675=ORIENTED_EDGE('',*,*,#12642,.F.) ;
#12676=ORIENTED_EDGE('',*,*,#12661,.F.) ;
#12677=ORIENTED_EDGE('',*,*,#12668,.T.) ;
#12678=ORIENTED_EDGE('',*,*,#12673,.T.) ;
#12706=ORIENTED_EDGE('',*,*,#12692,.T.) ;
#12707=ORIENTED_EDGE('',*,*,#12668,.F.) ;
#12708=ORIENTED_EDGE('',*,*,#12699,.T.) ;
#12709=ORIENTED_EDGE('',*,*,#12704,.T.) ;
#12732=ORIENTED_EDGE('',*,*,#12704,.F.) ;
#12733=ORIENTED_EDGE('',*,*,#12718,.F.) ;
#12734=ORIENTED_EDGE('',*,*,#12725,.F.) ;
#12735=ORIENTED_EDGE('',*,*,#12730,.T.) ;
#12763=ORIENTED_EDGE('',*,*,#12751,.F.) ;
#12764=ORIENTED_EDGE('',*,*,#12756,.F.) ;
#12765=ORIENTED_EDGE('',*,*,#12725,.T.) ;
#12766=ORIENTED_EDGE('',*,*,#12761,.F.) ;
#12794=ORIENTED_EDGE('',*,*,#12751,.T.) ;
#12795=ORIENTED_EDGE('',*,*,#12780,.F.) ;
#12796=ORIENTED_EDGE('',*,*,#12787,.F.) ;
#12797=ORIENTED_EDGE('',*,*,#12792,.T.) ;
#12825=ORIENTED_EDGE('',*,*,#12813,.F.) ;
#12826=ORIENTED_EDGE('',*,*,#12818,.F.) ;
#12827=ORIENTED_EDGE('',*,*,#12787,.T.) ;
#12828=ORIENTED_EDGE('',*,*,#12823,.F.) ;
#12851=ORIENTED_EDGE('',*,*,#12813,.T.) ;
#12852=ORIENTED_EDGE('',*,*,#12837,.F.) ;
#12853=ORIENTED_EDGE('',*,*,#12844,.T.) ;
#12854=ORIENTED_EDGE('',*,*,#12849,.T.) ;
#12882=ORIENTED_EDGE('',*,*,#12868,.T.) ;
#12883=ORIENTED_EDGE('',*,*,#12844,.F.) ;
#12884=ORIENTED_EDGE('',*,*,#12875,.T.) ;
#12885=ORIENTED_EDGE('',*,*,#12880,.T.) ;
#12913=ORIENTED_EDGE('',*,*,#12899,.T.) ;
#12914=ORIENTED_EDGE('',*,*,#12906,.F.) ;
#12915=ORIENTED_EDGE('',*,*,#12911,.T.) ;
#12916=ORIENTED_EDGE('',*,*,#12232,.T.) ;
#12930=ORIENTED_EDGE('',*,*,#12906,.T.) ;
#12931=ORIENTED_EDGE('',*,*,#12923,.T.) ;
#12932=ORIENTED_EDGE('',*,*,#12880,.F.) ;
#12933=ORIENTED_EDGE('',*,*,#12928,.F.) ;
#12942=ORIENTED_EDGE('',*,*,#12568,.F.) ;
#12943=ORIENTED_EDGE('',*,*,#12611,.F.) ;
#12944=ORIENTED_EDGE('',*,*,#12630,.F.) ;
#12945=ORIENTED_EDGE('',*,*,#12673,.F.) ;
#12946=ORIENTED_EDGE('',*,*,#12692,.F.) ;
#12947=ORIENTED_EDGE('',*,*,#12730,.F.) ;
#12948=ORIENTED_EDGE('',*,*,#12756,.T.) ;
#12949=ORIENTED_EDGE('',*,*,#12792,.F.) ;
#12950=ORIENTED_EDGE('',*,*,#12818,.T.) ;
#12951=ORIENTED_EDGE('',*,*,#12849,.F.) ;
#12952=ORIENTED_EDGE('',*,*,#12868,.F.) ;
#12953=ORIENTED_EDGE('',*,*,#12923,.F.) ;
#12954=ORIENTED_EDGE('',*,*,#12899,.F.) ;
#12955=ORIENTED_EDGE('',*,*,#12225,.F.) ;
#12956=ORIENTED_EDGE('',*,*,#12263,.F.) ;
#12957=ORIENTED_EDGE('',*,*,#12306,.F.) ;
#12958=ORIENTED_EDGE('',*,*,#12325,.F.) ;
#12959=ORIENTED_EDGE('',*,*,#12368,.F.) ;
#12960=ORIENTED_EDGE('',*,*,#12394,.T.) ;
#12961=ORIENTED_EDGE('',*,*,#12430,.F.) ;
#12962=ORIENTED_EDGE('',*,*,#12456,.T.) ;
#12963=ORIENTED_EDGE('',*,*,#12492,.F.) ;
#12964=ORIENTED_EDGE('',*,*,#12511,.F.) ;
#12965=ORIENTED_EDGE('',*,*,#12544,.F.) ;
#12968=ORIENTED_EDGE('',*,*,#12024,.T.) ;
#12969=ORIENTED_EDGE('',*,*,#12046,.T.) ;
#12997=ORIENTED_EDGE('',*,*,#12983,.F.) ;
#12998=ORIENTED_EDGE('',*,*,#12990,.T.) ;
#12999=ORIENTED_EDGE('',*,*,#12995,.T.) ;
#13000=ORIENTED_EDGE('',*,*,#11696,.F.) ;
#13021=ORIENTED_EDGE('',*,*,#13014,.F.) ;
#13022=ORIENTED_EDGE('',*,*,#13019,.F.) ;
#13023=ORIENTED_EDGE('',*,*,#12983,.T.) ;
#13024=ORIENTED_EDGE('',*,*,#11743,.F.) ;
#13045=ORIENTED_EDGE('',*,*,#11738,.F.) ;
#13046=ORIENTED_EDGE('',*,*,#13038,.F.) ;
#13047=ORIENTED_EDGE('',*,*,#13043,.T.) ;
#13048=ORIENTED_EDGE('',*,*,#13014,.T.) ;
#13069=ORIENTED_EDGE('',*,*,#12995,.F.) ;
#13070=ORIENTED_EDGE('',*,*,#13062,.F.) ;
#13071=ORIENTED_EDGE('',*,*,#13067,.T.) ;
#13072=ORIENTED_EDGE('',*,*,#11703,.F.) ;
#13093=ORIENTED_EDGE('',*,*,#13086,.T.) ;
#13094=ORIENTED_EDGE('',*,*,#13091,.T.) ;
#13095=ORIENTED_EDGE('',*,*,#11710,.F.) ;
#13096=ORIENTED_EDGE('',*,*,#13067,.F.) ;
#13117=ORIENTED_EDGE('',*,*,#13110,.F.) ;
#13118=ORIENTED_EDGE('',*,*,#13115,.F.) ;
#13119=ORIENTED_EDGE('',*,*,#13038,.T.) ;
#13120=ORIENTED_EDGE('',*,*,#11731,.F.) ;
#13141=ORIENTED_EDGE('',*,*,#13091,.F.) ;
#13142=ORIENTED_EDGE('',*,*,#13134,.F.) ;
#13143=ORIENTED_EDGE('',*,*,#13139,.T.) ;
#13144=ORIENTED_EDGE('',*,*,#11717,.F.) ;
#13158=ORIENTED_EDGE('',*,*,#13139,.F.) ;
#13159=ORIENTED_EDGE('',*,*,#13156,.T.) ;
#13160=ORIENTED_EDGE('',*,*,#13110,.T.) ;
#13161=ORIENTED_EDGE('',*,*,#11724,.F.) ;
#13198=ORIENTED_EDGE('',*,*,#13177,.T.) ;
#13199=ORIENTED_EDGE('',*,*,#13184,.T.) ;
#13200=ORIENTED_EDGE('',*,*,#13191,.F.) ;
#13201=ORIENTED_EDGE('',*,*,#13196,.F.) ;
#13215=ORIENTED_EDGE('',*,*,#13208,.T.) ;
#13216=ORIENTED_EDGE('',*,*,#13196,.T.) ;
#13217=ORIENTED_EDGE('',*,*,#13213,.F.) ;
#13218=ORIENTED_EDGE('',*,*,#13184,.F.) ;
#13227=ORIENTED_EDGE('',*,*,#13191,.T.) ;
#13228=ORIENTED_EDGE('',*,*,#13213,.T.) ;
#13231=ORIENTED_EDGE('',*,*,#12204,.F.) ;
#13232=ORIENTED_EDGE('',*,*,#12182,.F.) ;
#13255=ORIENTED_EDGE('',*,*,#13243,.F.) ;
#13256=ORIENTED_EDGE('',*,*,#13248,.F.) ;
#13257=ORIENTED_EDGE('',*,*,#11371,.T.) ;
#13258=ORIENTED_EDGE('',*,*,#13253,.F.) ;
#13279=ORIENTED_EDGE('',*,*,#13272,.T.) ;
#13280=ORIENTED_EDGE('',*,*,#13277,.F.) ;
#13281=ORIENTED_EDGE('',*,*,#11378,.T.) ;
#13282=ORIENTED_EDGE('',*,*,#13248,.T.) ;
#13298=ORIENTED_EDGE('',*,*,#13291,.F.) ;
#13299=ORIENTED_EDGE('',*,*,#11385,.T.) ;
#13300=ORIENTED_EDGE('',*,*,#13277,.T.) ;
#13301=ORIENTED_EDGE('',*,*,#13296,.F.) ;
#13322=ORIENTED_EDGE('',*,*,#13315,.T.) ;
#13323=ORIENTED_EDGE('',*,*,#13320,.F.) ;
#13324=ORIENTED_EDGE('',*,*,#11392,.T.) ;
#13325=ORIENTED_EDGE('',*,*,#13291,.T.) ;
#13341=ORIENTED_EDGE('',*,*,#11397,.T.) ;
#13342=ORIENTED_EDGE('',*,*,#13320,.T.) ;
#13343=ORIENTED_EDGE('',*,*,#13334,.F.) ;
#13344=ORIENTED_EDGE('',*,*,#13339,.T.) ;
#13365=ORIENTED_EDGE('',*,*,#13339,.F.) ;
#13366=ORIENTED_EDGE('',*,*,#13358,.F.) ;
#13367=ORIENTED_EDGE('',*,*,#13363,.T.) ;
#13368=ORIENTED_EDGE('',*,*,#11238,.F.) ;
#13384=ORIENTED_EDGE('',*,*,#13377,.F.) ;
#13385=ORIENTED_EDGE('',*,*,#13382,.T.) ;
#13386=ORIENTED_EDGE('',*,*,#11245,.T.) ;
#13387=ORIENTED_EDGE('',*,*,#13363,.F.) ;
#13408=ORIENTED_EDGE('',*,*,#13382,.F.) ;
#13409=ORIENTED_EDGE('',*,*,#13401,.F.) ;
#13410=ORIENTED_EDGE('',*,*,#13406,.T.) ;
#13411=ORIENTED_EDGE('',*,*,#11252,.F.) ;
#13427=ORIENTED_EDGE('',*,*,#13406,.F.) ;
#13428=ORIENTED_EDGE('',*,*,#13420,.F.) ;
#13429=ORIENTED_EDGE('',*,*,#13425,.T.) ;
#13430=ORIENTED_EDGE('',*,*,#11259,.T.) ;
#13451=ORIENTED_EDGE('',*,*,#13425,.F.) ;
#13452=ORIENTED_EDGE('',*,*,#13444,.F.) ;
#13453=ORIENTED_EDGE('',*,*,#13449,.T.) ;
#13454=ORIENTED_EDGE('',*,*,#11266,.F.) ;
#13470=ORIENTED_EDGE('',*,*,#11273,.T.) ;
#13471=ORIENTED_EDGE('',*,*,#13449,.F.) ;
#13472=ORIENTED_EDGE('',*,*,#13463,.F.) ;
#13473=ORIENTED_EDGE('',*,*,#13468,.T.) ;
#13494=ORIENTED_EDGE('',*,*,#13468,.F.) ;
#13495=ORIENTED_EDGE('',*,*,#13487,.F.) ;
#13496=ORIENTED_EDGE('',*,*,#13492,.T.) ;
#13497=ORIENTED_EDGE('',*,*,#11280,.F.) ;
#13513=ORIENTED_EDGE('',*,*,#13506,.F.) ;
#13514=ORIENTED_EDGE('',*,*,#13511,.F.) ;
#13515=ORIENTED_EDGE('',*,*,#11287,.T.) ;
#13516=ORIENTED_EDGE('',*,*,#13492,.F.) ;
#13537=ORIENTED_EDGE('',*,*,#13530,.T.) ;
#13538=ORIENTED_EDGE('',*,*,#13535,.F.) ;
#13539=ORIENTED_EDGE('',*,*,#11294,.T.) ;
#13540=ORIENTED_EDGE('',*,*,#13511,.T.) ;
#13556=ORIENTED_EDGE('',*,*,#11301,.T.) ;
#13557=ORIENTED_EDGE('',*,*,#13535,.T.) ;
#13558=ORIENTED_EDGE('',*,*,#13549,.F.) ;
#13559=ORIENTED_EDGE('',*,*,#13554,.F.) ;
#13580=ORIENTED_EDGE('',*,*,#13573,.F.) ;
#13581=ORIENTED_EDGE('',*,*,#13578,.F.) ;
#13582=ORIENTED_EDGE('',*,*,#13253,.T.) ;
#13583=ORIENTED_EDGE('',*,*,#11364,.F.) ;
#13599=ORIENTED_EDGE('',*,*,#11357,.T.) ;
#13600=ORIENTED_EDGE('',*,*,#13592,.F.) ;
#13601=ORIENTED_EDGE('',*,*,#13597,.F.) ;
#13602=ORIENTED_EDGE('',*,*,#13573,.T.) ;
#13658=ORIENTED_EDGE('',*,*,#13334,.T.) ;
#13659=ORIENTED_EDGE('',*,*,#13315,.F.) ;
#13660=ORIENTED_EDGE('',*,*,#13296,.T.) ;
#13661=ORIENTED_EDGE('',*,*,#13272,.F.) ;
#13662=ORIENTED_EDGE('',*,*,#13243,.T.) ;
#13663=ORIENTED_EDGE('',*,*,#13578,.T.) ;
#13664=ORIENTED_EDGE('',*,*,#13597,.T.) ;
#13665=ORIENTED_EDGE('',*,*,#13616,.T.) ;
#13666=ORIENTED_EDGE('',*,*,#13623,.T.) ;
#13667=ORIENTED_EDGE('',*,*,#13630,.T.) ;
#13668=ORIENTED_EDGE('',*,*,#13637,.T.) ;
#13669=ORIENTED_EDGE('',*,*,#13644,.T.) ;
#13670=ORIENTED_EDGE('',*,*,#13651,.T.) ;
#13671=ORIENTED_EDGE('',*,*,#13656,.F.) ;
#13672=ORIENTED_EDGE('',*,*,#13549,.T.) ;
#13673=ORIENTED_EDGE('',*,*,#13530,.F.) ;
#13674=ORIENTED_EDGE('',*,*,#13506,.T.) ;
#13675=ORIENTED_EDGE('',*,*,#13487,.T.) ;
#13676=ORIENTED_EDGE('',*,*,#13463,.T.) ;
#13677=ORIENTED_EDGE('',*,*,#13444,.T.) ;
#13678=ORIENTED_EDGE('',*,*,#13420,.T.) ;
#13679=ORIENTED_EDGE('',*,*,#13401,.T.) ;
#13680=ORIENTED_EDGE('',*,*,#13377,.T.) ;
#13681=ORIENTED_EDGE('',*,*,#13358,.T.) ;
#13684=ORIENTED_EDGE('',*,*,#13208,.F.) ;
#13685=ORIENTED_EDGE('',*,*,#13177,.F.) ;
#13699=ORIENTED_EDGE('',*,*,#13656,.T.) ;
#13700=ORIENTED_EDGE('',*,*,#13697,.F.) ;
#13701=ORIENTED_EDGE('',*,*,#11308,.T.) ;
#13702=ORIENTED_EDGE('',*,*,#13554,.T.) ;
#13711=ORIENTED_EDGE('',*,*,#11315,.T.) ;
#13712=ORIENTED_EDGE('',*,*,#13697,.T.) ;
#13713=ORIENTED_EDGE('',*,*,#13651,.F.) ;
#13714=ORIENTED_EDGE('',*,*,#13709,.T.) ;
#13728=ORIENTED_EDGE('',*,*,#13726,.F.) ;
#13729=ORIENTED_EDGE('',*,*,#13616,.F.) ;
#13730=ORIENTED_EDGE('',*,*,#13592,.T.) ;
#13731=ORIENTED_EDGE('',*,*,#11350,.F.) ;
#13740=ORIENTED_EDGE('',*,*,#13726,.T.) ;
#13741=ORIENTED_EDGE('',*,*,#11343,.T.) ;
#13742=ORIENTED_EDGE('',*,*,#13738,.F.) ;
#13743=ORIENTED_EDGE('',*,*,#13623,.F.) ;
#13757=ORIENTED_EDGE('',*,*,#13755,.F.) ;
#13758=ORIENTED_EDGE('',*,*,#13630,.F.) ;
#13759=ORIENTED_EDGE('',*,*,#13738,.T.) ;
#13760=ORIENTED_EDGE('',*,*,#11336,.F.) ;
#13774=ORIENTED_EDGE('',*,*,#13709,.F.) ;
#13775=ORIENTED_EDGE('',*,*,#13644,.F.) ;
#13776=ORIENTED_EDGE('',*,*,#13772,.T.) ;
#13777=ORIENTED_EDGE('',*,*,#11322,.F.) ;
#13781=ORIENTED_EDGE('',*,*,#13637,.F.) ;
#13782=ORIENTED_EDGE('',*,*,#13755,.T.) ;
#13783=ORIENTED_EDGE('',*,*,#11329,.T.) ;
#13784=ORIENTED_EDGE('',*,*,#13772,.F.) ;
#13793=ORIENTED_EDGE('',*,*,#13019,.T.) ;
#13794=ORIENTED_EDGE('',*,*,#13043,.F.) ;
#13795=ORIENTED_EDGE('',*,*,#13115,.T.) ;
#13796=ORIENTED_EDGE('',*,*,#13156,.F.) ;
#13797=ORIENTED_EDGE('',*,*,#13134,.T.) ;
#13798=ORIENTED_EDGE('',*,*,#13086,.F.) ;
#13799=ORIENTED_EDGE('',*,*,#13062,.T.) ;
#13800=ORIENTED_EDGE('',*,*,#12990,.F.) ;
#13803=ORIENTED_EDGE('',*,*,#12549,.T.) ;
#13804=ORIENTED_EDGE('',*,*,#12518,.F.) ;
#13805=ORIENTED_EDGE('',*,*,#12480,.T.) ;
#13806=ORIENTED_EDGE('',*,*,#12461,.T.) ;
#13807=ORIENTED_EDGE('',*,*,#12418,.F.) ;
#13808=ORIENTED_EDGE('',*,*,#12399,.T.) ;
#13809=ORIENTED_EDGE('',*,*,#12356,.T.) ;
#13810=ORIENTED_EDGE('',*,*,#12332,.F.) ;
#13811=ORIENTED_EDGE('',*,*,#12294,.T.) ;
#13812=ORIENTED_EDGE('',*,*,#12270,.F.) ;
#13813=ORIENTED_EDGE('',*,*,#12239,.F.) ;
#13814=ORIENTED_EDGE('',*,*,#12911,.F.) ;
#13815=ORIENTED_EDGE('',*,*,#12928,.T.) ;
#13816=ORIENTED_EDGE('',*,*,#12875,.F.) ;
#13817=ORIENTED_EDGE('',*,*,#12837,.T.) ;
#13818=ORIENTED_EDGE('',*,*,#12823,.T.) ;
#13819=ORIENTED_EDGE('',*,*,#12780,.T.) ;
#13820=ORIENTED_EDGE('',*,*,#12761,.T.) ;
#13821=ORIENTED_EDGE('',*,*,#12718,.T.) ;
#13822=ORIENTED_EDGE('',*,*,#12699,.F.) ;
#13823=ORIENTED_EDGE('',*,*,#12661,.T.) ;
#13824=ORIENTED_EDGE('',*,*,#12637,.F.) ;
#13825=ORIENTED_EDGE('',*,*,#12599,.F.) ;
#13826=ORIENTED_EDGE('',*,*,#12575,.F.) ;
#13854=ORIENTED_EDGE('',*,*,#13840,.F.) ;
#13855=ORIENTED_EDGE('',*,*,#13847,.T.) ;
#13856=ORIENTED_EDGE('',*,*,#13852,.T.) ;
#13857=ORIENTED_EDGE('',*,*,#11767,.F.) ;
#13866=ORIENTED_EDGE('',*,*,#13852,.F.) ;
#13867=ORIENTED_EDGE('',*,*,#13864,.T.) ;
#13868=ORIENTED_EDGE('',*,*,#13840,.T.) ;
#13869=ORIENTED_EDGE('',*,*,#11762,.F.) ;
#13878=ORIENTED_EDGE('',*,*,#13864,.F.) ;
#13879=ORIENTED_EDGE('',*,*,#13847,.F.) ;
#13907=ORIENTED_EDGE('',*,*,#13893,.F.) ;
#13908=ORIENTED_EDGE('',*,*,#13900,.T.) ;
#13909=ORIENTED_EDGE('',*,*,#13905,.T.) ;
#13910=ORIENTED_EDGE('',*,*,#11785,.F.) ;
#13919=ORIENTED_EDGE('',*,*,#13905,.F.) ;
#13920=ORIENTED_EDGE('',*,*,#13917,.T.) ;
#13921=ORIENTED_EDGE('',*,*,#13893,.T.) ;
#13922=ORIENTED_EDGE('',*,*,#11780,.F.) ;
#13926=ORIENTED_EDGE('',*,*,#13917,.F.) ;
#13927=ORIENTED_EDGE('',*,*,#13900,.F.) ;
#14087=ORIENTED_EDGE('',*,*,#13982,.F.) ;
#14088=ORIENTED_EDGE('',*,*,#13989,.F.) ;
#14089=ORIENTED_EDGE('',*,*,#13996,.T.) ;
#14090=ORIENTED_EDGE('',*,*,#14003,.T.) ;
#14091=ORIENTED_EDGE('',*,*,#14010,.T.) ;
#14092=ORIENTED_EDGE('',*,*,#14017,.F.) ;
#14093=ORIENTED_EDGE('',*,*,#14024,.F.) ;
#14094=ORIENTED_EDGE('',*,*,#14031,.F.) ;
#14095=ORIENTED_EDGE('',*,*,#14038,.F.) ;
#14096=ORIENTED_EDGE('',*,*,#14045,.F.) ;
#14097=ORIENTED_EDGE('',*,*,#14052,.T.) ;
#14098=ORIENTED_EDGE('',*,*,#14059,.T.) ;
#14099=ORIENTED_EDGE('',*,*,#14066,.T.) ;
#14100=ORIENTED_EDGE('',*,*,#14073,.F.) ;
#14101=ORIENTED_EDGE('',*,*,#14080,.F.) ;
#14102=ORIENTED_EDGE('',*,*,#14085,.F.) ;
#14119=ORIENTED_EDGE('',*,*,#14112,.F.) ;
#14120=ORIENTED_EDGE('',*,*,#14117,.F.) ;
#14185=ORIENTED_EDGE('',*,*,#14136,.F.) ;
#14186=ORIENTED_EDGE('',*,*,#14143,.F.) ;
#14187=ORIENTED_EDGE('',*,*,#14150,.T.) ;
#14188=ORIENTED_EDGE('',*,*,#14157,.F.) ;
#14189=ORIENTED_EDGE('',*,*,#14164,.F.) ;
#14190=ORIENTED_EDGE('',*,*,#14171,.F.) ;
#14191=ORIENTED_EDGE('',*,*,#14178,.T.) ;
#14192=ORIENTED_EDGE('',*,*,#14183,.F.) ;
#14251=ORIENTED_EDGE('',*,*,#14202,.T.) ;
#14252=ORIENTED_EDGE('',*,*,#14209,.T.) ;
#14253=ORIENTED_EDGE('',*,*,#14216,.T.) ;
#14254=ORIENTED_EDGE('',*,*,#14223,.F.) ;
#14255=ORIENTED_EDGE('',*,*,#14230,.T.) ;
#14256=ORIENTED_EDGE('',*,*,#14237,.F.) ;
#14257=ORIENTED_EDGE('',*,*,#14244,.T.) ;
#14258=ORIENTED_EDGE('',*,*,#14249,.F.) ;
#14277=ORIENTED_EDGE('',*,*,#14270,.T.) ;
#14278=ORIENTED_EDGE('',*,*,#14164,.T.) ;
#14279=ORIENTED_EDGE('',*,*,#14275,.F.) ;
#14280=ORIENTED_EDGE('',*,*,#14031,.T.) ;
#14294=ORIENTED_EDGE('',*,*,#14157,.T.) ;
#14295=ORIENTED_EDGE('',*,*,#14292,.F.) ;
#14296=ORIENTED_EDGE('',*,*,#14038,.T.) ;
#14297=ORIENTED_EDGE('',*,*,#14275,.T.) ;
#14311=ORIENTED_EDGE('',*,*,#14171,.T.) ;
#14312=ORIENTED_EDGE('',*,*,#14270,.F.) ;
#14313=ORIENTED_EDGE('',*,*,#14024,.T.) ;
#14314=ORIENTED_EDGE('',*,*,#14309,.T.) ;
#14347=ORIENTED_EDGE('',*,*,#14150,.F.) ;
#14348=ORIENTED_EDGE('',*,*,#14326,.F.) ;
#14349=ORIENTED_EDGE('',*,*,#14073,.T.) ;
#14350=ORIENTED_EDGE('',*,*,#14333,.T.) ;
#14351=ORIENTED_EDGE('',*,*,#14340,.T.) ;
#14352=ORIENTED_EDGE('',*,*,#14345,.F.) ;
#14353=ORIENTED_EDGE('',*,*,#14045,.T.) ;
#14354=ORIENTED_EDGE('',*,*,#14292,.T.) ;
#14368=ORIENTED_EDGE('',*,*,#14143,.T.) ;
#14369=ORIENTED_EDGE('',*,*,#14366,.F.) ;
#14370=ORIENTED_EDGE('',*,*,#14080,.T.) ;
#14371=ORIENTED_EDGE('',*,*,#14326,.T.) ;
#14385=ORIENTED_EDGE('',*,*,#14383,.F.) ;
#14386=ORIENTED_EDGE('',*,*,#14085,.T.) ;
#14387=ORIENTED_EDGE('',*,*,#14366,.T.) ;
#14388=ORIENTED_EDGE('',*,*,#14136,.T.) ;
#14402=ORIENTED_EDGE('',*,*,#14183,.T.) ;
#14403=ORIENTED_EDGE('',*,*,#14400,.F.) ;
#14404=ORIENTED_EDGE('',*,*,#13982,.T.) ;
#14405=ORIENTED_EDGE('',*,*,#14383,.T.) ;
#14433=ORIENTED_EDGE('',*,*,#14178,.F.) ;
#14434=ORIENTED_EDGE('',*,*,#14309,.F.) ;
#14435=ORIENTED_EDGE('',*,*,#14017,.T.) ;
#14436=ORIENTED_EDGE('',*,*,#14419,.T.) ;
#14437=ORIENTED_EDGE('',*,*,#14426,.T.) ;
#14438=ORIENTED_EDGE('',*,*,#14431,.F.) ;
#14439=ORIENTED_EDGE('',*,*,#13989,.T.) ;
#14440=ORIENTED_EDGE('',*,*,#14400,.T.) ;
#14468=ORIENTED_EDGE('',*,*,#14456,.T.) ;
#14469=ORIENTED_EDGE('',*,*,#14461,.F.) ;
#14470=ORIENTED_EDGE('',*,*,#14059,.F.) ;
#14471=ORIENTED_EDGE('',*,*,#14466,.T.) ;
#14485=ORIENTED_EDGE('',*,*,#14483,.T.) ;
#14486=ORIENTED_EDGE('',*,*,#14333,.F.) ;
#14487=ORIENTED_EDGE('',*,*,#14066,.F.) ;
#14488=ORIENTED_EDGE('',*,*,#14461,.T.) ;
#14502=ORIENTED_EDGE('',*,*,#14500,.T.) ;
#14503=ORIENTED_EDGE('',*,*,#14466,.F.) ;
#14504=ORIENTED_EDGE('',*,*,#14052,.F.) ;
#14505=ORIENTED_EDGE('',*,*,#14345,.T.) ;
#14514=ORIENTED_EDGE('',*,*,#14500,.F.) ;
#14515=ORIENTED_EDGE('',*,*,#14340,.F.) ;
#14516=ORIENTED_EDGE('',*,*,#14483,.F.) ;
#14517=ORIENTED_EDGE('',*,*,#14456,.F.) ;
#14533=ORIENTED_EDGE('',*,*,#14526,.T.) ;
#14534=ORIENTED_EDGE('',*,*,#14419,.F.) ;
#14535=ORIENTED_EDGE('',*,*,#14010,.F.) ;
#14536=ORIENTED_EDGE('',*,*,#14531,.T.) ;
#14552=ORIENTED_EDGE('',*,*,#14545,.T.) ;
#14553=ORIENTED_EDGE('',*,*,#14550,.F.) ;
#14554=ORIENTED_EDGE('',*,*,#13996,.F.) ;
#14555=ORIENTED_EDGE('',*,*,#14431,.T.) ;
#14569=ORIENTED_EDGE('',*,*,#14567,.T.) ;
#14570=ORIENTED_EDGE('',*,*,#14531,.F.) ;
#14571=ORIENTED_EDGE('',*,*,#14003,.F.) ;
#14572=ORIENTED_EDGE('',*,*,#14550,.T.) ;
#14576=ORIENTED_EDGE('',*,*,#14567,.F.) ;
#14577=ORIENTED_EDGE('',*,*,#14545,.F.) ;
#14578=ORIENTED_EDGE('',*,*,#14426,.F.) ;
#14579=ORIENTED_EDGE('',*,*,#14526,.F.) ;
#14602=ORIENTED_EDGE('',*,*,#14595,.T.) ;
#14603=ORIENTED_EDGE('',*,*,#14600,.T.) ;
#14659=ORIENTED_EDGE('',*,*,#14619,.F.) ;
#14660=ORIENTED_EDGE('',*,*,#14626,.F.) ;
#14661=ORIENTED_EDGE('',*,*,#14633,.T.) ;
#14662=ORIENTED_EDGE('',*,*,#14640,.T.) ;
#14663=ORIENTED_EDGE('',*,*,#14647,.F.) ;
#14664=ORIENTED_EDGE('',*,*,#14652,.T.) ;
#14665=ORIENTED_EDGE('',*,*,#14209,.F.) ;
#14666=ORIENTED_EDGE('',*,*,#14657,.F.) ;
#14687=ORIENTED_EDGE('',*,*,#14680,.F.) ;
#14688=ORIENTED_EDGE('',*,*,#14685,.F.) ;
#14689=ORIENTED_EDGE('',*,*,#14657,.T.) ;
#14690=ORIENTED_EDGE('',*,*,#14202,.F.) ;
#14711=ORIENTED_EDGE('',*,*,#14652,.F.) ;
#14712=ORIENTED_EDGE('',*,*,#14704,.F.) ;
#14713=ORIENTED_EDGE('',*,*,#14709,.T.) ;
#14714=ORIENTED_EDGE('',*,*,#14216,.F.) ;
#14735=ORIENTED_EDGE('',*,*,#14249,.T.) ;
#14736=ORIENTED_EDGE('',*,*,#14728,.F.) ;
#14737=ORIENTED_EDGE('',*,*,#14733,.F.) ;
#14738=ORIENTED_EDGE('',*,*,#14680,.T.) ;
#14759=ORIENTED_EDGE('',*,*,#14752,.F.) ;
#14760=ORIENTED_EDGE('',*,*,#14757,.F.) ;
#14761=ORIENTED_EDGE('',*,*,#14728,.T.) ;
#14762=ORIENTED_EDGE('',*,*,#14244,.F.) ;
#14783=ORIENTED_EDGE('',*,*,#14776,.F.) ;
#14784=ORIENTED_EDGE('',*,*,#14781,.T.) ;
#14785=ORIENTED_EDGE('',*,*,#14223,.T.) ;
#14786=ORIENTED_EDGE('',*,*,#14709,.F.) ;
#14807=ORIENTED_EDGE('',*,*,#14781,.F.) ;
#14808=ORIENTED_EDGE('',*,*,#14800,.F.) ;
#14809=ORIENTED_EDGE('',*,*,#14805,.T.) ;
#14810=ORIENTED_EDGE('',*,*,#14230,.F.) ;
#14829=ORIENTED_EDGE('',*,*,#14626,.T.) ;
#14830=ORIENTED_EDGE('',*,*,#14822,.T.) ;
#14831=ORIENTED_EDGE('',*,*,#14640,.F.) ;
#14832=ORIENTED_EDGE('',*,*,#14827,.T.) ;
#14860=ORIENTED_EDGE('',*,*,#14733,.T.) ;
#14861=ORIENTED_EDGE('',*,*,#14757,.T.) ;
#14862=ORIENTED_EDGE('',*,*,#14846,.T.) ;
#14863=ORIENTED_EDGE('',*,*,#14853,.F.) ;
#14864=ORIENTED_EDGE('',*,*,#14858,.T.) ;
#14865=ORIENTED_EDGE('',*,*,#14800,.T.) ;
#14866=ORIENTED_EDGE('',*,*,#14776,.T.) ;
#14867=ORIENTED_EDGE('',*,*,#14704,.T.) ;
#14868=ORIENTED_EDGE('',*,*,#14647,.T.) ;
#14869=ORIENTED_EDGE('',*,*,#14822,.F.) ;
#14870=ORIENTED_EDGE('',*,*,#14619,.T.) ;
#14871=ORIENTED_EDGE('',*,*,#14685,.T.) ;
#14888=ORIENTED_EDGE('',*,*,#14881,.F.) ;
#14889=ORIENTED_EDGE('',*,*,#14886,.F.) ;
#14908=ORIENTED_EDGE('',*,*,#14901,.T.) ;
#14909=ORIENTED_EDGE('',*,*,#14853,.T.) ;
#14910=ORIENTED_EDGE('',*,*,#14906,.F.) ;
#14911=ORIENTED_EDGE('',*,*,#14600,.F.) ;
#14920=ORIENTED_EDGE('',*,*,#14858,.F.) ;
#14921=ORIENTED_EDGE('',*,*,#14901,.F.) ;
#14922=ORIENTED_EDGE('',*,*,#14595,.F.) ;
#14923=ORIENTED_EDGE('',*,*,#14906,.T.) ;
#14924=ORIENTED_EDGE('',*,*,#14846,.F.) ;
#14925=ORIENTED_EDGE('',*,*,#14752,.T.) ;
#14926=ORIENTED_EDGE('',*,*,#14237,.T.) ;
#14927=ORIENTED_EDGE('',*,*,#14805,.F.) ;
#14931=ORIENTED_EDGE('',*,*,#14827,.F.) ;
#14932=ORIENTED_EDGE('',*,*,#14633,.F.) ;
#14960=ORIENTED_EDGE('',*,*,#14948,.T.) ;
#14961=ORIENTED_EDGE('',*,*,#14953,.T.) ;
#14962=ORIENTED_EDGE('',*,*,#14881,.T.) ;
#14963=ORIENTED_EDGE('',*,*,#14958,.F.) ;
#14972=ORIENTED_EDGE('',*,*,#14970,.T.) ;
#14973=ORIENTED_EDGE('',*,*,#14958,.T.) ;
#14974=ORIENTED_EDGE('',*,*,#14886,.T.) ;
#14975=ORIENTED_EDGE('',*,*,#14953,.F.) ;
#14994=ORIENTED_EDGE('',*,*,#14117,.T.) ;
#14995=ORIENTED_EDGE('',*,*,#14987,.T.) ;
#14996=ORIENTED_EDGE('',*,*,#14970,.F.) ;
#14997=ORIENTED_EDGE('',*,*,#14992,.F.) ;
#15006=ORIENTED_EDGE('',*,*,#14112,.T.) ;
#15007=ORIENTED_EDGE('',*,*,#14992,.T.) ;
#15008=ORIENTED_EDGE('',*,*,#14948,.F.) ;
#15009=ORIENTED_EDGE('',*,*,#14987,.F.) ;
#15072=ORIENTED_EDGE('',*,*,#15051,.T.) ;
#15073=ORIENTED_EDGE('',*,*,#15058,.T.) ;
#15074=ORIENTED_EDGE('',*,*,#15065,.F.) ;
#15075=ORIENTED_EDGE('',*,*,#15070,.F.) ;
#15103=ORIENTED_EDGE('',*,*,#15089,.T.) ;
#15104=ORIENTED_EDGE('',*,*,#15096,.F.) ;
#15105=ORIENTED_EDGE('',*,*,#15101,.T.) ;
#15106=ORIENTED_EDGE('',*,*,#15065,.T.) ;
#15134=ORIENTED_EDGE('',*,*,#15120,.T.) ;
#15135=ORIENTED_EDGE('',*,*,#15051,.F.) ;
#15136=ORIENTED_EDGE('',*,*,#15127,.T.) ;
#15137=ORIENTED_EDGE('',*,*,#15132,.T.) ;
#15188=ORIENTED_EDGE('',*,*,#15153,.F.) ;
#15189=ORIENTED_EDGE('',*,*,#15160,.F.) ;
#15190=ORIENTED_EDGE('',*,*,#15167,.F.) ;
#15191=ORIENTED_EDGE('',*,*,#15174,.F.) ;
#15192=ORIENTED_EDGE('',*,*,#15181,.F.) ;
#15193=ORIENTED_EDGE('',*,*,#15186,.F.) ;
#15240=ORIENTED_EDGE('',*,*,#15167,.T.) ;
#15241=ORIENTED_EDGE('',*,*,#15207,.T.) ;
#15242=ORIENTED_EDGE('',*,*,#15214,.F.) ;
#15243=ORIENTED_EDGE('',*,*,#15221,.F.) ;
#15244=ORIENTED_EDGE('',*,*,#15228,.F.) ;
#15245=ORIENTED_EDGE('',*,*,#15233,.F.) ;
#15246=ORIENTED_EDGE('',*,*,#15089,.F.) ;
#15247=ORIENTED_EDGE('',*,*,#15058,.F.) ;
#15248=ORIENTED_EDGE('',*,*,#15120,.F.) ;
#15249=ORIENTED_EDGE('',*,*,#15238,.T.) ;
#15270=ORIENTED_EDGE('',*,*,#15263,.F.) ;
#15271=ORIENTED_EDGE('',*,*,#15268,.T.) ;
#15272=ORIENTED_EDGE('',*,*,#15096,.T.) ;
#15273=ORIENTED_EDGE('',*,*,#15233,.T.) ;
#15332=ORIENTED_EDGE('',*,*,#15283,.T.) ;
#15333=ORIENTED_EDGE('',*,*,#15290,.F.) ;
#15334=ORIENTED_EDGE('',*,*,#15297,.T.) ;
#15335=ORIENTED_EDGE('',*,*,#15304,.F.) ;
#15336=ORIENTED_EDGE('',*,*,#15311,.T.) ;
#15337=ORIENTED_EDGE('',*,*,#15318,.F.) ;
#15338=ORIENTED_EDGE('',*,*,#15325,.T.) ;
#15339=ORIENTED_EDGE('',*,*,#15330,.F.) ;
#15376=ORIENTED_EDGE('',*,*,#15355,.T.) ;
#15377=ORIENTED_EDGE('',*,*,#15362,.T.) ;
#15378=ORIENTED_EDGE('',*,*,#15369,.F.) ;
#15379=ORIENTED_EDGE('',*,*,#15374,.F.) ;
#15407=ORIENTED_EDGE('',*,*,#15355,.F.) ;
#15408=ORIENTED_EDGE('',*,*,#15393,.F.) ;
#15409=ORIENTED_EDGE('',*,*,#15400,.T.) ;
#15410=ORIENTED_EDGE('',*,*,#15405,.F.) ;
#15438=ORIENTED_EDGE('',*,*,#15426,.F.) ;
#15439=ORIENTED_EDGE('',*,*,#15431,.F.) ;
#15440=ORIENTED_EDGE('',*,*,#15369,.T.) ;
#15441=ORIENTED_EDGE('',*,*,#15436,.F.) ;
#15469=ORIENTED_EDGE('',*,*,#15455,.T.) ;
#15470=ORIENTED_EDGE('',*,*,#15400,.F.) ;
#15471=ORIENTED_EDGE('',*,*,#15462,.F.) ;
#15472=ORIENTED_EDGE('',*,*,#15467,.T.) ;
#15500=ORIENTED_EDGE('',*,*,#15467,.F.) ;
#15501=ORIENTED_EDGE('',*,*,#15486,.F.) ;
#15502=ORIENTED_EDGE('',*,*,#15493,.T.) ;
#15503=ORIENTED_EDGE('',*,*,#15498,.F.) ;
#15531=ORIENTED_EDGE('',*,*,#15493,.F.) ;
#15532=ORIENTED_EDGE('',*,*,#15517,.F.) ;
#15533=ORIENTED_EDGE('',*,*,#15524,.T.) ;
#15534=ORIENTED_EDGE('',*,*,#15529,.T.) ;
#15562=ORIENTED_EDGE('',*,*,#15524,.F.) ;
#15563=ORIENTED_EDGE('',*,*,#15548,.F.) ;
#15564=ORIENTED_EDGE('',*,*,#15555,.T.) ;
#15565=ORIENTED_EDGE('',*,*,#15560,.F.) ;
#15584=ORIENTED_EDGE('',*,*,#15577,.F.) ;
#15585=ORIENTED_EDGE('',*,*,#15426,.T.) ;
#15586=ORIENTED_EDGE('',*,*,#15582,.T.) ;
#15587=ORIENTED_EDGE('',*,*,#15555,.F.) ;
#15636=ORIENTED_EDGE('',*,*,#15070,.T.) ;
#15637=ORIENTED_EDGE('',*,*,#15101,.F.) ;
#15638=ORIENTED_EDGE('',*,*,#15268,.F.) ;
#15639=ORIENTED_EDGE('',*,*,#15601,.F.) ;
#15640=ORIENTED_EDGE('',*,*,#15608,.T.) ;
#15641=ORIENTED_EDGE('',*,*,#15615,.F.) ;
#15642=ORIENTED_EDGE('',*,*,#15622,.T.) ;
#15643=ORIENTED_EDGE('',*,*,#15629,.F.) ;
#15644=ORIENTED_EDGE('',*,*,#15634,.T.) ;
#15645=ORIENTED_EDGE('',*,*,#15127,.F.) ;
#15682=ORIENTED_EDGE('',*,*,#15661,.T.) ;
#15683=ORIENTED_EDGE('',*,*,#15668,.F.) ;
#15684=ORIENTED_EDGE('',*,*,#15675,.T.) ;
#15685=ORIENTED_EDGE('',*,*,#15680,.T.) ;
#15699=ORIENTED_EDGE('',*,*,#15692,.T.) ;
#15700=ORIENTED_EDGE('',*,*,#15680,.F.) ;
#15701=ORIENTED_EDGE('',*,*,#15697,.T.) ;
#15702=ORIENTED_EDGE('',*,*,#15668,.T.) ;
#15739=ORIENTED_EDGE('',*,*,#15713,.F.) ;
#15740=ORIENTED_EDGE('',*,*,#15720,.F.) ;
#15741=ORIENTED_EDGE('',*,*,#15727,.F.) ;
#15742=ORIENTED_EDGE('',*,*,#15732,.F.) ;
#15743=ORIENTED_EDGE('',*,*,#15629,.T.) ;
#15744=ORIENTED_EDGE('',*,*,#15737,.F.) ;
#15753=ORIENTED_EDGE('',*,*,#15462,.T.) ;
#15754=ORIENTED_EDGE('',*,*,#15393,.T.) ;
#15755=ORIENTED_EDGE('',*,*,#15374,.T.) ;
#15756=ORIENTED_EDGE('',*,*,#15431,.T.) ;
#15757=ORIENTED_EDGE('',*,*,#15577,.T.) ;
#15758=ORIENTED_EDGE('',*,*,#15548,.T.) ;
#15759=ORIENTED_EDGE('',*,*,#15517,.T.) ;
#15760=ORIENTED_EDGE('',*,*,#15486,.T.) ;
#15777=ORIENTED_EDGE('',*,*,#15770,.F.) ;
#15778=ORIENTED_EDGE('',*,*,#15775,.F.) ;
#15801=ORIENTED_EDGE('',*,*,#15794,.F.) ;
#15802=ORIENTED_EDGE('',*,*,#15799,.F.) ;
#15805=ORIENTED_EDGE('',*,*,#15675,.F.) ;
#15806=ORIENTED_EDGE('',*,*,#15697,.F.) ;
#15825=ORIENTED_EDGE('',*,*,#15818,.F.) ;
#15826=ORIENTED_EDGE('',*,*,#15770,.T.) ;
#15827=ORIENTED_EDGE('',*,*,#15823,.T.) ;
#15828=ORIENTED_EDGE('',*,*,#15799,.T.) ;
#15832=ORIENTED_EDGE('',*,*,#15794,.T.) ;
#15833=ORIENTED_EDGE('',*,*,#15823,.F.) ;
#15834=ORIENTED_EDGE('',*,*,#15775,.T.) ;
#15835=ORIENTED_EDGE('',*,*,#15818,.T.) ;
#15849=ORIENTED_EDGE('',*,*,#15842,.T.) ;
#15850=ORIENTED_EDGE('',*,*,#15221,.T.) ;
#15851=ORIENTED_EDGE('',*,*,#15847,.F.) ;
#15852=ORIENTED_EDGE('',*,*,#15608,.F.) ;
#15861=ORIENTED_EDGE('',*,*,#15228,.T.) ;
#15862=ORIENTED_EDGE('',*,*,#15842,.F.) ;
#15863=ORIENTED_EDGE('',*,*,#15601,.T.) ;
#15864=ORIENTED_EDGE('',*,*,#15263,.T.) ;
#15878=ORIENTED_EDGE('',*,*,#15214,.T.) ;
#15879=ORIENTED_EDGE('',*,*,#15876,.F.) ;
#15880=ORIENTED_EDGE('',*,*,#15615,.T.) ;
#15881=ORIENTED_EDGE('',*,*,#15847,.T.) ;
#15909=ORIENTED_EDGE('',*,*,#15132,.F.) ;
#15910=ORIENTED_EDGE('',*,*,#15634,.F.) ;
#15911=ORIENTED_EDGE('',*,*,#15732,.T.) ;
#15912=ORIENTED_EDGE('',*,*,#15895,.F.) ;
#15913=ORIENTED_EDGE('',*,*,#15902,.T.) ;
#15914=ORIENTED_EDGE('',*,*,#15907,.T.) ;
#15915=ORIENTED_EDGE('',*,*,#15174,.T.) ;
#15916=ORIENTED_EDGE('',*,*,#15238,.F.) ;
#15937=ORIENTED_EDGE('',*,*,#15181,.T.) ;
#15938=ORIENTED_EDGE('',*,*,#15907,.F.) ;
#15939=ORIENTED_EDGE('',*,*,#15930,.T.) ;
#15940=ORIENTED_EDGE('',*,*,#15935,.T.) ;
#15961=ORIENTED_EDGE('',*,*,#15727,.T.) ;
#15962=ORIENTED_EDGE('',*,*,#15954,.F.) ;
#15963=ORIENTED_EDGE('',*,*,#15959,.T.) ;
#15964=ORIENTED_EDGE('',*,*,#15895,.T.) ;
#15985=ORIENTED_EDGE('',*,*,#15978,.T.) ;
#15986=ORIENTED_EDGE('',*,*,#15186,.T.) ;
#15987=ORIENTED_EDGE('',*,*,#15935,.F.) ;
#15988=ORIENTED_EDGE('',*,*,#15983,.F.) ;
#16009=ORIENTED_EDGE('',*,*,#15153,.T.) ;
#16010=ORIENTED_EDGE('',*,*,#15978,.F.) ;
#16011=ORIENTED_EDGE('',*,*,#16002,.T.) ;
#16012=ORIENTED_EDGE('',*,*,#16007,.T.) ;
#16033=ORIENTED_EDGE('',*,*,#16026,.F.) ;
#16034=ORIENTED_EDGE('',*,*,#16031,.F.) ;
#16035=ORIENTED_EDGE('',*,*,#15954,.T.) ;
#16036=ORIENTED_EDGE('',*,*,#15720,.T.) ;
#16057=ORIENTED_EDGE('',*,*,#15713,.T.) ;
#16058=ORIENTED_EDGE('',*,*,#16050,.F.) ;
#16059=ORIENTED_EDGE('',*,*,#16055,.T.) ;
#16060=ORIENTED_EDGE('',*,*,#16026,.T.) ;
#16074=ORIENTED_EDGE('',*,*,#15983,.T.) ;
#16075=ORIENTED_EDGE('',*,*,#15930,.F.) ;
#16076=ORIENTED_EDGE('',*,*,#15902,.F.) ;
#16077=ORIENTED_EDGE('',*,*,#15959,.F.) ;
#16078=ORIENTED_EDGE('',*,*,#16031,.T.) ;
#16079=ORIENTED_EDGE('',*,*,#16055,.F.) ;
#16080=ORIENTED_EDGE('',*,*,#16072,.T.) ;
#16081=ORIENTED_EDGE('',*,*,#16002,.F.) ;
#16084=ORIENTED_EDGE('',*,*,#15498,.T.) ;
#16085=ORIENTED_EDGE('',*,*,#15529,.F.) ;
#16086=ORIENTED_EDGE('',*,*,#15560,.T.) ;
#16087=ORIENTED_EDGE('',*,*,#15582,.F.) ;
#16088=ORIENTED_EDGE('',*,*,#15436,.T.) ;
#16089=ORIENTED_EDGE('',*,*,#15362,.F.) ;
#16090=ORIENTED_EDGE('',*,*,#15405,.T.) ;
#16091=ORIENTED_EDGE('',*,*,#15455,.F.) ;
#16136=ORIENTED_EDGE('',*,*,#16101,.T.) ;
#16137=ORIENTED_EDGE('',*,*,#16108,.F.) ;
#16138=ORIENTED_EDGE('',*,*,#16115,.T.) ;
#16139=ORIENTED_EDGE('',*,*,#16122,.F.) ;
#16140=ORIENTED_EDGE('',*,*,#16129,.T.) ;
#16141=ORIENTED_EDGE('',*,*,#16134,.T.) ;
#16186=ORIENTED_EDGE('',*,*,#16151,.F.) ;
#16187=ORIENTED_EDGE('',*,*,#16158,.T.) ;
#16188=ORIENTED_EDGE('',*,*,#16165,.F.) ;
#16189=ORIENTED_EDGE('',*,*,#16172,.F.) ;
#16190=ORIENTED_EDGE('',*,*,#16179,.F.) ;
#16191=ORIENTED_EDGE('',*,*,#16184,.T.) ;
#16208=ORIENTED_EDGE('',*,*,#16201,.F.) ;
#16209=ORIENTED_EDGE('',*,*,#16206,.F.) ;
#16226=ORIENTED_EDGE('',*,*,#16219,.F.) ;
#16227=ORIENTED_EDGE('',*,*,#16224,.F.) ;
#16236=ORIENTED_EDGE('',*,*,#15876,.T.) ;
#16237=ORIENTED_EDGE('',*,*,#15207,.F.) ;
#16238=ORIENTED_EDGE('',*,*,#15160,.T.) ;
#16239=ORIENTED_EDGE('',*,*,#16007,.F.) ;
#16240=ORIENTED_EDGE('',*,*,#16072,.F.) ;
#16241=ORIENTED_EDGE('',*,*,#16050,.T.) ;
#16242=ORIENTED_EDGE('',*,*,#15737,.T.) ;
#16243=ORIENTED_EDGE('',*,*,#15622,.F.) ;
#16271=ORIENTED_EDGE('',*,*,#15297,.F.) ;
#16272=ORIENTED_EDGE('',*,*,#16257,.T.) ;
#16273=ORIENTED_EDGE('',*,*,#16264,.F.) ;
#16274=ORIENTED_EDGE('',*,*,#16269,.F.) ;
#16295=ORIENTED_EDGE('',*,*,#16288,.T.) ;
#16296=ORIENTED_EDGE('',*,*,#16293,.T.) ;
#16297=ORIENTED_EDGE('',*,*,#16257,.F.) ;
#16298=ORIENTED_EDGE('',*,*,#15290,.T.) ;
#16319=ORIENTED_EDGE('',*,*,#16269,.T.) ;
#16320=ORIENTED_EDGE('',*,*,#16312,.T.) ;
#16321=ORIENTED_EDGE('',*,*,#16317,.F.) ;
#16322=ORIENTED_EDGE('',*,*,#15304,.T.) ;
#16343=ORIENTED_EDGE('',*,*,#15283,.F.) ;
#16344=ORIENTED_EDGE('',*,*,#16336,.T.) ;
#16345=ORIENTED_EDGE('',*,*,#16341,.F.) ;
#16346=ORIENTED_EDGE('',*,*,#16288,.F.) ;
#16367=ORIENTED_EDGE('',*,*,#16360,.T.) ;
#16368=ORIENTED_EDGE('',*,*,#16365,.T.) ;
#16369=ORIENTED_EDGE('',*,*,#16336,.F.) ;
#16370=ORIENTED_EDGE('',*,*,#15330,.T.) ;
#16391=ORIENTED_EDGE('',*,*,#15325,.F.) ;
#16392=ORIENTED_EDGE('',*,*,#16384,.T.) ;
#16393=ORIENTED_EDGE('',*,*,#16389,.F.) ;
#16394=ORIENTED_EDGE('',*,*,#16360,.F.) ;
#16415=ORIENTED_EDGE('',*,*,#16408,.T.) ;
#16416=ORIENTED_EDGE('',*,*,#16413,.T.) ;
#16417=ORIENTED_EDGE('',*,*,#16384,.F.) ;
#16418=ORIENTED_EDGE('',*,*,#15318,.T.) ;
#16432=ORIENTED_EDGE('',*,*,#15311,.F.) ;
#16433=ORIENTED_EDGE('',*,*,#16317,.T.) ;
#16434=ORIENTED_EDGE('',*,*,#16430,.F.) ;
#16435=ORIENTED_EDGE('',*,*,#16408,.F.) ;
#16444=ORIENTED_EDGE('',*,*,#16430,.T.) ;
#16445=ORIENTED_EDGE('',*,*,#16312,.F.) ;
#16446=ORIENTED_EDGE('',*,*,#16264,.T.) ;
#16447=ORIENTED_EDGE('',*,*,#16293,.F.) ;
#16448=ORIENTED_EDGE('',*,*,#16341,.T.) ;
#16449=ORIENTED_EDGE('',*,*,#16365,.F.) ;
#16450=ORIENTED_EDGE('',*,*,#16389,.T.) ;
#16451=ORIENTED_EDGE('',*,*,#16413,.F.) ;
#16468=ORIENTED_EDGE('',*,*,#16461,.F.) ;
#16469=ORIENTED_EDGE('',*,*,#16466,.F.) ;
#16516=ORIENTED_EDGE('',*,*,#16497,.T.) ;
#16517=ORIENTED_EDGE('',*,*,#16514,.T.) ;
#16520=ORIENTED_EDGE('',*,*,#15661,.F.) ;
#16521=ORIENTED_EDGE('',*,*,#15692,.F.) ;
#16540=ORIENTED_EDGE('',*,*,#16461,.T.) ;
#16541=ORIENTED_EDGE('',*,*,#16533,.F.) ;
#16542=ORIENTED_EDGE('',*,*,#16514,.F.) ;
#16543=ORIENTED_EDGE('',*,*,#16538,.T.) ;
#16547=ORIENTED_EDGE('',*,*,#16466,.T.) ;
#16548=ORIENTED_EDGE('',*,*,#16538,.F.) ;
#16549=ORIENTED_EDGE('',*,*,#16497,.F.) ;
#16550=ORIENTED_EDGE('',*,*,#16533,.T.) ;
#16578=ORIENTED_EDGE('',*,*,#16129,.F.) ;
#16579=ORIENTED_EDGE('',*,*,#16564,.T.) ;
#16580=ORIENTED_EDGE('',*,*,#16571,.F.) ;
#16581=ORIENTED_EDGE('',*,*,#16576,.F.) ;
#16602=ORIENTED_EDGE('',*,*,#16122,.T.) ;
#16603=ORIENTED_EDGE('',*,*,#16595,.T.) ;
#16604=ORIENTED_EDGE('',*,*,#16600,.F.) ;
#16605=ORIENTED_EDGE('',*,*,#16564,.F.) ;
#16626=ORIENTED_EDGE('',*,*,#16115,.F.) ;
#16627=ORIENTED_EDGE('',*,*,#16619,.T.) ;
#16628=ORIENTED_EDGE('',*,*,#16624,.F.) ;
#16629=ORIENTED_EDGE('',*,*,#16595,.F.) ;
#16650=ORIENTED_EDGE('',*,*,#16108,.T.) ;
#16651=ORIENTED_EDGE('',*,*,#16643,.T.) ;
#16652=ORIENTED_EDGE('',*,*,#16648,.F.) ;
#16653=ORIENTED_EDGE('',*,*,#16619,.F.) ;
#16674=ORIENTED_EDGE('',*,*,#16101,.F.) ;
#16675=ORIENTED_EDGE('',*,*,#16667,.T.) ;
#16676=ORIENTED_EDGE('',*,*,#16672,.F.) ;
#16677=ORIENTED_EDGE('',*,*,#16643,.F.) ;
#16691=ORIENTED_EDGE('',*,*,#16134,.F.) ;
#16692=ORIENTED_EDGE('',*,*,#16576,.T.) ;
#16693=ORIENTED_EDGE('',*,*,#16689,.F.) ;
#16694=ORIENTED_EDGE('',*,*,#16667,.F.) ;
#16703=ORIENTED_EDGE('',*,*,#16624,.T.) ;
#16704=ORIENTED_EDGE('',*,*,#16648,.T.) ;
#16705=ORIENTED_EDGE('',*,*,#16672,.T.) ;
#16706=ORIENTED_EDGE('',*,*,#16689,.T.) ;
#16707=ORIENTED_EDGE('',*,*,#16571,.T.) ;
#16708=ORIENTED_EDGE('',*,*,#16600,.T.) ;
#16731=ORIENTED_EDGE('',*,*,#16158,.F.) ;
#16732=ORIENTED_EDGE('',*,*,#16717,.T.) ;
#16733=ORIENTED_EDGE('',*,*,#16724,.T.) ;
#16734=ORIENTED_EDGE('',*,*,#16729,.F.) ;
#16755=ORIENTED_EDGE('',*,*,#16165,.T.) ;
#16756=ORIENTED_EDGE('',*,*,#16729,.T.) ;
#16757=ORIENTED_EDGE('',*,*,#16748,.T.) ;
#16758=ORIENTED_EDGE('',*,*,#16753,.F.) ;
#16779=ORIENTED_EDGE('',*,*,#16753,.T.) ;
#16780=ORIENTED_EDGE('',*,*,#16772,.T.) ;
#16781=ORIENTED_EDGE('',*,*,#16777,.F.) ;
#16782=ORIENTED_EDGE('',*,*,#16172,.T.) ;
#16803=ORIENTED_EDGE('',*,*,#16179,.T.) ;
#16804=ORIENTED_EDGE('',*,*,#16777,.T.) ;
#16805=ORIENTED_EDGE('',*,*,#16796,.T.) ;
#16806=ORIENTED_EDGE('',*,*,#16801,.F.) ;
#16822=ORIENTED_EDGE('',*,*,#16184,.F.) ;
#16823=ORIENTED_EDGE('',*,*,#16801,.T.) ;
#16824=ORIENTED_EDGE('',*,*,#16815,.T.) ;
#16825=ORIENTED_EDGE('',*,*,#16820,.F.) ;
#16839=ORIENTED_EDGE('',*,*,#16820,.T.) ;
#16840=ORIENTED_EDGE('',*,*,#16837,.T.) ;
#16841=ORIENTED_EDGE('',*,*,#16717,.F.) ;
#16842=ORIENTED_EDGE('',*,*,#16151,.T.) ;
#16846=ORIENTED_EDGE('',*,*,#16748,.F.) ;
#16847=ORIENTED_EDGE('',*,*,#16724,.F.) ;
#16848=ORIENTED_EDGE('',*,*,#16837,.F.) ;
#16849=ORIENTED_EDGE('',*,*,#16815,.F.) ;
#16850=ORIENTED_EDGE('',*,*,#16796,.F.) ;
#16851=ORIENTED_EDGE('',*,*,#16772,.F.) ;
#16879=ORIENTED_EDGE('',*,*,#16865,.F.) ;
#16880=ORIENTED_EDGE('',*,*,#16201,.T.) ;
#16881=ORIENTED_EDGE('',*,*,#16872,.T.) ;
#16882=ORIENTED_EDGE('',*,*,#16877,.F.) ;
#16891=ORIENTED_EDGE('',*,*,#16872,.F.) ;
#16892=ORIENTED_EDGE('',*,*,#16206,.T.) ;
#16893=ORIENTED_EDGE('',*,*,#16865,.T.) ;
#16894=ORIENTED_EDGE('',*,*,#16889,.F.) ;
#16903=ORIENTED_EDGE('',*,*,#16877,.T.) ;
#16904=ORIENTED_EDGE('',*,*,#16889,.T.) ;
#16932=ORIENTED_EDGE('',*,*,#16918,.F.) ;
#16933=ORIENTED_EDGE('',*,*,#16219,.T.) ;
#16934=ORIENTED_EDGE('',*,*,#16925,.T.) ;
#16935=ORIENTED_EDGE('',*,*,#16930,.F.) ;
#16944=ORIENTED_EDGE('',*,*,#16925,.F.) ;
#16945=ORIENTED_EDGE('',*,*,#16224,.T.) ;
#16946=ORIENTED_EDGE('',*,*,#16918,.T.) ;
#16947=ORIENTED_EDGE('',*,*,#16942,.F.) ;
#16951=ORIENTED_EDGE('',*,*,#16930,.T.) ;
#16952=ORIENTED_EDGE('',*,*,#16942,.T.) ;
#17023=ORIENTED_EDGE('',*,*,#17002,.T.) ;
#17024=ORIENTED_EDGE('',*,*,#17009,.F.) ;
#17025=ORIENTED_EDGE('',*,*,#17016,.F.) ;
#17026=ORIENTED_EDGE('',*,*,#17021,.T.) ;
#17040=ORIENTED_EDGE('',*,*,#17016,.T.) ;
#17041=ORIENTED_EDGE('',*,*,#17033,.F.) ;
#17042=ORIENTED_EDGE('',*,*,#17002,.F.) ;
#17043=ORIENTED_EDGE('',*,*,#17038,.T.) ;
#17052=ORIENTED_EDGE('',*,*,#17033,.T.) ;
#17053=ORIENTED_EDGE('',*,*,#17009,.T.) ;
#17070=ORIENTED_EDGE('',*,*,#17063,.F.) ;
#17071=ORIENTED_EDGE('',*,*,#17068,.F.) ;
#17094=ORIENTED_EDGE('',*,*,#17087,.T.) ;
#17095=ORIENTED_EDGE('',*,*,#17092,.T.) ;
#17098=ORIENTED_EDGE('',*,*,#17021,.F.) ;
#17099=ORIENTED_EDGE('',*,*,#17038,.F.) ;
#17127=ORIENTED_EDGE('',*,*,#17113,.T.) ;
#17128=ORIENTED_EDGE('',*,*,#17087,.F.) ;
#17129=ORIENTED_EDGE('',*,*,#17120,.F.) ;
#17130=ORIENTED_EDGE('',*,*,#17125,.T.) ;
#17139=ORIENTED_EDGE('',*,*,#17120,.T.) ;
#17140=ORIENTED_EDGE('',*,*,#17092,.F.) ;
#17141=ORIENTED_EDGE('',*,*,#17113,.F.) ;
#17142=ORIENTED_EDGE('',*,*,#17137,.T.) ;
#17151=ORIENTED_EDGE('',*,*,#17137,.F.) ;
#17152=ORIENTED_EDGE('',*,*,#17125,.F.) ;
#17169=ORIENTED_EDGE('',*,*,#17162,.T.) ;
#17170=ORIENTED_EDGE('',*,*,#17167,.T.) ;
#17198=ORIENTED_EDGE('',*,*,#17184,.T.) ;
#17199=ORIENTED_EDGE('',*,*,#17167,.F.) ;
#17200=ORIENTED_EDGE('',*,*,#17191,.F.) ;
#17201=ORIENTED_EDGE('',*,*,#17196,.T.) ;
#17210=ORIENTED_EDGE('',*,*,#17191,.T.) ;
#17211=ORIENTED_EDGE('',*,*,#17162,.F.) ;
#17212=ORIENTED_EDGE('',*,*,#17184,.F.) ;
#17213=ORIENTED_EDGE('',*,*,#17208,.T.) ;
#17250=ORIENTED_EDGE('',*,*,#17229,.T.) ;
#17251=ORIENTED_EDGE('',*,*,#17236,.F.) ;
#17252=ORIENTED_EDGE('',*,*,#17243,.F.) ;
#17253=ORIENTED_EDGE('',*,*,#17248,.T.) ;
#17267=ORIENTED_EDGE('',*,*,#17243,.T.) ;
#17268=ORIENTED_EDGE('',*,*,#17260,.F.) ;
#17269=ORIENTED_EDGE('',*,*,#17229,.F.) ;
#17270=ORIENTED_EDGE('',*,*,#17265,.T.) ;
#17279=ORIENTED_EDGE('',*,*,#17260,.T.) ;
#17280=ORIENTED_EDGE('',*,*,#17236,.T.) ;
#17297=ORIENTED_EDGE('',*,*,#17290,.T.) ;
#17298=ORIENTED_EDGE('',*,*,#17295,.T.) ;
#17316=ORIENTED_EDGE('',*,*,#17309,.T.) ;
#17317=ORIENTED_EDGE('',*,*,#17314,.T.) ;
#17320=ORIENTED_EDGE('',*,*,#17248,.F.) ;
#17321=ORIENTED_EDGE('',*,*,#17265,.F.) ;
#17349=ORIENTED_EDGE('',*,*,#17337,.T.) ;
#17350=ORIENTED_EDGE('',*,*,#17342,.T.) ;
#17351=ORIENTED_EDGE('',*,*,#17290,.F.) ;
#17352=ORIENTED_EDGE('',*,*,#17347,.F.) ;
#17366=ORIENTED_EDGE('',*,*,#17364,.T.) ;
#17367=ORIENTED_EDGE('',*,*,#17347,.T.) ;
#17368=ORIENTED_EDGE('',*,*,#17295,.F.) ;
#17369=ORIENTED_EDGE('',*,*,#17342,.F.) ;
#17397=ORIENTED_EDGE('',*,*,#17383,.T.) ;
#17398=ORIENTED_EDGE('',*,*,#17309,.F.) ;
#17399=ORIENTED_EDGE('',*,*,#17390,.F.) ;
#17400=ORIENTED_EDGE('',*,*,#17395,.T.) ;
#17409=ORIENTED_EDGE('',*,*,#17390,.T.) ;
#17410=ORIENTED_EDGE('',*,*,#17314,.F.) ;
#17411=ORIENTED_EDGE('',*,*,#17383,.F.) ;
#17412=ORIENTED_EDGE('',*,*,#17407,.T.) ;
#17440=ORIENTED_EDGE('',*,*,#17426,.T.) ;
#17441=ORIENTED_EDGE('',*,*,#17433,.F.) ;
#17442=ORIENTED_EDGE('',*,*,#17438,.F.) ;
#17443=ORIENTED_EDGE('',*,*,#17337,.F.) ;
#17452=ORIENTED_EDGE('',*,*,#17438,.T.) ;
#17453=ORIENTED_EDGE('',*,*,#17450,.F.) ;
#17454=ORIENTED_EDGE('',*,*,#17426,.F.) ;
#17455=ORIENTED_EDGE('',*,*,#17364,.F.) ;
#17478=ORIENTED_EDGE('',*,*,#17471,.T.) ;
#17479=ORIENTED_EDGE('',*,*,#17476,.T.) ;
#17482=ORIENTED_EDGE('',*,*,#17407,.F.) ;
#17483=ORIENTED_EDGE('',*,*,#17395,.F.) ;
#17492=ORIENTED_EDGE('',*,*,#17433,.T.) ;
#17493=ORIENTED_EDGE('',*,*,#17450,.T.) ;
#17496=ORIENTED_EDGE('',*,*,#17208,.F.) ;
#17497=ORIENTED_EDGE('',*,*,#17196,.F.) ;
#17525=ORIENTED_EDGE('',*,*,#17511,.T.) ;
#17526=ORIENTED_EDGE('',*,*,#17518,.T.) ;
#17527=ORIENTED_EDGE('',*,*,#17523,.F.) ;
#17528=ORIENTED_EDGE('',*,*,#17471,.F.) ;
#17542=ORIENTED_EDGE('',*,*,#17523,.T.) ;
#17543=ORIENTED_EDGE('',*,*,#17540,.T.) ;
#17544=ORIENTED_EDGE('',*,*,#17511,.F.) ;
#17545=ORIENTED_EDGE('',*,*,#17476,.F.) ;
#17573=ORIENTED_EDGE('',*,*,#17559,.F.) ;
#17574=ORIENTED_EDGE('',*,*,#17566,.T.) ;
#17575=ORIENTED_EDGE('',*,*,#17571,.T.) ;
#17576=ORIENTED_EDGE('',*,*,#17518,.F.) ;
#17585=ORIENTED_EDGE('',*,*,#17571,.F.) ;
#17586=ORIENTED_EDGE('',*,*,#17583,.T.) ;
#17587=ORIENTED_EDGE('',*,*,#17559,.T.) ;
#17588=ORIENTED_EDGE('',*,*,#17540,.F.) ;
#17597=ORIENTED_EDGE('',*,*,#17566,.F.) ;
#17598=ORIENTED_EDGE('',*,*,#17583,.F.) ;
#17615=ORIENTED_EDGE('',*,*,#17608,.T.) ;
#17616=ORIENTED_EDGE('',*,*,#17613,.T.) ;
#17644=ORIENTED_EDGE('',*,*,#17630,.T.) ;
#17645=ORIENTED_EDGE('',*,*,#17613,.F.) ;
#17646=ORIENTED_EDGE('',*,*,#17637,.F.) ;
#17647=ORIENTED_EDGE('',*,*,#17642,.T.) ;
#17656=ORIENTED_EDGE('',*,*,#17637,.T.) ;
#17657=ORIENTED_EDGE('',*,*,#17608,.F.) ;
#17658=ORIENTED_EDGE('',*,*,#17630,.F.) ;
#17659=ORIENTED_EDGE('',*,*,#17654,.T.) ;
#17678=ORIENTED_EDGE('',*,*,#17671,.T.) ;
#17679=ORIENTED_EDGE('',*,*,#17654,.F.) ;
#17680=ORIENTED_EDGE('',*,*,#17676,.F.) ;
#17681=ORIENTED_EDGE('',*,*,#17068,.T.) ;
#17685=ORIENTED_EDGE('',*,*,#17676,.T.) ;
#17686=ORIENTED_EDGE('',*,*,#17642,.F.) ;
#17687=ORIENTED_EDGE('',*,*,#17671,.F.) ;
#17688=ORIENTED_EDGE('',*,*,#17063,.T.) ;
#30=NEXT_ASSEMBLY_USAGE_OCCURRENCE('Skeleton_SideTerminal.1','Skeleton_SideTerminal.1','',#13,#28,'Skeleton_SideTerminal.1') ;
#3483=NEXT_ASSEMBLY_USAGE_OCCURRENCE('[MPABP]_BasePlate_ST.1','[MPABP]_BasePlate_ST.1','',#49,#57,'[MPABP]_BasePlate_ST.1') ;
#4632=NEXT_ASSEMBLY_USAGE_OCCURRENCE('[MPATR]_Terminal_ST.2','[MPATR]_Terminal_ST.2','',#49,#3502,'[MPATR]_Terminal_ST.2') ;
#5708=NEXT_ASSEMBLY_USAGE_OCCURRENCE('[MPAUG]_UpperGasket_AN_ST.1','[MPAUG]_UpperGasket_AN_ST.1','',#49,#4651,'[MPAUG]_UpperGasket_AN_ST.1') ;
#9637=NEXT_ASSEMBLY_USAGE_OCCURRENCE('[MISTNSF]_Prismatic_TopInsulator_ST.1','[MISTNSF]_Prismatic_TopInsulator_ST.1','',#49,#5727,'[MISTNSF]_Prismatic_TopInsulator_ST.1') ;
#10380=NEXT_ASSEMBLY_USAGE_OCCURRENCE('[MPARV]_Rivet_CA_DEFORMED_ST.1','[MPARV]_Rivet_CA_DEFORMED_ST.1','',#9656,#9664,'[MPARV]_Rivet_CA_DEFORMED_ST.1') ;
#10393=NEXT_ASSEMBLY_USAGE_OCCURRENCE('[MPARV]_Rivet_AN_ST.1','[MPARV]_Rivet_AN_ST.1','',#49,#9656,'[MPARV]_Rivet_AN_ST.1') ;
#10959=NEXT_ASSEMBLY_USAGE_OCCURRENCE('[MPASG]_SealingGasket_DEFORMED_ST.1','[MPASG]_SealingGasket_DEFORMED_ST.1','',#10412,#10420,'[MPASG]_SealingGasket_DEFORMED_ST.1') ;
#10972=NEXT_ASSEMBLY_USAGE_OCCURRENCE('[MPASG]_SealingGasket_Temp.2','[MPASG]_SealingGasket_Temp.2','',#49,#10412,'[MPASG]_SealingGasket_Temp.2') ;
#10985=NEXT_ASSEMBLY_USAGE_OCCURRENCE('[MCBPA]_Prismatic_CAP_ASSY_Cathode_ST','[MCBPA]_Prismatic_CAP_ASSY_Cathode_ST','',#13,#49,'[MCBPA]_Prismatic_CAP_ASSY_Cathode_ST') ;
#13932=NEXT_ASSEMBLY_USAGE_OCCURRENCE('[[MPABP]_BasePlate_Anode_ST','[[MPABP]_BasePlate_Anode_ST','',#11004,#11012,'[[MPABP]_BasePlate_Anode_ST') ;
#13945=NEXT_ASSEMBLY_USAGE_OCCURRENCE('[MPATR]_Terminal_ST.2','[MPATR]_Terminal_ST.2','',#11004,#3502,'[MPATR]_Terminal_ST.2') ;
#15014=NEXT_ASSEMBLY_USAGE_OCCURRENCE('[MPAUG]_UpperGasket_AN_ST.1','[MPAUG]_UpperGasket_AN_ST.1','',#11004,#13964,'[MPAUG]_UpperGasket_AN_ST.1') ;
#16957=NEXT_ASSEMBLY_USAGE_OCCURRENCE('[MISTNSF]_Prismatic_TopInsulator_Anode_ST','[MISTNSF]_Prismatic_TopInsulator_Anode_ST','',#11004,#15033,'[MISTNSF]_Prismatic_TopInsulator_Anode_ST') ;
#17693=NEXT_ASSEMBLY_USAGE_OCCURRENCE('[MPARV]_Rivet_AN_DEFORMED','[MPARV]_Rivet_AN_DEFORMED','',#16976,#16984,'[MPARV]_Rivet_AN_DEFORMED') ;
#17706=NEXT_ASSEMBLY_USAGE_OCCURRENCE('[MPARV]_Rivet_AN_ST.1','[MPARV]_Rivet_AN_ST.1','',#11004,#16976,'[MPARV]_Rivet_AN_ST.1') ;
#17719=NEXT_ASSEMBLY_USAGE_OCCURRENCE('[MPASG]_SealingGasket_Temp.2','[MPASG]_SealingGasket_Temp.2','',#11004,#10412,'[MPASG]_SealingGasket_Temp.2') ;
#17732=NEXT_ASSEMBLY_USAGE_OCCURRENCE('[MCBPA]_Prismatic_CAP_ASSY_Anode_ST.1','[MCBPA]_Prismatic_CAP_ASSY_Anode_ST.1','',#13,#11004,'[MCBPA]_Prismatic_CAP_ASSY_Anode_ST.1') ;
#102=EDGE_LOOP('',(#103,#104,#105,#106)) ;
#133=EDGE_LOOP('',(#134,#135,#136,#137)) ;
#164=EDGE_LOOP('',(#165,#166,#167,#168)) ;
#237=EDGE_LOOP('',(#238,#239,#240,#241,#242,#243,#244,#245,#246,#247,#248,#249)) ;
#269=EDGE_LOOP('',(#270,#271,#272,#273)) ;
#293=EDGE_LOOP('',(#294,#295,#296,#297)) ;
#317=EDGE_LOOP('',(#318,#319,#320,#321)) ;
#336=EDGE_LOOP('',(#337,#338,#339,#340)) ;
#360=EDGE_LOOP('',(#361,#362,#363,#364)) ;
#379=EDGE_LOOP('',(#380,#381,#382,#383)) ;
#398=EDGE_LOOP('',(#399,#400,#401,#402)) ;
#422=EDGE_LOOP('',(#423,#424,#425,#426)) ;
#434=EDGE_LOOP('',(#435,#436,#437,#438)) ;
#502=EDGE_LOOP('',(#503,#504,#505,#506,#507,#508,#509,#510)) ;
#512=EDGE_LOOP('',(#513,#514,#515,#516,#517,#518,#519,#520,#521,#522,#523,#524)) ;
#694=EDGE_LOOP('',(#695,#696,#697,#698,#699,#700,#701,#702,#703,#704,#705,#706,#707,#708,#709,#710,#711,#712,#713,#714,#715,#716,#717,#718)) ;
#734=EDGE_LOOP('',(#735,#736)) ;
#772=EDGE_LOOP('',(#773,#774,#775,#776)) ;
#794=EDGE_LOOP('',(#795,#796,#797,#798)) ;
#820=EDGE_LOOP('',(#821,#822)) ;
#824=EDGE_LOOP('',(#825,#826)) ;
#853=EDGE_LOOP('',(#854,#855,#856,#857)) ;
#865=EDGE_LOOP('',(#866,#867,#868,#869)) ;
#905=EDGE_LOOP('',(#906,#907,#908,#909)) ;
#936=EDGE_LOOP('',(#937,#938,#939,#940)) ;
#967=EDGE_LOOP('',(#968,#969,#970,#971)) ;
#998=EDGE_LOOP('',(#999,#1000,#1001,#1002)) ;
#1029=EDGE_LOOP('',(#1030,#1031,#1032,#1033)) ;
#1060=EDGE_LOOP('',(#1061,#1062,#1063,#1064)) ;
#1091=EDGE_LOOP('',(#1092,#1093,#1094,#1095)) ;
#1113=EDGE_LOOP('',(#1114,#1115,#1116,#1117)) ;
#1125=EDGE_LOOP('',(#1126,#1127,#1128,#1129,#1130,#1131,#1132,#1133)) ;
#1191=EDGE_LOOP('',(#1192,#1193,#1194,#1195,#1196,#1197,#1198,#1199)) ;
#1215=EDGE_LOOP('',(#1216,#1217)) ;
#1233=EDGE_LOOP('',(#1234,#1235)) ;
#1251=EDGE_LOOP('',(#1252,#1253)) ;
#1271=EDGE_LOOP('',(#1272,#1273,#1274,#1275)) ;
#1288=EDGE_LOOP('',(#1289,#1290,#1291,#1292)) ;
#1305=EDGE_LOOP('',(#1306,#1307,#1308,#1309)) ;
#1322=EDGE_LOOP('',(#1323,#1324,#1325,#1326)) ;
#1339=EDGE_LOOP('',(#1340,#1341,#1342,#1343)) ;
#1356=EDGE_LOOP('',(#1357,#1358,#1359,#1360)) ;
#1373=EDGE_LOOP('',(#1374,#1375,#1376,#1377)) ;
#1385=EDGE_LOOP('',(#1386,#1387,#1388,#1389)) ;
#1416=EDGE_LOOP('',(#1417,#1418,#1419,#1420)) ;
#1428=EDGE_LOOP('',(#1429,#1430,#1431,#1432)) ;
#1454=EDGE_LOOP('',(#1455,#1456)) ;
#1472=EDGE_LOOP('',(#1473,#1474)) ;
#1496=EDGE_LOOP('',(#1497,#1498)) ;
#1514=EDGE_LOOP('',(#1515,#1516)) ;
#1543=EDGE_LOOP('',(#1544,#1545,#1546,#1547)) ;
#1555=EDGE_LOOP('',(#1556,#1557,#1558,#1559)) ;
#1586=EDGE_LOOP('',(#1587,#1588,#1589,#1590)) ;
#1598=EDGE_LOOP('',(#1599,#1600,#1601,#1602)) ;
#1620=EDGE_LOOP('',(#1621,#1622,#1623,#1624)) ;
#1627=EDGE_LOOP('',(#1628,#1629,#1630,#1631)) ;
#1658=EDGE_LOOP('',(#1659,#1660,#1661,#1662)) ;
#1670=EDGE_LOOP('',(#1671,#1672,#1673,#1674)) ;
#1701=EDGE_LOOP('',(#1702,#1703,#1704,#1705)) ;
#1713=EDGE_LOOP('',(#1714,#1715,#1716,#1717)) ;
#1753=EDGE_LOOP('',(#1754,#1755,#1756,#1757)) ;
#1784=EDGE_LOOP('',(#1785,#1786,#1787,#1788)) ;
#1815=EDGE_LOOP('',(#1816,#1817,#1818,#1819)) ;
#1846=EDGE_LOOP('',(#1847,#1848,#1849,#1850)) ;
#1877=EDGE_LOOP('',(#1878,#1879,#1880,#1881)) ;
#1908=EDGE_LOOP('',(#1909,#1910,#1911,#1912)) ;
#1939=EDGE_LOOP('',(#1940,#1941,#1942,#1943)) ;
#1970=EDGE_LOOP('',(#1971,#1972,#1973,#1974)) ;
#2001=EDGE_LOOP('',(#2002,#2003,#2004,#2005)) ;
#2032=EDGE_LOOP('',(#2033,#2034,#2035,#2036)) ;
#2058=EDGE_LOOP('',(#2059,#2060,#2061,#2062)) ;
#2089=EDGE_LOOP('',(#2090,#2091,#2092,#2093)) ;
#2120=EDGE_LOOP('',(#2121,#2122,#2123,#2124)) ;
#2151=EDGE_LOOP('',(#2152,#2153,#2154,#2155)) ;
#2182=EDGE_LOOP('',(#2183,#2184,#2185,#2186)) ;
#2213=EDGE_LOOP('',(#2214,#2215,#2216,#2217)) ;
#2239=EDGE_LOOP('',(#2240,#2241,#2242,#2243)) ;
#2270=EDGE_LOOP('',(#2271,#2272,#2273,#2274)) ;
#2301=EDGE_LOOP('',(#2302,#2303,#2304,#2305)) ;
#2332=EDGE_LOOP('',(#2333,#2334,#2335,#2336)) ;
#2358=EDGE_LOOP('',(#2359,#2360,#2361,#2362)) ;
#2389=EDGE_LOOP('',(#2390,#2391,#2392,#2393)) ;
#2420=EDGE_LOOP('',(#2421,#2422,#2423,#2424)) ;
#2437=EDGE_LOOP('',(#2438,#2439,#2440,#2441)) ;
#2449=EDGE_LOOP('',(#2450,#2451,#2452,#2453,#2454,#2455,#2456,#2457,#2458,#2459,#2460,#2461,#2462,#2463,#2464,#2465,#2466,#2467,#2468,#2469,#2470,#2471,#2472,#2473)) ;
#2475=EDGE_LOOP('',(#2476,#2477)) ;
#2504=EDGE_LOOP('',(#2505,#2506,#2507,#2508)) ;
#2528=EDGE_LOOP('',(#2529,#2530,#2531,#2532)) ;
#2552=EDGE_LOOP('',(#2553,#2554,#2555,#2556)) ;
#2576=EDGE_LOOP('',(#2577,#2578,#2579,#2580)) ;
#2600=EDGE_LOOP('',(#2601,#2602,#2603,#2604)) ;
#2624=EDGE_LOOP('',(#2625,#2626,#2627,#2628)) ;
#2648=EDGE_LOOP('',(#2649,#2650,#2651,#2652)) ;
#2665=EDGE_LOOP('',(#2666,#2667,#2668,#2669)) ;
#2705=EDGE_LOOP('',(#2706,#2707,#2708,#2709)) ;
#2722=EDGE_LOOP('',(#2723,#2724,#2725,#2726)) ;
#2734=EDGE_LOOP('',(#2735,#2736)) ;
#2738=EDGE_LOOP('',(#2739,#2740)) ;
#2762=EDGE_LOOP('',(#2763,#2764,#2765,#2766)) ;
#2786=EDGE_LOOP('',(#2787,#2788,#2789,#2790)) ;
#2805=EDGE_LOOP('',(#2806,#2807,#2808,#2809)) ;
#2829=EDGE_LOOP('',(#2830,#2831,#2832,#2833)) ;
#2848=EDGE_LOOP('',(#2849,#2850,#2851,#2852)) ;
#2872=EDGE_LOOP('',(#2873,#2874,#2875,#2876)) ;
#2891=EDGE_LOOP('',(#2892,#2893,#2894,#2895)) ;
#2915=EDGE_LOOP('',(#2916,#2917,#2918,#2919)) ;
#2934=EDGE_LOOP('',(#2935,#2936,#2937,#2938)) ;
#2958=EDGE_LOOP('',(#2959,#2960,#2961,#2962)) ;
#2977=EDGE_LOOP('',(#2978,#2979,#2980,#2981)) ;
#3001=EDGE_LOOP('',(#3002,#3003,#3004,#3005)) ;
#3020=EDGE_LOOP('',(#3021,#3022,#3023,#3024)) ;
#3044=EDGE_LOOP('',(#3045,#3046,#3047,#3048)) ;
#3063=EDGE_LOOP('',(#3064,#3065,#3066,#3067)) ;
#3087=EDGE_LOOP('',(#3088,#3089,#3090,#3091)) ;
#3106=EDGE_LOOP('',(#3107,#3108,#3109,#3110)) ;
#3165=EDGE_LOOP('',(#3166,#3167,#3168,#3169,#3170,#3171,#3172,#3173,#3174,#3175,#3176,#3177,#3178,#3179,#3180,#3181,#3182,#3183,#3184,#3185,#3186,#3187,#3188,#3189)) ;
#3191=EDGE_LOOP('',(#3192,#3193)) ;
#3206=EDGE_LOOP('',(#3207,#3208,#3209,#3210)) ;
#3218=EDGE_LOOP('',(#3219,#3220,#3221,#3222)) ;
#3235=EDGE_LOOP('',(#3236,#3237,#3238,#3239)) ;
#3247=EDGE_LOOP('',(#3248,#3249,#3250,#3251)) ;
#3264=EDGE_LOOP('',(#3265,#3266,#3267,#3268)) ;
#3281=EDGE_LOOP('',(#3282,#3283,#3284,#3285)) ;
#3288=EDGE_LOOP('',(#3289,#3290,#3291,#3292)) ;
#3300=EDGE_LOOP('',(#3301,#3302,#3303,#3304,#3305,#3306,#3307,#3308)) ;
#3310=EDGE_LOOP('',(#3311,#3312,#3313,#3314,#3315,#3316,#3317,#3318,#3319,#3320,#3321,#3322,#3323,#3324,#3325,#3326,#3327,#3328,#3329,#3330,#3331,#3332,#3333,#3334)) ;
#3342=EDGE_LOOP('',(#3343,#3344)) ;
#3346=EDGE_LOOP('',(#3347,#3348)) ;
#3366=EDGE_LOOP('',(#3367,#3368,#3369,#3370)) ;
#3373=EDGE_LOOP('',(#3374,#3375,#3376,#3377)) ;
#3404=EDGE_LOOP('',(#3405,#3406,#3407,#3408)) ;
#3416=EDGE_LOOP('',(#3417,#3418,#3419,#3420)) ;
#3428=EDGE_LOOP('',(#3429,#3430)) ;
#3457=EDGE_LOOP('',(#3458,#3459,#3460,#3461)) ;
#3469=EDGE_LOOP('',(#3470,#3471,#3472,#3473)) ;
#3476=EDGE_LOOP('',(#3477,#3478)) ;
#3575=EDGE_LOOP('',(#3576,#3577,#3578,#3579,#3580,#3581,#3582,#3583)) ;
#3599=EDGE_LOOP('',(#3600,#3601)) ;
#3628=EDGE_LOOP('',(#3629,#3630,#3631,#3632)) ;
#3652=EDGE_LOOP('',(#3653,#3654,#3655,#3656)) ;
#3676=EDGE_LOOP('',(#3677,#3678,#3679,#3680)) ;
#3700=EDGE_LOOP('',(#3701,#3702,#3703,#3704)) ;
#3724=EDGE_LOOP('',(#3725,#3726,#3727,#3728)) ;
#3748=EDGE_LOOP('',(#3749,#3750,#3751,#3752)) ;
#3772=EDGE_LOOP('',(#3773,#3774,#3775,#3776)) ;
#3789=EDGE_LOOP('',(#3790,#3791,#3792,#3793)) ;
#3815=EDGE_LOOP('',(#3816,#3817)) ;
#3834=EDGE_LOOP('',(#3835,#3836)) ;
#3872=EDGE_LOOP('',(#3873,#3874,#3875,#3876)) ;
#3889=EDGE_LOOP('',(#3890,#3891,#3892,#3893)) ;
#3920=EDGE_LOOP('',(#3921,#3922,#3923,#3924)) ;
#3932=EDGE_LOOP('',(#3933,#3934,#3935,#3936)) ;
#3944=EDGE_LOOP('',(#3945,#3946)) ;
#3962=EDGE_LOOP('',(#3963,#3964)) ;
#3972=EDGE_LOOP('',(#3973,#3974)) ;
#3976=EDGE_LOOP('',(#3977,#3978)) ;
#4005=EDGE_LOOP('',(#4006,#4007,#4008,#4009)) ;
#4036=EDGE_LOOP('',(#4037,#4038,#4039,#4040)) ;
#4053=EDGE_LOOP('',(#4054,#4055,#4056,#4057)) ;
#4084=EDGE_LOOP('',(#4085,#4086,#4087,#4088)) ;
#4108=EDGE_LOOP('',(#4109,#4110,#4111,#4112)) ;
#4132=EDGE_LOOP('',(#4133,#4134,#4135,#4136)) ;
#4164=EDGE_LOOP('',(#4165,#4166,#4167,#4168)) ;
#4196=EDGE_LOOP('',(#4197,#4198,#4199,#4200)) ;
#4227=EDGE_LOOP('',(#4228,#4229,#4230,#4231)) ;
#4251=EDGE_LOOP('',(#4252,#4253,#4254,#4255)) ;
#4275=EDGE_LOOP('',(#4276,#4277,#4278,#4279)) ;
#4304=EDGE_LOOP('',(#4305,#4306,#4307,#4308,#4309,#4310,#4311,#4312)) ;
#4337=EDGE_LOOP('',(#4338,#4339,#4340,#4341,#4342,#4343,#4344,#4345)) ;
#4366=EDGE_LOOP('',(#4367,#4368,#4369,#4370,#4371,#4372)) ;
#4393=EDGE_LOOP('',(#4394,#4395,#4396,#4397,#4398,#4399)) ;
#4426=EDGE_LOOP('',(#4427,#4428,#4429,#4430)) ;
#4450=EDGE_LOOP('',(#4451,#4452,#4453,#4454)) ;
#4474=EDGE_LOOP('',(#4475,#4476,#4477,#4478)) ;
#4491=EDGE_LOOP('',(#4492,#4493,#4494,#4495)) ;
#4508=EDGE_LOOP('',(#4509,#4510,#4511,#4512)) ;
#4539=EDGE_LOOP('',(#4540,#4541,#4542,#4543)) ;
#4551=EDGE_LOOP('',(#4552,#4553,#4554,#4555)) ;
#4563=EDGE_LOOP('',(#4564,#4565,#4566,#4567,#4568,#4569,#4570,#4571,#4572,#4573,#4574,#4575)) ;
#4591=EDGE_LOOP('',(#4592,#4593)) ;
#4611=EDGE_LOOP('',(#4612,#4613,#4614,#4615)) ;
#4623=EDGE_LOOP('',(#4624,#4625,#4626,#4627)) ;
#4780=EDGE_LOOP('',(#4781,#4782,#4783,#4784,#4785,#4786,#4787,#4788,#4789,#4790,#4791,#4792,#4793,#4794,#4795,#4796)) ;
#4812=EDGE_LOOP('',(#4813,#4814)) ;
#4878=EDGE_LOOP('',(#4879,#4880,#4881,#4882,#4883,#4884,#4885,#4886)) ;
#4944=EDGE_LOOP('',(#4945,#4946,#4947,#4948,#4949,#4950,#4951,#4952)) ;
#4970=EDGE_LOOP('',(#4971,#4972,#4973,#4974)) ;
#4987=EDGE_LOOP('',(#4988,#4989,#4990,#4991)) ;
#5004=EDGE_LOOP('',(#5005,#5006,#5007,#5008)) ;
#5040=EDGE_LOOP('',(#5041,#5042,#5043,#5044,#5045,#5046,#5047,#5048)) ;
#5061=EDGE_LOOP('',(#5062,#5063,#5064,#5065)) ;
#5078=EDGE_LOOP('',(#5079,#5080,#5081,#5082)) ;
#5095=EDGE_LOOP('',(#5096,#5097,#5098,#5099)) ;
#5126=EDGE_LOOP('',(#5127,#5128,#5129,#5130,#5131,#5132,#5133,#5134)) ;
#5161=EDGE_LOOP('',(#5162,#5163,#5164,#5165)) ;
#5178=EDGE_LOOP('',(#5179,#5180,#5181,#5182)) ;
#5195=EDGE_LOOP('',(#5196,#5197,#5198,#5199)) ;
#5207=EDGE_LOOP('',(#5208,#5209,#5210,#5211)) ;
#5226=EDGE_LOOP('',(#5227,#5228,#5229,#5230)) ;
#5245=EDGE_LOOP('',(#5246,#5247,#5248,#5249)) ;
#5262=EDGE_LOOP('',(#5263,#5264,#5265,#5266)) ;
#5269=EDGE_LOOP('',(#5270,#5271,#5272,#5273)) ;
#5295=EDGE_LOOP('',(#5296,#5297)) ;
#5352=EDGE_LOOP('',(#5353,#5354,#5355,#5356,#5357,#5358,#5359,#5360)) ;
#5380=EDGE_LOOP('',(#5381,#5382,#5383,#5384)) ;
#5404=EDGE_LOOP('',(#5405,#5406,#5407,#5408)) ;
#5428=EDGE_LOOP('',(#5429,#5430,#5431,#5432)) ;
#5452=EDGE_LOOP('',(#5453,#5454,#5455,#5456)) ;
#5476=EDGE_LOOP('',(#5477,#5478,#5479,#5480)) ;
#5500=EDGE_LOOP('',(#5501,#5502,#5503,#5504)) ;
#5522=EDGE_LOOP('',(#5523,#5524,#5525,#5526)) ;
#5553=EDGE_LOOP('',(#5554,#5555,#5556,#5557,#5558,#5559,#5560,#5561,#5562,#5563,#5564,#5565)) ;
#5581=EDGE_LOOP('',(#5582,#5583)) ;
#5601=EDGE_LOOP('',(#5602,#5603,#5604,#5605)) ;
#5613=EDGE_LOOP('',(#5614,#5615,#5616,#5617,#5618,#5619,#5620,#5621)) ;
#5624=EDGE_LOOP('',(#5625,#5626)) ;
#5653=EDGE_LOOP('',(#5654,#5655,#5656,#5657)) ;
#5665=EDGE_LOOP('',(#5666,#5667,#5668,#5669)) ;
#5687=EDGE_LOOP('',(#5688,#5689,#5690,#5691)) ;
#5699=EDGE_LOOP('',(#5700,#5701,#5702,#5703)) ;
#5772=EDGE_LOOP('',(#5773,#5774,#5775,#5776)) ;
#5803=EDGE_LOOP('',(#5804,#5805,#5806,#5807)) ;
#5834=EDGE_LOOP('',(#5835,#5836,#5837,#5838)) ;
#5888=EDGE_LOOP('',(#5889,#5890,#5891,#5892,#5893,#5894)) ;
#5940=EDGE_LOOP('',(#5941,#5942,#5943,#5944,#5945,#5946,#5947,#5948,#5949,#5950)) ;
#5970=EDGE_LOOP('',(#5971,#5972,#5973,#5974)) ;
#6144=EDGE_LOOP('',(#6145,#6146,#6147,#6148,#6149,#6150,#6151,#6152,#6153,#6154,#6155,#6156,#6157,#6158,#6159,#6160,#6161,#6162,#6163,#6164,#6165,#6166,#6167,#6168)) ;
#6226=EDGE_LOOP('',(#6227,#6228,#6229,#6230,#6231,#6232,#6233,#6234)) ;
#6270=EDGE_LOOP('',(#6271,#6272,#6273,#6274)) ;
#6301=EDGE_LOOP('',(#6302,#6303,#6304,#6305)) ;
#6332=EDGE_LOOP('',(#6333,#6334,#6335,#6336)) ;
#6363=EDGE_LOOP('',(#6364,#6365,#6366,#6367)) ;
#6394=EDGE_LOOP('',(#6395,#6396,#6397,#6398)) ;
#6425=EDGE_LOOP('',(#6426,#6427,#6428,#6429)) ;
#6456=EDGE_LOOP('',(#6457,#6458,#6459,#6460)) ;
#6478=EDGE_LOOP('',(#6479,#6480,#6481,#6482)) ;
#6530=EDGE_LOOP('',(#6531,#6532,#6533,#6534,#6535,#6536,#6537,#6538,#6539,#6540)) ;
#6576=EDGE_LOOP('',(#6577,#6578,#6579,#6580)) ;
#6593=EDGE_LOOP('',(#6594,#6595,#6596,#6597)) ;
#6633=EDGE_LOOP('',(#6634,#6635,#6636,#6637,#6638,#6639)) ;
#6647=EDGE_LOOP('',(#6648,#6649,#6650,#6651,#6652,#6653,#6654,#6655)) ;
#6671=EDGE_LOOP('',(#6672,#6673)) ;
#6695=EDGE_LOOP('',(#6696,#6697)) ;
#6699=EDGE_LOOP('',(#6700,#6701)) ;
#6719=EDGE_LOOP('',(#6720,#6721,#6722,#6723)) ;
#6726=EDGE_LOOP('',(#6727,#6728,#6729,#6730)) ;
#6743=EDGE_LOOP('',(#6744,#6745,#6746,#6747)) ;
#6755=EDGE_LOOP('',(#6756,#6757,#6758,#6759)) ;
#6772=EDGE_LOOP('',(#6773,#6774,#6775,#6776)) ;
#6803=EDGE_LOOP('',(#6804,#6805,#6806,#6807,#6808,#6809,#6810,#6811)) ;
#6831=EDGE_LOOP('',(#6832,#6833,#6834,#6835)) ;
#6855=EDGE_LOOP('',(#6856,#6857,#6858,#6859)) ;
#6879=EDGE_LOOP('',(#6880,#6881,#6882,#6883)) ;
#6903=EDGE_LOOP('',(#6904,#6905,#6906,#6907)) ;
#6927=EDGE_LOOP('',(#6928,#6929,#6930,#6931)) ;
#6951=EDGE_LOOP('',(#6952,#6953,#6954,#6955)) ;
#6968=EDGE_LOOP('',(#6969,#6970,#6971,#6972,#6973,#6974,#6975,#6976)) ;
#6978=EDGE_LOOP('',(#6979,#6980,#6981,#6982,#6983,#6984,#6985,#6986)) ;
#7002=EDGE_LOOP('',(#7003,#7004)) ;
#7048=EDGE_LOOP('',(#7049,#7050,#7051,#7052,#7053,#7054)) ;
#7098=EDGE_LOOP('',(#7099,#7100,#7101,#7102,#7103,#7104)) ;
#7120=EDGE_LOOP('',(#7121,#7122)) ;
#7138=EDGE_LOOP('',(#7139,#7140)) ;
#7148=EDGE_LOOP('',(#7149,#7150,#7151,#7152,#7153,#7154,#7155,#7156)) ;
#7183=EDGE_LOOP('',(#7184,#7185,#7186,#7187)) ;
#7207=EDGE_LOOP('',(#7208,#7209,#7210,#7211)) ;
#7231=EDGE_LOOP('',(#7232,#7233,#7234,#7235)) ;
#7255=EDGE_LOOP('',(#7256,#7257,#7258,#7259)) ;
#7279=EDGE_LOOP('',(#7280,#7281,#7282,#7283)) ;
#7303=EDGE_LOOP('',(#7304,#7305,#7306,#7307)) ;
#7327=EDGE_LOOP('',(#7328,#7329,#7330,#7331)) ;
#7344=EDGE_LOOP('',(#7345,#7346,#7347,#7348)) ;
#7356=EDGE_LOOP('',(#7357,#7358,#7359,#7360,#7361,#7362,#7363,#7364)) ;
#7380=EDGE_LOOP('',(#7381,#7382)) ;
#7404=EDGE_LOOP('',(#7405,#7406)) ;
#7422=EDGE_LOOP('',(#7423,#7424)) ;
#7520=EDGE_LOOP('',(#7521,#7522,#7523,#7524,#7525,#7526,#7527,#7528,#7529,#7530,#7531,#7532,#7533,#7534,#7535,#7536)) ;
#7618=EDGE_LOOP('',(#7619,#7620,#7621,#7622,#7623,#7624,#7625,#7626,#7627,#7628,#7629,#7630,#7631,#7632,#7633,#7634)) ;
#7680=EDGE_LOOP('',(#7681,#7682)) ;
#7684=EDGE_LOOP('',(#7685,#7686)) ;
#7704=EDGE_LOOP('',(#7705,#7706,#7707,#7708)) ;
#7711=EDGE_LOOP('',(#7712,#7713,#7714,#7715)) ;
#7742=EDGE_LOOP('',(#7743,#7744,#7745,#7746)) ;
#7766=EDGE_LOOP('',(#7767,#7768,#7769,#7770)) ;
#7790=EDGE_LOOP('',(#7791,#7792,#7793,#7794)) ;
#7814=EDGE_LOOP('',(#7815,#7816,#7817,#7818)) ;
#7838=EDGE_LOOP('',(#7839,#7840,#7841,#7842)) ;
#7855=EDGE_LOOP('',(#7856,#7857,#7858,#7859)) ;
#7867=EDGE_LOOP('',(#7868,#7869,#7870,#7871,#7872,#7873)) ;
#7895=EDGE_LOOP('',(#7896,#7897,#7898,#7899)) ;
#7919=EDGE_LOOP('',(#7920,#7921,#7922,#7923)) ;
#7943=EDGE_LOOP('',(#7944,#7945,#7946,#7947)) ;
#7967=EDGE_LOOP('',(#7968,#7969,#7970,#7971)) ;
#7986=EDGE_LOOP('',(#7987,#7988,#7989,#7990)) ;
#8003=EDGE_LOOP('',(#8004,#8005,#8006,#8007)) ;
#8010=EDGE_LOOP('',(#8011,#8012,#8013,#8014,#8015,#8016)) ;
#8043=EDGE_LOOP('',(#8044,#8045,#8046,#8047)) ;
#8055=EDGE_LOOP('',(#8056,#8057,#8058,#8059)) ;
#8088=EDGE_LOOP('',(#8089,#8090,#8091)) ;
#8122=EDGE_LOOP('',(#8123,#8124,#8125,#8126)) ;
#8150=EDGE_LOOP('',(#8151,#8152,#8153)) ;
#8177=EDGE_LOOP('',(#8178,#8179,#8180)) ;
#8211=EDGE_LOOP('',(#8212,#8213,#8214,#8215)) ;
#8239=EDGE_LOOP('',(#8240,#8241,#8242)) ;
#8278=EDGE_LOOP('',(#8279,#8280,#8281,#8282)) ;
#8300=EDGE_LOOP('',(#8301,#8302,#8303,#8304)) ;
#8346=EDGE_LOOP('',(#8347,#8348,#8349,#8350,#8351,#8352,#8353,#8354,#8355,#8356)) ;
#8398=EDGE_LOOP('',(#8399,#8400,#8401,#8402,#8403,#8404,#8405,#8406,#8407,#8408)) ;
#8421=EDGE_LOOP('',(#8422,#8423,#8424,#8425,#8426)) ;
#8439=EDGE_LOOP('',(#8440,#8441,#8442,#8443)) ;
#8474=EDGE_LOOP('',(#8475,#8476,#8477,#8478)) ;
#8496=EDGE_LOOP('',(#8497,#8498,#8499,#8500)) ;
#8535=EDGE_LOOP('',(#8536,#8537,#8538,#8539,#8540,#8541,#8542,#8543,#8544,#8545)) ;
#8587=EDGE_LOOP('',(#8588,#8589,#8590,#8591,#8592,#8593,#8594,#8595,#8596,#8597)) ;
#8610=EDGE_LOOP('',(#8611,#8612,#8613,#8614)) ;
#8627=EDGE_LOOP('',(#8628,#8629,#8630,#8631)) ;
#8662=EDGE_LOOP('',(#8663,#8664,#8665,#8666)) ;
#8684=EDGE_LOOP('',(#8685,#8686,#8687,#8688)) ;
#8723=EDGE_LOOP('',(#8724,#8725,#8726,#8727,#8728,#8729,#8730,#8731,#8732,#8733)) ;
#8775=EDGE_LOOP('',(#8776,#8777,#8778,#8779,#8780,#8781,#8782,#8783,#8784,#8785)) ;
#8798=EDGE_LOOP('',(#8799,#8800,#8801,#8802)) ;
#8815=EDGE_LOOP('',(#8816,#8817,#8818,#8819)) ;
#8850=EDGE_LOOP('',(#8851,#8852,#8853,#8854)) ;
#8872=EDGE_LOOP('',(#8873,#8874,#8875,#8876)) ;
#8911=EDGE_LOOP('',(#8912,#8913,#8914,#8915,#8916,#8917,#8918,#8919,#8920,#8921)) ;
#8963=EDGE_LOOP('',(#8964,#8965,#8966,#8967,#8968,#8969,#8970,#8971,#8972,#8973)) ;
#8986=EDGE_LOOP('',(#8987,#8988,#8989,#8990,#8991)) ;
#9004=EDGE_LOOP('',(#9005,#9006,#9007,#9008)) ;
#9039=EDGE_LOOP('',(#9040,#9041,#9042,#9043)) ;
#9061=EDGE_LOOP('',(#9062,#9063,#9064,#9065)) ;
#9100=EDGE_LOOP('',(#9101,#9102,#9103,#9104,#9105,#9106,#9107,#9108,#9109,#9110)) ;
#9152=EDGE_LOOP('',(#9153,#9154,#9155,#9156,#9157,#9158,#9159,#9160,#9161,#9162)) ;
#9175=EDGE_LOOP('',(#9176,#9177,#9178,#9179)) ;
#9192=EDGE_LOOP('',(#9193,#9194,#9195,#9196)) ;
#9227=EDGE_LOOP('',(#9228,#9229,#9230,#9231)) ;
#9249=EDGE_LOOP('',(#9250,#9251,#9252,#9253)) ;
#9288=EDGE_LOOP('',(#9289,#9290,#9291,#9292,#9293,#9294,#9295,#9296,#9297,#9298)) ;
#9333=EDGE_LOOP('',(#9334,#9335,#9336,#9337,#9338,#9339,#9340,#9341,#9342,#9343)) ;
#9356=EDGE_LOOP('',(#9357,#9358,#9359,#9360)) ;
#9373=EDGE_LOOP('',(#9374,#9375,#9376,#9377)) ;
#9385=EDGE_LOOP('',(#9386,#9387,#9388,#9389,#9390,#9391,#9392,#9393,#9394,#9395,#9396,#9397,#9398,#9399,#9400,#9401,#9402,#9403)) ;
#9419=EDGE_LOOP('',(#9420,#9421)) ;
#9439=EDGE_LOOP('',(#9440,#9441,#9442,#9443)) ;
#9446=EDGE_LOOP('',(#9447,#9448,#9449,#9450)) ;
#9477=EDGE_LOOP('',(#9478,#9479,#9480,#9481,#9482,#9483,#9484,#9485,#9486,#9487,#9488,#9489,#9490,#9491,#9492,#9493)) ;
#9501=EDGE_LOOP('',(#9502,#9503,#9504,#9505,#9506,#9507,#9508,#9509,#9510,#9511,#9512,#9513,#9514,#9515,#9516,#9517)) ;
#9525=EDGE_LOOP('',(#9526,#9527)) ;
#9529=EDGE_LOOP('',(#9530,#9531)) ;
#9558=EDGE_LOOP('',(#9559,#9560,#9561,#9562)) ;
#9570=EDGE_LOOP('',(#9571,#9572,#9573,#9574)) ;
#9582=EDGE_LOOP('',(#9583,#9584)) ;
#9611=EDGE_LOOP('',(#9612,#9613,#9614,#9615)) ;
#9623=EDGE_LOOP('',(#9624,#9625,#9626,#9627)) ;
#9630=EDGE_LOOP('',(#9631,#9632)) ;
#9709=EDGE_LOOP('',(#9710,#9711,#9712,#9713)) ;
#9726=EDGE_LOOP('',(#9727,#9728,#9729,#9730)) ;
#9738=EDGE_LOOP('',(#9739,#9740)) ;
#9756=EDGE_LOOP('',(#9757,#9758)) ;
#9780=EDGE_LOOP('',(#9781,#9782)) ;
#9784=EDGE_LOOP('',(#9785,#9786)) ;
#9813=EDGE_LOOP('',(#9814,#9815,#9816,#9817)) ;
#9825=EDGE_LOOP('',(#9826,#9827,#9828,#9829)) ;
#9837=EDGE_LOOP('',(#9838,#9839)) ;
#9855=EDGE_LOOP('',(#9856,#9857)) ;
#9884=EDGE_LOOP('',(#9885,#9886,#9887,#9888)) ;
#9896=EDGE_LOOP('',(#9897,#9898,#9899,#9900)) ;
#9936=EDGE_LOOP('',(#9937,#9938,#9939,#9940)) ;
#9953=EDGE_LOOP('',(#9954,#9955,#9956,#9957)) ;
#9965=EDGE_LOOP('',(#9966,#9967)) ;
#9983=EDGE_LOOP('',(#9984,#9985)) ;
#10002=EDGE_LOOP('',(#10003,#10004)) ;
#10006=EDGE_LOOP('',(#10007,#10008)) ;
#10035=EDGE_LOOP('',(#10036,#10037,#10038,#10039)) ;
#10052=EDGE_LOOP('',(#10053,#10054,#10055,#10056)) ;
#10083=EDGE_LOOP('',(#10084,#10085,#10086,#10087)) ;
#10095=EDGE_LOOP('',(#10096,#10097,#10098,#10099)) ;
#10126=EDGE_LOOP('',(#10127,#10128,#10129,#10130)) ;
#10138=EDGE_LOOP('',(#10139,#10140,#10141,#10142)) ;
#10164=EDGE_LOOP('',(#10165,#10166)) ;
#10168=EDGE_LOOP('',(#10169,#10170)) ;
#10178=EDGE_LOOP('',(#10179,#10180)) ;
#10182=EDGE_LOOP('',(#10183,#10184)) ;
#10211=EDGE_LOOP('',(#10212,#10213,#10214,#10215)) ;
#10228=EDGE_LOOP('',(#10229,#10230,#10231,#10232)) ;
#10259=EDGE_LOOP('',(#10260,#10261,#10262,#10263)) ;
#10271=EDGE_LOOP('',(#10272,#10273,#10274,#10275)) ;
#10283=EDGE_LOOP('',(#10284,#10285)) ;
#10301=EDGE_LOOP('',(#10302,#10303)) ;
#10330=EDGE_LOOP('',(#10331,#10332,#10333,#10334)) ;
#10342=EDGE_LOOP('',(#10343,#10344,#10345,#10346)) ;
#10364=EDGE_LOOP('',(#10365,#10366,#10367,#10368)) ;
#10371=EDGE_LOOP('',(#10372,#10373,#10374,#10375)) ;
#10475=EDGE_LOOP('',(#10476,#10477)) ;
#10517=EDGE_LOOP('',(#10518,#10519)) ;
#10546=EDGE_LOOP('',(#10547,#10548,#10549,#10550)) ;
#10558=EDGE_LOOP('',(#10559,#10560,#10561,#10562)) ;
#10589=EDGE_LOOP('',(#10590,#10591,#10592,#10593)) ;
#10601=EDGE_LOOP('',(#10602,#10603,#10604,#10605)) ;
#10627=EDGE_LOOP('',(#10628,#10629)) ;
#10631=EDGE_LOOP('',(#10632,#10633)) ;
#10660=EDGE_LOOP('',(#10661,#10662,#10663,#10664)) ;
#10672=EDGE_LOOP('',(#10673,#10674,#10675,#10676)) ;
#10684=EDGE_LOOP('',(#10685,#10686)) ;
#10688=EDGE_LOOP('',(#10689,#10690)) ;
#10717=EDGE_LOOP('',(#10718,#10719,#10720,#10721)) ;
#10729=EDGE_LOOP('',(#10730,#10731,#10732,#10733)) ;
#10769=EDGE_LOOP('',(#10770,#10771,#10772,#10773)) ;
#10786=EDGE_LOOP('',(#10787,#10788,#10789,#10790)) ;
#10821=EDGE_LOOP('',(#10822,#10823,#10824,#10825)) ;
#10838=EDGE_LOOP('',(#10839,#10840,#10841,#10842)) ;
#10845=EDGE_LOOP('',(#10846,#10847)) ;
#10849=EDGE_LOOP('',(#10850,#10851)) ;
#10859=EDGE_LOOP('',(#10860,#10861)) ;
#10863=EDGE_LOOP('',(#10864,#10865)) ;
#10868=EDGE_LOOP('',(#10869,#10870)) ;
#10872=EDGE_LOOP('',(#10873,#10874)) ;
#10880=EDGE_LOOP('',(#10881,#10882,#10883,#10884)) ;
#10887=EDGE_LOOP('',(#10888,#10889,#10890,#10891)) ;
#10904=EDGE_LOOP('',(#10905,#10906,#10907,#10908)) ;
#10911=EDGE_LOOP('',(#10912,#10913,#10914,#10915)) ;
#10918=EDGE_LOOP('',(#10919,#10920)) ;
#10922=EDGE_LOOP('',(#10923,#10924)) ;
#10927=EDGE_LOOP('',(#10928,#10929)) ;
#10931=EDGE_LOOP('',(#10932,#10933)) ;
#10936=EDGE_LOOP('',(#10937,#10938)) ;
#10940=EDGE_LOOP('',(#10941,#10942)) ;
#10945=EDGE_LOOP('',(#10946,#10947,#10948,#10949)) ;
#10952=EDGE_LOOP('',(#10953,#10954,#10955,#10956)) ;
#11050=EDGE_LOOP('',(#11051,#11052,#11053,#11054)) ;
#11081=EDGE_LOOP('',(#11082,#11083,#11084,#11085)) ;
#11112=EDGE_LOOP('',(#11113,#11114,#11115,#11116)) ;
#11129=EDGE_LOOP('',(#11130,#11131,#11132,#11133)) ;
#11146=EDGE_LOOP('',(#11147,#11148,#11149,#11150)) ;
#11214=EDGE_LOOP('',(#11215,#11216,#11217,#11218,#11219,#11220,#11221,#11222)) ;
#11224=EDGE_LOOP('',(#11225,#11226,#11227,#11228)) ;
#11398=EDGE_LOOP('',(#11399,#11400,#11401,#11402,#11403,#11404,#11405,#11406,#11407,#11408,#11409,#11410,#11411,#11412,#11413,#11414,#11415,#11416,#11417,#11418,#11419,#11420,#11421,#11422)) ;
#11458=EDGE_LOOP('',(#11459,#11460,#11461,#11462)) ;
#11489=EDGE_LOOP('',(#11490,#11491,#11492,#11493)) ;
#11520=EDGE_LOOP('',(#11521,#11522,#11523,#11524)) ;
#11551=EDGE_LOOP('',(#11552,#11553,#11554,#11555)) ;
#11582=EDGE_LOOP('',(#11583,#11584,#11585,#11586)) ;
#11613=EDGE_LOOP('',(#11614,#11615,#11616,#11617)) ;
#11644=EDGE_LOOP('',(#11645,#11646,#11647,#11648)) ;
#11666=EDGE_LOOP('',(#11667,#11668,#11669,#11670)) ;
#11678=EDGE_LOOP('',(#11679,#11680,#11681,#11682,#11683,#11684,#11685,#11686)) ;
#11744=EDGE_LOOP('',(#11745,#11746,#11747,#11748,#11749,#11750,#11751,#11752)) ;
#11768=EDGE_LOOP('',(#11769,#11770)) ;
#11786=EDGE_LOOP('',(#11787,#11788)) ;
#11806=EDGE_LOOP('',(#11807,#11808,#11809,#11810)) ;
#11823=EDGE_LOOP('',(#11824,#11825,#11826,#11827)) ;
#11840=EDGE_LOOP('',(#11841,#11842,#11843,#11844)) ;
#11857=EDGE_LOOP('',(#11858,#11859,#11860,#11861)) ;
#11874=EDGE_LOOP('',(#11875,#11876,#11877,#11878)) ;
#11891=EDGE_LOOP('',(#11892,#11893,#11894,#11895)) ;
#11908=EDGE_LOOP('',(#11909,#11910,#11911,#11912)) ;
#11920=EDGE_LOOP('',(#11921,#11922,#11923,#11924)) ;
#11946=EDGE_LOOP('',(#11947,#11948)) ;
#11964=EDGE_LOOP('',(#11965,#11966)) ;
#11988=EDGE_LOOP('',(#11989,#11990)) ;
#12006=EDGE_LOOP('',(#12007,#12008)) ;
#12035=EDGE_LOOP('',(#12036,#12037,#12038,#12039)) ;
#12047=EDGE_LOOP('',(#12048,#12049,#12050,#12051)) ;
#12078=EDGE_LOOP('',(#12079,#12080,#12081,#12082)) ;
#12090=EDGE_LOOP('',(#12091,#12092,#12093,#12094)) ;
#12112=EDGE_LOOP('',(#12113,#12114,#12115,#12116)) ;
#12119=EDGE_LOOP('',(#12120,#12121,#12122,#12123)) ;
#12150=EDGE_LOOP('',(#12151,#12152,#12153,#12154)) ;
#12162=EDGE_LOOP('',(#12163,#12164,#12165,#12166)) ;
#12193=EDGE_LOOP('',(#12194,#12195,#12196,#12197)) ;
#12205=EDGE_LOOP('',(#12206,#12207,#12208,#12209)) ;
#12245=EDGE_LOOP('',(#12246,#12247,#12248,#12249)) ;
#12276=EDGE_LOOP('',(#12277,#12278,#12279,#12280)) ;
#12307=EDGE_LOOP('',(#12308,#12309,#12310,#12311)) ;
#12338=EDGE_LOOP('',(#12339,#12340,#12341,#12342)) ;
#12369=EDGE_LOOP('',(#12370,#12371,#12372,#12373)) ;
#12400=EDGE_LOOP('',(#12401,#12402,#12403,#12404)) ;
#12431=EDGE_LOOP('',(#12432,#12433,#12434,#12435)) ;
#12462=EDGE_LOOP('',(#12463,#12464,#12465,#12466)) ;
#12493=EDGE_LOOP('',(#12494,#12495,#12496,#12497)) ;
#12524=EDGE_LOOP('',(#12525,#12526,#12527,#12528)) ;
#12550=EDGE_LOOP('',(#12551,#12552,#12553,#12554)) ;
#12581=EDGE_LOOP('',(#12582,#12583,#12584,#12585)) ;
#12612=EDGE_LOOP('',(#12613,#12614,#12615,#12616)) ;
#12643=EDGE_LOOP('',(#12644,#12645,#12646,#12647)) ;
#12674=EDGE_LOOP('',(#12675,#12676,#12677,#12678)) ;
#12705=EDGE_LOOP('',(#12706,#12707,#12708,#12709)) ;
#12731=EDGE_LOOP('',(#12732,#12733,#12734,#12735)) ;
#12762=EDGE_LOOP('',(#12763,#12764,#12765,#12766)) ;
#12793=EDGE_LOOP('',(#12794,#12795,#12796,#12797)) ;
#12824=EDGE_LOOP('',(#12825,#12826,#12827,#12828)) ;
#12850=EDGE_LOOP('',(#12851,#12852,#12853,#12854)) ;
#12881=EDGE_LOOP('',(#12882,#12883,#12884,#12885)) ;
#12912=EDGE_LOOP('',(#12913,#12914,#12915,#12916)) ;
#12929=EDGE_LOOP('',(#12930,#12931,#12932,#12933)) ;
#12941=EDGE_LOOP('',(#12942,#12943,#12944,#12945,#12946,#12947,#12948,#12949,#12950,#12951,#12952,#12953,#12954,#12955,#12956,#12957,#12958,#12959,#12960,#12961,#12962,#12963,#12964,#12965)) ;
#12967=EDGE_LOOP('',(#12968,#12969)) ;
#12996=EDGE_LOOP('',(#12997,#12998,#12999,#13000)) ;
#13020=EDGE_LOOP('',(#13021,#13022,#13023,#13024)) ;
#13044=EDGE_LOOP('',(#13045,#13046,#13047,#13048)) ;
#13068=EDGE_LOOP('',(#13069,#13070,#13071,#13072)) ;
#13092=EDGE_LOOP('',(#13093,#13094,#13095,#13096)) ;
#13116=EDGE_LOOP('',(#13117,#13118,#13119,#13120)) ;
#13140=EDGE_LOOP('',(#13141,#13142,#13143,#13144)) ;
#13157=EDGE_LOOP('',(#13158,#13159,#13160,#13161)) ;
#13197=EDGE_LOOP('',(#13198,#13199,#13200,#13201)) ;
#13214=EDGE_LOOP('',(#13215,#13216,#13217,#13218)) ;
#13226=EDGE_LOOP('',(#13227,#13228)) ;
#13230=EDGE_LOOP('',(#13231,#13232)) ;
#13254=EDGE_LOOP('',(#13255,#13256,#13257,#13258)) ;
#13278=EDGE_LOOP('',(#13279,#13280,#13281,#13282)) ;
#13297=EDGE_LOOP('',(#13298,#13299,#13300,#13301)) ;
#13321=EDGE_LOOP('',(#13322,#13323,#13324,#13325)) ;
#13340=EDGE_LOOP('',(#13341,#13342,#13343,#13344)) ;
#13364=EDGE_LOOP('',(#13365,#13366,#13367,#13368)) ;
#13383=EDGE_LOOP('',(#13384,#13385,#13386,#13387)) ;
#13407=EDGE_LOOP('',(#13408,#13409,#13410,#13411)) ;
#13426=EDGE_LOOP('',(#13427,#13428,#13429,#13430)) ;
#13450=EDGE_LOOP('',(#13451,#13452,#13453,#13454)) ;
#13469=EDGE_LOOP('',(#13470,#13471,#13472,#13473)) ;
#13493=EDGE_LOOP('',(#13494,#13495,#13496,#13497)) ;
#13512=EDGE_LOOP('',(#13513,#13514,#13515,#13516)) ;
#13536=EDGE_LOOP('',(#13537,#13538,#13539,#13540)) ;
#13555=EDGE_LOOP('',(#13556,#13557,#13558,#13559)) ;
#13579=EDGE_LOOP('',(#13580,#13581,#13582,#13583)) ;
#13598=EDGE_LOOP('',(#13599,#13600,#13601,#13602)) ;
#13657=EDGE_LOOP('',(#13658,#13659,#13660,#13661,#13662,#13663,#13664,#13665,#13666,#13667,#13668,#13669,#13670,#13671,#13672,#13673,#13674,#13675,#13676,#13677,#13678,#13679,#13680,#13681)) ;
#13683=EDGE_LOOP('',(#13684,#13685)) ;
#13698=EDGE_LOOP('',(#13699,#13700,#13701,#13702)) ;
#13710=EDGE_LOOP('',(#13711,#13712,#13713,#13714)) ;
#13727=EDGE_LOOP('',(#13728,#13729,#13730,#13731)) ;
#13739=EDGE_LOOP('',(#13740,#13741,#13742,#13743)) ;
#13756=EDGE_LOOP('',(#13757,#13758,#13759,#13760)) ;
#13773=EDGE_LOOP('',(#13774,#13775,#13776,#13777)) ;
#13780=EDGE_LOOP('',(#13781,#13782,#13783,#13784)) ;
#13792=EDGE_LOOP('',(#13793,#13794,#13795,#13796,#13797,#13798,#13799,#13800)) ;
#13802=EDGE_LOOP('',(#13803,#13804,#13805,#13806,#13807,#13808,#13809,#13810,#13811,#13812,#13813,#13814,#13815,#13816,#13817,#13818,#13819,#13820,#13821,#13822,#13823,#13824,#13825,#13826)) ;
#13853=EDGE_LOOP('',(#13854,#13855,#13856,#13857)) ;
#13865=EDGE_LOOP('',(#13866,#13867,#13868,#13869)) ;
#13877=EDGE_LOOP('',(#13878,#13879)) ;
#13906=EDGE_LOOP('',(#13907,#13908,#13909,#13910)) ;
#13918=EDGE_LOOP('',(#13919,#13920,#13921,#13922)) ;
#13925=EDGE_LOOP('',(#13926,#13927)) ;
#14086=EDGE_LOOP('',(#14087,#14088,#14089,#14090,#14091,#14092,#14093,#14094,#14095,#14096,#14097,#14098,#14099,#14100,#14101,#14102)) ;
#14118=EDGE_LOOP('',(#14119,#14120)) ;
#14184=EDGE_LOOP('',(#14185,#14186,#14187,#14188,#14189,#14190,#14191,#14192)) ;
#14250=EDGE_LOOP('',(#14251,#14252,#14253,#14254,#14255,#14256,#14257,#14258)) ;
#14276=EDGE_LOOP('',(#14277,#14278,#14279,#14280)) ;
#14293=EDGE_LOOP('',(#14294,#14295,#14296,#14297)) ;
#14310=EDGE_LOOP('',(#14311,#14312,#14313,#14314)) ;
#14346=EDGE_LOOP('',(#14347,#14348,#14349,#14350,#14351,#14352,#14353,#14354)) ;
#14367=EDGE_LOOP('',(#14368,#14369,#14370,#14371)) ;
#14384=EDGE_LOOP('',(#14385,#14386,#14387,#14388)) ;
#14401=EDGE_LOOP('',(#14402,#14403,#14404,#14405)) ;
#14432=EDGE_LOOP('',(#14433,#14434,#14435,#14436,#14437,#14438,#14439,#14440)) ;
#14467=EDGE_LOOP('',(#14468,#14469,#14470,#14471)) ;
#14484=EDGE_LOOP('',(#14485,#14486,#14487,#14488)) ;
#14501=EDGE_LOOP('',(#14502,#14503,#14504,#14505)) ;
#14513=EDGE_LOOP('',(#14514,#14515,#14516,#14517)) ;
#14532=EDGE_LOOP('',(#14533,#14534,#14535,#14536)) ;
#14551=EDGE_LOOP('',(#14552,#14553,#14554,#14555)) ;
#14568=EDGE_LOOP('',(#14569,#14570,#14571,#14572)) ;
#14575=EDGE_LOOP('',(#14576,#14577,#14578,#14579)) ;
#14601=EDGE_LOOP('',(#14602,#14603)) ;
#14658=EDGE_LOOP('',(#14659,#14660,#14661,#14662,#14663,#14664,#14665,#14666)) ;
#14686=EDGE_LOOP('',(#14687,#14688,#14689,#14690)) ;
#14710=EDGE_LOOP('',(#14711,#14712,#14713,#14714)) ;
#14734=EDGE_LOOP('',(#14735,#14736,#14737,#14738)) ;
#14758=EDGE_LOOP('',(#14759,#14760,#14761,#14762)) ;
#14782=EDGE_LOOP('',(#14783,#14784,#14785,#14786)) ;
#14806=EDGE_LOOP('',(#14807,#14808,#14809,#14810)) ;
#14828=EDGE_LOOP('',(#14829,#14830,#14831,#14832)) ;
#14859=EDGE_LOOP('',(#14860,#14861,#14862,#14863,#14864,#14865,#14866,#14867,#14868,#14869,#14870,#14871)) ;
#14887=EDGE_LOOP('',(#14888,#14889)) ;
#14907=EDGE_LOOP('',(#14908,#14909,#14910,#14911)) ;
#14919=EDGE_LOOP('',(#14920,#14921,#14922,#14923,#14924,#14925,#14926,#14927)) ;
#14930=EDGE_LOOP('',(#14931,#14932)) ;
#14959=EDGE_LOOP('',(#14960,#14961,#14962,#14963)) ;
#14971=EDGE_LOOP('',(#14972,#14973,#14974,#14975)) ;
#14993=EDGE_LOOP('',(#14994,#14995,#14996,#14997)) ;
#15005=EDGE_LOOP('',(#15006,#15007,#15008,#15009)) ;
#15071=EDGE_LOOP('',(#15072,#15073,#15074,#15075)) ;
#15102=EDGE_LOOP('',(#15103,#15104,#15105,#15106)) ;
#15133=EDGE_LOOP('',(#15134,#15135,#15136,#15137)) ;
#15187=EDGE_LOOP('',(#15188,#15189,#15190,#15191,#15192,#15193)) ;
#15239=EDGE_LOOP('',(#15240,#15241,#15242,#15243,#15244,#15245,#15246,#15247,#15248,#15249)) ;
#15269=EDGE_LOOP('',(#15270,#15271,#15272,#15273)) ;
#15331=EDGE_LOOP('',(#15332,#15333,#15334,#15335,#15336,#15337,#15338,#15339)) ;
#15375=EDGE_LOOP('',(#15376,#15377,#15378,#15379)) ;
#15406=EDGE_LOOP('',(#15407,#15408,#15409,#15410)) ;
#15437=EDGE_LOOP('',(#15438,#15439,#15440,#15441)) ;
#15468=EDGE_LOOP('',(#15469,#15470,#15471,#15472)) ;
#15499=EDGE_LOOP('',(#15500,#15501,#15502,#15503)) ;
#15530=EDGE_LOOP('',(#15531,#15532,#15533,#15534)) ;
#15561=EDGE_LOOP('',(#15562,#15563,#15564,#15565)) ;
#15583=EDGE_LOOP('',(#15584,#15585,#15586,#15587)) ;
#15635=EDGE_LOOP('',(#15636,#15637,#15638,#15639,#15640,#15641,#15642,#15643,#15644,#15645)) ;
#15681=EDGE_LOOP('',(#15682,#15683,#15684,#15685)) ;
#15698=EDGE_LOOP('',(#15699,#15700,#15701,#15702)) ;
#15738=EDGE_LOOP('',(#15739,#15740,#15741,#15742,#15743,#15744)) ;
#15752=EDGE_LOOP('',(#15753,#15754,#15755,#15756,#15757,#15758,#15759,#15760)) ;
#15776=EDGE_LOOP('',(#15777,#15778)) ;
#15800=EDGE_LOOP('',(#15801,#15802)) ;
#15804=EDGE_LOOP('',(#15805,#15806)) ;
#15824=EDGE_LOOP('',(#15825,#15826,#15827,#15828)) ;
#15831=EDGE_LOOP('',(#15832,#15833,#15834,#15835)) ;
#15848=EDGE_LOOP('',(#15849,#15850,#15851,#15852)) ;
#15860=EDGE_LOOP('',(#15861,#15862,#15863,#15864)) ;
#15877=EDGE_LOOP('',(#15878,#15879,#15880,#15881)) ;
#15908=EDGE_LOOP('',(#15909,#15910,#15911,#15912,#15913,#15914,#15915,#15916)) ;
#15936=EDGE_LOOP('',(#15937,#15938,#15939,#15940)) ;
#15960=EDGE_LOOP('',(#15961,#15962,#15963,#15964)) ;
#15984=EDGE_LOOP('',(#15985,#15986,#15987,#15988)) ;
#16008=EDGE_LOOP('',(#16009,#16010,#16011,#16012)) ;
#16032=EDGE_LOOP('',(#16033,#16034,#16035,#16036)) ;
#16056=EDGE_LOOP('',(#16057,#16058,#16059,#16060)) ;
#16073=EDGE_LOOP('',(#16074,#16075,#16076,#16077,#16078,#16079,#16080,#16081)) ;
#16083=EDGE_LOOP('',(#16084,#16085,#16086,#16087,#16088,#16089,#16090,#16091)) ;
#16135=EDGE_LOOP('',(#16136,#16137,#16138,#16139,#16140,#16141)) ;
#16185=EDGE_LOOP('',(#16186,#16187,#16188,#16189,#16190,#16191)) ;
#16207=EDGE_LOOP('',(#16208,#16209)) ;
#16225=EDGE_LOOP('',(#16226,#16227)) ;
#16235=EDGE_LOOP('',(#16236,#16237,#16238,#16239,#16240,#16241,#16242,#16243)) ;
#16270=EDGE_LOOP('',(#16271,#16272,#16273,#16274)) ;
#16294=EDGE_LOOP('',(#16295,#16296,#16297,#16298)) ;
#16318=EDGE_LOOP('',(#16319,#16320,#16321,#16322)) ;
#16342=EDGE_LOOP('',(#16343,#16344,#16345,#16346)) ;
#16366=EDGE_LOOP('',(#16367,#16368,#16369,#16370)) ;
#16390=EDGE_LOOP('',(#16391,#16392,#16393,#16394)) ;
#16414=EDGE_LOOP('',(#16415,#16416,#16417,#16418)) ;
#16431=EDGE_LOOP('',(#16432,#16433,#16434,#16435)) ;
#16443=EDGE_LOOP('',(#16444,#16445,#16446,#16447,#16448,#16449,#16450,#16451)) ;
#16467=EDGE_LOOP('',(#16468,#16469)) ;
#16515=EDGE_LOOP('',(#16516,#16517)) ;
#16519=EDGE_LOOP('',(#16520,#16521)) ;
#16539=EDGE_LOOP('',(#16540,#16541,#16542,#16543)) ;
#16546=EDGE_LOOP('',(#16547,#16548,#16549,#16550)) ;
#16577=EDGE_LOOP('',(#16578,#16579,#16580,#16581)) ;
#16601=EDGE_LOOP('',(#16602,#16603,#16604,#16605)) ;
#16625=EDGE_LOOP('',(#16626,#16627,#16628,#16629)) ;
#16649=EDGE_LOOP('',(#16650,#16651,#16652,#16653)) ;
#16673=EDGE_LOOP('',(#16674,#16675,#16676,#16677)) ;
#16690=EDGE_LOOP('',(#16691,#16692,#16693,#16694)) ;
#16702=EDGE_LOOP('',(#16703,#16704,#16705,#16706,#16707,#16708)) ;
#16730=EDGE_LOOP('',(#16731,#16732,#16733,#16734)) ;
#16754=EDGE_LOOP('',(#16755,#16756,#16757,#16758)) ;
#16778=EDGE_LOOP('',(#16779,#16780,#16781,#16782)) ;
#16802=EDGE_LOOP('',(#16803,#16804,#16805,#16806)) ;
#16821=EDGE_LOOP('',(#16822,#16823,#16824,#16825)) ;
#16838=EDGE_LOOP('',(#16839,#16840,#16841,#16842)) ;
#16845=EDGE_LOOP('',(#16846,#16847,#16848,#16849,#16850,#16851)) ;
#16878=EDGE_LOOP('',(#16879,#16880,#16881,#16882)) ;
#16890=EDGE_LOOP('',(#16891,#16892,#16893,#16894)) ;
#16902=EDGE_LOOP('',(#16903,#16904)) ;
#16931=EDGE_LOOP('',(#16932,#16933,#16934,#16935)) ;
#16943=EDGE_LOOP('',(#16944,#16945,#16946,#16947)) ;
#16950=EDGE_LOOP('',(#16951,#16952)) ;
#17022=EDGE_LOOP('',(#17023,#17024,#17025,#17026)) ;
#17039=EDGE_LOOP('',(#17040,#17041,#17042,#17043)) ;
#17051=EDGE_LOOP('',(#17052,#17053)) ;
#17069=EDGE_LOOP('',(#17070,#17071)) ;
#17093=EDGE_LOOP('',(#17094,#17095)) ;
#17097=EDGE_LOOP('',(#17098,#17099)) ;
#17126=EDGE_LOOP('',(#17127,#17128,#17129,#17130)) ;
#17138=EDGE_LOOP('',(#17139,#17140,#17141,#17142)) ;
#17150=EDGE_LOOP('',(#17151,#17152)) ;
#17168=EDGE_LOOP('',(#17169,#17170)) ;
#17197=EDGE_LOOP('',(#17198,#17199,#17200,#17201)) ;
#17209=EDGE_LOOP('',(#17210,#17211,#17212,#17213)) ;
#17249=EDGE_LOOP('',(#17250,#17251,#17252,#17253)) ;
#17266=EDGE_LOOP('',(#17267,#17268,#17269,#17270)) ;
#17278=EDGE_LOOP('',(#17279,#17280)) ;
#17296=EDGE_LOOP('',(#17297,#17298)) ;
#17315=EDGE_LOOP('',(#17316,#17317)) ;
#17319=EDGE_LOOP('',(#17320,#17321)) ;
#17348=EDGE_LOOP('',(#17349,#17350,#17351,#17352)) ;
#17365=EDGE_LOOP('',(#17366,#17367,#17368,#17369)) ;
#17396=EDGE_LOOP('',(#17397,#17398,#17399,#17400)) ;
#17408=EDGE_LOOP('',(#17409,#17410,#17411,#17412)) ;
#17439=EDGE_LOOP('',(#17440,#17441,#17442,#17443)) ;
#17451=EDGE_LOOP('',(#17452,#17453,#17454,#17455)) ;
#17477=EDGE_LOOP('',(#17478,#17479)) ;
#17481=EDGE_LOOP('',(#17482,#17483)) ;
#17491=EDGE_LOOP('',(#17492,#17493)) ;
#17495=EDGE_LOOP('',(#17496,#17497)) ;
#17524=EDGE_LOOP('',(#17525,#17526,#17527,#17528)) ;
#17541=EDGE_LOOP('',(#17542,#17543,#17544,#17545)) ;
#17572=EDGE_LOOP('',(#17573,#17574,#17575,#17576)) ;
#17584=EDGE_LOOP('',(#17585,#17586,#17587,#17588)) ;
#17596=EDGE_LOOP('',(#17597,#17598)) ;
#17614=EDGE_LOOP('',(#17615,#17616)) ;
#17643=EDGE_LOOP('',(#17644,#17645,#17646,#17647)) ;
#17655=EDGE_LOOP('',(#17656,#17657,#17658,#17659)) ;
#17677=EDGE_LOOP('',(#17678,#17679,#17680,#17681)) ;
#17684=EDGE_LOOP('',(#17685,#17686,#17687,#17688)) ;
#3481=ADVANCED_BREP_SHAPE_REPRESENTATION('NONE',(#59),#52) ;
#4630=ADVANCED_BREP_SHAPE_REPRESENTATION('NONE',(#3504),#3497) ;
#5706=ADVANCED_BREP_SHAPE_REPRESENTATION('NONE',(#4653),#4646) ;
#9635=ADVANCED_BREP_SHAPE_REPRESENTATION('NONE',(#5729),#5722) ;
#10378=ADVANCED_BREP_SHAPE_REPRESENTATION('NONE',(#9666),#9659) ;
#10693=ADVANCED_BREP_SHAPE_REPRESENTATION('NONE',(#10422,#10695,#10877),#10415) ;
#13930=ADVANCED_BREP_SHAPE_REPRESENTATION('NONE',(#11014),#11007) ;
#15012=ADVANCED_BREP_SHAPE_REPRESENTATION('NONE',(#13966),#13959) ;
#16955=ADVANCED_BREP_SHAPE_REPRESENTATION('NONE',(#15035),#15028) ;
#17691=ADVANCED_BREP_SHAPE_REPRESENTATION('NONE',(#16986),#16979) ;
#108=ADVANCED_FACE('Base_Plate',(#107),#73,.T.) ;
#139=ADVANCED_FACE('Base_Plate',(#138),#113,.T.) ;
#170=ADVANCED_FACE('Base_Plate',(#169),#144,.T.) ;
#251=ADVANCED_FACE('Base_Plate',(#250),#175,.T.) ;
#275=ADVANCED_FACE('Base_Plate',(#274),#256,.F.) ;
#299=ADVANCED_FACE('Base_Plate',(#298),#280,.T.) ;
#323=ADVANCED_FACE('Base_Plate',(#322),#304,.F.) ;
#342=ADVANCED_FACE('Base_Plate',(#341),#73,.T.) ;
#366=ADVANCED_FACE('Base_Plate',(#365),#347,.T.) ;
#385=ADVANCED_FACE('Base_Plate',(#384),#256,.F.) ;
#404=ADVANCED_FACE('Base_Plate',(#403),#304,.F.) ;
#428=ADVANCED_FACE('Base_Plate',(#427),#409,.T.) ;
#440=ADVANCED_FACE('Base_Plate',(#439),#144,.T.) ;
#738=ADVANCED_FACE('Base_Plate',(#511,#525,#719,#737),#445,.T.) ;
#778=ADVANCED_FACE('Base_Plate',(#777),#743,.F.) ;
#800=ADVANCED_FACE('Base_Plate',(#799),#783,.F.) ;
#828=ADVANCED_FACE('Base_Plate',(#823,#827),#805,.F.) ;
#859=ADVANCED_FACE('Base_Plate',(#858),#833,.F.) ;
#871=ADVANCED_FACE('Base_Plate',(#870),#833,.F.) ;
#911=ADVANCED_FACE('Base_Plate',(#910),#876,.T.) ;
#942=ADVANCED_FACE('Base_Plate',(#941),#916,.F.) ;
#973=ADVANCED_FACE('Base_Plate',(#972),#947,.T.) ;
#1004=ADVANCED_FACE('Base_Plate',(#1003),#978,.T.) ;
#1035=ADVANCED_FACE('Base_Plate',(#1034),#1009,.T.) ;
#1066=ADVANCED_FACE('Base_Plate',(#1065),#1040,.F.) ;
#1097=ADVANCED_FACE('Base_Plate',(#1096),#1071,.T.) ;
#1119=ADVANCED_FACE('Base_Plate',(#1118),#1102,.T.) ;
#1255=ADVANCED_FACE('Base_Plate',(#1134,#1200,#1218,#1236,#1254),#1124,.F.) ;
#1277=ADVANCED_FACE('Base_Plate',(#1276),#1260,.F.) ;
#1294=ADVANCED_FACE('Base_Plate',(#1293),#1282,.T.) ;
#1311=ADVANCED_FACE('Base_Plate',(#1310),#1299,.T.) ;
#1328=ADVANCED_FACE('Base_Plate',(#1327),#1316,.T.) ;
#1345=ADVANCED_FACE('Base_Plate',(#1344),#1333,.F.) ;
#1362=ADVANCED_FACE('Base_Plate',(#1361),#1350,.T.) ;
#1379=ADVANCED_FACE('Base_Plate',(#1378),#1367,.T.) ;
#1391=ADVANCED_FACE('Base_Plate',(#1390),#1384,.T.) ;
#1422=ADVANCED_FACE('Base_Plate',(#1421),#1396,.T.) ;
#1434=ADVANCED_FACE('Base_Plate',(#1433),#1396,.T.) ;
#1476=ADVANCED_FACE('Base_Plate',(#1457,#1475),#1439,.T.) ;
#1518=ADVANCED_FACE('Base_Plate',(#1499,#1517),#1481,.T.) ;
#1549=ADVANCED_FACE('Base_Plate',(#1548),#1523,.F.) ;
#1561=ADVANCED_FACE('Base_Plate',(#1560),#1523,.F.) ;
#1592=ADVANCED_FACE('Base_Plate',(#1591),#1566,.T.) ;
#1604=ADVANCED_FACE('Base_Plate',(#1603),#1566,.T.) ;
#1626=ADVANCED_FACE('Base_Plate',(#1625),#1609,.T.) ;
#1633=ADVANCED_FACE('Base_Plate',(#1632),#1609,.T.) ;
#1664=ADVANCED_FACE('Base_Plate',(#1663),#1638,.T.) ;
#1676=ADVANCED_FACE('Base_Plate',(#1675),#1638,.T.) ;
#1707=ADVANCED_FACE('Base_Plate',(#1706),#1681,.F.) ;
#1719=ADVANCED_FACE('Base_Plate',(#1718),#1681,.F.) ;
#1759=ADVANCED_FACE('Base_Plate',(#1758),#1724,.T.) ;
#1790=ADVANCED_FACE('Base_Plate',(#1789),#1764,.T.) ;
#1821=ADVANCED_FACE('Base_Plate',(#1820),#1795,.F.) ;
#1852=ADVANCED_FACE('Base_Plate',(#1851),#1826,.T.) ;
#1883=ADVANCED_FACE('Base_Plate',(#1882),#1857,.F.) ;
#1914=ADVANCED_FACE('Base_Plate',(#1913),#1888,.F.) ;
#1945=ADVANCED_FACE('Base_Plate',(#1944),#1919,.T.) ;
#1976=ADVANCED_FACE('Base_Plate',(#1975),#1950,.F.) ;
#2007=ADVANCED_FACE('Base_Plate',(#2006),#1981,.F.) ;
#2038=ADVANCED_FACE('Base_Plate',(#2037),#2012,.T.) ;
#2064=ADVANCED_FACE('Base_Plate',(#2063),#1795,.F.) ;
#2095=ADVANCED_FACE('Base_Plate',(#2094),#2069,.T.) ;
#2126=ADVANCED_FACE('Base_Plate',(#2125),#2100,.T.) ;
#2157=ADVANCED_FACE('Base_Plate',(#2156),#2131,.T.) ;
#2188=ADVANCED_FACE('Base_Plate',(#2187),#2162,.F.) ;
#2219=ADVANCED_FACE('Base_Plate',(#2218),#2193,.T.) ;
#2245=ADVANCED_FACE('Base_Plate',(#2244),#1981,.F.) ;
#2276=ADVANCED_FACE('Base_Plate',(#2275),#2250,.F.) ;
#2307=ADVANCED_FACE('Base_Plate',(#2306),#2281,.F.) ;
#2338=ADVANCED_FACE('Base_Plate',(#2337),#2312,.F.) ;
#2364=ADVANCED_FACE('Base_Plate',(#2363),#1857,.F.) ;
#2395=ADVANCED_FACE('Base_Plate',(#2394),#2369,.T.) ;
#2426=ADVANCED_FACE('Base_Plate',(#2425),#2400,.T.) ;
#2443=ADVANCED_FACE('Base_Plate',(#2442),#2162,.F.) ;
#2479=ADVANCED_FACE('Base_Plate',(#2474,#2478),#2448,.F.) ;
#2510=ADVANCED_FACE('Base_Plate',(#2509),#2484,.F.) ;
#2534=ADVANCED_FACE('Base_Plate',(#2533),#2515,.F.) ;
#2558=ADVANCED_FACE('Base_Plate',(#2557),#2539,.T.) ;
#2582=ADVANCED_FACE('Base_Plate',(#2581),#2563,.F.) ;
#2606=ADVANCED_FACE('Base_Plate',(#2605),#2587,.T.) ;
#2630=ADVANCED_FACE('Base_Plate',(#2629),#2611,.F.) ;
#2654=ADVANCED_FACE('Base_Plate',(#2653),#2635,.F.) ;
#2671=ADVANCED_FACE('Base_Plate',(#2670),#2659,.F.) ;
#2711=ADVANCED_FACE('Base_Plate',(#2710),#2676,.F.) ;
#2728=ADVANCED_FACE('Base_Plate',(#2727),#2676,.F.) ;
#2742=ADVANCED_FACE('Base_Plate',(#2737,#2741),#2733,.T.) ;
#2768=ADVANCED_FACE('Base_Plate',(#2767),#1857,.T.) ;
#2792=ADVANCED_FACE('Base_Plate',(#2791),#2773,.T.) ;
#2811=ADVANCED_FACE('Base_Plate',(#2810),#1919,.F.) ;
#2835=ADVANCED_FACE('Base_Plate',(#2834),#2816,.T.) ;
#2854=ADVANCED_FACE('Base_Plate',(#2853),#1981,.T.) ;
#2878=ADVANCED_FACE('Base_Plate',(#2877),#2859,.F.) ;
#2897=ADVANCED_FACE('Base_Plate',(#2896),#1795,.T.) ;
#2921=ADVANCED_FACE('Base_Plate',(#2920),#2902,.F.) ;
#2940=ADVANCED_FACE('Base_Plate',(#2939),#2100,.F.) ;
#2964=ADVANCED_FACE('Base_Plate',(#2963),#2945,.F.) ;
#2983=ADVANCED_FACE('Base_Plate',(#2982),#2162,.T.) ;
#3007=ADVANCED_FACE('Base_Plate',(#3006),#2988,.F.) ;
#3026=ADVANCED_FACE('Base_Plate',(#3025),#1981,.T.) ;
#3050=ADVANCED_FACE('Base_Plate',(#3049),#3031,.T.) ;
#3069=ADVANCED_FACE('Base_Plate',(#3068),#2281,.T.) ;
#3093=ADVANCED_FACE('Base_Plate',(#3092),#3074,.F.) ;
#3112=ADVANCED_FACE('Base_Plate',(#3111),#1795,.T.) ;
#3195=ADVANCED_FACE('Base_Plate',(#3190,#3194),#3117,.T.) ;
#3212=ADVANCED_FACE('Base_Plate',(#3211),#3200,.T.) ;
#3224=ADVANCED_FACE('Base_Plate',(#3223),#1857,.T.) ;
#3241=ADVANCED_FACE('Base_Plate',(#3240),#3229,.F.) ;
#3253=ADVANCED_FACE('Base_Plate',(#3252),#1724,.F.) ;
#3270=ADVANCED_FACE('Base_Plate',(#3269),#3258,.F.) ;
#3287=ADVANCED_FACE('Base_Plate',(#3286),#3275,.F.) ;
#3294=ADVANCED_FACE('Base_Plate',(#3293),#2162,.T.) ;
#3336=ADVANCED_FACE('Base_Plate',(#3309,#3335),#3299,.F.) ;
#3350=ADVANCED_FACE('Base_Plate',(#3345,#3349),#3341,.T.) ;
#3372=ADVANCED_FACE('Base_Plate',(#3371),#3355,.F.) ;
#3379=ADVANCED_FACE('Base_Plate',(#3378),#3355,.F.) ;
#3410=ADVANCED_FACE('Base_Plate',(#3409),#3384,.F.) ;
#3422=ADVANCED_FACE('Base_Plate',(#3421),#3384,.F.) ;
#3432=ADVANCED_FACE('Base_Plate',(#3431),#3427,.F.) ;
#3463=ADVANCED_FACE('Base_Plate',(#3462),#3437,.F.) ;
#3475=ADVANCED_FACE('Base_Plate',(#3474),#3437,.F.) ;
#3480=ADVANCED_FACE('Base_Plate',(#3479),#3427,.F.) ;
#3603=ADVANCED_FACE('Terminal',(#3584,#3602),#3518,.T.) ;
#3634=ADVANCED_FACE('Terminal',(#3633),#3608,.T.) ;
#3658=ADVANCED_FACE('Terminal',(#3657),#3639,.T.) ;
#3682=ADVANCED_FACE('Terminal',(#3681),#3663,.T.) ;
#3706=ADVANCED_FACE('Terminal',(#3705),#3687,.T.) ;
#3730=ADVANCED_FACE('Terminal',(#3729),#3711,.T.) ;
#3754=ADVANCED_FACE('Terminal',(#3753),#3735,.T.) ;
#3778=ADVANCED_FACE('Terminal',(#3777),#3759,.T.) ;
#3795=ADVANCED_FACE('Terminal',(#3794),#3783,.T.) ;
#3819=ADVANCED_FACE('Terminal',(#3818),#3800,.F.) ;
#3838=ADVANCED_FACE('Terminal',(#3837),#3800,.F.) ;
#3878=ADVANCED_FACE('Terminal',(#3877),#3843,.F.) ;
#3895=ADVANCED_FACE('Terminal',(#3894),#3843,.F.) ;
#3926=ADVANCED_FACE('Terminal',(#3925),#3900,.F.) ;
#3938=ADVANCED_FACE('Terminal',(#3937),#3900,.F.) ;
#3966=ADVANCED_FACE('Terminal',(#3947,#3965),#3943,.F.) ;
#3980=ADVANCED_FACE('Terminal',(#3975,#3979),#3971,.F.) ;
#4011=ADVANCED_FACE('Terminal',(#4010),#3985,.T.) ;
#4042=ADVANCED_FACE('Terminal',(#4041),#4016,.T.) ;
#4059=ADVANCED_FACE('Terminal',(#4058),#4047,.T.) ;
#4090=ADVANCED_FACE('Terminal',(#4089),#4064,.T.) ;
#4114=ADVANCED_FACE('Terminal',(#4113),#4095,.T.) ;
#4138=ADVANCED_FACE('Terminal',(#4137),#4119,.T.) ;
#4170=ADVANCED_FACE('Terminal',(#4169),#4143,.T.) ;
#4202=ADVANCED_FACE('Terminal',(#4201),#4175,.T.) ;
#4233=ADVANCED_FACE('Terminal',(#4232),#4207,.T.) ;
#4257=ADVANCED_FACE('Terminal',(#4256),#4238,.T.) ;
#4281=ADVANCED_FACE('Terminal',(#4280),#4262,.T.) ;
#4314=ADVANCED_FACE('Terminal',(#4313),#4286,.T.) ;
#4347=ADVANCED_FACE('Terminal',(#4346),#4319,.T.) ;
#4374=ADVANCED_FACE('Terminal',(#4373),#4352,.F.) ;
#4401=ADVANCED_FACE('Terminal',(#4400),#4379,.F.) ;
#4432=ADVANCED_FACE('Terminal',(#4431),#4406,.T.) ;
#4456=ADVANCED_FACE('Terminal',(#4455),#4437,.T.) ;
#4480=ADVANCED_FACE('Terminal',(#4479),#4461,.T.) ;
#4497=ADVANCED_FACE('Terminal',(#4496),#4485,.T.) ;
#4514=ADVANCED_FACE('Terminal',(#4513),#4502,.T.) ;
#4545=ADVANCED_FACE('Terminal',(#4544),#4519,.F.) ;
#4557=ADVANCED_FACE('Terminal',(#4556),#4519,.F.) ;
#4595=ADVANCED_FACE('Terminal',(#4576,#4594),#4562,.F.) ;
#4617=ADVANCED_FACE('Terminal',(#4616),#4600,.F.) ;
#4629=ADVANCED_FACE('Terminal',(#4628),#4622,.F.) ;
#4816=ADVANCED_FACE('UpperGasket_CA',(#4797,#4815),#4667,.F.) ;
#4954=ADVANCED_FACE('UpperGasket_CA',(#4887,#4953),#4821,.T.) ;
#4976=ADVANCED_FACE('UpperGasket_CA',(#4975),#4959,.F.) ;
#4993=ADVANCED_FACE('UpperGasket_CA',(#4992),#4981,.T.) ;
#5010=ADVANCED_FACE('UpperGasket_CA',(#5009),#4998,.T.) ;
#5050=ADVANCED_FACE('UpperGasket_CA',(#5049),#5015,.T.) ;
#5067=ADVANCED_FACE('UpperGasket_CA',(#5066),#5055,.T.) ;
#5084=ADVANCED_FACE('UpperGasket_CA',(#5083),#5072,.F.) ;
#5101=ADVANCED_FACE('UpperGasket_CA',(#5100),#5089,.T.) ;
#5136=ADVANCED_FACE('UpperGasket_CA',(#5135),#5106,.T.) ;
#5167=ADVANCED_FACE('UpperGasket_CA',(#5166),#5141,.F.) ;
#5184=ADVANCED_FACE('UpperGasket_CA',(#5183),#5172,.T.) ;
#5201=ADVANCED_FACE('UpperGasket_CA',(#5200),#5189,.T.) ;
#5213=ADVANCED_FACE('UpperGasket_CA',(#5212),#5206,.F.) ;
#5232=ADVANCED_FACE('UpperGasket_CA',(#5231),#5189,.T.) ;
#5251=ADVANCED_FACE('UpperGasket_CA',(#5250),#5172,.T.) ;
#5268=ADVANCED_FACE('UpperGasket_CA',(#5267),#5256,.T.) ;
#5275=ADVANCED_FACE('UpperGasket_CA',(#5274),#5206,.F.) ;
#5299=ADVANCED_FACE('UpperGasket_CA',(#5298),#5280,.T.) ;
#5362=ADVANCED_FACE('UpperGasket_CA',(#5361),#5304,.T.) ;
#5386=ADVANCED_FACE('UpperGasket_CA',(#5385),#5367,.F.) ;
#5410=ADVANCED_FACE('UpperGasket_CA',(#5409),#5391,.F.) ;
#5434=ADVANCED_FACE('UpperGasket_CA',(#5433),#5415,.T.) ;
#5458=ADVANCED_FACE('UpperGasket_CA',(#5457),#5439,.F.) ;
#5482=ADVANCED_FACE('UpperGasket_CA',(#5481),#5463,.T.) ;
#5506=ADVANCED_FACE('UpperGasket_CA',(#5505),#5487,.F.) ;
#5528=ADVANCED_FACE('UpperGasket_CA',(#5527),#5511,.T.) ;
#5585=ADVANCED_FACE('UpperGasket_CA',(#5566,#5584),#5533,.T.) ;
#5607=ADVANCED_FACE('UpperGasket_CA',(#5606),#5590,.T.) ;
#5623=ADVANCED_FACE('UpperGasket_CA',(#5622),#5612,.T.) ;
#5628=ADVANCED_FACE('UpperGasket_CA',(#5627),#5280,.T.) ;
#5659=ADVANCED_FACE('UpperGasket_CA',(#5658),#5633,.F.) ;
#5671=ADVANCED_FACE('UpperGasket_CA',(#5670),#5633,.F.) ;
#5693=ADVANCED_FACE('UpperGasket_CA',(#5692),#5676,.F.) ;
#5705=ADVANCED_FACE('UpperGasket_CA',(#5704),#5698,.F.) ;
#5778=ADVANCED_FACE('Top_Insulator',(#5777),#5743,.F.) ;
#5809=ADVANCED_FACE('Top_Insulator',(#5808),#5783,.T.) ;
#5840=ADVANCED_FACE('Top_Insulator',(#5839),#5814,.T.) ;
#5896=ADVANCED_FACE('Top_Insulator',(#5895),#5845,.F.) ;
#5952=ADVANCED_FACE('Top_Insulator',(#5951),#5901,.F.) ;
#6236=ADVANCED_FACE('Top_Insulator',(#5975,#6169,#6235),#5957,.T.) ;
#6276=ADVANCED_FACE('Top_Insulator',(#6275),#6241,.F.) ;
#6307=ADVANCED_FACE('Top_Insulator',(#6306),#6281,.F.) ;
#6338=ADVANCED_FACE('Top_Insulator',(#6337),#6312,.F.) ;
#6369=ADVANCED_FACE('Top_Insulator',(#6368),#6343,.T.) ;
#6400=ADVANCED_FACE('Top_Insulator',(#6399),#6374,.F.) ;
#6431=ADVANCED_FACE('Top_Insulator',(#6430),#6405,.F.) ;
#6462=ADVANCED_FACE('Top_Insulator',(#6461),#6436,.F.) ;
#6484=ADVANCED_FACE('Top_Insulator',(#6483),#6467,.T.) ;
#6542=ADVANCED_FACE('Top_Insulator',(#6541),#6489,.F.) ;
#6582=ADVANCED_FACE('Top_Insulator',(#6581),#6547,.F.) ;
#6599=ADVANCED_FACE('Top_Insulator',(#6598),#6547,.F.) ;
#6641=ADVANCED_FACE('Top_Insulator',(#6640),#5845,.F.) ;
#6675=ADVANCED_FACE('Top_Insulator',(#6656,#6674),#6646,.T.) ;
#6703=ADVANCED_FACE('Top_Insulator',(#6698,#6702),#6680,.T.) ;
#6725=ADVANCED_FACE('Top_Insulator',(#6724),#6708,.T.) ;
#6732=ADVANCED_FACE('Top_Insulator',(#6731),#6708,.T.) ;
#6749=ADVANCED_FACE('Top_Insulator',(#6748),#5743,.F.) ;
#6761=ADVANCED_FACE('Top_Insulator',(#6760),#6754,.T.) ;
#6778=ADVANCED_FACE('Top_Insulator',(#6777),#6766,.T.) ;
#6813=ADVANCED_FACE('Top_Insulator',(#6812),#6783,.F.) ;
#6837=ADVANCED_FACE('Top_Insulator',(#6836),#6818,.T.) ;
#6861=ADVANCED_FACE('Top_Insulator',(#6860),#6842,.T.) ;
#6885=ADVANCED_FACE('Top_Insulator',(#6884),#6866,.F.) ;
#6909=ADVANCED_FACE('Top_Insulator',(#6908),#6890,.T.) ;
#6933=ADVANCED_FACE('Top_Insulator',(#6932),#6914,.F.) ;
#6957=ADVANCED_FACE('Top_Insulator',(#6956),#6938,.T.) ;
#7142=ADVANCED_FACE('Top_Insulator',(#6977,#6987,#7005,#7055,#7105,#7123,#7141),#6962,.T.) ;
#7158=ADVANCED_FACE('Top_Insulator',(#7157),#7147,.F.) ;
#7189=ADVANCED_FACE('Top_Insulator',(#7188),#7163,.F.) ;
#7213=ADVANCED_FACE('Top_Insulator',(#7212),#7194,.T.) ;
#7237=ADVANCED_FACE('Top_Insulator',(#7236),#7218,.T.) ;
#7261=ADVANCED_FACE('Top_Insulator',(#7260),#7242,.F.) ;
#7285=ADVANCED_FACE('Top_Insulator',(#7284),#7266,.T.) ;
#7309=ADVANCED_FACE('Top_Insulator',(#7308),#7290,.F.) ;
#7333=ADVANCED_FACE('Top_Insulator',(#7332),#7314,.T.) ;
#7350=ADVANCED_FACE('Top_Insulator',(#7349),#7338,.F.) ;
#7384=ADVANCED_FACE('Top_Insulator',(#7365,#7383),#7355,.T.) ;
#7426=ADVANCED_FACE('Top_Insulator',(#7407,#7425),#7389,.F.) ;
#7538=ADVANCED_FACE('Top_Insulator',(#7537),#7431,.T.) ;
#7636=ADVANCED_FACE('Top_Insulator',(#7635),#7543,.T.) ;
#7688=ADVANCED_FACE('Top_Insulator',(#7683,#7687),#7641,.T.) ;
#7710=ADVANCED_FACE('Top_Insulator',(#7709),#7693,.F.) ;
#7717=ADVANCED_FACE('Top_Insulator',(#7716),#7693,.F.) ;
#7748=ADVANCED_FACE('Top_Insulator',(#7747),#7722,.F.) ;
#7772=ADVANCED_FACE('Top_Insulator',(#7771),#7753,.F.) ;
#7796=ADVANCED_FACE('Top_Insulator',(#7795),#7777,.F.) ;
#7820=ADVANCED_FACE('Top_Insulator',(#7819),#7801,.F.) ;
#7844=ADVANCED_FACE('Top_Insulator',(#7843),#7825,.F.) ;
#7861=ADVANCED_FACE('Top_Insulator',(#7860),#7849,.F.) ;
#7875=ADVANCED_FACE('Top_Insulator',(#7874),#7866,.T.) ;
#7901=ADVANCED_FACE('Top_Insulator',(#7900),#7722,.F.) ;
#7925=ADVANCED_FACE('Top_Insulator',(#7924),#7906,.F.) ;
#7949=ADVANCED_FACE('Top_Insulator',(#7948),#7930,.T.) ;
#7973=ADVANCED_FACE('Top_Insulator',(#7972),#7954,.F.) ;
#7992=ADVANCED_FACE('Top_Insulator',(#7991),#7825,.F.) ;
#8009=ADVANCED_FACE('Top_Insulator',(#8008),#7997,.T.) ;
#8018=ADVANCED_FACE('Top_Insulator',(#8017),#7866,.T.) ;
#8049=ADVANCED_FACE('Top_Insulator',(#8048),#8023,.F.) ;
#8061=ADVANCED_FACE('Top_Insulator',(#8060),#8023,.F.) ;
#8093=ADVANCED_FACE('Top_Insulator',(#8092),#8066,.T.) ;
#8128=ADVANCED_FACE('Top_Insulator',(#8127),#8066,.T.) ;
#8155=ADVANCED_FACE('Top_Insulator',(#8154),#8066,.T.) ;
#8182=ADVANCED_FACE('Top_Insulator',(#8181),#8066,.T.) ;
#8217=ADVANCED_FACE('Top_Insulator',(#8216),#8066,.T.) ;
#8244=ADVANCED_FACE('Top_Insulator',(#8243),#8066,.T.) ;
#8284=ADVANCED_FACE('Top_Insulator',(#8283),#8249,.F.) ;
#8306=ADVANCED_FACE('Top_Insulator',(#8305),#8289,.F.) ;
#8358=ADVANCED_FACE('Top_Insulator',(#8357),#8311,.F.) ;
#8410=ADVANCED_FACE('Top_Insulator',(#8409),#8363,.F.) ;
#8428=ADVANCED_FACE('Top_Insulator',(#8427),#8415,.F.) ;
#8445=ADVANCED_FACE('Top_Insulator',(#8444),#8433,.T.) ;
#8480=ADVANCED_FACE('Top_Insulator',(#8479),#8249,.F.) ;
#8502=ADVANCED_FACE('Top_Insulator',(#8501),#8485,.F.) ;
#8547=ADVANCED_FACE('Top_Insulator',(#8546),#8507,.F.) ;
#8599=ADVANCED_FACE('Top_Insulator',(#8598),#8552,.F.) ;
#8616=ADVANCED_FACE('Top_Insulator',(#8615),#8604,.F.) ;
#8633=ADVANCED_FACE('Top_Insulator',(#8632),#8621,.T.) ;
#8668=ADVANCED_FACE('Top_Insulator',(#8667),#8249,.F.) ;
#8690=ADVANCED_FACE('Top_Insulator',(#8689),#8673,.F.) ;
#8735=ADVANCED_FACE('Top_Insulator',(#8734),#8695,.F.) ;
#8787=ADVANCED_FACE('Top_Insulator',(#8786),#8740,.F.) ;
#8804=ADVANCED_FACE('Top_Insulator',(#8803),#8792,.F.) ;
#8821=ADVANCED_FACE('Top_Insulator',(#8820),#8809,.T.) ;
#8856=ADVANCED_FACE('Top_Insulator',(#8855),#8249,.F.) ;
#8878=ADVANCED_FACE('Top_Insulator',(#8877),#8861,.F.) ;
#8923=ADVANCED_FACE('Top_Insulator',(#8922),#8883,.F.) ;
#8975=ADVANCED_FACE('Top_Insulator',(#8974),#8928,.F.) ;
#8993=ADVANCED_FACE('Top_Insulator',(#8992),#8980,.F.) ;
#9010=ADVANCED_FACE('Top_Insulator',(#9009),#8998,.T.) ;
#9045=ADVANCED_FACE('Top_Insulator',(#9044),#8249,.F.) ;
#9067=ADVANCED_FACE('Top_Insulator',(#9066),#9050,.F.) ;
#9112=ADVANCED_FACE('Top_Insulator',(#9111),#9072,.F.) ;
#9164=ADVANCED_FACE('Top_Insulator',(#9163),#9117,.F.) ;
#9181=ADVANCED_FACE('Top_Insulator',(#9180),#9169,.F.) ;
#9198=ADVANCED_FACE('Top_Insulator',(#9197),#9186,.T.) ;
#9233=ADVANCED_FACE('Top_Insulator',(#9232),#8249,.F.) ;
#9255=ADVANCED_FACE('Top_Insulator',(#9254),#9238,.F.) ;
#9300=ADVANCED_FACE('Top_Insulator',(#9299),#9260,.F.) ;
#9345=ADVANCED_FACE('Top_Insulator',(#9344),#9305,.F.) ;
#9362=ADVANCED_FACE('Top_Insulator',(#9361),#9350,.F.) ;
#9379=ADVANCED_FACE('Top_Insulator',(#9378),#9367,.T.) ;
#9423=ADVANCED_FACE('Top_Insulator',(#9404,#9422),#9384,.T.) ;
#9445=ADVANCED_FACE('Top_Insulator',(#9444),#9428,.F.) ;
#9452=ADVANCED_FACE('Top_Insulator',(#9451),#9428,.F.) ;
#9495=ADVANCED_FACE('Top_Insulator',(#9494),#9457,.F.) ;
#9519=ADVANCED_FACE('Top_Insulator',(#9518),#9457,.F.) ;
#9533=ADVANCED_FACE('Top_Insulator',(#9528,#9532),#9524,.T.) ;
#9564=ADVANCED_FACE('Top_Insulator',(#9563),#9538,.T.) ;
#9576=ADVANCED_FACE('Top_Insulator',(#9575),#9538,.T.) ;
#9586=ADVANCED_FACE('Top_Insulator',(#9585),#9581,.T.) ;
#9617=ADVANCED_FACE('Top_Insulator',(#9616),#9591,.T.) ;
#9629=ADVANCED_FACE('Top_Insulator',(#9628),#9591,.T.) ;
#9634=ADVANCED_FACE('Top_Insulator',(#9633),#9581,.T.) ;
#9715=ADVANCED_FACE('Rivet_CA(Show_Only)',(#9714),#9680,.F.) ;
#9732=ADVANCED_FACE('Rivet_CA(Show_Only)',(#9731),#9680,.F.) ;
#9760=ADVANCED_FACE('Rivet_CA(Show_Only)',(#9741,#9759),#9737,.T.) ;
#9788=ADVANCED_FACE('Rivet_CA(Show_Only)',(#9783,#9787),#9765,.T.) ;
#9819=ADVANCED_FACE('Rivet_CA(Show_Only)',(#9818),#9793,.T.) ;
#9831=ADVANCED_FACE('Rivet_CA(Show_Only)',(#9830),#9793,.T.) ;
#9859=ADVANCED_FACE('Rivet_CA(Show_Only)',(#9840,#9858),#9836,.F.) ;
#9890=ADVANCED_FACE('Rivet_CA(Show_Only)',(#9889),#9864,.T.) ;
#9902=ADVANCED_FACE('Rivet_CA(Show_Only)',(#9901),#9864,.T.) ;
#9942=ADVANCED_FACE('Rivet_CA(Show_Only)',(#9941),#9907,.T.) ;
#9959=ADVANCED_FACE('Rivet_CA(Show_Only)',(#9958),#9907,.T.) ;
#9987=ADVANCED_FACE('Rivet_CA(Show_Only)',(#9968,#9986),#9964,.T.) ;
#10010=ADVANCED_FACE('Rivet_CA(Show_Only)',(#10005,#10009),#9964,.T.) ;
#10041=ADVANCED_FACE('Rivet_CA(Show_Only)',(#10040),#10015,.F.) ;
#10058=ADVANCED_FACE('Rivet_CA(Show_Only)',(#10057),#10046,.F.) ;
#10089=ADVANCED_FACE('Rivet_CA(Show_Only)',(#10088),#10063,.T.) ;
#10101=ADVANCED_FACE('Rivet_CA(Show_Only)',(#10100),#10063,.T.) ;
#10132=ADVANCED_FACE('Rivet_CA(Show_Only)',(#10131),#10106,.T.) ;
#10144=ADVANCED_FACE('Rivet_CA(Show_Only)',(#10143),#10106,.T.) ;
#10172=ADVANCED_FACE('Rivet_CA(Show_Only)',(#10167,#10171),#10149,.T.) ;
#10186=ADVANCED_FACE('Rivet_CA(Show_Only)',(#10181,#10185),#10177,.T.) ;
#10217=ADVANCED_FACE('Rivet_CA(Show_Only)',(#10216),#10191,.T.) ;
#10234=ADVANCED_FACE('Rivet_CA(Show_Only)',(#10233),#10222,.T.) ;
#10265=ADVANCED_FACE('Rivet_CA(Show_Only)',(#10264),#10239,.T.) ;
#10277=ADVANCED_FACE('Rivet_CA(Show_Only)',(#10276),#10239,.T.) ;
#10305=ADVANCED_FACE('Rivet_CA(Show_Only)',(#10286,#10304),#10282,.F.) ;
#10336=ADVANCED_FACE('Rivet_CA(Show_Only)',(#10335),#10310,.F.) ;
#10348=ADVANCED_FACE('Rivet_CA(Show_Only)',(#10347),#10310,.F.) ;
#10370=ADVANCED_FACE('Rivet_CA(Show_Only)',(#10369),#10353,.F.) ;
#10377=ADVANCED_FACE('Rivet_CA(Show_Only)',(#10376),#10353,.F.) ;
#10521=ADVANCED_FACE('SealingGasket_Forcible(Show_Only)',(#10478,#10520),#10436,.F.) ;
#10552=ADVANCED_FACE('SealingGasket_Forcible(Show_Only)',(#10551),#10526,.T.) ;
#10564=ADVANCED_FACE('SealingGasket_Forcible(Show_Only)',(#10563),#10526,.T.) ;
#10595=ADVANCED_FACE('SealingGasket_Forcible(Show_Only)',(#10594),#10569,.F.) ;
#10607=ADVANCED_FACE('SealingGasket_Forcible(Show_Only)',(#10606),#10569,.F.) ;
#10635=ADVANCED_FACE('SealingGasket_Forcible(Show_Only)',(#10630,#10634),#10612,.T.) ;
#10666=ADVANCED_FACE('SealingGasket_Forcible(Show_Only)',(#10665),#10640,.T.) ;
#10678=ADVANCED_FACE('SealingGasket_Forcible(Show_Only)',(#10677),#10640,.T.) ;
#10692=ADVANCED_FACE('SealingGasket_Forcible(Show_Only)',(#10687,#10691),#10683,.T.) ;
#10723=ADVANCED_FACE('SealingGasket(Show_Only)',(#10722),#10640,.F.) ;
#10735=ADVANCED_FACE('SealingGasket(Show_Only)',(#10734),#10640,.F.) ;
#10775=ADVANCED_FACE('SealingGasket(Show_Only)',(#10774),#10740,.T.) ;
#10792=ADVANCED_FACE('SealingGasket(Show_Only)',(#10791),#10740,.T.) ;
#10827=ADVANCED_FACE('SealingGasket(Show_Only)',(#10826),#10526,.T.) ;
#10844=ADVANCED_FACE('SealingGasket(Show_Only)',(#10843),#10526,.T.) ;
#10853=ADVANCED_FACE('SealingGasket(Show_Only)',(#10848,#10852),#10612,.T.) ;
#10867=ADVANCED_FACE('SealingGasket(Show_Only)',(#10862,#10866),#10858,.T.) ;
#10876=ADVANCED_FACE('SealingGasket(Show_Only)',(#10871,#10875),#10683,.F.) ;
#10886=ADVANCED_FACE('SealingGasket_Common_Analysis(Hide_Only)',(#10885),#10740,.T.) ;
#10893=ADVANCED_FACE('SealingGasket_Common_Analysis(Hide_Only)',(#10892),#10740,.T.) ;
#10910=ADVANCED_FACE('SealingGasket_Common_Analysis(Hide_Only)',(#10909),#10526,.T.) ;
#10917=ADVANCED_FACE('SealingGasket_Common_Analysis(Hide_Only)',(#10916),#10526,.T.) ;
#10926=ADVANCED_FACE('SealingGasket_Common_Analysis(Hide_Only)',(#10921,#10925),#10612,.T.) ;
#10935=ADVANCED_FACE('SealingGasket_Common_Analysis(Hide_Only)',(#10930,#10934),#10858,.T.) ;
#10944=ADVANCED_FACE('SealingGasket_Common_Analysis(Hide_Only)',(#10939,#10943),#10436,.F.) ;
#10951=ADVANCED_FACE('SealingGasket_Common_Analysis(Hide_Only)',(#10950),#10569,.F.) ;
#10958=ADVANCED_FACE('SealingGasket_Common_Analysis(Hide_Only)',(#10957),#10569,.F.) ;
#11056=ADVANCED_FACE('Base_Plate',(#11055),#11021,.T.) ;
#11087=ADVANCED_FACE('Base_Plate',(#11086),#11061,.T.) ;
#11118=ADVANCED_FACE('Base_Plate',(#11117),#11092,.T.) ;
#11135=ADVANCED_FACE('Base_Plate',(#11134),#11123,.T.) ;
#11152=ADVANCED_FACE('Base_Plate',(#11151),#11140,.F.) ;
#11424=ADVANCED_FACE('Base_Plate',(#11223,#11229,#11423),#11157,.T.) ;
#11464=ADVANCED_FACE('Base_Plate',(#11463),#11429,.T.) ;
#11495=ADVANCED_FACE('Base_Plate',(#11494),#11469,.F.) ;
#11526=ADVANCED_FACE('Base_Plate',(#11525),#11500,.T.) ;
#11557=ADVANCED_FACE('Base_Plate',(#11556),#11531,.T.) ;
#11588=ADVANCED_FACE('Base_Plate',(#11587),#11562,.T.) ;
#11619=ADVANCED_FACE('Base_Plate',(#11618),#11593,.F.) ;
#11650=ADVANCED_FACE('Base_Plate',(#11649),#11624,.T.) ;
#11672=ADVANCED_FACE('Base_Plate',(#11671),#11655,.T.) ;
#11790=ADVANCED_FACE('Base_Plate',(#11687,#11753,#11771,#11789),#11677,.F.) ;
#11812=ADVANCED_FACE('Base_Plate',(#11811),#11795,.F.) ;
#11829=ADVANCED_FACE('Base_Plate',(#11828),#11817,.T.) ;
#11846=ADVANCED_FACE('Base_Plate',(#11845),#11834,.T.) ;
#11863=ADVANCED_FACE('Base_Plate',(#11862),#11851,.T.) ;
#11880=ADVANCED_FACE('Base_Plate',(#11879),#11868,.F.) ;
#11897=ADVANCED_FACE('Base_Plate',(#11896),#11885,.T.) ;
#11914=ADVANCED_FACE('Base_Plate',(#11913),#11902,.T.) ;
#11926=ADVANCED_FACE('Base_Plate',(#11925),#11919,.T.) ;
#11968=ADVANCED_FACE('Base_Plate',(#11949,#11967),#11931,.T.) ;
#12010=ADVANCED_FACE('Base_Plate',(#11991,#12009),#11973,.T.) ;
#12041=ADVANCED_FACE('Base_Plate',(#12040),#12015,.F.) ;
#12053=ADVANCED_FACE('Base_Plate',(#12052),#12015,.F.) ;
#12084=ADVANCED_FACE('Base_Plate',(#12083),#12058,.T.) ;
#12096=ADVANCED_FACE('Base_Plate',(#12095),#12058,.T.) ;
#12118=ADVANCED_FACE('Base_Plate',(#12117),#12101,.T.) ;
#12125=ADVANCED_FACE('Base_Plate',(#12124),#12101,.T.) ;
#12156=ADVANCED_FACE('Base_Plate',(#12155),#12130,.T.) ;
#12168=ADVANCED_FACE('Base_Plate',(#12167),#12130,.T.) ;
#12199=ADVANCED_FACE('Base_Plate',(#12198),#12173,.F.) ;
#12211=ADVANCED_FACE('Base_Plate',(#12210),#12173,.F.) ;
#12251=ADVANCED_FACE('Base_Plate',(#12250),#12216,.T.) ;
#12282=ADVANCED_FACE('Base_Plate',(#12281),#12256,.T.) ;
#12313=ADVANCED_FACE('Base_Plate',(#12312),#12287,.F.) ;
#12344=ADVANCED_FACE('Base_Plate',(#12343),#12318,.T.) ;
#12375=ADVANCED_FACE('Base_Plate',(#12374),#12349,.F.) ;
#12406=ADVANCED_FACE('Base_Plate',(#12405),#12380,.F.) ;
#12437=ADVANCED_FACE('Base_Plate',(#12436),#12411,.T.) ;
#12468=ADVANCED_FACE('Base_Plate',(#12467),#12442,.F.) ;
#12499=ADVANCED_FACE('Base_Plate',(#12498),#12473,.F.) ;
#12530=ADVANCED_FACE('Base_Plate',(#12529),#12504,.T.) ;
#12556=ADVANCED_FACE('Base_Plate',(#12555),#12287,.F.) ;
#12587=ADVANCED_FACE('Base_Plate',(#12586),#12561,.T.) ;
#12618=ADVANCED_FACE('Base_Plate',(#12617),#12592,.T.) ;
#12649=ADVANCED_FACE('Base_Plate',(#12648),#12623,.T.) ;
#12680=ADVANCED_FACE('Base_Plate',(#12679),#12654,.F.) ;
#12711=ADVANCED_FACE('Base_Plate',(#12710),#12685,.T.) ;
#12737=ADVANCED_FACE('Base_Plate',(#12736),#12473,.F.) ;
#12768=ADVANCED_FACE('Base_Plate',(#12767),#12742,.F.) ;
#12799=ADVANCED_FACE('Base_Plate',(#12798),#12773,.F.) ;
#12830=ADVANCED_FACE('Base_Plate',(#12829),#12804,.F.) ;
#12856=ADVANCED_FACE('Base_Plate',(#12855),#12349,.F.) ;
#12887=ADVANCED_FACE('Base_Plate',(#12886),#12861,.T.) ;
#12918=ADVANCED_FACE('Base_Plate',(#12917),#12892,.T.) ;
#12935=ADVANCED_FACE('Base_Plate',(#12934),#12654,.F.) ;
#12971=ADVANCED_FACE('Base_Plate',(#12966,#12970),#12940,.F.) ;
#13002=ADVANCED_FACE('Base_Plate',(#13001),#12976,.F.) ;
#13026=ADVANCED_FACE('Base_Plate',(#13025),#13007,.F.) ;
#13050=ADVANCED_FACE('Base_Plate',(#13049),#13031,.T.) ;
#13074=ADVANCED_FACE('Base_Plate',(#13073),#13055,.F.) ;
#13098=ADVANCED_FACE('Base_Plate',(#13097),#13079,.T.) ;
#13122=ADVANCED_FACE('Base_Plate',(#13121),#13103,.F.) ;
#13146=ADVANCED_FACE('Base_Plate',(#13145),#13127,.F.) ;
#13163=ADVANCED_FACE('Base_Plate',(#13162),#13151,.F.) ;
#13203=ADVANCED_FACE('Base_Plate',(#13202),#13168,.F.) ;
#13220=ADVANCED_FACE('Base_Plate',(#13219),#13168,.F.) ;
#13234=ADVANCED_FACE('Base_Plate',(#13229,#13233),#13225,.T.) ;
#13260=ADVANCED_FACE('Base_Plate',(#13259),#12349,.T.) ;
#13284=ADVANCED_FACE('Base_Plate',(#13283),#13265,.T.) ;
#13303=ADVANCED_FACE('Base_Plate',(#13302),#12411,.F.) ;
#13327=ADVANCED_FACE('Base_Plate',(#13326),#13308,.T.) ;
#13346=ADVANCED_FACE('Base_Plate',(#13345),#12473,.T.) ;
#13370=ADVANCED_FACE('Base_Plate',(#13369),#13351,.F.) ;
#13389=ADVANCED_FACE('Base_Plate',(#13388),#12287,.T.) ;
#13413=ADVANCED_FACE('Base_Plate',(#13412),#13394,.F.) ;
#13432=ADVANCED_FACE('Base_Plate',(#13431),#12592,.F.) ;
#13456=ADVANCED_FACE('Base_Plate',(#13455),#13437,.F.) ;
#13475=ADVANCED_FACE('Base_Plate',(#13474),#12654,.T.) ;
#13499=ADVANCED_FACE('Base_Plate',(#13498),#13480,.F.) ;
#13518=ADVANCED_FACE('Base_Plate',(#13517),#12473,.T.) ;
#13542=ADVANCED_FACE('Base_Plate',(#13541),#13523,.T.) ;
#13561=ADVANCED_FACE('Base_Plate',(#13560),#12773,.T.) ;
#13585=ADVANCED_FACE('Base_Plate',(#13584),#13566,.F.) ;
#13604=ADVANCED_FACE('Base_Plate',(#13603),#12287,.T.) ;
#13687=ADVANCED_FACE('Base_Plate',(#13682,#13686),#13609,.T.) ;
#13704=ADVANCED_FACE('Base_Plate',(#13703),#13692,.T.) ;
#13716=ADVANCED_FACE('Base_Plate',(#13715),#12349,.T.) ;
#13733=ADVANCED_FACE('Base_Plate',(#13732),#13721,.F.) ;
#13745=ADVANCED_FACE('Base_Plate',(#13744),#12216,.F.) ;
#13762=ADVANCED_FACE('Base_Plate',(#13761),#13750,.F.) ;
#13779=ADVANCED_FACE('Base_Plate',(#13778),#13767,.F.) ;
#13786=ADVANCED_FACE('Base_Plate',(#13785),#12654,.T.) ;
#13828=ADVANCED_FACE('Base_Plate',(#13801,#13827),#13791,.F.) ;
#13859=ADVANCED_FACE('Base_Plate',(#13858),#13833,.F.) ;
#13871=ADVANCED_FACE('Base_Plate',(#13870),#13833,.F.) ;
#13881=ADVANCED_FACE('Base_Plate',(#13880),#13876,.F.) ;
#13912=ADVANCED_FACE('Base_Plate',(#13911),#13886,.F.) ;
#13924=ADVANCED_FACE('Base_Plate',(#13923),#13886,.F.) ;
#13929=ADVANCED_FACE('Base_Plate',(#13928),#13876,.F.) ;
#14122=ADVANCED_FACE('UpperGasket_A',(#14103,#14121),#13973,.F.) ;
#14260=ADVANCED_FACE('UpperGasket_A',(#14193,#14259),#14127,.T.) ;
#14282=ADVANCED_FACE('UpperGasket_A',(#14281),#14265,.F.) ;
#14299=ADVANCED_FACE('UpperGasket_A',(#14298),#14287,.T.) ;
#14316=ADVANCED_FACE('UpperGasket_A',(#14315),#14304,.T.) ;
#14356=ADVANCED_FACE('UpperGasket_A',(#14355),#14321,.T.) ;
#14373=ADVANCED_FACE('UpperGasket_A',(#14372),#14361,.T.) ;
#14390=ADVANCED_FACE('UpperGasket_A',(#14389),#14378,.F.) ;
#14407=ADVANCED_FACE('UpperGasket_A',(#14406),#14395,.T.) ;
#14442=ADVANCED_FACE('UpperGasket_A',(#14441),#14412,.T.) ;
#14473=ADVANCED_FACE('UpperGasket_A',(#14472),#14447,.F.) ;
#14490=ADVANCED_FACE('UpperGasket_A',(#14489),#14478,.T.) ;
#14507=ADVANCED_FACE('UpperGasket_A',(#14506),#14495,.T.) ;
#14519=ADVANCED_FACE('UpperGasket_A',(#14518),#14512,.F.) ;
#14538=ADVANCED_FACE('UpperGasket_A',(#14537),#14495,.T.) ;
#14557=ADVANCED_FACE('UpperGasket_A',(#14556),#14478,.T.) ;
#14574=ADVANCED_FACE('UpperGasket_A',(#14573),#14562,.T.) ;
#14581=ADVANCED_FACE('UpperGasket_A',(#14580),#14512,.F.) ;
#14605=ADVANCED_FACE('UpperGasket_A',(#14604),#14586,.T.) ;
#14668=ADVANCED_FACE('UpperGasket_A',(#14667),#14610,.T.) ;
#14692=ADVANCED_FACE('UpperGasket_A',(#14691),#14673,.F.) ;
#14716=ADVANCED_FACE('UpperGasket_A',(#14715),#14697,.F.) ;
#14740=ADVANCED_FACE('UpperGasket_A',(#14739),#14721,.T.) ;
#14764=ADVANCED_FACE('UpperGasket_A',(#14763),#14745,.F.) ;
#14788=ADVANCED_FACE('UpperGasket_A',(#14787),#14769,.T.) ;
#14812=ADVANCED_FACE('UpperGasket_A',(#14811),#14793,.F.) ;
#14834=ADVANCED_FACE('UpperGasket_A',(#14833),#14817,.T.) ;
#14891=ADVANCED_FACE('UpperGasket_A',(#14872,#14890),#14839,.T.) ;
#14913=ADVANCED_FACE('UpperGasket_A',(#14912),#14896,.T.) ;
#14929=ADVANCED_FACE('UpperGasket_A',(#14928),#14918,.T.) ;
#14934=ADVANCED_FACE('UpperGasket_A',(#14933),#14586,.T.) ;
#14965=ADVANCED_FACE('UpperGasket_A',(#14964),#14939,.F.) ;
#14977=ADVANCED_FACE('UpperGasket_A',(#14976),#14939,.F.) ;
#14999=ADVANCED_FACE('UpperGasket_A',(#14998),#14982,.F.) ;
#15011=ADVANCED_FACE('UpperGasket_A',(#15010),#15004,.F.) ;
#15077=ADVANCED_FACE('Top_Insulator',(#15076),#15042,.F.) ;
#15108=ADVANCED_FACE('Top_Insulator',(#15107),#15082,.T.) ;
#15139=ADVANCED_FACE('Top_Insulator',(#15138),#15113,.T.) ;
#15195=ADVANCED_FACE('Top_Insulator',(#15194),#15144,.F.) ;
#15251=ADVANCED_FACE('Top_Insulator',(#15250),#15200,.F.) ;
#15341=ADVANCED_FACE('Top_Insulator',(#15274,#15340),#15256,.T.) ;
#15381=ADVANCED_FACE('Top_Insulator',(#15380),#15346,.F.) ;
#15412=ADVANCED_FACE('Top_Insulator',(#15411),#15386,.F.) ;
#15443=ADVANCED_FACE('Top_Insulator',(#15442),#15417,.F.) ;
#15474=ADVANCED_FACE('Top_Insulator',(#15473),#15448,.T.) ;
#15505=ADVANCED_FACE('Top_Insulator',(#15504),#15479,.F.) ;
#15536=ADVANCED_FACE('Top_Insulator',(#15535),#15510,.F.) ;
#15567=ADVANCED_FACE('Top_Insulator',(#15566),#15541,.F.) ;
#15589=ADVANCED_FACE('Top_Insulator',(#15588),#15572,.T.) ;
#15647=ADVANCED_FACE('Top_Insulator',(#15646),#15594,.F.) ;
#15687=ADVANCED_FACE('Top_Insulator',(#15686),#15652,.F.) ;
#15704=ADVANCED_FACE('Top_Insulator',(#15703),#15652,.F.) ;
#15746=ADVANCED_FACE('Top_Insulator',(#15745),#15144,.F.) ;
#15780=ADVANCED_FACE('Top_Insulator',(#15761,#15779),#15751,.T.) ;
#15808=ADVANCED_FACE('Top_Insulator',(#15803,#15807),#15785,.T.) ;
#15830=ADVANCED_FACE('Top_Insulator',(#15829),#15813,.T.) ;
#15837=ADVANCED_FACE('Top_Insulator',(#15836),#15813,.T.) ;
#15854=ADVANCED_FACE('Top_Insulator',(#15853),#15042,.F.) ;
#15866=ADVANCED_FACE('Top_Insulator',(#15865),#15859,.T.) ;
#15883=ADVANCED_FACE('Top_Insulator',(#15882),#15871,.T.) ;
#15918=ADVANCED_FACE('Top_Insulator',(#15917),#15888,.F.) ;
#15942=ADVANCED_FACE('Top_Insulator',(#15941),#15923,.T.) ;
#15966=ADVANCED_FACE('Top_Insulator',(#15965),#15947,.T.) ;
#15990=ADVANCED_FACE('Top_Insulator',(#15989),#15971,.F.) ;
#16014=ADVANCED_FACE('Top_Insulator',(#16013),#15995,.T.) ;
#16038=ADVANCED_FACE('Top_Insulator',(#16037),#16019,.F.) ;
#16062=ADVANCED_FACE('Top_Insulator',(#16061),#16043,.T.) ;
#16229=ADVANCED_FACE('Top_Insulator',(#16082,#16092,#16142,#16192,#16210,#16228),#16067,.T.) ;
#16245=ADVANCED_FACE('Top_Insulator',(#16244),#16234,.F.) ;
#16276=ADVANCED_FACE('Top_Insulator',(#16275),#16250,.F.) ;
#16300=ADVANCED_FACE('Top_Insulator',(#16299),#16281,.T.) ;
#16324=ADVANCED_FACE('Top_Insulator',(#16323),#16305,.T.) ;
#16348=ADVANCED_FACE('Top_Insulator',(#16347),#16329,.F.) ;
#16372=ADVANCED_FACE('Top_Insulator',(#16371),#16353,.T.) ;
#16396=ADVANCED_FACE('Top_Insulator',(#16395),#16377,.F.) ;
#16420=ADVANCED_FACE('Top_Insulator',(#16419),#16401,.T.) ;
#16437=ADVANCED_FACE('Top_Insulator',(#16436),#16425,.F.) ;
#16471=ADVANCED_FACE('Top_Insulator',(#16452,#16470),#16442,.T.) ;
#16523=ADVANCED_FACE('Top_Insulator',(#16518,#16522),#16476,.T.) ;
#16545=ADVANCED_FACE('Top_Insulator',(#16544),#16528,.F.) ;
#16552=ADVANCED_FACE('Top_Insulator',(#16551),#16528,.F.) ;
#16583=ADVANCED_FACE('Top_Insulator',(#16582),#16557,.F.) ;
#16607=ADVANCED_FACE('Top_Insulator',(#16606),#16588,.F.) ;
#16631=ADVANCED_FACE('Top_Insulator',(#16630),#16612,.F.) ;
#16655=ADVANCED_FACE('Top_Insulator',(#16654),#16636,.F.) ;
#16679=ADVANCED_FACE('Top_Insulator',(#16678),#16660,.F.) ;
#16696=ADVANCED_FACE('Top_Insulator',(#16695),#16684,.F.) ;
#16710=ADVANCED_FACE('Top_Insulator',(#16709),#16701,.T.) ;
#16736=ADVANCED_FACE('Top_Insulator',(#16735),#16557,.F.) ;
#16760=ADVANCED_FACE('Top_Insulator',(#16759),#16741,.F.) ;
#16784=ADVANCED_FACE('Top_Insulator',(#16783),#16765,.T.) ;
#16808=ADVANCED_FACE('Top_Insulator',(#16807),#16789,.F.) ;
#16827=ADVANCED_FACE('Top_Insulator',(#16826),#16660,.F.) ;
#16844=ADVANCED_FACE('Top_Insulator',(#16843),#16832,.T.) ;
#16853=ADVANCED_FACE('Top_Insulator',(#16852),#16701,.T.) ;
#16884=ADVANCED_FACE('Top_Insulator',(#16883),#16858,.T.) ;
#16896=ADVANCED_FACE('Top_Insulator',(#16895),#16858,.T.) ;
#16906=ADVANCED_FACE('Top_Insulator',(#16905),#16901,.T.) ;
#16937=ADVANCED_FACE('Top_Insulator',(#16936),#16911,.T.) ;
#16949=ADVANCED_FACE('Top_Insulator',(#16948),#16911,.T.) ;
#16954=ADVANCED_FACE('Top_Insulator',(#16953),#16901,.T.) ;
#17028=ADVANCED_FACE('Rivet_AN(Show_Only)',(#17027),#16993,.F.) ;
#17045=ADVANCED_FACE('Rivet_AN(Show_Only)',(#17044),#16993,.F.) ;
#17073=ADVANCED_FACE('Rivet_AN(Show_Only)',(#17054,#17072),#17050,.T.) ;
#17101=ADVANCED_FACE('Rivet_AN(Show_Only)',(#17096,#17100),#17078,.T.) ;
#17132=ADVANCED_FACE('Rivet_AN(Show_Only)',(#17131),#17106,.T.) ;
#17144=ADVANCED_FACE('Rivet_AN(Show_Only)',(#17143),#17106,.T.) ;
#17172=ADVANCED_FACE('Rivet_AN(Show_Only)',(#17153,#17171),#17149,.F.) ;
#17203=ADVANCED_FACE('Rivet_AN(Show_Only)',(#17202),#17177,.T.) ;
#17215=ADVANCED_FACE('Rivet_AN(Show_Only)',(#17214),#17177,.T.) ;
#17255=ADVANCED_FACE('Rivet_AN(Show_Only)',(#17254),#17220,.T.) ;
#17272=ADVANCED_FACE('Rivet_AN(Show_Only)',(#17271),#17220,.T.) ;
#17300=ADVANCED_FACE('Rivet_AN(Show_Only)',(#17281,#17299),#17277,.T.) ;
#17323=ADVANCED_FACE('Rivet_AN(Show_Only)',(#17318,#17322),#17277,.T.) ;
#17354=ADVANCED_FACE('Rivet_AN(Show_Only)',(#17353),#17328,.F.) ;
#17371=ADVANCED_FACE('Rivet_AN(Show_Only)',(#17370),#17359,.F.) ;
#17402=ADVANCED_FACE('Rivet_AN(Show_Only)',(#17401),#17376,.T.) ;
#17414=ADVANCED_FACE('Rivet_AN(Show_Only)',(#17413),#17376,.T.) ;
#17445=ADVANCED_FACE('Rivet_AN(Show_Only)',(#17444),#17419,.T.) ;
#17457=ADVANCED_FACE('Rivet_AN(Show_Only)',(#17456),#17419,.T.) ;
#17485=ADVANCED_FACE('Rivet_AN(Show_Only)',(#17480,#17484),#17462,.T.) ;
#17499=ADVANCED_FACE('Rivet_AN(Show_Only)',(#17494,#17498),#17490,.T.) ;
#17530=ADVANCED_FACE('Rivet_AN(Show_Only)',(#17529),#17504,.T.) ;
#17547=ADVANCED_FACE('Rivet_AN(Show_Only)',(#17546),#17535,.T.) ;
#17578=ADVANCED_FACE('Rivet_AN(Show_Only)',(#17577),#17552,.T.) ;
#17590=ADVANCED_FACE('Rivet_AN(Show_Only)',(#17589),#17552,.T.) ;
#17618=ADVANCED_FACE('Rivet_AN(Show_Only)',(#17599,#17617),#17595,.F.) ;
#17649=ADVANCED_FACE('Rivet_AN(Show_Only)',(#17648),#17623,.F.) ;
#17661=ADVANCED_FACE('Rivet_AN(Show_Only)',(#17660),#17623,.F.) ;
#17683=ADVANCED_FACE('Rivet_AN(Show_Only)',(#17682),#17666,.F.) ;
#17690=ADVANCED_FACE('Rivet_AN(Show_Only)',(#17689),#17666,.F.) ;
#4=APPLICATION_PROTOCOL_DEFINITION('international standard','ap242_managed_model_based_3d_engineering',2014,#1) ;
#4158=B_SPLINE_CURVE_WITH_KNOTS('',3,(#4159,#4160,#4161,#4162),.UNSPECIFIED.,.F.,.U.,(4,4),(0.,0.402514281729),.UNIFORM_KNOTS.) ;
#4190=B_SPLINE_CURVE_WITH_KNOTS('',3,(#4191,#4192,#4193,#4194),.UNSPECIFIED.,.F.,.U.,(4,4),(0.,0.402514281729),.UNIFORM_KNOTS.) ;
#4353=B_SPLINE_CURVE_WITH_KNOTS('',3,(#4354,#4355,#4356,#4357),.UNSPECIFIED.,.F.,.U.,(4,4),(0.,0.402514281729),.UNIFORM_KNOTS.) ;
#4380=B_SPLINE_CURVE_WITH_KNOTS('',3,(#4381,#4382,#4383,#4384),.UNSPECIFIED.,.F.,.U.,(4,4),(0.,0.402514281729),.UNIFORM_KNOTS.) ;
#7432=B_SPLINE_CURVE_WITH_KNOTS('',3,(#7433,#7434,#7435,#7436),.UNSPECIFIED.,.F.,.U.,(4,4),(0.,24.9271562014),.UNIFORM_KNOTS.) ;
#7442=B_SPLINE_CURVE_WITH_KNOTS('',3,(#7443,#7444,#7445,#7446),.UNSPECIFIED.,.F.,.U.,(4,4),(0.948632156804,4.12105006989),.UNIFORM_KNOTS.) ;
#7448=B_SPLINE_CURVE_WITH_KNOTS('',3,(#7449,#7450,#7451,#7452),.UNSPECIFIED.,.F.,.U.,(4,4),(0.948632156788,4.12105006971),.UNIFORM_KNOTS.) ;
#7456=B_SPLINE_CURVE_WITH_KNOTS('',4,(#7457,#7458,#7459,#7460,#7461),.UNSPECIFIED.,.F.,.U.,(5,5),(0.,49.8952454172),.UNIFORM_KNOTS.) ;
#7465=B_SPLINE_CURVE_WITH_KNOTS('',3,(#7466,#7467,#7468,#7469),.UNSPECIFIED.,.F.,.U.,(4,4),(0.948632156781,4.12105006961),.UNIFORM_KNOTS.) ;
#7471=B_SPLINE_CURVE_WITH_KNOTS('',3,(#7472,#7473,#7474,#7475),.UNSPECIFIED.,.F.,.U.,(4,4),(0.948632156759,4.12105006935),.UNIFORM_KNOTS.) ;
#7479=B_SPLINE_CURVE_WITH_KNOTS('',4,(#7480,#7481,#7482,#7483,#7484),.UNSPECIFIED.,.F.,.U.,(5,5),(0.,49.8952454108),.UNIFORM_KNOTS.) ;
#7488=B_SPLINE_CURVE_WITH_KNOTS('',3,(#7489,#7490,#7491,#7492),.UNSPECIFIED.,.F.,.U.,(4,4),(0.948632156789,4.12105006972),.UNIFORM_KNOTS.) ;
#7494=B_SPLINE_CURVE_WITH_KNOTS('',3,(#7495,#7496,#7497,#7498),.UNSPECIFIED.,.F.,.U.,(4,4),(0.948632156782,4.12105006963),.UNIFORM_KNOTS.) ;
#7502=B_SPLINE_CURVE_WITH_KNOTS('',3,(#7503,#7504,#7505,#7506),.UNSPECIFIED.,.F.,.U.,(4,4),(0.,24.9271562049),.UNIFORM_KNOTS.) ;
#7544=B_SPLINE_CURVE_WITH_KNOTS('',3,(#7545,#7546,#7547,#7548),.UNSPECIFIED.,.F.,.U.,(4,4),(0.,24.9271562073),.UNIFORM_KNOTS.) ;
#7552=B_SPLINE_CURVE_WITH_KNOTS('',3,(#7553,#7554,#7555,#7556),.UNSPECIFIED.,.F.,.U.,(4,4),(0.948632156785,4.12105006967),.UNIFORM_KNOTS.) ;
#7558=B_SPLINE_CURVE_WITH_KNOTS('',3,(#7559,#7560,#7561,#7562),.UNSPECIFIED.,.F.,.U.,(4,4),(0.948632156803,4.12105006987),.UNIFORM_KNOTS.) ;
#7566=B_SPLINE_CURVE_WITH_KNOTS('',4,(#7567,#7568,#7569,#7570,#7571),.UNSPECIFIED.,.F.,.U.,(5,5),(0.,49.8952454043),.UNIFORM_KNOTS.) ;
#7575=B_SPLINE_CURVE_WITH_KNOTS('',3,(#7576,#7577,#7578,#7579),.UNSPECIFIED.,.F.,.U.,(4,4),(0.948632156801,4.12105006987),.UNIFORM_KNOTS.) ;
#7581=B_SPLINE_CURVE_WITH_KNOTS('',3,(#7582,#7583,#7584,#7585),.UNSPECIFIED.,.F.,.U.,(4,4),(0.948632156782,4.12105006965),.UNIFORM_KNOTS.) ;
#7589=B_SPLINE_CURVE_WITH_KNOTS('',4,(#7590,#7591,#7592,#7593,#7594),.UNSPECIFIED.,.F.,.U.,(5,5),(0.,49.8952454139),.UNIFORM_KNOTS.) ;
#7598=B_SPLINE_CURVE_WITH_KNOTS('',3,(#7599,#7600,#7601,#7602),.UNSPECIFIED.,.F.,.U.,(4,4),(0.948632156777,4.12105006959),.UNIFORM_KNOTS.) ;
#7604=B_SPLINE_CURVE_WITH_KNOTS('',3,(#7605,#7606,#7607,#7608),.UNSPECIFIED.,.F.,.U.,(4,4),(0.948632156777,4.12105006958),.UNIFORM_KNOTS.) ;
#7612=B_SPLINE_CURVE_WITH_KNOTS('',3,(#7613,#7614,#7615,#7616),.UNSPECIFIED.,.F.,.U.,(4,4),(0.,24.9271561981),.UNIFORM_KNOTS.) ;
#7642=B_SPLINE_CURVE_WITH_KNOTS('',5,(#7643,#7644,#7645,#7646,#7647,#7648,#7649,#7650,#7651,#7652,#7653,#7654,#7655,#7656,#7657),.UNSPECIFIED.,.F.,.U.,(6,3,3,3,6),(58.1194640914,65.3843971028,72.6493301143,79.9142631257,87.1791961371),.UNIFORM_KNOTS.) ;
#7663=B_SPLINE_CURVE_WITH_KNOTS('',5,(#7664,#7665,#7666,#7667,#7668,#7669,#7670,#7671,#7672,#7673,#7674,#7675,#7676,#7677,#7678),.UNSPECIFIED.,.F.,.U.,(6,3,3,3,6),(29.0597320457,36.3246650571,43.5895980686,50.85453108,58.1194640914),.UNIFORM_KNOTS.) ;
#8312=B_SPLINE_CURVE_WITH_KNOTS('',5,(#8313,#8314,#8315,#8316,#8317,#8318),.UNSPECIFIED.,.F.,.U.,(6,6),(0.,1.21879129285),.UNIFORM_KNOTS.) ;
#8364=B_SPLINE_CURVE_WITH_KNOTS('',5,(#8365,#8366,#8367,#8368,#8369,#8370),.UNSPECIFIED.,.F.,.U.,(6,6),(0.,1.21879129285),.UNIFORM_KNOTS.) ;
#8508=B_SPLINE_CURVE_WITH_KNOTS('',5,(#8509,#8510,#8511,#8512,#8513,#8514),.UNSPECIFIED.,.F.,.U.,(6,6),(0.,1.21879129285),.UNIFORM_KNOTS.) ;
#8553=B_SPLINE_CURVE_WITH_KNOTS('',5,(#8554,#8555,#8556,#8557,#8558,#8559),.UNSPECIFIED.,.F.,.U.,(6,6),(0.,1.21879129285),.UNIFORM_KNOTS.) ;
#8696=B_SPLINE_CURVE_WITH_KNOTS('',5,(#8697,#8698,#8699,#8700,#8701,#8702),.UNSPECIFIED.,.F.,.U.,(6,6),(0.,1.21879129285),.UNIFORM_KNOTS.) ;
#8741=B_SPLINE_CURVE_WITH_KNOTS('',5,(#8742,#8743,#8744,#8745,#8746,#8747),.UNSPECIFIED.,.F.,.U.,(6,6),(0.,1.21879129285),.UNIFORM_KNOTS.) ;
#8884=B_SPLINE_CURVE_WITH_KNOTS('',5,(#8885,#8886,#8887,#8888,#8889,#8890),.UNSPECIFIED.,.F.,.U.,(6,6),(0.,1.21879129285),.UNIFORM_KNOTS.) ;
#8929=B_SPLINE_CURVE_WITH_KNOTS('',5,(#8930,#8931,#8932,#8933,#8934,#8935),.UNSPECIFIED.,.F.,.U.,(6,6),(0.,1.21879129285),.UNIFORM_KNOTS.) ;
#9073=B_SPLINE_CURVE_WITH_KNOTS('',5,(#9074,#9075,#9076,#9077,#9078,#9079),.UNSPECIFIED.,.F.,.U.,(6,6),(0.,1.21879129285),.UNIFORM_KNOTS.) ;
#9118=B_SPLINE_CURVE_WITH_KNOTS('',5,(#9119,#9120,#9121,#9122,#9123,#9124),.UNSPECIFIED.,.F.,.U.,(6,6),(0.,1.21879129285),.UNIFORM_KNOTS.) ;
#9261=B_SPLINE_CURVE_WITH_KNOTS('',5,(#9262,#9263,#9264,#9265,#9266,#9267),.UNSPECIFIED.,.F.,.U.,(6,6),(0.,1.21879129285),.UNIFORM_KNOTS.) ;
#9306=B_SPLINE_CURVE_WITH_KNOTS('',5,(#9307,#9308,#9309,#9310,#9311,#9312),.UNSPECIFIED.,.F.,.U.,(6,6),(0.,1.21879129285),.UNIFORM_KNOTS.) ;
#10437=B_SPLINE_CURVE_WITH_KNOTS('',5,(#10438,#10439,#10440,#10441,#10442,#10443,#10444,#10445,#10446,#10447,#10448,#10449,#10450,#10451,#10452),.UNSPECIFIED.,.F.,.U.,(6,3,3,3,6),(32.9867228627,38.4845100065,43.9822971503,49.480084294,54.9778714378),.UNIFORM_KNOTS.) ;
#10458=B_SPLINE_CURVE_WITH_KNOTS('',5,(#10459,#10460,#10461,#10462,#10463,#10464,#10465,#10466,#10467,#10468,#10469,#10470,#10471,#10472,#10473),.UNSPECIFIED.,.F.,.U.,(6,3,3,3,6),(54.9778714378,60.4756585816,65.9734457254,71.4712328692,76.9690200129),.UNIFORM_KNOTS.) ;
#10479=B_SPLINE_CURVE_WITH_KNOTS('',5,(#10480,#10481,#10482,#10483,#10484,#10485,#10486,#10487,#10488,#10489,#10490,#10491,#10492,#10493,#10494),.UNSPECIFIED.,.F.,.U.,(6,3,3,3,6),(31.0232274542,34.1255501996,37.227872945,40.3301956905,43.4325184359),.UNIFORM_KNOTS.) ;
#10500=B_SPLINE_CURVE_WITH_KNOTS('',5,(#10501,#10502,#10503,#10504,#10505,#10506,#10507,#10508,#10509,#10510,#10511,#10512,#10513,#10514,#10515),.UNSPECIFIED.,.F.,.U.,(6,3,3,3,6),(18.6139364725,21.7162592179,24.8185819634,27.9209047088,31.0232274542),.UNIFORM_KNOTS.) ;
#16477=B_SPLINE_CURVE_WITH_KNOTS('',5,(#16478,#16479,#16480,#16481,#16482,#16483,#16484,#16485,#16486,#16487,#16488,#16489,#16490,#16491,#16492),.UNSPECIFIED.,.F.,.U.,(6,3,3,3,6),(58.1194640914,65.3843971028,72.6493301143,79.9142631257,87.1791961371),.UNIFORM_KNOTS.) ;
#16498=B_SPLINE_CURVE_WITH_KNOTS('',5,(#16499,#16500,#16501,#16502,#16503,#16504,#16505,#16506,#16507,#16508,#16509,#16510,#16511,#16512,#16513),.UNSPECIFIED.,.F.,.U.,(6,3,3,3,6),(29.0597320457,36.3246650571,43.5895980686,50.85453108,58.1194640914),.UNIFORM_KNOTS.) ;
#60=COLOUR_RGB('Colour',0.,0.501960784314,1.) ;
#4654=COLOUR_RGB('Colour',0.756862745098,0.76862745098,0.752941176471) ;
#5730=COLOUR_RGB('Colour',0.749019607843,0.803921568627,0.564705882353) ;
#9667=COLOUR_RGB('Colour',0.823529411765,0.823529411765,1.) ;
#3505=DRAUGHTING_PRE_DEFINED_COLOUR('green') ;
#10423=DRAUGHTING_PRE_DEFINED_COLOUR('blue') ;
#107=FACE_OUTER_BOUND('',#102,.T.) ;
#138=FACE_OUTER_BOUND('',#133,.T.) ;
#169=FACE_OUTER_BOUND('',#164,.T.) ;
#250=FACE_OUTER_BOUND('',#237,.T.) ;
#274=FACE_OUTER_BOUND('',#269,.T.) ;
#298=FACE_OUTER_BOUND('',#293,.T.) ;
#322=FACE_OUTER_BOUND('',#317,.T.) ;
#341=FACE_OUTER_BOUND('',#336,.T.) ;
#365=FACE_OUTER_BOUND('',#360,.T.) ;
#384=FACE_OUTER_BOUND('',#379,.T.) ;
#403=FACE_OUTER_BOUND('',#398,.T.) ;
#427=FACE_OUTER_BOUND('',#422,.T.) ;
#439=FACE_OUTER_BOUND('',#434,.T.) ;
#511=FACE_OUTER_BOUND('',#502,.T.) ;
#777=FACE_OUTER_BOUND('',#772,.T.) ;
#799=FACE_OUTER_BOUND('',#794,.T.) ;
#823=FACE_OUTER_BOUND('',#820,.T.) ;
#858=FACE_OUTER_BOUND('',#853,.T.) ;
#870=FACE_OUTER_BOUND('',#865,.T.) ;
#910=FACE_OUTER_BOUND('',#905,.T.) ;
#941=FACE_OUTER_BOUND('',#936,.T.) ;
#972=FACE_OUTER_BOUND('',#967,.T.) ;
#1003=FACE_OUTER_BOUND('',#998,.T.) ;
#1034=FACE_OUTER_BOUND('',#1029,.T.) ;
#1065=FACE_OUTER_BOUND('',#1060,.T.) ;
#1096=FACE_OUTER_BOUND('',#1091,.T.) ;
#1118=FACE_OUTER_BOUND('',#1113,.T.) ;
#1134=FACE_OUTER_BOUND('',#1125,.T.) ;
#1276=FACE_OUTER_BOUND('',#1271,.T.) ;
#1293=FACE_OUTER_BOUND('',#1288,.T.) ;
#1310=FACE_OUTER_BOUND('',#1305,.T.) ;
#1327=FACE_OUTER_BOUND('',#1322,.T.) ;
#1344=FACE_OUTER_BOUND('',#1339,.T.) ;
#1361=FACE_OUTER_BOUND('',#1356,.T.) ;
#1378=FACE_OUTER_BOUND('',#1373,.T.) ;
#1390=FACE_OUTER_BOUND('',#1385,.T.) ;
#1421=FACE_OUTER_BOUND('',#1416,.T.) ;
#1433=FACE_OUTER_BOUND('',#1428,.T.) ;
#1457=FACE_OUTER_BOUND('',#1454,.T.) ;
#1499=FACE_OUTER_BOUND('',#1496,.T.) ;
#1548=FACE_OUTER_BOUND('',#1543,.T.) ;
#1560=FACE_OUTER_BOUND('',#1555,.T.) ;
#1591=FACE_OUTER_BOUND('',#1586,.T.) ;
#1603=FACE_OUTER_BOUND('',#1598,.T.) ;
#1625=FACE_OUTER_BOUND('',#1620,.T.) ;
#1632=FACE_OUTER_BOUND('',#1627,.T.) ;
#1663=FACE_OUTER_BOUND('',#1658,.T.) ;
#1675=FACE_OUTER_BOUND('',#1670,.T.) ;
#1706=FACE_OUTER_BOUND('',#1701,.T.) ;
#1718=FACE_OUTER_BOUND('',#1713,.T.) ;
#1758=FACE_OUTER_BOUND('',#1753,.T.) ;
#1789=FACE_OUTER_BOUND('',#1784,.T.) ;
#1820=FACE_OUTER_BOUND('',#1815,.T.) ;
#1851=FACE_OUTER_BOUND('',#1846,.T.) ;
#1882=FACE_OUTER_BOUND('',#1877,.T.) ;
#1913=FACE_OUTER_BOUND('',#1908,.T.) ;
#1944=FACE_OUTER_BOUND('',#1939,.T.) ;
#1975=FACE_OUTER_BOUND('',#1970,.T.) ;
#2006=FACE_OUTER_BOUND('',#2001,.T.) ;
#2037=FACE_OUTER_BOUND('',#2032,.T.) ;
#2063=FACE_OUTER_BOUND('',#2058,.T.) ;
#2094=FACE_OUTER_BOUND('',#2089,.T.) ;
#2125=FACE_OUTER_BOUND('',#2120,.T.) ;
#2156=FACE_OUTER_BOUND('',#2151,.T.) ;
#2187=FACE_OUTER_BOUND('',#2182,.T.) ;
#2218=FACE_OUTER_BOUND('',#2213,.T.) ;
#2244=FACE_OUTER_BOUND('',#2239,.T.) ;
#2275=FACE_OUTER_BOUND('',#2270,.T.) ;
#2306=FACE_OUTER_BOUND('',#2301,.T.) ;
#2337=FACE_OUTER_BOUND('',#2332,.T.) ;
#2363=FACE_OUTER_BOUND('',#2358,.T.) ;
#2394=FACE_OUTER_BOUND('',#2389,.T.) ;
#2425=FACE_OUTER_BOUND('',#2420,.T.) ;
#2442=FACE_OUTER_BOUND('',#2437,.T.) ;
#2474=FACE_OUTER_BOUND('',#2449,.T.) ;
#2509=FACE_OUTER_BOUND('',#2504,.T.) ;
#2533=FACE_OUTER_BOUND('',#2528,.T.) ;
#2557=FACE_OUTER_BOUND('',#2552,.T.) ;
#2581=FACE_OUTER_BOUND('',#2576,.T.) ;
#2605=FACE_OUTER_BOUND('',#2600,.T.) ;
#2629=FACE_OUTER_BOUND('',#2624,.T.) ;
#2653=FACE_OUTER_BOUND('',#2648,.T.) ;
#2670=FACE_OUTER_BOUND('',#2665,.T.) ;
#2710=FACE_OUTER_BOUND('',#2705,.T.) ;
#2727=FACE_OUTER_BOUND('',#2722,.T.) ;
#2737=FACE_OUTER_BOUND('',#2734,.T.) ;
#2767=FACE_OUTER_BOUND('',#2762,.T.) ;
#2791=FACE_OUTER_BOUND('',#2786,.T.) ;
#2810=FACE_OUTER_BOUND('',#2805,.T.) ;
#2834=FACE_OUTER_BOUND('',#2829,.T.) ;
#2853=FACE_OUTER_BOUND('',#2848,.T.) ;
#2877=FACE_OUTER_BOUND('',#2872,.T.) ;
#2896=FACE_OUTER_BOUND('',#2891,.T.) ;
#2920=FACE_OUTER_BOUND('',#2915,.T.) ;
#2939=FACE_OUTER_BOUND('',#2934,.T.) ;
#2963=FACE_OUTER_BOUND('',#2958,.T.) ;
#2982=FACE_OUTER_BOUND('',#2977,.T.) ;
#3006=FACE_OUTER_BOUND('',#3001,.T.) ;
#3025=FACE_OUTER_BOUND('',#3020,.T.) ;
#3049=FACE_OUTER_BOUND('',#3044,.T.) ;
#3068=FACE_OUTER_BOUND('',#3063,.T.) ;
#3092=FACE_OUTER_BOUND('',#3087,.T.) ;
#3111=FACE_OUTER_BOUND('',#3106,.T.) ;
#3190=FACE_OUTER_BOUND('',#3165,.T.) ;
#3211=FACE_OUTER_BOUND('',#3206,.T.) ;
#3223=FACE_OUTER_BOUND('',#3218,.T.) ;
#3240=FACE_OUTER_BOUND('',#3235,.T.) ;
#3252=FACE_OUTER_BOUND('',#3247,.T.) ;
#3269=FACE_OUTER_BOUND('',#3264,.T.) ;
#3286=FACE_OUTER_BOUND('',#3281,.T.) ;
#3293=FACE_OUTER_BOUND('',#3288,.T.) ;
#3309=FACE_OUTER_BOUND('',#3300,.T.) ;
#3345=FACE_OUTER_BOUND('',#3342,.T.) ;
#3371=FACE_OUTER_BOUND('',#3366,.T.) ;
#3378=FACE_OUTER_BOUND('',#3373,.T.) ;
#3409=FACE_OUTER_BOUND('',#3404,.T.) ;
#3421=FACE_OUTER_BOUND('',#3416,.T.) ;
#3431=FACE_OUTER_BOUND('',#3428,.T.) ;
#3462=FACE_OUTER_BOUND('',#3457,.T.) ;
#3474=FACE_OUTER_BOUND('',#3469,.T.) ;
#3479=FACE_OUTER_BOUND('',#3476,.T.) ;
#3584=FACE_OUTER_BOUND('',#3575,.T.) ;
#3633=FACE_OUTER_BOUND('',#3628,.T.) ;
#3657=FACE_OUTER_BOUND('',#3652,.T.) ;
#3681=FACE_OUTER_BOUND('',#3676,.T.) ;
#3705=FACE_OUTER_BOUND('',#3700,.T.) ;
#3729=FACE_OUTER_BOUND('',#3724,.T.) ;
#3753=FACE_OUTER_BOUND('',#3748,.T.) ;
#3777=FACE_OUTER_BOUND('',#3772,.T.) ;
#3794=FACE_OUTER_BOUND('',#3789,.T.) ;
#3818=FACE_OUTER_BOUND('',#3815,.T.) ;
#3837=FACE_OUTER_BOUND('',#3834,.T.) ;
#3877=FACE_OUTER_BOUND('',#3872,.T.) ;
#3894=FACE_OUTER_BOUND('',#3889,.T.) ;
#3925=FACE_OUTER_BOUND('',#3920,.T.) ;
#3937=FACE_OUTER_BOUND('',#3932,.T.) ;
#3947=FACE_OUTER_BOUND('',#3944,.T.) ;
#3975=FACE_OUTER_BOUND('',#3972,.T.) ;
#4010=FACE_OUTER_BOUND('',#4005,.T.) ;
#4041=FACE_OUTER_BOUND('',#4036,.T.) ;
#4058=FACE_OUTER_BOUND('',#4053,.T.) ;
#4089=FACE_OUTER_BOUND('',#4084,.T.) ;
#4113=FACE_OUTER_BOUND('',#4108,.T.) ;
#4137=FACE_OUTER_BOUND('',#4132,.T.) ;
#4169=FACE_OUTER_BOUND('',#4164,.T.) ;
#4201=FACE_OUTER_BOUND('',#4196,.T.) ;
#4232=FACE_OUTER_BOUND('',#4227,.T.) ;
#4256=FACE_OUTER_BOUND('',#4251,.T.) ;
#4280=FACE_OUTER_BOUND('',#4275,.T.) ;
#4313=FACE_OUTER_BOUND('',#4304,.T.) ;
#4346=FACE_OUTER_BOUND('',#4337,.T.) ;
#4373=FACE_OUTER_BOUND('',#4366,.T.) ;
#4400=FACE_OUTER_BOUND('',#4393,.T.) ;
#4431=FACE_OUTER_BOUND('',#4426,.T.) ;
#4455=FACE_OUTER_BOUND('',#4450,.T.) ;
#4479=FACE_OUTER_BOUND('',#4474,.T.) ;
#4496=FACE_OUTER_BOUND('',#4491,.T.) ;
#4513=FACE_OUTER_BOUND('',#4508,.T.) ;
#4544=FACE_OUTER_BOUND('',#4539,.T.) ;
#4556=FACE_OUTER_BOUND('',#4551,.T.) ;
#4576=FACE_OUTER_BOUND('',#4563,.T.) ;
#4616=FACE_OUTER_BOUND('',#4611,.T.) ;
#4628=FACE_OUTER_BOUND('',#4623,.T.) ;
#4797=FACE_OUTER_BOUND('',#4780,.T.) ;
#4887=FACE_OUTER_BOUND('',#4878,.T.) ;
#4975=FACE_OUTER_BOUND('',#4970,.T.) ;
#4992=FACE_OUTER_BOUND('',#4987,.T.) ;
#5009=FACE_OUTER_BOUND('',#5004,.T.) ;
#5049=FACE_OUTER_BOUND('',#5040,.T.) ;
#5066=FACE_OUTER_BOUND('',#5061,.T.) ;
#5083=FACE_OUTER_BOUND('',#5078,.T.) ;
#5100=FACE_OUTER_BOUND('',#5095,.T.) ;
#5135=FACE_OUTER_BOUND('',#5126,.T.) ;
#5166=FACE_OUTER_BOUND('',#5161,.T.) ;
#5183=FACE_OUTER_BOUND('',#5178,.T.) ;
#5200=FACE_OUTER_BOUND('',#5195,.T.) ;
#5212=FACE_OUTER_BOUND('',#5207,.T.) ;
#5231=FACE_OUTER_BOUND('',#5226,.T.) ;
#5250=FACE_OUTER_BOUND('',#5245,.T.) ;
#5267=FACE_OUTER_BOUND('',#5262,.T.) ;
#5274=FACE_OUTER_BOUND('',#5269,.T.) ;
#5298=FACE_OUTER_BOUND('',#5295,.T.) ;
#5361=FACE_OUTER_BOUND('',#5352,.T.) ;
#5385=FACE_OUTER_BOUND('',#5380,.T.) ;
#5409=FACE_OUTER_BOUND('',#5404,.T.) ;
#5433=FACE_OUTER_BOUND('',#5428,.T.) ;
#5457=FACE_OUTER_BOUND('',#5452,.T.) ;
#5481=FACE_OUTER_BOUND('',#5476,.T.) ;
#5505=FACE_OUTER_BOUND('',#5500,.T.) ;
#5527=FACE_OUTER_BOUND('',#5522,.T.) ;
#5566=FACE_OUTER_BOUND('',#5553,.T.) ;
#5606=FACE_OUTER_BOUND('',#5601,.T.) ;
#5622=FACE_OUTER_BOUND('',#5613,.T.) ;
#5627=FACE_OUTER_BOUND('',#5624,.T.) ;
#5658=FACE_OUTER_BOUND('',#5653,.T.) ;
#5670=FACE_OUTER_BOUND('',#5665,.T.) ;
#5692=FACE_OUTER_BOUND('',#5687,.T.) ;
#5704=FACE_OUTER_BOUND('',#5699,.T.) ;
#5777=FACE_OUTER_BOUND('',#5772,.T.) ;
#5808=FACE_OUTER_BOUND('',#5803,.T.) ;
#5839=FACE_OUTER_BOUND('',#5834,.T.) ;
#5895=FACE_OUTER_BOUND('',#5888,.T.) ;
#5951=FACE_OUTER_BOUND('',#5940,.T.) ;
#5975=FACE_OUTER_BOUND('',#5970,.T.) ;
#6275=FACE_OUTER_BOUND('',#6270,.T.) ;
#6306=FACE_OUTER_BOUND('',#6301,.T.) ;
#6337=FACE_OUTER_BOUND('',#6332,.T.) ;
#6368=FACE_OUTER_BOUND('',#6363,.T.) ;
#6399=FACE_OUTER_BOUND('',#6394,.T.) ;
#6430=FACE_OUTER_BOUND('',#6425,.T.) ;
#6461=FACE_OUTER_BOUND('',#6456,.T.) ;
#6483=FACE_OUTER_BOUND('',#6478,.T.) ;
#6541=FACE_OUTER_BOUND('',#6530,.T.) ;
#6581=FACE_OUTER_BOUND('',#6576,.T.) ;
#6598=FACE_OUTER_BOUND('',#6593,.T.) ;
#6640=FACE_OUTER_BOUND('',#6633,.T.) ;
#6656=FACE_OUTER_BOUND('',#6647,.T.) ;
#6698=FACE_OUTER_BOUND('',#6695,.T.) ;
#6724=FACE_OUTER_BOUND('',#6719,.T.) ;
#6731=FACE_OUTER_BOUND('',#6726,.T.) ;
#6748=FACE_OUTER_BOUND('',#6743,.T.) ;
#6760=FACE_OUTER_BOUND('',#6755,.T.) ;
#6777=FACE_OUTER_BOUND('',#6772,.T.) ;
#6812=FACE_OUTER_BOUND('',#6803,.T.) ;
#6836=FACE_OUTER_BOUND('',#6831,.T.) ;
#6860=FACE_OUTER_BOUND('',#6855,.T.) ;
#6884=FACE_OUTER_BOUND('',#6879,.T.) ;
#6908=FACE_OUTER_BOUND('',#6903,.T.) ;
#6932=FACE_OUTER_BOUND('',#6927,.T.) ;
#6956=FACE_OUTER_BOUND('',#6951,.T.) ;
#6977=FACE_OUTER_BOUND('',#6968,.T.) ;
#7157=FACE_OUTER_BOUND('',#7148,.T.) ;
#7188=FACE_OUTER_BOUND('',#7183,.T.) ;
#7212=FACE_OUTER_BOUND('',#7207,.T.) ;
#7236=FACE_OUTER_BOUND('',#7231,.T.) ;
#7260=FACE_OUTER_BOUND('',#7255,.T.) ;
#7284=FACE_OUTER_BOUND('',#7279,.T.) ;
#7308=FACE_OUTER_BOUND('',#7303,.T.) ;
#7332=FACE_OUTER_BOUND('',#7327,.T.) ;
#7349=FACE_OUTER_BOUND('',#7344,.T.) ;
#7365=FACE_OUTER_BOUND('',#7356,.T.) ;
#7407=FACE_OUTER_BOUND('',#7404,.T.) ;
#7537=FACE_OUTER_BOUND('',#7520,.T.) ;
#7635=FACE_OUTER_BOUND('',#7618,.T.) ;
#7683=FACE_OUTER_BOUND('',#7680,.T.) ;
#7709=FACE_OUTER_BOUND('',#7704,.T.) ;
#7716=FACE_OUTER_BOUND('',#7711,.T.) ;
#7747=FACE_OUTER_BOUND('',#7742,.T.) ;
#7771=FACE_OUTER_BOUND('',#7766,.T.) ;
#7795=FACE_OUTER_BOUND('',#7790,.T.) ;
#7819=FACE_OUTER_BOUND('',#7814,.T.) ;
#7843=FACE_OUTER_BOUND('',#7838,.T.) ;
#7860=FACE_OUTER_BOUND('',#7855,.T.) ;
#7874=FACE_OUTER_BOUND('',#7867,.T.) ;
#7900=FACE_OUTER_BOUND('',#7895,.T.) ;
#7924=FACE_OUTER_BOUND('',#7919,.T.) ;
#7948=FACE_OUTER_BOUND('',#7943,.T.) ;
#7972=FACE_OUTER_BOUND('',#7967,.T.) ;
#7991=FACE_OUTER_BOUND('',#7986,.T.) ;
#8008=FACE_OUTER_BOUND('',#8003,.T.) ;
#8017=FACE_OUTER_BOUND('',#8010,.T.) ;
#8048=FACE_OUTER_BOUND('',#8043,.T.) ;
#8060=FACE_OUTER_BOUND('',#8055,.T.) ;
#8092=FACE_OUTER_BOUND('',#8088,.T.) ;
#8127=FACE_OUTER_BOUND('',#8122,.T.) ;
#8154=FACE_OUTER_BOUND('',#8150,.T.) ;
#8181=FACE_OUTER_BOUND('',#8177,.T.) ;
#8216=FACE_OUTER_BOUND('',#8211,.T.) ;
#8243=FACE_OUTER_BOUND('',#8239,.T.) ;
#8283=FACE_OUTER_BOUND('',#8278,.T.) ;
#8305=FACE_OUTER_BOUND('',#8300,.T.) ;
#8357=FACE_OUTER_BOUND('',#8346,.T.) ;
#8409=FACE_OUTER_BOUND('',#8398,.T.) ;
#8427=FACE_OUTER_BOUND('',#8421,.T.) ;
#8444=FACE_OUTER_BOUND('',#8439,.T.) ;
#8479=FACE_OUTER_BOUND('',#8474,.T.) ;
#8501=FACE_OUTER_BOUND('',#8496,.T.) ;
#8546=FACE_OUTER_BOUND('',#8535,.T.) ;
#8598=FACE_OUTER_BOUND('',#8587,.T.) ;
#8615=FACE_OUTER_BOUND('',#8610,.T.) ;
#8632=FACE_OUTER_BOUND('',#8627,.T.) ;
#8667=FACE_OUTER_BOUND('',#8662,.T.) ;
#8689=FACE_OUTER_BOUND('',#8684,.T.) ;
#8734=FACE_OUTER_BOUND('',#8723,.T.) ;
#8786=FACE_OUTER_BOUND('',#8775,.T.) ;
#8803=FACE_OUTER_BOUND('',#8798,.T.) ;
#8820=FACE_OUTER_BOUND('',#8815,.T.) ;
#8855=FACE_OUTER_BOUND('',#8850,.T.) ;
#8877=FACE_OUTER_BOUND('',#8872,.T.) ;
#8922=FACE_OUTER_BOUND('',#8911,.T.) ;
#8974=FACE_OUTER_BOUND('',#8963,.T.) ;
#8992=FACE_OUTER_BOUND('',#8986,.T.) ;
#9009=FACE_OUTER_BOUND('',#9004,.T.) ;
#9044=FACE_OUTER_BOUND('',#9039,.T.) ;
#9066=FACE_OUTER_BOUND('',#9061,.T.) ;
#9111=FACE_OUTER_BOUND('',#9100,.T.) ;
#9163=FACE_OUTER_BOUND('',#9152,.T.) ;
#9180=FACE_OUTER_BOUND('',#9175,.T.) ;
#9197=FACE_OUTER_BOUND('',#9192,.T.) ;
#9232=FACE_OUTER_BOUND('',#9227,.T.) ;
#9254=FACE_OUTER_BOUND('',#9249,.T.) ;
#9299=FACE_OUTER_BOUND('',#9288,.T.) ;
#9344=FACE_OUTER_BOUND('',#9333,.T.) ;
#9361=FACE_OUTER_BOUND('',#9356,.T.) ;
#9378=FACE_OUTER_BOUND('',#9373,.T.) ;
#9404=FACE_OUTER_BOUND('',#9385,.T.) ;
#9444=FACE_OUTER_BOUND('',#9439,.T.) ;
#9451=FACE_OUTER_BOUND('',#9446,.T.) ;
#9494=FACE_OUTER_BOUND('',#9477,.T.) ;
#9518=FACE_OUTER_BOUND('',#9501,.T.) ;
#9528=FACE_OUTER_BOUND('',#9525,.T.) ;
#9563=FACE_OUTER_BOUND('',#9558,.T.) ;
#9575=FACE_OUTER_BOUND('',#9570,.T.) ;
#9585=FACE_OUTER_BOUND('',#9582,.T.) ;
#9616=FACE_OUTER_BOUND('',#9611,.T.) ;
#9628=FACE_OUTER_BOUND('',#9623,.T.) ;
#9633=FACE_OUTER_BOUND('',#9630,.T.) ;
#9714=FACE_OUTER_BOUND('',#9709,.T.) ;
#9731=FACE_OUTER_BOUND('',#9726,.T.) ;
#9741=FACE_OUTER_BOUND('',#9738,.T.) ;
#9783=FACE_OUTER_BOUND('',#9780,.T.) ;
#9818=FACE_OUTER_BOUND('',#9813,.T.) ;
#9830=FACE_OUTER_BOUND('',#9825,.T.) ;
#9840=FACE_OUTER_BOUND('',#9837,.T.) ;
#9889=FACE_OUTER_BOUND('',#9884,.T.) ;
#9901=FACE_OUTER_BOUND('',#9896,.T.) ;
#9941=FACE_OUTER_BOUND('',#9936,.T.) ;
#9958=FACE_OUTER_BOUND('',#9953,.T.) ;
#9968=FACE_OUTER_BOUND('',#9965,.T.) ;
#10005=FACE_OUTER_BOUND('',#10002,.T.) ;
#10040=FACE_OUTER_BOUND('',#10035,.T.) ;
#10057=FACE_OUTER_BOUND('',#10052,.T.) ;
#10088=FACE_OUTER_BOUND('',#10083,.T.) ;
#10100=FACE_OUTER_BOUND('',#10095,.T.) ;
#10131=FACE_OUTER_BOUND('',#10126,.T.) ;
#10143=FACE_OUTER_BOUND('',#10138,.T.) ;
#10167=FACE_OUTER_BOUND('',#10164,.T.) ;
#10181=FACE_OUTER_BOUND('',#10178,.T.) ;
#10216=FACE_OUTER_BOUND('',#10211,.T.) ;
#10233=FACE_OUTER_BOUND('',#10228,.T.) ;
#10264=FACE_OUTER_BOUND('',#10259,.T.) ;
#10276=FACE_OUTER_BOUND('',#10271,.T.) ;
#10286=FACE_OUTER_BOUND('',#10283,.T.) ;
#10335=FACE_OUTER_BOUND('',#10330,.T.) ;
#10347=FACE_OUTER_BOUND('',#10342,.T.) ;
#10369=FACE_OUTER_BOUND('',#10364,.T.) ;
#10376=FACE_OUTER_BOUND('',#10371,.T.) ;
#10478=FACE_OUTER_BOUND('',#10475,.T.) ;
#10551=FACE_OUTER_BOUND('',#10546,.T.) ;
#10563=FACE_OUTER_BOUND('',#10558,.T.) ;
#10594=FACE_OUTER_BOUND('',#10589,.T.) ;
#10606=FACE_OUTER_BOUND('',#10601,.T.) ;
#10630=FACE_OUTER_BOUND('',#10627,.T.) ;
#10665=FACE_OUTER_BOUND('',#10660,.T.) ;
#10677=FACE_OUTER_BOUND('',#10672,.T.) ;
#10687=FACE_OUTER_BOUND('',#10684,.T.) ;
#10722=FACE_OUTER_BOUND('',#10717,.T.) ;
#10734=FACE_OUTER_BOUND('',#10729,.T.) ;
#10774=FACE_OUTER_BOUND('',#10769,.T.) ;
#10791=FACE_OUTER_BOUND('',#10786,.T.) ;
#10826=FACE_OUTER_BOUND('',#10821,.T.) ;
#10843=FACE_OUTER_BOUND('',#10838,.T.) ;
#10848=FACE_OUTER_BOUND('',#10845,.T.) ;
#10862=FACE_OUTER_BOUND('',#10859,.T.) ;
#10871=FACE_OUTER_BOUND('',#10868,.T.) ;
#10885=FACE_OUTER_BOUND('',#10880,.T.) ;
#10892=FACE_OUTER_BOUND('',#10887,.T.) ;
#10909=FACE_OUTER_BOUND('',#10904,.T.) ;
#10916=FACE_OUTER_BOUND('',#10911,.T.) ;
#10921=FACE_OUTER_BOUND('',#10918,.T.) ;
#10930=FACE_OUTER_BOUND('',#10927,.T.) ;
#10939=FACE_OUTER_BOUND('',#10936,.T.) ;
#10950=FACE_OUTER_BOUND('',#10945,.T.) ;
#10957=FACE_OUTER_BOUND('',#10952,.T.) ;
#11055=FACE_OUTER_BOUND('',#11050,.T.) ;
#11086=FACE_OUTER_BOUND('',#11081,.T.) ;
#11117=FACE_OUTER_BOUND('',#11112,.T.) ;
#11134=FACE_OUTER_BOUND('',#11129,.T.) ;
#11151=FACE_OUTER_BOUND('',#11146,.T.) ;
#11223=FACE_OUTER_BOUND('',#11214,.T.) ;
#11463=FACE_OUTER_BOUND('',#11458,.T.) ;
#11494=FACE_OUTER_BOUND('',#11489,.T.) ;
#11525=FACE_OUTER_BOUND('',#11520,.T.) ;
#11556=FACE_OUTER_BOUND('',#11551,.T.) ;
#11587=FACE_OUTER_BOUND('',#11582,.T.) ;
#11618=FACE_OUTER_BOUND('',#11613,.T.) ;
#11649=FACE_OUTER_BOUND('',#11644,.T.) ;
#11671=FACE_OUTER_BOUND('',#11666,.T.) ;
#11687=FACE_OUTER_BOUND('',#11678,.T.) ;
#11811=FACE_OUTER_BOUND('',#11806,.T.) ;
#11828=FACE_OUTER_BOUND('',#11823,.T.) ;
#11845=FACE_OUTER_BOUND('',#11840,.T.) ;
#11862=FACE_OUTER_BOUND('',#11857,.T.) ;
#11879=FACE_OUTER_BOUND('',#11874,.T.) ;
#11896=FACE_OUTER_BOUND('',#11891,.T.) ;
#11913=FACE_OUTER_BOUND('',#11908,.T.) ;
#11925=FACE_OUTER_BOUND('',#11920,.T.) ;
#11949=FACE_OUTER_BOUND('',#11946,.T.) ;
#11991=FACE_OUTER_BOUND('',#11988,.T.) ;
#12040=FACE_OUTER_BOUND('',#12035,.T.) ;
#12052=FACE_OUTER_BOUND('',#12047,.T.) ;
#12083=FACE_OUTER_BOUND('',#12078,.T.) ;
#12095=FACE_OUTER_BOUND('',#12090,.T.) ;
#12117=FACE_OUTER_BOUND('',#12112,.T.) ;
#12124=FACE_OUTER_BOUND('',#12119,.T.) ;
#12155=FACE_OUTER_BOUND('',#12150,.T.) ;
#12167=FACE_OUTER_BOUND('',#12162,.T.) ;
#12198=FACE_OUTER_BOUND('',#12193,.T.) ;
#12210=FACE_OUTER_BOUND('',#12205,.T.) ;
#12250=FACE_OUTER_BOUND('',#12245,.T.) ;
#12281=FACE_OUTER_BOUND('',#12276,.T.) ;
#12312=FACE_OUTER_BOUND('',#12307,.T.) ;
#12343=FACE_OUTER_BOUND('',#12338,.T.) ;
#12374=FACE_OUTER_BOUND('',#12369,.T.) ;
#12405=FACE_OUTER_BOUND('',#12400,.T.) ;
#12436=FACE_OUTER_BOUND('',#12431,.T.) ;
#12467=FACE_OUTER_BOUND('',#12462,.T.) ;
#12498=FACE_OUTER_BOUND('',#12493,.T.) ;
#12529=FACE_OUTER_BOUND('',#12524,.T.) ;
#12555=FACE_OUTER_BOUND('',#12550,.T.) ;
#12586=FACE_OUTER_BOUND('',#12581,.T.) ;
#12617=FACE_OUTER_BOUND('',#12612,.T.) ;
#12648=FACE_OUTER_BOUND('',#12643,.T.) ;
#12679=FACE_OUTER_BOUND('',#12674,.T.) ;
#12710=FACE_OUTER_BOUND('',#12705,.T.) ;
#12736=FACE_OUTER_BOUND('',#12731,.T.) ;
#12767=FACE_OUTER_BOUND('',#12762,.T.) ;
#12798=FACE_OUTER_BOUND('',#12793,.T.) ;
#12829=FACE_OUTER_BOUND('',#12824,.T.) ;
#12855=FACE_OUTER_BOUND('',#12850,.T.) ;
#12886=FACE_OUTER_BOUND('',#12881,.T.) ;
#12917=FACE_OUTER_BOUND('',#12912,.T.) ;
#12934=FACE_OUTER_BOUND('',#12929,.T.) ;
#12966=FACE_OUTER_BOUND('',#12941,.T.) ;
#13001=FACE_OUTER_BOUND('',#12996,.T.) ;
#13025=FACE_OUTER_BOUND('',#13020,.T.) ;
#13049=FACE_OUTER_BOUND('',#13044,.T.) ;
#13073=FACE_OUTER_BOUND('',#13068,.T.) ;
#13097=FACE_OUTER_BOUND('',#13092,.T.) ;
#13121=FACE_OUTER_BOUND('',#13116,.T.) ;
#13145=FACE_OUTER_BOUND('',#13140,.T.) ;
#13162=FACE_OUTER_BOUND('',#13157,.T.) ;
#13202=FACE_OUTER_BOUND('',#13197,.T.) ;
#13219=FACE_OUTER_BOUND('',#13214,.T.) ;
#13229=FACE_OUTER_BOUND('',#13226,.T.) ;
#13259=FACE_OUTER_BOUND('',#13254,.T.) ;
#13283=FACE_OUTER_BOUND('',#13278,.T.) ;
#13302=FACE_OUTER_BOUND('',#13297,.T.) ;
#13326=FACE_OUTER_BOUND('',#13321,.T.) ;
#13345=FACE_OUTER_BOUND('',#13340,.T.) ;
#13369=FACE_OUTER_BOUND('',#13364,.T.) ;
#13388=FACE_OUTER_BOUND('',#13383,.T.) ;
#13412=FACE_OUTER_BOUND('',#13407,.T.) ;
#13431=FACE_OUTER_BOUND('',#13426,.T.) ;
#13455=FACE_OUTER_BOUND('',#13450,.T.) ;
#13474=FACE_OUTER_BOUND('',#13469,.T.) ;
#13498=FACE_OUTER_BOUND('',#13493,.T.) ;
#13517=FACE_OUTER_BOUND('',#13512,.T.) ;
#13541=FACE_OUTER_BOUND('',#13536,.T.) ;
#13560=FACE_OUTER_BOUND('',#13555,.T.) ;
#13584=FACE_OUTER_BOUND('',#13579,.T.) ;
#13603=FACE_OUTER_BOUND('',#13598,.T.) ;
#13682=FACE_OUTER_BOUND('',#13657,.T.) ;
#13703=FACE_OUTER_BOUND('',#13698,.T.) ;
#13715=FACE_OUTER_BOUND('',#13710,.T.) ;
#13732=FACE_OUTER_BOUND('',#13727,.T.) ;
#13744=FACE_OUTER_BOUND('',#13739,.T.) ;
#13761=FACE_OUTER_BOUND('',#13756,.T.) ;
#13778=FACE_OUTER_BOUND('',#13773,.T.) ;
#13785=FACE_OUTER_BOUND('',#13780,.T.) ;
#13801=FACE_OUTER_BOUND('',#13792,.T.) ;
#13858=FACE_OUTER_BOUND('',#13853,.T.) ;
#13870=FACE_OUTER_BOUND('',#13865,.T.) ;
#13880=FACE_OUTER_BOUND('',#13877,.T.) ;
#13911=FACE_OUTER_BOUND('',#13906,.T.) ;
#13923=FACE_OUTER_BOUND('',#13918,.T.) ;
#13928=FACE_OUTER_BOUND('',#13925,.T.) ;
#14103=FACE_OUTER_BOUND('',#14086,.T.) ;
#14193=FACE_OUTER_BOUND('',#14184,.T.) ;
#14281=FACE_OUTER_BOUND('',#14276,.T.) ;
#14298=FACE_OUTER_BOUND('',#14293,.T.) ;
#14315=FACE_OUTER_BOUND('',#14310,.T.) ;
#14355=FACE_OUTER_BOUND('',#14346,.T.) ;
#14372=FACE_OUTER_BOUND('',#14367,.T.) ;
#14389=FACE_OUTER_BOUND('',#14384,.T.) ;
#14406=FACE_OUTER_BOUND('',#14401,.T.) ;
#14441=FACE_OUTER_BOUND('',#14432,.T.) ;
#14472=FACE_OUTER_BOUND('',#14467,.T.) ;
#14489=FACE_OUTER_BOUND('',#14484,.T.) ;
#14506=FACE_OUTER_BOUND('',#14501,.T.) ;
#14518=FACE_OUTER_BOUND('',#14513,.T.) ;
#14537=FACE_OUTER_BOUND('',#14532,.T.) ;
#14556=FACE_OUTER_BOUND('',#14551,.T.) ;
#14573=FACE_OUTER_BOUND('',#14568,.T.) ;
#14580=FACE_OUTER_BOUND('',#14575,.T.) ;
#14604=FACE_OUTER_BOUND('',#14601,.T.) ;
#14667=FACE_OUTER_BOUND('',#14658,.T.) ;
#14691=FACE_OUTER_BOUND('',#14686,.T.) ;
#14715=FACE_OUTER_BOUND('',#14710,.T.) ;
#14739=FACE_OUTER_BOUND('',#14734,.T.) ;
#14763=FACE_OUTER_BOUND('',#14758,.T.) ;
#14787=FACE_OUTER_BOUND('',#14782,.T.) ;
#14811=FACE_OUTER_BOUND('',#14806,.T.) ;
#14833=FACE_OUTER_BOUND('',#14828,.T.) ;
#14872=FACE_OUTER_BOUND('',#14859,.T.) ;
#14912=FACE_OUTER_BOUND('',#14907,.T.) ;
#14928=FACE_OUTER_BOUND('',#14919,.T.) ;
#14933=FACE_OUTER_BOUND('',#14930,.T.) ;
#14964=FACE_OUTER_BOUND('',#14959,.T.) ;
#14976=FACE_OUTER_BOUND('',#14971,.T.) ;
#14998=FACE_OUTER_BOUND('',#14993,.T.) ;
#15010=FACE_OUTER_BOUND('',#15005,.T.) ;
#15076=FACE_OUTER_BOUND('',#15071,.T.) ;
#15107=FACE_OUTER_BOUND('',#15102,.T.) ;
#15138=FACE_OUTER_BOUND('',#15133,.T.) ;
#15194=FACE_OUTER_BOUND('',#15187,.T.) ;
#15250=FACE_OUTER_BOUND('',#15239,.T.) ;
#15274=FACE_OUTER_BOUND('',#15269,.T.) ;
#15380=FACE_OUTER_BOUND('',#15375,.T.) ;
#15411=FACE_OUTER_BOUND('',#15406,.T.) ;
#15442=FACE_OUTER_BOUND('',#15437,.T.) ;
#15473=FACE_OUTER_BOUND('',#15468,.T.) ;
#15504=FACE_OUTER_BOUND('',#15499,.T.) ;
#15535=FACE_OUTER_BOUND('',#15530,.T.) ;
#15566=FACE_OUTER_BOUND('',#15561,.T.) ;
#15588=FACE_OUTER_BOUND('',#15583,.T.) ;
#15646=FACE_OUTER_BOUND('',#15635,.T.) ;
#15686=FACE_OUTER_BOUND('',#15681,.T.) ;
#15703=FACE_OUTER_BOUND('',#15698,.T.) ;
#15745=FACE_OUTER_BOUND('',#15738,.T.) ;
#15761=FACE_OUTER_BOUND('',#15752,.T.) ;
#15803=FACE_OUTER_BOUND('',#15800,.T.) ;
#15829=FACE_OUTER_BOUND('',#15824,.T.) ;
#15836=FACE_OUTER_BOUND('',#15831,.T.) ;
#15853=FACE_OUTER_BOUND('',#15848,.T.) ;
#15865=FACE_OUTER_BOUND('',#15860,.T.) ;
#15882=FACE_OUTER_BOUND('',#15877,.T.) ;
#15917=FACE_OUTER_BOUND('',#15908,.T.) ;
#15941=FACE_OUTER_BOUND('',#15936,.T.) ;
#15965=FACE_OUTER_BOUND('',#15960,.T.) ;
#15989=FACE_OUTER_BOUND('',#15984,.T.) ;
#16013=FACE_OUTER_BOUND('',#16008,.T.) ;
#16037=FACE_OUTER_BOUND('',#16032,.T.) ;
#16061=FACE_OUTER_BOUND('',#16056,.T.) ;
#16082=FACE_OUTER_BOUND('',#16073,.T.) ;
#16244=FACE_OUTER_BOUND('',#16235,.T.) ;
#16275=FACE_OUTER_BOUND('',#16270,.T.) ;
#16299=FACE_OUTER_BOUND('',#16294,.T.) ;
#16323=FACE_OUTER_BOUND('',#16318,.T.) ;
#16347=FACE_OUTER_BOUND('',#16342,.T.) ;
#16371=FACE_OUTER_BOUND('',#16366,.T.) ;
#16395=FACE_OUTER_BOUND('',#16390,.T.) ;
#16419=FACE_OUTER_BOUND('',#16414,.T.) ;
#16436=FACE_OUTER_BOUND('',#16431,.T.) ;
#16452=FACE_OUTER_BOUND('',#16443,.T.) ;
#16518=FACE_OUTER_BOUND('',#16515,.T.) ;
#16544=FACE_OUTER_BOUND('',#16539,.T.) ;
#16551=FACE_OUTER_BOUND('',#16546,.T.) ;
#16582=FACE_OUTER_BOUND('',#16577,.T.) ;
#16606=FACE_OUTER_BOUND('',#16601,.T.) ;
#16630=FACE_OUTER_BOUND('',#16625,.T.) ;
#16654=FACE_OUTER_BOUND('',#16649,.T.) ;
#16678=FACE_OUTER_BOUND('',#16673,.T.) ;
#16695=FACE_OUTER_BOUND('',#16690,.T.) ;
#16709=FACE_OUTER_BOUND('',#16702,.T.) ;
#16735=FACE_OUTER_BOUND('',#16730,.T.) ;
#16759=FACE_OUTER_BOUND('',#16754,.T.) ;
#16783=FACE_OUTER_BOUND('',#16778,.T.) ;
#16807=FACE_OUTER_BOUND('',#16802,.T.) ;
#16826=FACE_OUTER_BOUND('',#16821,.T.) ;
#16843=FACE_OUTER_BOUND('',#16838,.T.) ;
#16852=FACE_OUTER_BOUND('',#16845,.T.) ;
#16883=FACE_OUTER_BOUND('',#16878,.T.) ;
#16895=FACE_OUTER_BOUND('',#16890,.T.) ;
#16905=FACE_OUTER_BOUND('',#16902,.T.) ;
#16936=FACE_OUTER_BOUND('',#16931,.T.) ;
#16948=FACE_OUTER_BOUND('',#16943,.T.) ;
#16953=FACE_OUTER_BOUND('',#16950,.T.) ;
#17027=FACE_OUTER_BOUND('',#17022,.T.) ;
#17044=FACE_OUTER_BOUND('',#17039,.T.) ;
#17054=FACE_OUTER_BOUND('',#17051,.T.) ;
#17096=FACE_OUTER_BOUND('',#17093,.T.) ;
#17131=FACE_OUTER_BOUND('',#17126,.T.) ;
#17143=FACE_OUTER_BOUND('',#17138,.T.) ;
#17153=FACE_OUTER_BOUND('',#17150,.T.) ;
#17202=FACE_OUTER_BOUND('',#17197,.T.) ;
#17214=FACE_OUTER_BOUND('',#17209,.T.) ;
#17254=FACE_OUTER_BOUND('',#17249,.T.) ;
#17271=FACE_OUTER_BOUND('',#17266,.T.) ;
#17281=FACE_OUTER_BOUND('',#17278,.T.) ;
#17318=FACE_OUTER_BOUND('',#17315,.T.) ;
#17353=FACE_OUTER_BOUND('',#17348,.T.) ;
#17370=FACE_OUTER_BOUND('',#17365,.T.) ;
#17401=FACE_OUTER_BOUND('',#17396,.T.) ;
#17413=FACE_OUTER_BOUND('',#17408,.T.) ;
#17444=FACE_OUTER_BOUND('',#17439,.T.) ;
#17456=FACE_OUTER_BOUND('',#17451,.T.) ;
#17480=FACE_OUTER_BOUND('',#17477,.T.) ;
#17494=FACE_OUTER_BOUND('',#17491,.T.) ;
#17529=FACE_OUTER_BOUND('',#17524,.T.) ;
#17546=FACE_OUTER_BOUND('',#17541,.T.) ;
#17577=FACE_OUTER_BOUND('',#17572,.T.) ;
#17589=FACE_OUTER_BOUND('',#17584,.T.) ;
#17599=FACE_OUTER_BOUND('',#17596,.T.) ;
#17648=FACE_OUTER_BOUND('',#17643,.T.) ;
#17660=FACE_OUTER_BOUND('',#17655,.T.) ;
#17682=FACE_OUTER_BOUND('',#17677,.T.) ;
#17689=FACE_OUTER_BOUND('',#17684,.T.) ;
#9=PRODUCT_CATEGORY_RELATIONSHIP(' ',' ',#7,#8) ;
#12=PRODUCT_CATEGORY_RELATIONSHIP(' ',' ',#10,#11) ;
#6=PRODUCT_DEFINITION_FORMATION_WITH_SPECIFIED_SOURCE('',' ',#5,.NOT_KNOWN.) ;
#27=PRODUCT_DEFINITION_FORMATION_WITH_SPECIFIED_SOURCE('',' ',#26,.NOT_KNOWN.) ;
#48=PRODUCT_DEFINITION_FORMATION_WITH_SPECIFIED_SOURCE('',' ',#47,.NOT_KNOWN.) ;
#56=PRODUCT_DEFINITION_FORMATION_WITH_SPECIFIED_SOURCE('',' ',#55,.NOT_KNOWN.) ;
#3501=PRODUCT_DEFINITION_FORMATION_WITH_SPECIFIED_SOURCE('',' ',#3500,.NOT_KNOWN.) ;
#4650=PRODUCT_DEFINITION_FORMATION_WITH_SPECIFIED_SOURCE('',' ',#4649,.NOT_KNOWN.) ;
#5726=PRODUCT_DEFINITION_FORMATION_WITH_SPECIFIED_SOURCE('',' ',#5725,.NOT_KNOWN.) ;
#9655=PRODUCT_DEFINITION_FORMATION_WITH_SPECIFIED_SOURCE('',' ',#9654,.NOT_KNOWN.) ;
#9663=PRODUCT_DEFINITION_FORMATION_WITH_SPECIFIED_SOURCE('',' ',#9662,.NOT_KNOWN.) ;
#10411=PRODUCT_DEFINITION_FORMATION_WITH_SPECIFIED_SOURCE('',' ',#10410,.NOT_KNOWN.) ;
#10419=PRODUCT_DEFINITION_FORMATION_WITH_SPECIFIED_SOURCE('',' ',#10418,.NOT_KNOWN.) ;
#11003=PRODUCT_DEFINITION_FORMATION_WITH_SPECIFIED_SOURCE('',' ',#11002,.NOT_KNOWN.) ;
#11011=PRODUCT_DEFINITION_FORMATION_WITH_SPECIFIED_SOURCE('',' ',#11010,.NOT_KNOWN.) ;
#13963=PRODUCT_DEFINITION_FORMATION_WITH_SPECIFIED_SOURCE('',' ',#13962,.NOT_KNOWN.) ;
#15032=PRODUCT_DEFINITION_FORMATION_WITH_SPECIFIED_SOURCE('',' ',#15031,.NOT_KNOWN.) ;
#16975=PRODUCT_DEFINITION_FORMATION_WITH_SPECIFIED_SOURCE('',' ',#16974,.NOT_KNOWN.) ;
#16983=PRODUCT_DEFINITION_FORMATION_WITH_SPECIFIED_SOURCE('',' ',#16982,.NOT_KNOWN.) ;
#14=SHAPE_DEFINITION_REPRESENTATION(#16,#15) ;
#25=SHAPE_DEFINITION_REPRESENTATION(#29,#24) ;
#46=SHAPE_DEFINITION_REPRESENTATION(#50,#45) ;
#54=SHAPE_DEFINITION_REPRESENTATION(#58,#53) ;
#3499=SHAPE_DEFINITION_REPRESENTATION(#3503,#3498) ;
#4648=SHAPE_DEFINITION_REPRESENTATION(#4652,#4647) ;
#5724=SHAPE_DEFINITION_REPRESENTATION(#5728,#5723) ;
#9653=SHAPE_DEFINITION_REPRESENTATION(#9657,#9652) ;
#9661=SHAPE_DEFINITION_REPRESENTATION(#9665,#9660) ;
#10409=SHAPE_DEFINITION_REPRESENTATION(#10413,#10408) ;
#10417=SHAPE_DEFINITION_REPRESENTATION(#10421,#10416) ;
#11001=SHAPE_DEFINITION_REPRESENTATION(#11005,#11000) ;
#11009=SHAPE_DEFINITION_REPRESENTATION(#11013,#11008) ;
#13961=SHAPE_DEFINITION_REPRESENTATION(#13965,#13960) ;
#15030=SHAPE_DEFINITION_REPRESENTATION(#15034,#15029) ;
#16973=SHAPE_DEFINITION_REPRESENTATION(#16977,#16972) ;
#16981=SHAPE_DEFINITION_REPRESENTATION(#16985,#16980) ;
#17=(LENGTH_UNIT()NAMED_UNIT(*)SI_UNIT(.MILLI.,.METRE.)) ;
#18=(NAMED_UNIT(*)PLANE_ANGLE_UNIT()SI_UNIT($,.RADIAN.)) ;
#19=(NAMED_UNIT(*)SI_UNIT($,.STERADIAN.)SOLID_ANGLE_UNIT()) ;
#21=(GEOMETRIC_REPRESENTATION_CONTEXT(3)GLOBAL_UNCERTAINTY_ASSIGNED_CONTEXT((#20))GLOBAL_UNIT_ASSIGNED_CONTEXT((#17,#18,#19))REPRESENTATION_CONTEXT(' ',' ')) ;
#23=(GEOMETRIC_REPRESENTATION_CONTEXT(3)GLOBAL_UNCERTAINTY_ASSIGNED_CONTEXT((#22))GLOBAL_UNIT_ASSIGNED_CONTEXT((#17,#18,#19))REPRESENTATION_CONTEXT(' ',' ')) ;
#44=(GEOMETRIC_REPRESENTATION_CONTEXT(3)GLOBAL_UNCERTAINTY_ASSIGNED_CONTEXT((#43))GLOBAL_UNIT_ASSIGNED_CONTEXT((#17,#18,#19))REPRESENTATION_CONTEXT(' ',' ')) ;
#52=(GEOMETRIC_REPRESENTATION_CONTEXT(3)GLOBAL_UNCERTAINTY_ASSIGNED_CONTEXT((#51))GLOBAL_UNIT_ASSIGNED_CONTEXT((#17,#18,#19))REPRESENTATION_CONTEXT(' ',' ')) ;
#3497=(GEOMETRIC_REPRESENTATION_CONTEXT(3)GLOBAL_UNCERTAINTY_ASSIGNED_CONTEXT((#3496))GLOBAL_UNIT_ASSIGNED_CONTEXT((#17,#18,#19))REPRESENTATION_CONTEXT(' ',' ')) ;
#4646=(GEOMETRIC_REPRESENTATION_CONTEXT(3)GLOBAL_UNCERTAINTY_ASSIGNED_CONTEXT((#4645))GLOBAL_UNIT_ASSIGNED_CONTEXT((#17,#18,#19))REPRESENTATION_CONTEXT(' ',' ')) ;
#5722=(GEOMETRIC_REPRESENTATION_CONTEXT(3)GLOBAL_UNCERTAINTY_ASSIGNED_CONTEXT((#5721))GLOBAL_UNIT_ASSIGNED_CONTEXT((#17,#18,#19))REPRESENTATION_CONTEXT(' ',' ')) ;
#9651=(GEOMETRIC_REPRESENTATION_CONTEXT(3)GLOBAL_UNCERTAINTY_ASSIGNED_CONTEXT((#9650))GLOBAL_UNIT_ASSIGNED_CONTEXT((#17,#18,#19))REPRESENTATION_CONTEXT(' ',' ')) ;
#9659=(GEOMETRIC_REPRESENTATION_CONTEXT(3)GLOBAL_UNCERTAINTY_ASSIGNED_CONTEXT((#9658))GLOBAL_UNIT_ASSIGNED_CONTEXT((#17,#18,#19))REPRESENTATION_CONTEXT(' ',' ')) ;
#10407=(GEOMETRIC_REPRESENTATION_CONTEXT(3)GLOBAL_UNCERTAINTY_ASSIGNED_CONTEXT((#10406))GLOBAL_UNIT_ASSIGNED_CONTEXT((#17,#18,#19))REPRESENTATION_CONTEXT(' ',' ')) ;
#10415=(GEOMETRIC_REPRESENTATION_CONTEXT(3)GLOBAL_UNCERTAINTY_ASSIGNED_CONTEXT((#10414))GLOBAL_UNIT_ASSIGNED_CONTEXT((#17,#18,#19))REPRESENTATION_CONTEXT(' ',' ')) ;
#10999=(GEOMETRIC_REPRESENTATION_CONTEXT(3)GLOBAL_UNCERTAINTY_ASSIGNED_CONTEXT((#10998))GLOBAL_UNIT_ASSIGNED_CONTEXT((#17,#18,#19))REPRESENTATION_CONTEXT(' ',' ')) ;
#11007=(GEOMETRIC_REPRESENTATION_CONTEXT(3)GLOBAL_UNCERTAINTY_ASSIGNED_CONTEXT((#11006))GLOBAL_UNIT_ASSIGNED_CONTEXT((#17,#18,#19))REPRESENTATION_CONTEXT(' ',' ')) ;
#13959=(GEOMETRIC_REPRESENTATION_CONTEXT(3)GLOBAL_UNCERTAINTY_ASSIGNED_CONTEXT((#13958))GLOBAL_UNIT_ASSIGNED_CONTEXT((#17,#18,#19))REPRESENTATION_CONTEXT(' ',' ')) ;
#15028=(GEOMETRIC_REPRESENTATION_CONTEXT(3)GLOBAL_UNCERTAINTY_ASSIGNED_CONTEXT((#15027))GLOBAL_UNIT_ASSIGNED_CONTEXT((#17,#18,#19))REPRESENTATION_CONTEXT(' ',' ')) ;
#16971=(GEOMETRIC_REPRESENTATION_CONTEXT(3)GLOBAL_UNCERTAINTY_ASSIGNED_CONTEXT((#16970))GLOBAL_UNIT_ASSIGNED_CONTEXT((#17,#18,#19))REPRESENTATION_CONTEXT(' ',' ')) ;
#16979=(GEOMETRIC_REPRESENTATION_CONTEXT(3)GLOBAL_UNCERTAINTY_ASSIGNED_CONTEXT((#16978))GLOBAL_UNIT_ASSIGNED_CONTEXT((#17,#18,#19))REPRESENTATION_CONTEXT(' ',' ')) ;
#33=(REPRESENTATION_RELATIONSHIP(' ',' ',#24,#15)REPRESENTATION_RELATIONSHIP_WITH_TRANSFORMATION(#34)SHAPE_REPRESENTATION_RELATIONSHIP()) ;
#3486=(REPRESENTATION_RELATIONSHIP(' ',' ',#53,#45)REPRESENTATION_RELATIONSHIP_WITH_TRANSFORMATION(#3487)SHAPE_REPRESENTATION_RELATIONSHIP()) ;
#4635=(REPRESENTATION_RELATIONSHIP(' ',' ',#3498,#45)REPRESENTATION_RELATIONSHIP_WITH_TRANSFORMATION(#4636)SHAPE_REPRESENTATION_RELATIONSHIP()) ;
#5711=(REPRESENTATION_RELATIONSHIP(' ',' ',#4647,#45)REPRESENTATION_RELATIONSHIP_WITH_TRANSFORMATION(#5712)SHAPE_REPRESENTATION_RELATIONSHIP()) ;
#9640=(REPRESENTATION_RELATIONSHIP(' ',' ',#5723,#45)REPRESENTATION_RELATIONSHIP_WITH_TRANSFORMATION(#9641)SHAPE_REPRESENTATION_RELATIONSHIP()) ;
#10383=(REPRESENTATION_RELATIONSHIP(' ',' ',#9660,#9652)REPRESENTATION_RELATIONSHIP_WITH_TRANSFORMATION(#10384)SHAPE_REPRESENTATION_RELATIONSHIP()) ;
#10396=(REPRESENTATION_RELATIONSHIP(' ',' ',#9652,#45)REPRESENTATION_RELATIONSHIP_WITH_TRANSFORMATION(#10397)SHAPE_REPRESENTATION_RELATIONSHIP()) ;
#10962=(REPRESENTATION_RELATIONSHIP(' ',' ',#10416,#10408)REPRESENTATION_RELATIONSHIP_WITH_TRANSFORMATION(#10963)SHAPE_REPRESENTATION_RELATIONSHIP()) ;
#10975=(REPRESENTATION_RELATIONSHIP(' ',' ',#10408,#45)REPRESENTATION_RELATIONSHIP_WITH_TRANSFORMATION(#10976)SHAPE_REPRESENTATION_RELATIONSHIP()) ;
#10988=(REPRESENTATION_RELATIONSHIP(' ',' ',#45,#15)REPRESENTATION_RELATIONSHIP_WITH_TRANSFORMATION(#10989)SHAPE_REPRESENTATION_RELATIONSHIP()) ;
#13935=(REPRESENTATION_RELATIONSHIP(' ',' ',#11008,#11000)REPRESENTATION_RELATIONSHIP_WITH_TRANSFORMATION(#13936)SHAPE_REPRESENTATION_RELATIONSHIP()) ;
#13948=(REPRESENTATION_RELATIONSHIP(' ',' ',#3498,#11000)REPRESENTATION_RELATIONSHIP_WITH_TRANSFORMATION(#13949)SHAPE_REPRESENTATION_RELATIONSHIP()) ;
#15017=(REPRESENTATION_RELATIONSHIP(' ',' ',#13960,#11000)REPRESENTATION_RELATIONSHIP_WITH_TRANSFORMATION(#15018)SHAPE_REPRESENTATION_RELATIONSHIP()) ;
#16960=(REPRESENTATION_RELATIONSHIP(' ',' ',#15029,#11000)REPRESENTATION_RELATIONSHIP_WITH_TRANSFORMATION(#16961)SHAPE_REPRESENTATION_RELATIONSHIP()) ;
#17696=(REPRESENTATION_RELATIONSHIP(' ',' ',#16980,#16972)REPRESENTATION_RELATIONSHIP_WITH_TRANSFORMATION(#17697)SHAPE_REPRESENTATION_RELATIONSHIP()) ;
#17709=(REPRESENTATION_RELATIONSHIP(' ',' ',#16972,#11000)REPRESENTATION_RELATIONSHIP_WITH_TRANSFORMATION(#17710)SHAPE_REPRESENTATION_RELATIONSHIP()) ;
#17722=(REPRESENTATION_RELATIONSHIP(' ',' ',#10408,#11000)REPRESENTATION_RELATIONSHIP_WITH_TRANSFORMATION(#17723)SHAPE_REPRESENTATION_RELATIONSHIP()) ;
#17735=(REPRESENTATION_RELATIONSHIP(' ',' ',#11000,#15)REPRESENTATION_RELATIONSHIP_WITH_TRANSFORMATION(#17736)SHAPE_REPRESENTATION_RELATIONSHIP()) ;
ENDSEC;
END-ISO-10303-21;
