ISO-10303-21;
HEADER;
FILE_DESCRIPTION(('CATIA V5 STEP Exchange','CAx-IF Rec.Pracs.--- Model Styling and Organization---1.5--- 2016-08-15','CAx-IF Rec.Pracs.---Supplemental Geometry---1.0---2011-11-01','CAx-IF Rec.Pracs.--- Composite Materials ---3.4---2017-06-13','CAx-IF Rec.Pracs.---Tessellated 3D Geometry---1.0---2015-12-17'),'2;1');

FILE_NAME('V:\\01 Prismatic\\13 pris can\\04 stp\\can.stp','2026-08-31T03:11:39+00:00',('none'),('none'),'CATIA Version 5-6 Release 2022 SP3 HF50','CATIA V5 STEP AP242 v2','none');

FILE_SCHEMA(('AP242_MANAGED_MODEL_BASED_3D_ENGINEERING_MIM_LF  {1 0 10303 442 3 1 4}'));

ENDSEC;
DATA;
#2658=FACE_BOUND('',#2653,.T.) ;
#2790=FACE_BOUND('',#2785,.T.) ;
#2832=FACE_BOUND('',#2807,.T.) ;
#2869=FACE_BOUND('',#2844,.T.) ;
#2947=FACE_BOUND('',#2942,.T.) ;
#3029=FACE_BOUND('',#3020,.T.) ;
#3039=FACE_BOUND('',#3030,.T.) ;
#3043=FACE_BOUND('',#3040,.T.) ;
#3049=FACE_BOUND('',#3044,.T.) ;
#334=MANIFOLD_SOLID_BREP('Base_Plate',#343) ;
#343=CLOSED_SHELL('Closed Shell',(#383,#400,#410,#450,#481,#512,#543,#574,#605,#636,#667,#698,#729,#760,#786,#817,#848,#879,#910,#941,#967,#998,#1029,#1060,#1086,#1117,#1134,#1166,#1206,#1237,#1268,#1299,#1330,#1361,#1392,#1423,#1454,#1480,#1511,#1542,#1573,#1599,#1630,#1661,#1692,#1718,#1749,#1775,#1806,#1832,#1863,#1880,#1907,#1947,#1978,#2009,#2040,#2071,#2102,#2133,#2155,#2190,#2221,#2252,#2283,#2314,#2345,#2376,#2393,#2433,#2464,#2495,#2517,#2557,#2588,#2619,#2641,#2659,#2699,#2725,#2756,#2773,#2791,#2833,#2870,#2948,#3050,#3081,#3105,#3129,#3153,#3177,#3201,#3225,#3242,#3264,#3281,#3298,#3315,#3332,#3349,#3366,#3378)) ;
#10=PRODUCT_DEFINITION('[MPABP]Base Plate',' ',#6,#3) ;
#5=PRODUCT('prd-45864697-00060688','[MPABP]_BasePlate','[MPABP]_BasePlate',(#2)) ;
#2=PRODUCT_CONTEXT(' ',#1,'mechanical') ;
#1=APPLICATION_CONTEXT('managed model based 3d engineering') ;
#3=PRODUCT_DEFINITION_CONTEXT('part definition',#1,' ') ;
#19=SHAPE_REPRESENTATION(' ',(#18),#16) ;
#354=VERTEX_POINT('',#353) ;
#356=VERTEX_POINT('',#355) ;
#363=VERTEX_POINT('',#362) ;
#370=VERTEX_POINT('',#369) ;
#421=VERTEX_POINT('',#420) ;
#423=VERTEX_POINT('',#422) ;
#430=VERTEX_POINT('',#429) ;
#437=VERTEX_POINT('',#436) ;
#461=VERTEX_POINT('',#460) ;
#468=VERTEX_POINT('',#467) ;
#492=VERTEX_POINT('',#491) ;
#499=VERTEX_POINT('',#498) ;
#523=VERTEX_POINT('',#522) ;
#530=VERTEX_POINT('',#529) ;
#554=VERTEX_POINT('',#553) ;
#561=VERTEX_POINT('',#560) ;
#585=VERTEX_POINT('',#584) ;
#592=VERTEX_POINT('',#591) ;
#616=VERTEX_POINT('',#615) ;
#618=VERTEX_POINT('',#617) ;
#647=VERTEX_POINT('',#646) ;
#654=VERTEX_POINT('',#653) ;
#678=VERTEX_POINT('',#677) ;
#680=VERTEX_POINT('',#679) ;
#709=VERTEX_POINT('',#708) ;
#716=VERTEX_POINT('',#715) ;
#740=VERTEX_POINT('',#739) ;
#747=VERTEX_POINT('',#746) ;
#766=VERTEX_POINT('',#765) ;
#768=VERTEX_POINT('',#767) ;
#797=VERTEX_POINT('',#796) ;
#804=VERTEX_POINT('',#803) ;
#828=VERTEX_POINT('',#827) ;
#835=VERTEX_POINT('',#834) ;
#859=VERTEX_POINT('',#858) ;
#866=VERTEX_POINT('',#865) ;
#890=VERTEX_POINT('',#889) ;
#897=VERTEX_POINT('',#896) ;
#921=VERTEX_POINT('',#920) ;
#928=VERTEX_POINT('',#927) ;
#947=VERTEX_POINT('',#946) ;
#954=VERTEX_POINT('',#953) ;
#978=VERTEX_POINT('',#977) ;
#980=VERTEX_POINT('',#979) ;
#1009=VERTEX_POINT('',#1008) ;
#1016=VERTEX_POINT('',#1015) ;
#1040=VERTEX_POINT('',#1039) ;
#1042=VERTEX_POINT('',#1041) ;
#1066=VERTEX_POINT('',#1065) ;
#1073=VERTEX_POINT('',#1072) ;
#1097=VERTEX_POINT('',#1096) ;
#1104=VERTEX_POINT('',#1103) ;
#1177=VERTEX_POINT('',#1176) ;
#1179=VERTEX_POINT('',#1178) ;
#1186=VERTEX_POINT('',#1185) ;
#1193=VERTEX_POINT('',#1192) ;
#1217=VERTEX_POINT('',#1216) ;
#1219=VERTEX_POINT('',#1218) ;
#1248=VERTEX_POINT('',#1247) ;
#1255=VERTEX_POINT('',#1254) ;
#1279=VERTEX_POINT('',#1278) ;
#1281=VERTEX_POINT('',#1280) ;
#1310=VERTEX_POINT('',#1309) ;
#1312=VERTEX_POINT('',#1311) ;
#1341=VERTEX_POINT('',#1340) ;
#1343=VERTEX_POINT('',#1342) ;
#1372=VERTEX_POINT('',#1371) ;
#1379=VERTEX_POINT('',#1378) ;
#1403=VERTEX_POINT('',#1402) ;
#1410=VERTEX_POINT('',#1409) ;
#1434=VERTEX_POINT('',#1433) ;
#1441=VERTEX_POINT('',#1440) ;
#1460=VERTEX_POINT('',#1459) ;
#1467=VERTEX_POINT('',#1466) ;
#1491=VERTEX_POINT('',#1490) ;
#1498=VERTEX_POINT('',#1497) ;
#1522=VERTEX_POINT('',#1521) ;
#1529=VERTEX_POINT('',#1528) ;
#1553=VERTEX_POINT('',#1552) ;
#1560=VERTEX_POINT('',#1559) ;
#1579=VERTEX_POINT('',#1578) ;
#1586=VERTEX_POINT('',#1585) ;
#1610=VERTEX_POINT('',#1609) ;
#1612=VERTEX_POINT('',#1611) ;
#1641=VERTEX_POINT('',#1640) ;
#1648=VERTEX_POINT('',#1647) ;
#1672=VERTEX_POINT('',#1671) ;
#1674=VERTEX_POINT('',#1673) ;
#1698=VERTEX_POINT('',#1697) ;
#1705=VERTEX_POINT('',#1704) ;
#1729=VERTEX_POINT('',#1728) ;
#1736=VERTEX_POINT('',#1735) ;
#1755=VERTEX_POINT('',#1754) ;
#1762=VERTEX_POINT('',#1761) ;
#1786=VERTEX_POINT('',#1785) ;
#1793=VERTEX_POINT('',#1792) ;
#1812=VERTEX_POINT('',#1811) ;
#1819=VERTEX_POINT('',#1818) ;
#1843=VERTEX_POINT('',#1842) ;
#1850=VERTEX_POINT('',#1849) ;
#1918=VERTEX_POINT('',#1917) ;
#1920=VERTEX_POINT('',#1919) ;
#1927=VERTEX_POINT('',#1926) ;
#1934=VERTEX_POINT('',#1933) ;
#1958=VERTEX_POINT('',#1957) ;
#1960=VERTEX_POINT('',#1959) ;
#1989=VERTEX_POINT('',#1988) ;
#1996=VERTEX_POINT('',#1995) ;
#2020=VERTEX_POINT('',#2019) ;
#2027=VERTEX_POINT('',#2026) ;
#2051=VERTEX_POINT('',#2050) ;
#2053=VERTEX_POINT('',#2052) ;
#2082=VERTEX_POINT('',#2081) ;
#2089=VERTEX_POINT('',#2088) ;
#2113=VERTEX_POINT('',#2112) ;
#2120=VERTEX_POINT('',#2119) ;
#2161=VERTEX_POINT('',#2160) ;
#2163=VERTEX_POINT('',#2162) ;
#2170=VERTEX_POINT('',#2169) ;
#2177=VERTEX_POINT('',#2176) ;
#2201=VERTEX_POINT('',#2200) ;
#2208=VERTEX_POINT('',#2207) ;
#2232=VERTEX_POINT('',#2231) ;
#2234=VERTEX_POINT('',#2233) ;
#2263=VERTEX_POINT('',#2262) ;
#2270=VERTEX_POINT('',#2269) ;
#2294=VERTEX_POINT('',#2293) ;
#2301=VERTEX_POINT('',#2300) ;
#2325=VERTEX_POINT('',#2324) ;
#2327=VERTEX_POINT('',#2326) ;
#2356=VERTEX_POINT('',#2355) ;
#2358=VERTEX_POINT('',#2357) ;
#2404=VERTEX_POINT('',#2403) ;
#2406=VERTEX_POINT('',#2405) ;
#2413=VERTEX_POINT('',#2412) ;
#2420=VERTEX_POINT('',#2419) ;
#2444=VERTEX_POINT('',#2443) ;
#2451=VERTEX_POINT('',#2450) ;
#2475=VERTEX_POINT('',#2474) ;
#2482=VERTEX_POINT('',#2481) ;
#2528=VERTEX_POINT('',#2527) ;
#2530=VERTEX_POINT('',#2529) ;
#2537=VERTEX_POINT('',#2536) ;
#2544=VERTEX_POINT('',#2543) ;
#2568=VERTEX_POINT('',#2567) ;
#2570=VERTEX_POINT('',#2569) ;
#2599=VERTEX_POINT('',#2598) ;
#2601=VERTEX_POINT('',#2600) ;
#2670=VERTEX_POINT('',#2669) ;
#2672=VERTEX_POINT('',#2671) ;
#2679=VERTEX_POINT('',#2678) ;
#2686=VERTEX_POINT('',#2685) ;
#2705=VERTEX_POINT('',#2704) ;
#2712=VERTEX_POINT('',#2711) ;
#2736=VERTEX_POINT('',#2735) ;
#2743=VERTEX_POINT('',#2742) ;
#2881=VERTEX_POINT('',#2880) ;
#2883=VERTEX_POINT('',#2882) ;
#2890=VERTEX_POINT('',#2889) ;
#2897=VERTEX_POINT('',#2896) ;
#2904=VERTEX_POINT('',#2903) ;
#2911=VERTEX_POINT('',#2910) ;
#2918=VERTEX_POINT('',#2917) ;
#2925=VERTEX_POINT('',#2924) ;
#2959=VERTEX_POINT('',#2958) ;
#2961=VERTEX_POINT('',#2960) ;
#2968=VERTEX_POINT('',#2967) ;
#2975=VERTEX_POINT('',#2974) ;
#2982=VERTEX_POINT('',#2981) ;
#2989=VERTEX_POINT('',#2988) ;
#2996=VERTEX_POINT('',#2995) ;
#3003=VERTEX_POINT('',#3002) ;
#3061=VERTEX_POINT('',#3060) ;
#3068=VERTEX_POINT('',#3067) ;
#3092=VERTEX_POINT('',#3091) ;
#3116=VERTEX_POINT('',#3115) ;
#3140=VERTEX_POINT('',#3139) ;
#3164=VERTEX_POINT('',#3163) ;
#3188=VERTEX_POINT('',#3187) ;
#3212=VERTEX_POINT('',#3211) ;
#11=PRODUCT_DEFINITION_SHAPE(' ',' ',#10) ;
#3381=MECHANICAL_DESIGN_GEOMETRIC_PRESENTATION_REPRESENTATION(' ',(#342),#16) ;
#3382=MECHANICAL_DESIGN_GEOMETRIC_PRESENTATION_REPRESENTATION(' ',(#122,#225,#245,#297,#309,#321,#333),#16) ;
#7=PRODUCT_CATEGORY('part','specification') ;
#15=UNCERTAINTY_MEASURE_WITH_UNIT(LENGTH_MEASURE(0.005),#12,'distance_accuracy_value','CONFUSED CURVE UNCERTAINTY') ;
#8=PRODUCT_RELATED_PRODUCT_CATEGORY('part',$,(#5)) ;
#122=STYLED_ITEM(' ',(#121),#117) ;
#225=STYLED_ITEM(' ',(#224),#222) ;
#245=STYLED_ITEM(' ',(#244),#242) ;
#297=STYLED_ITEM(' ',(#296),#294) ;
#309=STYLED_ITEM(' ',(#308),#306) ;
#321=STYLED_ITEM(' ',(#320),#318) ;
#333=STYLED_ITEM(' ',(#332),#330) ;
#342=STYLED_ITEM(' ',(#341),#334) ;
#121=PRESENTATION_STYLE_ASSIGNMENT((#120)) ;
#224=PRESENTATION_STYLE_ASSIGNMENT((#223)) ;
#244=PRESENTATION_STYLE_ASSIGNMENT((#243)) ;
#296=PRESENTATION_STYLE_ASSIGNMENT((#295)) ;
#308=PRESENTATION_STYLE_ASSIGNMENT((#307)) ;
#320=PRESENTATION_STYLE_ASSIGNMENT((#319)) ;
#332=PRESENTATION_STYLE_ASSIGNMENT((#331)) ;
#341=PRESENTATION_STYLE_ASSIGNMENT((#340)) ;
#120=CURVE_STYLE(' ',#118,POSITIVE_LENGTH_MEASURE(0.129999995232),#119) ;
#223=CURVE_STYLE(' ',#118,POSITIVE_LENGTH_MEASURE(0.129999995232),#119) ;
#243=CURVE_STYLE(' ',#118,POSITIVE_LENGTH_MEASURE(0.129999995232),#119) ;
#295=CURVE_STYLE(' ',#118,POSITIVE_LENGTH_MEASURE(0.129999995232),#119) ;
#307=CURVE_STYLE(' ',#118,POSITIVE_LENGTH_MEASURE(0.129999995232),#119) ;
#319=CURVE_STYLE(' ',#118,POSITIVE_LENGTH_MEASURE(0.129999995232),#119) ;
#331=CURVE_STYLE(' ',#118,POSITIVE_LENGTH_MEASURE(0.129999995232),#119) ;
#337=FILL_AREA_STYLE(' ',(#336)) ;
#336=FILL_AREA_STYLE_COLOUR(' ',#335) ;
#23=VECTOR('Line Direction',#22,1.) ;
#31=VECTOR('Line Direction',#30,1.) ;
#39=VECTOR('Line Direction',#38,1.) ;
#47=VECTOR('Line Direction',#46,1.) ;
#55=VECTOR('Line Direction',#54,1.) ;
#63=VECTOR('Line Direction',#62,1.) ;
#71=VECTOR('Line Direction',#70,1.) ;
#79=VECTOR('Line Direction',#78,1.) ;
#87=VECTOR('Line Direction',#86,1.) ;
#95=VECTOR('Line Direction',#94,1.) ;
#103=VECTOR('Line Direction',#102,1.) ;
#111=VECTOR('Line Direction',#110,1.) ;
#128=VECTOR('Line Direction',#127,1.) ;
#136=VECTOR('Line Direction',#135,1.) ;
#144=VECTOR('Line Direction',#143,1.) ;
#152=VECTOR('Line Direction',#151,1.) ;
#160=VECTOR('Line Direction',#159,1.) ;
#168=VECTOR('Line Direction',#167,1.) ;
#176=VECTOR('Line Direction',#175,1.) ;
#184=VECTOR('Line Direction',#183,1.) ;
#192=VECTOR('Line Direction',#191,1.) ;
#200=VECTOR('Line Direction',#199,1.) ;
#208=VECTOR('Line Direction',#207,1.) ;
#216=VECTOR('Line Direction',#215,1.) ;
#248=VECTOR('Line Direction',#247,1.) ;
#256=VECTOR('Line Direction',#255,1.) ;
#264=VECTOR('Line Direction',#263,1.) ;
#272=VECTOR('Line Direction',#271,1.) ;
#280=VECTOR('Line Direction',#279,1.) ;
#288=VECTOR('Line Direction',#287,1.) ;
#300=VECTOR('Line Direction',#299,1.) ;
#312=VECTOR('Line Direction',#311,1.) ;
#324=VECTOR('Line Direction',#323,1.) ;
#360=VECTOR('Line Direction',#359,1.) ;
#374=VECTOR('Line Direction',#373,1.) ;
#418=VECTOR('Line Direction',#417,1.) ;
#427=VECTOR('Line Direction',#426,1.) ;
#434=VECTOR('Line Direction',#433,1.) ;
#441=VECTOR('Line Direction',#440,1.) ;
#472=VECTOR('Line Direction',#471,1.) ;
#496=VECTOR('Line Direction',#495,1.) ;
#520=VECTOR('Line Direction',#519,1.) ;
#527=VECTOR('Line Direction',#526,1.) ;
#534=VECTOR('Line Direction',#533,1.) ;
#565=VECTOR('Line Direction',#564,1.) ;
#582=VECTOR('Line Direction',#581,1.) ;
#589=VECTOR('Line Direction',#588,1.) ;
#596=VECTOR('Line Direction',#595,1.) ;
#613=VECTOR('Line Direction',#612,1.) ;
#644=VECTOR('Line Direction',#643,1.) ;
#651=VECTOR('Line Direction',#650,1.) ;
#658=VECTOR('Line Direction',#657,1.) ;
#675=VECTOR('Line Direction',#674,1.) ;
#706=VECTOR('Line Direction',#705,1.) ;
#713=VECTOR('Line Direction',#712,1.) ;
#720=VECTOR('Line Direction',#719,1.) ;
#751=VECTOR('Line Direction',#750,1.) ;
#763=VECTOR('Line Direction',#762,1.) ;
#772=VECTOR('Line Direction',#771,1.) ;
#777=VECTOR('Line Direction',#776,1.) ;
#808=VECTOR('Line Direction',#807,1.) ;
#825=VECTOR('Line Direction',#824,1.) ;
#832=VECTOR('Line Direction',#831,1.) ;
#839=VECTOR('Line Direction',#838,1.) ;
#870=VECTOR('Line Direction',#869,1.) ;
#887=VECTOR('Line Direction',#886,1.) ;
#894=VECTOR('Line Direction',#893,1.) ;
#901=VECTOR('Line Direction',#900,1.) ;
#932=VECTOR('Line Direction',#931,1.) ;
#944=VECTOR('Line Direction',#943,1.) ;
#951=VECTOR('Line Direction',#950,1.) ;
#958=VECTOR('Line Direction',#957,1.) ;
#975=VECTOR('Line Direction',#974,1.) ;
#1006=VECTOR('Line Direction',#1005,1.) ;
#1013=VECTOR('Line Direction',#1012,1.) ;
#1020=VECTOR('Line Direction',#1019,1.) ;
#1037=VECTOR('Line Direction',#1036,1.) ;
#1063=VECTOR('Line Direction',#1062,1.) ;
#1070=VECTOR('Line Direction',#1069,1.) ;
#1077=VECTOR('Line Direction',#1076,1.) ;
#1108=VECTOR('Line Direction',#1107,1.) ;
#1120=VECTOR('Line Direction',#1119,1.) ;
#1125=VECTOR('Line Direction',#1124,1.) ;
#1174=VECTOR('Line Direction',#1173,1.) ;
#1183=VECTOR('Line Direction',#1182,1.) ;
#1190=VECTOR('Line Direction',#1189,1.) ;
#1197=VECTOR('Line Direction',#1196,1.) ;
#1214=VECTOR('Line Direction',#1213,1.) ;
#1252=VECTOR('Line Direction',#1251,1.) ;
#1276=VECTOR('Line Direction',#1275,1.) ;
#1285=VECTOR('Line Direction',#1284,1.) ;
#1290=VECTOR('Line Direction',#1289,1.) ;
#1307=VECTOR('Line Direction',#1306,1.) ;
#1338=VECTOR('Line Direction',#1337,1.) ;
#1347=VECTOR('Line Direction',#1346,1.) ;
#1352=VECTOR('Line Direction',#1351,1.) ;
#1383=VECTOR('Line Direction',#1382,1.) ;
#1400=VECTOR('Line Direction',#1399,1.) ;
#1407=VECTOR('Line Direction',#1406,1.) ;
#1414=VECTOR('Line Direction',#1413,1.) ;
#1445=VECTOR('Line Direction',#1444,1.) ;
#1457=VECTOR('Line Direction',#1456,1.) ;
#1464=VECTOR('Line Direction',#1463,1.) ;
#1471=VECTOR('Line Direction',#1470,1.) ;
#1502=VECTOR('Line Direction',#1501,1.) ;
#1519=VECTOR('Line Direction',#1518,1.) ;
#1526=VECTOR('Line Direction',#1525,1.) ;
#1533=VECTOR('Line Direction',#1532,1.) ;
#1564=VECTOR('Line Direction',#1563,1.) ;
#1576=VECTOR('Line Direction',#1575,1.) ;
#1583=VECTOR('Line Direction',#1582,1.) ;
#1590=VECTOR('Line Direction',#1589,1.) ;
#1607=VECTOR('Line Direction',#1606,1.) ;
#1638=VECTOR('Line Direction',#1637,1.) ;
#1645=VECTOR('Line Direction',#1644,1.) ;
#1652=VECTOR('Line Direction',#1651,1.) ;
#1669=VECTOR('Line Direction',#1668,1.) ;
#1695=VECTOR('Line Direction',#1694,1.) ;
#1702=VECTOR('Line Direction',#1701,1.) ;
#1709=VECTOR('Line Direction',#1708,1.) ;
#1740=VECTOR('Line Direction',#1739,1.) ;
#1752=VECTOR('Line Direction',#1751,1.) ;
#1759=VECTOR('Line Direction',#1758,1.) ;
#1766=VECTOR('Line Direction',#1765,1.) ;
#1797=VECTOR('Line Direction',#1796,1.) ;
#1809=VECTOR('Line Direction',#1808,1.) ;
#1816=VECTOR('Line Direction',#1815,1.) ;
#1823=VECTOR('Line Direction',#1822,1.) ;
#1854=VECTOR('Line Direction',#1853,1.) ;
#1866=VECTOR('Line Direction',#1865,1.) ;
#1871=VECTOR('Line Direction',#1870,1.) ;
#1915=VECTOR('Line Direction',#1914,1.) ;
#1924=VECTOR('Line Direction',#1923,1.) ;
#1931=VECTOR('Line Direction',#1930,1.) ;
#1938=VECTOR('Line Direction',#1937,1.) ;
#1955=VECTOR('Line Direction',#1954,1.) ;
#1993=VECTOR('Line Direction',#1992,1.) ;
#2017=VECTOR('Line Direction',#2016,1.) ;
#2024=VECTOR('Line Direction',#2023,1.) ;
#2031=VECTOR('Line Direction',#2030,1.) ;
#2048=VECTOR('Line Direction',#2047,1.) ;
#2079=VECTOR('Line Direction',#2078,1.) ;
#2086=VECTOR('Line Direction',#2085,1.) ;
#2093=VECTOR('Line Direction',#2092,1.) ;
#2117=VECTOR('Line Direction',#2116,1.) ;
#2141=VECTOR('Line Direction',#2140,1.) ;
#2146=VECTOR('Line Direction',#2145,1.) ;
#2158=VECTOR('Line Direction',#2157,1.) ;
#2167=VECTOR('Line Direction',#2166,1.) ;
#2174=VECTOR('Line Direction',#2173,1.) ;
#2181=VECTOR('Line Direction',#2180,1.) ;
#2205=VECTOR('Line Direction',#2204,1.) ;
#2229=VECTOR('Line Direction',#2228,1.) ;
#2260=VECTOR('Line Direction',#2259,1.) ;
#2267=VECTOR('Line Direction',#2266,1.) ;
#2274=VECTOR('Line Direction',#2273,1.) ;
#2298=VECTOR('Line Direction',#2297,1.) ;
#2322=VECTOR('Line Direction',#2321,1.) ;
#2331=VECTOR('Line Direction',#2330,1.) ;
#2336=VECTOR('Line Direction',#2335,1.) ;
#2353=VECTOR('Line Direction',#2352,1.) ;
#2379=VECTOR('Line Direction',#2378,1.) ;
#2384=VECTOR('Line Direction',#2383,1.) ;
#2401=VECTOR('Line Direction',#2400,1.) ;
#2410=VECTOR('Line Direction',#2409,1.) ;
#2417=VECTOR('Line Direction',#2416,1.) ;
#2424=VECTOR('Line Direction',#2423,1.) ;
#2455=VECTOR('Line Direction',#2454,1.) ;
#2472=VECTOR('Line Direction',#2471,1.) ;
#2479=VECTOR('Line Direction',#2478,1.) ;
#2486=VECTOR('Line Direction',#2485,1.) ;
#2525=VECTOR('Line Direction',#2524,1.) ;
#2534=VECTOR('Line Direction',#2533,1.) ;
#2541=VECTOR('Line Direction',#2540,1.) ;
#2548=VECTOR('Line Direction',#2547,1.) ;
#2565=VECTOR('Line Direction',#2564,1.) ;
#2596=VECTOR('Line Direction',#2595,1.) ;
#2605=VECTOR('Line Direction',#2604,1.) ;
#2610=VECTOR('Line Direction',#2609,1.) ;
#2667=VECTOR('Line Direction',#2666,1.) ;
#2683=VECTOR('Line Direction',#2682,1.) ;
#2702=VECTOR('Line Direction',#2701,1.) ;
#2709=VECTOR('Line Direction',#2708,1.) ;
#2716=VECTOR('Line Direction',#2715,1.) ;
#2740=VECTOR('Line Direction',#2739,1.) ;
#2759=VECTOR('Line Direction',#2758,1.) ;
#2764=VECTOR('Line Direction',#2763,1.) ;
#2878=VECTOR('Line Direction',#2877,1.) ;
#2894=VECTOR('Line Direction',#2893,1.) ;
#2908=VECTOR('Line Direction',#2907,1.) ;
#2922=VECTOR('Line Direction',#2921,1.) ;
#2965=VECTOR('Line Direction',#2964,1.) ;
#2979=VECTOR('Line Direction',#2978,1.) ;
#2993=VECTOR('Line Direction',#2992,1.) ;
#3007=VECTOR('Line Direction',#3006,1.) ;
#3058=VECTOR('Line Direction',#3057,1.) ;
#3065=VECTOR('Line Direction',#3064,1.) ;
#3072=VECTOR('Line Direction',#3071,1.) ;
#3089=VECTOR('Line Direction',#3088,1.) ;
#3113=VECTOR('Line Direction',#3112,1.) ;
#3137=VECTOR('Line Direction',#3136,1.) ;
#3144=VECTOR('Line Direction',#3143,1.) ;
#3161=VECTOR('Line Direction',#3160,1.) ;
#3185=VECTOR('Line Direction',#3184,1.) ;
#3192=VECTOR('Line Direction',#3191,1.) ;
#3209=VECTOR('Line Direction',#3208,1.) ;
#3233=VECTOR('Line Direction',#3232,1.) ;
#3250=VECTOR('Line Direction',#3249,1.) ;
#3255=VECTOR('Line Direction',#3254,1.) ;
#3272=VECTOR('Line Direction',#3271,1.) ;
#3289=VECTOR('Line Direction',#3288,1.) ;
#3306=VECTOR('Line Direction',#3305,1.) ;
#3323=VECTOR('Line Direction',#3322,1.) ;
#3340=VECTOR('Line Direction',#3339,1.) ;
#3357=VECTOR('Line Direction',#3356,1.) ;
#22=DIRECTION('Vector Direction',(1.,0.,0.)) ;
#30=DIRECTION('Vector Direction',(0.,1.,0.)) ;
#38=DIRECTION('Vector Direction',(1.,0.,0.)) ;
#46=DIRECTION('Vector Direction',(0.,-1.,0.)) ;
#54=DIRECTION('Vector Direction',(1.,0.,0.)) ;
#62=DIRECTION('Vector Direction',(0.,-1.,0.)) ;
#70=DIRECTION('Vector Direction',(-1.,0.,0.)) ;
#78=DIRECTION('Vector Direction',(0.,1.,0.)) ;
#86=DIRECTION('Vector Direction',(1.,0.,0.)) ;
#94=DIRECTION('Vector Direction',(0.,-1.,0.)) ;
#102=DIRECTION('Vector Direction',(-1.,0.,0.)) ;
#110=DIRECTION('Vector Direction',(0.,1.,0.)) ;
#127=DIRECTION('Vector Direction',(-1.,0.,0.)) ;
#135=DIRECTION('Vector Direction',(0.,1.,0.)) ;
#143=DIRECTION('Vector Direction',(1.,0.,0.)) ;
#151=DIRECTION('Vector Direction',(0.,-1.,0.)) ;
#159=DIRECTION('Vector Direction',(1.,0.,0.)) ;
#167=DIRECTION('Vector Direction',(0.,1.,0.)) ;
#175=DIRECTION('Vector Direction',(1.,0.,0.)) ;
#183=DIRECTION('Vector Direction',(0.,-1.,0.)) ;
#191=DIRECTION('Vector Direction',(-1.,0.,0.)) ;
#199=DIRECTION('Vector Direction',(0.,1.,0.)) ;
#207=DIRECTION('Vector Direction',(1.,0.,0.)) ;
#215=DIRECTION('Vector Direction',(0.,-1.,0.)) ;
#227=DIRECTION('Axis2P3D Direction',(0.,-0.,1.)) ;
#235=DIRECTION('Axis2P3D Direction',(0.,-0.,1.)) ;
#247=DIRECTION('Vector Direction',(0.,1.,0.)) ;
#255=DIRECTION('Vector Direction',(0.,0.,1.)) ;
#263=DIRECTION('Vector Direction',(0.,1.,0.)) ;
#271=DIRECTION('Vector Direction',(0.,0.,-1.)) ;
#279=DIRECTION('Vector Direction',(0.,1.,0.)) ;
#287=DIRECTION('Vector Direction',(0.,0.371390676354,-0.928476690885)) ;
#299=DIRECTION('Vector Direction',(0.,1.,0.)) ;
#311=DIRECTION('Vector Direction',(1.,0.,0.)) ;
#323=DIRECTION('Vector Direction',(0.,-1.,0.)) ;
#345=DIRECTION('Axis2P3D Direction',(-0.,-0.,1.)) ;
#346=DIRECTION('Axis2P3D XDirection',(0.479425538604,0.87758256189,0.)) ;
#350=DIRECTION('Axis2P3D Direction',(-0.,0.,1.)) ;
#359=DIRECTION('Vector Direction',(0.413233275343,0.756418436719,0.507020126563)) ;
#366=DIRECTION('Axis2P3D Direction',(-0.,0.,1.)) ;
#373=DIRECTION('Vector Direction',(-0.413233275343,-0.756418436719,0.507020126563)) ;
#385=DIRECTION('Axis2P3D Direction',(-0.,0.,1.)) ;
#390=DIRECTION('Axis2P3D Direction',(-0.,0.,1.)) ;
#402=DIRECTION('Axis2P3D Direction',(0.,0.,-1.)) ;
#403=DIRECTION('Axis2P3D XDirection',(1.,0.,0.)) ;
#412=DIRECTION('Axis2P3D Direction',(-1.,0.,0.)) ;
#413=DIRECTION('Axis2P3D XDirection',(0.,1.,0.)) ;
#417=DIRECTION('Vector Direction',(0.,1.,0.)) ;
#426=DIRECTION('Vector Direction',(0.,0.,-1.)) ;
#433=DIRECTION('Vector Direction',(0.,1.,0.)) ;
#440=DIRECTION('Vector Direction',(0.,0.,-1.)) ;
#452=DIRECTION('Axis2P3D Direction',(0.,0.,-1.)) ;
#453=DIRECTION('Axis2P3D XDirection',(-1.,-1.83697019872E-16,-0.)) ;
#457=DIRECTION('Axis2P3D Direction',(0.,0.,-1.)) ;
#464=DIRECTION('Axis2P3D Direction',(0.,0.,-1.)) ;
#471=DIRECTION('Vector Direction',(0.,0.,-1.)) ;
#483=DIRECTION('Axis2P3D Direction',(0.,0.,-1.)) ;
#484=DIRECTION('Axis2P3D XDirection',(1.83697019872E-16,-1.,-0.)) ;
#488=DIRECTION('Axis2P3D Direction',(0.,0.,-1.)) ;
#495=DIRECTION('Vector Direction',(0.,0.,-1.)) ;
#502=DIRECTION('Axis2P3D Direction',(0.,0.,-1.)) ;
#514=DIRECTION('Axis2P3D Direction',(-0.,-1.,-0.)) ;
#515=DIRECTION('Axis2P3D XDirection',(-1.,0.,0.)) ;
#519=DIRECTION('Vector Direction',(-1.,0.,0.)) ;
#526=DIRECTION('Vector Direction',(0.,0.,-1.)) ;
#533=DIRECTION('Vector Direction',(-1.,0.,0.)) ;
#545=DIRECTION('Axis2P3D Direction',(0.,0.,-1.)) ;
#546=DIRECTION('Axis2P3D XDirection',(-1.83697019872E-16,1.,-0.)) ;
#550=DIRECTION('Axis2P3D Direction',(0.,0.,-1.)) ;
#557=DIRECTION('Axis2P3D Direction',(0.,0.,-1.)) ;
#564=DIRECTION('Vector Direction',(0.,0.,-1.)) ;
#576=DIRECTION('Axis2P3D Direction',(-1.,0.,0.)) ;
#577=DIRECTION('Axis2P3D XDirection',(0.,1.,0.)) ;
#581=DIRECTION('Vector Direction',(0.,1.,0.)) ;
#588=DIRECTION('Vector Direction',(0.,0.,-1.)) ;
#595=DIRECTION('Vector Direction',(0.,-1.,0.)) ;
#607=DIRECTION('Axis2P3D Direction',(0.,0.,-1.)) ;
#608=DIRECTION('Axis2P3D XDirection',(0.,-1.,0.)) ;
#612=DIRECTION('Vector Direction',(0.,0.,-1.)) ;
#621=DIRECTION('Axis2P3D Direction',(0.,0.,-1.)) ;
#626=DIRECTION('Axis2P3D Direction',(0.,0.,-1.)) ;
#638=DIRECTION('Axis2P3D Direction',(-0.,1.,0.)) ;
#639=DIRECTION('Axis2P3D XDirection',(1.,0.,0.)) ;
#643=DIRECTION('Vector Direction',(1.,0.,0.)) ;
#650=DIRECTION('Vector Direction',(0.,0.,-1.)) ;
#657=DIRECTION('Vector Direction',(1.,0.,0.)) ;
#669=DIRECTION('Axis2P3D Direction',(0.,0.,-1.)) ;
#670=DIRECTION('Axis2P3D XDirection',(1.,0.,0.)) ;
#674=DIRECTION('Vector Direction',(0.,0.,-1.)) ;
#683=DIRECTION('Axis2P3D Direction',(0.,0.,-1.)) ;
#688=DIRECTION('Axis2P3D Direction',(0.,0.,-1.)) ;
#700=DIRECTION('Axis2P3D Direction',(1.,0.,0.)) ;
#701=DIRECTION('Axis2P3D XDirection',(-0.,-1.,0.)) ;
#705=DIRECTION('Vector Direction',(0.,-1.,0.)) ;
#712=DIRECTION('Vector Direction',(0.,0.,-1.)) ;
#719=DIRECTION('Vector Direction',(0.,1.,0.)) ;
#731=DIRECTION('Axis2P3D Direction',(0.,0.,-1.)) ;
#732=DIRECTION('Axis2P3D XDirection',(-1.,-1.83697019872E-16,-0.)) ;
#736=DIRECTION('Axis2P3D Direction',(0.,0.,-1.)) ;
#743=DIRECTION('Axis2P3D Direction',(0.,0.,-1.)) ;
#750=DIRECTION('Vector Direction',(0.,0.,-1.)) ;
#762=DIRECTION('Vector Direction',(0.,0.,-1.)) ;
#771=DIRECTION('Vector Direction',(-1.,0.,0.)) ;
#776=DIRECTION('Vector Direction',(-1.,0.,0.)) ;
#788=DIRECTION('Axis2P3D Direction',(0.,0.,-1.)) ;
#789=DIRECTION('Axis2P3D XDirection',(-1.83697019872E-16,1.,-0.)) ;
#793=DIRECTION('Axis2P3D Direction',(0.,0.,-1.)) ;
#800=DIRECTION('Axis2P3D Direction',(0.,0.,-1.)) ;
#807=DIRECTION('Vector Direction',(0.,0.,-1.)) ;
#819=DIRECTION('Axis2P3D Direction',(1.,0.,0.)) ;
#820=DIRECTION('Axis2P3D XDirection',(-0.,-1.,0.)) ;
#824=DIRECTION('Vector Direction',(0.,-1.,0.)) ;
#831=DIRECTION('Vector Direction',(0.,0.,-1.)) ;
#838=DIRECTION('Vector Direction',(0.,-1.,0.)) ;
#850=DIRECTION('Axis2P3D Direction',(0.,0.,-1.)) ;
#851=DIRECTION('Axis2P3D XDirection',(1.,1.83697019872E-16,0.)) ;
#855=DIRECTION('Axis2P3D Direction',(0.,0.,-1.)) ;
#862=DIRECTION('Axis2P3D Direction',(0.,0.,-1.)) ;
#869=DIRECTION('Vector Direction',(0.,0.,-1.)) ;
#881=DIRECTION('Axis2P3D Direction',(-0.,1.,0.)) ;
#882=DIRECTION('Axis2P3D XDirection',(1.,0.,0.)) ;
#886=DIRECTION('Vector Direction',(1.,0.,0.)) ;
#893=DIRECTION('Vector Direction',(0.,0.,-1.)) ;
#900=DIRECTION('Vector Direction',(1.,0.,0.)) ;
#912=DIRECTION('Axis2P3D Direction',(0.,0.,-1.)) ;
#913=DIRECTION('Axis2P3D XDirection',(1.83697019872E-16,-1.,-0.)) ;
#917=DIRECTION('Axis2P3D Direction',(0.,0.,-1.)) ;
#924=DIRECTION('Axis2P3D Direction',(0.,0.,-1.)) ;
#931=DIRECTION('Vector Direction',(0.,0.,-1.)) ;
#943=DIRECTION('Vector Direction',(0.,-1.,0.)) ;
#950=DIRECTION('Vector Direction',(0.,0.,-1.)) ;
#957=DIRECTION('Vector Direction',(0.,-1.,0.)) ;
#969=DIRECTION('Axis2P3D Direction',(0.,0.,-1.)) ;
#970=DIRECTION('Axis2P3D XDirection',(0.,1.,0.)) ;
#974=DIRECTION('Vector Direction',(0.,0.,-1.)) ;
#983=DIRECTION('Axis2P3D Direction',(0.,0.,-1.)) ;
#988=DIRECTION('Axis2P3D Direction',(0.,0.,-1.)) ;
#1000=DIRECTION('Axis2P3D Direction',(-0.,1.,0.)) ;
#1001=DIRECTION('Axis2P3D XDirection',(1.,0.,0.)) ;
#1005=DIRECTION('Vector Direction',(1.,0.,0.)) ;
#1012=DIRECTION('Vector Direction',(0.,0.,-1.)) ;
#1019=DIRECTION('Vector Direction',(1.,0.,0.)) ;
#1031=DIRECTION('Axis2P3D Direction',(0.,0.,-1.)) ;
#1032=DIRECTION('Axis2P3D XDirection',(-1.,0.,0.)) ;
#1036=DIRECTION('Vector Direction',(0.,0.,-1.)) ;
#1045=DIRECTION('Axis2P3D Direction',(0.,0.,-1.)) ;
#1050=DIRECTION('Axis2P3D Direction',(0.,0.,-1.)) ;
#1062=DIRECTION('Vector Direction',(0.,1.,0.)) ;
#1069=DIRECTION('Vector Direction',(0.,0.,-1.)) ;
#1076=DIRECTION('Vector Direction',(0.,1.,0.)) ;
#1088=DIRECTION('Axis2P3D Direction',(0.,0.,-1.)) ;
#1089=DIRECTION('Axis2P3D XDirection',(1.,1.83697019872E-16,0.)) ;
#1093=DIRECTION('Axis2P3D Direction',(0.,0.,-1.)) ;
#1100=DIRECTION('Axis2P3D Direction',(0.,0.,-1.)) ;
#1107=DIRECTION('Vector Direction',(0.,0.,-1.)) ;
#1119=DIRECTION('Vector Direction',(1.,0.,0.)) ;
#1124=DIRECTION('Vector Direction',(1.,0.,0.)) ;
#1136=DIRECTION('Axis2P3D Direction',(0.,-0.,1.)) ;
#1137=DIRECTION('Axis2P3D XDirection',(0.,1.,0.)) ;
#1168=DIRECTION('Axis2P3D Direction',(1.,0.,0.)) ;
#1169=DIRECTION('Axis2P3D XDirection',(-0.,-1.,0.)) ;
#1173=DIRECTION('Vector Direction',(0.,0.,-1.)) ;
#1182=DIRECTION('Vector Direction',(0.,-1.,0.)) ;
#1189=DIRECTION('Vector Direction',(0.,0.,-1.)) ;
#1196=DIRECTION('Vector Direction',(0.,-1.,0.)) ;
#1208=DIRECTION('Axis2P3D Direction',(0.,0.,-1.)) ;
#1209=DIRECTION('Axis2P3D XDirection',(0.,1.,0.)) ;
#1213=DIRECTION('Vector Direction',(0.,0.,-1.)) ;
#1222=DIRECTION('Axis2P3D Direction',(0.,0.,-1.)) ;
#1227=DIRECTION('Axis2P3D Direction',(0.,0.,-1.)) ;
#1239=DIRECTION('Axis2P3D Direction',(0.,0.,-1.)) ;
#1240=DIRECTION('Axis2P3D XDirection',(1.83697019872E-16,-1.,-0.)) ;
#1244=DIRECTION('Axis2P3D Direction',(0.,0.,-1.)) ;
#1251=DIRECTION('Vector Direction',(0.,0.,-1.)) ;
#1258=DIRECTION('Axis2P3D Direction',(0.,0.,-1.)) ;
#1270=DIRECTION('Axis2P3D Direction',(-0.,1.,0.)) ;
#1271=DIRECTION('Axis2P3D XDirection',(1.,0.,0.)) ;
#1275=DIRECTION('Vector Direction',(0.,0.,-1.)) ;
#1284=DIRECTION('Vector Direction',(1.,0.,0.)) ;
#1289=DIRECTION('Vector Direction',(1.,0.,0.)) ;
#1301=DIRECTION('Axis2P3D Direction',(0.,0.,-1.)) ;
#1302=DIRECTION('Axis2P3D XDirection',(-1.,0.,0.)) ;
#1306=DIRECTION('Vector Direction',(0.,0.,-1.)) ;
#1315=DIRECTION('Axis2P3D Direction',(0.,0.,-1.)) ;
#1320=DIRECTION('Axis2P3D Direction',(0.,0.,-1.)) ;
#1332=DIRECTION('Axis2P3D Direction',(-1.,0.,0.)) ;
#1333=DIRECTION('Axis2P3D XDirection',(0.,1.,0.)) ;
#1337=DIRECTION('Vector Direction',(0.,0.,-1.)) ;
#1346=DIRECTION('Vector Direction',(0.,1.,0.)) ;
#1351=DIRECTION('Vector Direction',(0.,1.,0.)) ;
#1363=DIRECTION('Axis2P3D Direction',(0.,0.,-1.)) ;
#1364=DIRECTION('Axis2P3D XDirection',(1.,1.83697019872E-16,0.)) ;
#1368=DIRECTION('Axis2P3D Direction',(0.,0.,-1.)) ;
#1375=DIRECTION('Axis2P3D Direction',(0.,0.,-1.)) ;
#1382=DIRECTION('Vector Direction',(0.,0.,-1.)) ;
#1394=DIRECTION('Axis2P3D Direction',(-0.,-1.,-0.)) ;
#1395=DIRECTION('Axis2P3D XDirection',(-1.,0.,0.)) ;
#1399=DIRECTION('Vector Direction',(-1.,0.,0.)) ;
#1406=DIRECTION('Vector Direction',(-1.,0.,0.)) ;
#1413=DIRECTION('Vector Direction',(0.,0.,-1.)) ;
#1425=DIRECTION('Axis2P3D Direction',(0.,0.,-1.)) ;
#1426=DIRECTION('Axis2P3D XDirection',(1.83697019872E-16,-1.,-0.)) ;
#1430=DIRECTION('Axis2P3D Direction',(0.,0.,-1.)) ;
#1437=DIRECTION('Axis2P3D Direction',(0.,0.,-1.)) ;
#1444=DIRECTION('Vector Direction',(0.,0.,-1.)) ;
#1456=DIRECTION('Vector Direction',(0.,1.,0.)) ;
#1463=DIRECTION('Vector Direction',(0.,0.,-1.)) ;
#1470=DIRECTION('Vector Direction',(0.,-1.,0.)) ;
#1482=DIRECTION('Axis2P3D Direction',(0.,0.,-1.)) ;
#1483=DIRECTION('Axis2P3D XDirection',(-1.,-1.83697019872E-16,-0.)) ;
#1487=DIRECTION('Axis2P3D Direction',(0.,0.,-1.)) ;
#1494=DIRECTION('Axis2P3D Direction',(0.,0.,-1.)) ;
#1501=DIRECTION('Vector Direction',(0.,0.,-1.)) ;
#1513=DIRECTION('Axis2P3D Direction',(-0.,1.,0.)) ;
#1514=DIRECTION('Axis2P3D XDirection',(1.,0.,0.)) ;
#1518=DIRECTION('Vector Direction',(1.,0.,0.)) ;
#1525=DIRECTION('Vector Direction',(0.,0.,-1.)) ;
#1532=DIRECTION('Vector Direction',(1.,0.,0.)) ;
#1544=DIRECTION('Axis2P3D Direction',(0.,0.,-1.)) ;
#1545=DIRECTION('Axis2P3D XDirection',(-1.83697019872E-16,1.,-0.)) ;
#1549=DIRECTION('Axis2P3D Direction',(0.,0.,-1.)) ;
#1556=DIRECTION('Axis2P3D Direction',(0.,0.,-1.)) ;
#1563=DIRECTION('Vector Direction',(0.,0.,-1.)) ;
#1575=DIRECTION('Vector Direction',(0.,1.,0.)) ;
#1582=DIRECTION('Vector Direction',(0.,0.,-1.)) ;
#1589=DIRECTION('Vector Direction',(0.,1.,0.)) ;
#1601=DIRECTION('Axis2P3D Direction',(0.,0.,-1.)) ;
#1602=DIRECTION('Axis2P3D XDirection',(0.,-1.,0.)) ;
#1606=DIRECTION('Vector Direction',(0.,0.,-1.)) ;
#1615=DIRECTION('Axis2P3D Direction',(0.,0.,-1.)) ;
#1620=DIRECTION('Axis2P3D Direction',(0.,0.,-1.)) ;
#1632=DIRECTION('Axis2P3D Direction',(-0.,1.,0.)) ;
#1633=DIRECTION('Axis2P3D XDirection',(1.,0.,0.)) ;
#1637=DIRECTION('Vector Direction',(1.,0.,0.)) ;
#1644=DIRECTION('Vector Direction',(0.,0.,-1.)) ;
#1651=DIRECTION('Vector Direction',(1.,0.,0.)) ;
#1663=DIRECTION('Axis2P3D Direction',(0.,0.,-1.)) ;
#1664=DIRECTION('Axis2P3D XDirection',(1.,0.,0.)) ;
#1668=DIRECTION('Vector Direction',(0.,0.,-1.)) ;
#1677=DIRECTION('Axis2P3D Direction',(0.,0.,-1.)) ;
#1682=DIRECTION('Axis2P3D Direction',(0.,0.,-1.)) ;
#1694=DIRECTION('Vector Direction',(0.,-1.,0.)) ;
#1701=DIRECTION('Vector Direction',(0.,0.,-1.)) ;
#1708=DIRECTION('Vector Direction',(0.,-1.,0.)) ;
#1720=DIRECTION('Axis2P3D Direction',(0.,0.,-1.)) ;
#1721=DIRECTION('Axis2P3D XDirection',(-1.,-1.83697019872E-16,-0.)) ;
#1725=DIRECTION('Axis2P3D Direction',(0.,0.,-1.)) ;
#1732=DIRECTION('Axis2P3D Direction',(0.,0.,-1.)) ;
#1739=DIRECTION('Vector Direction',(0.,0.,-1.)) ;
#1751=DIRECTION('Vector Direction',(1.,0.,0.)) ;
#1758=DIRECTION('Vector Direction',(1.,0.,0.)) ;
#1765=DIRECTION('Vector Direction',(0.,0.,-1.)) ;
#1777=DIRECTION('Axis2P3D Direction',(0.,0.,-1.)) ;
#1778=DIRECTION('Axis2P3D XDirection',(-1.83697019872E-16,1.,-0.)) ;
#1782=DIRECTION('Axis2P3D Direction',(0.,0.,-1.)) ;
#1789=DIRECTION('Axis2P3D Direction',(0.,0.,-1.)) ;
#1796=DIRECTION('Vector Direction',(0.,0.,-1.)) ;
#1808=DIRECTION('Vector Direction',(0.,1.,0.)) ;
#1815=DIRECTION('Vector Direction',(0.,-1.,0.)) ;
#1822=DIRECTION('Vector Direction',(0.,0.,-1.)) ;
#1834=DIRECTION('Axis2P3D Direction',(0.,0.,-1.)) ;
#1835=DIRECTION('Axis2P3D XDirection',(1.,1.83697019872E-16,0.)) ;
#1839=DIRECTION('Axis2P3D Direction',(0.,0.,-1.)) ;
#1846=DIRECTION('Axis2P3D Direction',(0.,0.,-1.)) ;
#1853=DIRECTION('Vector Direction',(0.,0.,-1.)) ;
#1865=DIRECTION('Vector Direction',(-1.,0.,0.)) ;
#1870=DIRECTION('Vector Direction',(-1.,0.,0.)) ;
#1909=DIRECTION('Axis2P3D Direction',(-1.,0.,0.)) ;
#1910=DIRECTION('Axis2P3D XDirection',(0.,-1.,0.)) ;
#1914=DIRECTION('Vector Direction',(0.,0.,1.)) ;
#1923=DIRECTION('Vector Direction',(0.,-1.,0.)) ;
#1930=DIRECTION('Vector Direction',(0.,0.,1.)) ;
#1937=DIRECTION('Vector Direction',(0.,-1.,0.)) ;
#1949=DIRECTION('Axis2P3D Direction',(0.,-0.,1.)) ;
#1950=DIRECTION('Axis2P3D XDirection',(0.,1.,0.)) ;
#1954=DIRECTION('Vector Direction',(0.,0.,1.)) ;
#1963=DIRECTION('Axis2P3D Direction',(0.,-0.,1.)) ;
#1968=DIRECTION('Axis2P3D Direction',(0.,-0.,1.)) ;
#1980=DIRECTION('Axis2P3D Direction',(0.,0.,1.)) ;
#1981=DIRECTION('Axis2P3D XDirection',(-1.,0.,0.)) ;
#1985=DIRECTION('Axis2P3D Direction',(0.,0.,1.)) ;
#1992=DIRECTION('Vector Direction',(0.,0.,1.)) ;
#1999=DIRECTION('Axis2P3D Direction',(0.,0.,1.)) ;
#2011=DIRECTION('Axis2P3D Direction',(0.,-1.,0.)) ;
#2012=DIRECTION('Axis2P3D XDirection',(1.,0.,0.)) ;
#2016=DIRECTION('Vector Direction',(1.,0.,0.)) ;
#2023=DIRECTION('Vector Direction',(0.,0.,1.)) ;
#2030=DIRECTION('Vector Direction',(1.,0.,0.)) ;
#2042=DIRECTION('Axis2P3D Direction',(0.,0.,1.)) ;
#2043=DIRECTION('Axis2P3D XDirection',(1.,0.,0.)) ;
#2047=DIRECTION('Vector Direction',(0.,0.,1.)) ;
#2056=DIRECTION('Axis2P3D Direction',(0.,0.,1.)) ;
#2061=DIRECTION('Axis2P3D Direction',(0.,0.,1.)) ;
#2073=DIRECTION('Axis2P3D Direction',(0.,1.,-0.)) ;
#2074=DIRECTION('Axis2P3D XDirection',(-1.,0.,0.)) ;
#2078=DIRECTION('Vector Direction',(-1.,0.,0.)) ;
#2085=DIRECTION('Vector Direction',(0.,0.,1.)) ;
#2092=DIRECTION('Vector Direction',(-1.,0.,0.)) ;
#2104=DIRECTION('Axis2P3D Direction',(0.,0.,1.)) ;
#2105=DIRECTION('Axis2P3D XDirection',(0.,-1.,0.)) ;
#2109=DIRECTION('Axis2P3D Direction',(0.,0.,1.)) ;
#2116=DIRECTION('Vector Direction',(0.,0.,1.)) ;
#2123=DIRECTION('Axis2P3D Direction',(0.,0.,1.)) ;
#2135=DIRECTION('Axis2P3D Direction',(1.,0.,0.)) ;
#2136=DIRECTION('Axis2P3D XDirection',(0.,1.,0.)) ;
#2140=DIRECTION('Vector Direction',(0.,1.,0.)) ;
#2145=DIRECTION('Vector Direction',(0.,1.,0.)) ;
#2157=DIRECTION('Vector Direction',(0.,0.,1.)) ;
#2166=DIRECTION('Vector Direction',(0.,-1.,0.)) ;
#2173=DIRECTION('Vector Direction',(0.,0.,1.)) ;
#2180=DIRECTION('Vector Direction',(0.,-1.,0.)) ;
#2192=DIRECTION('Axis2P3D Direction',(0.,0.,1.)) ;
#2193=DIRECTION('Axis2P3D XDirection',(1.,0.,0.)) ;
#2197=DIRECTION('Axis2P3D Direction',(0.,0.,1.)) ;
#2204=DIRECTION('Vector Direction',(0.,0.,1.)) ;
#2211=DIRECTION('Axis2P3D Direction',(0.,0.,1.)) ;
#2223=DIRECTION('Axis2P3D Direction',(0.,0.,1.)) ;
#2224=DIRECTION('Axis2P3D XDirection',(0.,-1.,0.)) ;
#2228=DIRECTION('Vector Direction',(0.,0.,1.)) ;
#2237=DIRECTION('Axis2P3D Direction',(0.,0.,1.)) ;
#2242=DIRECTION('Axis2P3D Direction',(0.,0.,1.)) ;
#2254=DIRECTION('Axis2P3D Direction',(0.,1.,-0.)) ;
#2255=DIRECTION('Axis2P3D XDirection',(-1.,0.,0.)) ;
#2259=DIRECTION('Vector Direction',(-1.,0.,0.)) ;
#2266=DIRECTION('Vector Direction',(0.,0.,1.)) ;
#2273=DIRECTION('Vector Direction',(-1.,0.,0.)) ;
#2285=DIRECTION('Axis2P3D Direction',(0.,-0.,1.)) ;
#2286=DIRECTION('Axis2P3D XDirection',(0.,1.,0.)) ;
#2290=DIRECTION('Axis2P3D Direction',(0.,-0.,1.)) ;
#2297=DIRECTION('Vector Direction',(0.,0.,1.)) ;
#2304=DIRECTION('Axis2P3D Direction',(0.,-0.,1.)) ;
#2316=DIRECTION('Axis2P3D Direction',(0.,-1.,0.)) ;
#2317=DIRECTION('Axis2P3D XDirection',(1.,0.,0.)) ;
#2321=DIRECTION('Vector Direction',(0.,0.,1.)) ;
#2330=DIRECTION('Vector Direction',(1.,0.,0.)) ;
#2335=DIRECTION('Vector Direction',(1.,0.,0.)) ;
#2347=DIRECTION('Axis2P3D Direction',(0.,0.,1.)) ;
#2348=DIRECTION('Axis2P3D XDirection',(-1.,0.,0.)) ;
#2352=DIRECTION('Vector Direction',(0.,0.,1.)) ;
#2361=DIRECTION('Axis2P3D Direction',(0.,0.,1.)) ;
#2366=DIRECTION('Axis2P3D Direction',(0.,0.,1.)) ;
#2378=DIRECTION('Vector Direction',(0.,1.,0.)) ;
#2383=DIRECTION('Vector Direction',(0.,1.,0.)) ;
#2395=DIRECTION('Axis2P3D Direction',(1.,0.,0.)) ;
#2396=DIRECTION('Axis2P3D XDirection',(0.,1.,0.)) ;
#2400=DIRECTION('Vector Direction',(0.,0.,1.)) ;
#2409=DIRECTION('Vector Direction',(0.,1.,0.)) ;
#2416=DIRECTION('Vector Direction',(0.,0.,1.)) ;
#2423=DIRECTION('Vector Direction',(0.,1.,0.)) ;
#2435=DIRECTION('Axis2P3D Direction',(0.,-0.,1.)) ;
#2436=DIRECTION('Axis2P3D XDirection',(-1.,6.12323399574E-17,0.)) ;
#2440=DIRECTION('Axis2P3D Direction',(0.,-0.,1.)) ;
#2447=DIRECTION('Axis2P3D Direction',(0.,-0.,1.)) ;
#2454=DIRECTION('Vector Direction',(0.,0.,1.)) ;
#2466=DIRECTION('Axis2P3D Direction',(-1.,0.,0.)) ;
#2467=DIRECTION('Axis2P3D XDirection',(0.,-1.,0.)) ;
#2471=DIRECTION('Vector Direction',(0.,-1.,0.)) ;
#2478=DIRECTION('Vector Direction',(0.,0.,1.)) ;
#2485=DIRECTION('Vector Direction',(0.,-1.,0.)) ;
#2497=DIRECTION('Axis2P3D Direction',(0.,-0.,1.)) ;
#2498=DIRECTION('Axis2P3D XDirection',(1.,-1.83697019872E-16,-0.)) ;
#2502=DIRECTION('Axis2P3D Direction',(0.,-0.,1.)) ;
#2507=DIRECTION('Axis2P3D Direction',(0.,-0.,1.)) ;
#2519=DIRECTION('Axis2P3D Direction',(-1.,0.,0.)) ;
#2520=DIRECTION('Axis2P3D XDirection',(0.,1.,0.)) ;
#2524=DIRECTION('Vector Direction',(0.,0.,-1.)) ;
#2533=DIRECTION('Vector Direction',(0.,1.,0.)) ;
#2540=DIRECTION('Vector Direction',(0.,0.,-1.)) ;
#2547=DIRECTION('Vector Direction',(0.,1.,0.)) ;
#2559=DIRECTION('Axis2P3D Direction',(0.,-0.,1.)) ;
#2560=DIRECTION('Axis2P3D XDirection',(1.,-1.83697019872E-16,-0.)) ;
#2564=DIRECTION('Vector Direction',(0.,0.,1.)) ;
#2573=DIRECTION('Axis2P3D Direction',(0.,-0.,1.)) ;
#2578=DIRECTION('Axis2P3D Direction',(0.,-0.,1.)) ;
#2590=DIRECTION('Axis2P3D Direction',(1.,0.,0.)) ;
#2591=DIRECTION('Axis2P3D XDirection',(0.,-1.,0.)) ;
#2595=DIRECTION('Vector Direction',(0.,0.,-1.)) ;
#2604=DIRECTION('Vector Direction',(0.,-1.,0.)) ;
#2609=DIRECTION('Vector Direction',(0.,-1.,0.)) ;
#2621=DIRECTION('Axis2P3D Direction',(0.,-0.,1.)) ;
#2622=DIRECTION('Axis2P3D XDirection',(-1.,6.12323399574E-17,0.)) ;
#2626=DIRECTION('Axis2P3D Direction',(0.,-0.,1.)) ;
#2631=DIRECTION('Axis2P3D Direction',(0.,-0.,1.)) ;
#2643=DIRECTION('Axis2P3D Direction',(0.,-0.,1.)) ;
#2644=DIRECTION('Axis2P3D XDirection',(0.,1.,0.)) ;
#2661=DIRECTION('Axis2P3D Direction',(-0.,-0.,-1.)) ;
#2662=DIRECTION('Axis2P3D XDirection',(-1.,-6.12323399574E-17,0.)) ;
#2666=DIRECTION('Vector Direction',(0.,0.,-1.)) ;
#2675=DIRECTION('Axis2P3D Direction',(-0.,-0.,-1.)) ;
#2682=DIRECTION('Vector Direction',(0.,0.,-1.)) ;
#2689=DIRECTION('Axis2P3D Direction',(-0.,-0.,-1.)) ;
#2701=DIRECTION('Vector Direction',(0.,1.,0.)) ;
#2708=DIRECTION('Vector Direction',(0.,0.,1.)) ;
#2715=DIRECTION('Vector Direction',(0.,1.,0.)) ;
#2727=DIRECTION('Axis2P3D Direction',(-0.,-0.,-1.)) ;
#2728=DIRECTION('Axis2P3D XDirection',(1.,1.83697019872E-16,-0.)) ;
#2732=DIRECTION('Axis2P3D Direction',(-0.,-0.,-1.)) ;
#2739=DIRECTION('Vector Direction',(0.,0.,-1.)) ;
#2746=DIRECTION('Axis2P3D Direction',(-0.,-0.,-1.)) ;
#2758=DIRECTION('Vector Direction',(0.,-1.,0.)) ;
#2763=DIRECTION('Vector Direction',(0.,-1.,0.)) ;
#2775=DIRECTION('Axis2P3D Direction',(-0.,-0.,-1.)) ;
#2776=DIRECTION('Axis2P3D XDirection',(0.,-1.,0.)) ;
#2793=DIRECTION('Axis2P3D Direction',(0.,-0.,1.)) ;
#2794=DIRECTION('Axis2P3D XDirection',(0.,1.,0.)) ;
#2872=DIRECTION('Axis2P3D Direction',(0.,-0.,1.)) ;
#2873=DIRECTION('Axis2P3D XDirection',(0.,1.,0.)) ;
#2877=DIRECTION('Vector Direction',(0.,1.,0.)) ;
#2886=DIRECTION('Axis2P3D Direction',(0.,-0.,1.)) ;
#2893=DIRECTION('Vector Direction',(1.,0.,0.)) ;
#2900=DIRECTION('Axis2P3D Direction',(0.,-0.,1.)) ;
#2907=DIRECTION('Vector Direction',(0.,-1.,0.)) ;
#2914=DIRECTION('Axis2P3D Direction',(0.,-0.,1.)) ;
#2921=DIRECTION('Vector Direction',(-1.,0.,0.)) ;
#2928=DIRECTION('Axis2P3D Direction',(0.,-0.,1.)) ;
#2950=DIRECTION('Axis2P3D Direction',(0.,-0.,1.)) ;
#2951=DIRECTION('Axis2P3D XDirection',(0.,1.,0.)) ;
#2955=DIRECTION('Axis2P3D Direction',(0.,-0.,1.)) ;
#2964=DIRECTION('Vector Direction',(0.,1.,0.)) ;
#2971=DIRECTION('Axis2P3D Direction',(0.,-0.,1.)) ;
#2978=DIRECTION('Vector Direction',(-1.,0.,0.)) ;
#2985=DIRECTION('Axis2P3D Direction',(0.,-0.,1.)) ;
#2992=DIRECTION('Vector Direction',(0.,-1.,0.)) ;
#2999=DIRECTION('Axis2P3D Direction',(0.,-0.,1.)) ;
#3006=DIRECTION('Vector Direction',(1.,0.,0.)) ;
#3052=DIRECTION('Axis2P3D Direction',(-1.,0.,0.)) ;
#3053=DIRECTION('Axis2P3D XDirection',(0.,1.,0.)) ;
#3057=DIRECTION('Vector Direction',(0.,0.,-1.)) ;
#3064=DIRECTION('Vector Direction',(0.,0.,-1.)) ;
#3071=DIRECTION('Vector Direction',(0.,1.,0.)) ;
#3083=DIRECTION('Axis2P3D Direction',(0.,0.,-1.)) ;
#3084=DIRECTION('Axis2P3D XDirection',(-1.,-1.83697019872E-16,-0.)) ;
#3088=DIRECTION('Vector Direction',(0.,0.,-1.)) ;
#3095=DIRECTION('Axis2P3D Direction',(0.,0.,-1.)) ;
#3107=DIRECTION('Axis2P3D Direction',(0.,0.,-1.)) ;
#3108=DIRECTION('Axis2P3D XDirection',(1.83697019872E-16,-1.,-0.)) ;
#3112=DIRECTION('Vector Direction',(0.,0.,-1.)) ;
#3119=DIRECTION('Axis2P3D Direction',(0.,0.,-1.)) ;
#3131=DIRECTION('Axis2P3D Direction',(-0.,-1.,-0.)) ;
#3132=DIRECTION('Axis2P3D XDirection',(-1.,0.,0.)) ;
#3136=DIRECTION('Vector Direction',(-1.,0.,0.)) ;
#3143=DIRECTION('Vector Direction',(0.,0.,-1.)) ;
#3155=DIRECTION('Axis2P3D Direction',(0.,0.,-1.)) ;
#3156=DIRECTION('Axis2P3D XDirection',(-1.83697019872E-16,1.,-0.)) ;
#3160=DIRECTION('Vector Direction',(0.,0.,-1.)) ;
#3167=DIRECTION('Axis2P3D Direction',(0.,0.,-1.)) ;
#3179=DIRECTION('Axis2P3D Direction',(1.,0.,0.)) ;
#3180=DIRECTION('Axis2P3D XDirection',(0.,-1.,0.)) ;
#3184=DIRECTION('Vector Direction',(0.,0.,-1.)) ;
#3191=DIRECTION('Vector Direction',(0.,-1.,0.)) ;
#3203=DIRECTION('Axis2P3D Direction',(0.,0.,-1.)) ;
#3204=DIRECTION('Axis2P3D XDirection',(1.,1.83697019872E-16,0.)) ;
#3208=DIRECTION('Vector Direction',(0.,0.,-1.)) ;
#3215=DIRECTION('Axis2P3D Direction',(0.,0.,-1.)) ;
#3227=DIRECTION('Axis2P3D Direction',(-0.,1.,0.)) ;
#3228=DIRECTION('Axis2P3D XDirection',(1.,0.,0.)) ;
#3232=DIRECTION('Vector Direction',(1.,0.,0.)) ;
#3244=DIRECTION('Axis2P3D Direction',(0.,-0.707106781187,-0.707106781187)) ;
#3245=DIRECTION('Axis2P3D XDirection',(1.,0.,0.)) ;
#3249=DIRECTION('Vector Direction',(0.,-0.707106781187,0.707106781187)) ;
#3254=DIRECTION('Vector Direction',(0.,-0.707106781187,0.707106781187)) ;
#3266=DIRECTION('Axis2P3D Direction',(-5.92118946467E-15,0.,1.)) ;
#3267=DIRECTION('Axis2P3D XDirection',(-0.258819045103,-0.965925826289,-1.58050681916E-15)) ;
#3271=DIRECTION('Vector Direction',(0.707106781187,0.,0.707106781187)) ;
#3283=DIRECTION('Axis2P3D Direction',(-0.707106781187,0.,0.707106781187)) ;
#3284=DIRECTION('Axis2P3D XDirection',(0.,-1.,0.)) ;
#3288=DIRECTION('Vector Direction',(0.707106781187,0.,0.707106781187)) ;
#3300=DIRECTION('Axis2P3D Direction',(0.,0.,1.)) ;
#3301=DIRECTION('Axis2P3D XDirection',(0.965925826289,-0.258819045103,0.)) ;
#3305=DIRECTION('Vector Direction',(2.51214793389E-14,0.707106781187,0.707106781187)) ;
#3317=DIRECTION('Axis2P3D Direction',(0.,0.707106781187,-0.707106781187)) ;
#3318=DIRECTION('Axis2P3D XDirection',(-1.,0.,0.)) ;
#3322=DIRECTION('Vector Direction',(0.,0.707106781187,0.707106781187)) ;
#3334=DIRECTION('Axis2P3D Direction',(5.92118946467E-15,0.,1.)) ;
#3335=DIRECTION('Axis2P3D XDirection',(0.258819045103,0.965925826289,-1.58050681916E-15)) ;
#3339=DIRECTION('Vector Direction',(-0.707106781187,0.,0.707106781187)) ;
#3351=DIRECTION('Axis2P3D Direction',(0.707106781187,-0.,0.707106781187)) ;
#3352=DIRECTION('Axis2P3D XDirection',(0.,1.,0.)) ;
#3356=DIRECTION('Vector Direction',(-0.707106781187,0.,0.707106781187)) ;
#3368=DIRECTION('Axis2P3D Direction',(0.,0.,1.)) ;
#3369=DIRECTION('Axis2P3D XDirection',(-0.965925826289,0.258819045103,0.)) ;
#17=CARTESIAN_POINT(' ',(0.,0.,0.)) ;
#21=CARTESIAN_POINT('Line Origine',(-6.05,78.9,0.)) ;
#25=CARTESIAN_POINT('Limit',(-10.1,78.9,0.)) ;
#26=CARTESIAN_POINT('Limit',(-2.,78.9,0.)) ;
#29=CARTESIAN_POINT('Line Origine',(-2.,79.9,0.)) ;
#33=CARTESIAN_POINT('Limit',(-2.,78.9,0.)) ;
#34=CARTESIAN_POINT('Limit',(-2.,80.9,0.)) ;
#37=CARTESIAN_POINT('Line Origine',(0.,80.9,0.)) ;
#41=CARTESIAN_POINT('Limit',(-2.,80.9,0.)) ;
#42=CARTESIAN_POINT('Limit',(2.,80.9,0.)) ;
#45=CARTESIAN_POINT('Line Origine',(2.,79.9,0.)) ;
#49=CARTESIAN_POINT('Limit',(2.,80.9,0.)) ;
#50=CARTESIAN_POINT('Limit',(2.,78.9,0.)) ;
#53=CARTESIAN_POINT('Line Origine',(6.05,78.9,0.)) ;
#57=CARTESIAN_POINT('Limit',(2.,78.9,0.)) ;
#58=CARTESIAN_POINT('Limit',(10.1,78.9,0.)) ;
#61=CARTESIAN_POINT('Line Origine',(10.1,99.,0.)) ;
#65=CARTESIAN_POINT('Limit',(10.1,78.9,0.)) ;
#66=CARTESIAN_POINT('Limit',(10.1,119.1,0.)) ;
#69=CARTESIAN_POINT('Line Origine',(6.05,119.1,0.)) ;
#73=CARTESIAN_POINT('Limit',(10.1,119.1,0.)) ;
#74=CARTESIAN_POINT('Limit',(2.,119.1,0.)) ;
#77=CARTESIAN_POINT('Line Origine',(2.,118.1,0.)) ;
#81=CARTESIAN_POINT('Limit',(2.,119.1,0.)) ;
#82=CARTESIAN_POINT('Limit',(2.,117.1,0.)) ;
#85=CARTESIAN_POINT('Line Origine',(0.,117.1,0.)) ;
#89=CARTESIAN_POINT('Limit',(2.,117.1,0.)) ;
#90=CARTESIAN_POINT('Limit',(-2.,117.1,0.)) ;
#93=CARTESIAN_POINT('Line Origine',(-2.,118.1,0.)) ;
#97=CARTESIAN_POINT('Limit',(-2.,117.1,0.)) ;
#98=CARTESIAN_POINT('Limit',(-2.,119.1,0.)) ;
#101=CARTESIAN_POINT('Line Origine',(-6.05,119.1,0.)) ;
#105=CARTESIAN_POINT('Limit',(-2.,119.1,0.)) ;
#106=CARTESIAN_POINT('Limit',(-10.1,119.1,0.)) ;
#109=CARTESIAN_POINT('Line Origine',(-10.1,99.,0.)) ;
#113=CARTESIAN_POINT('Limit',(-10.1,119.1,0.)) ;
#114=CARTESIAN_POINT('Limit',(-10.1,78.9,0.)) ;
#126=CARTESIAN_POINT('Line Origine',(6.05,-119.1,0.)) ;
#130=CARTESIAN_POINT('Limit',(2.,-119.1,0.)) ;
#131=CARTESIAN_POINT('Limit',(10.1,-119.1,0.)) ;
#134=CARTESIAN_POINT('Line Origine',(10.1,-99.,0.)) ;
#138=CARTESIAN_POINT('Limit',(10.1,-119.1,0.)) ;
#139=CARTESIAN_POINT('Limit',(10.1,-78.9,0.)) ;
#142=CARTESIAN_POINT('Line Origine',(6.05,-78.9,0.)) ;
#146=CARTESIAN_POINT('Limit',(10.1,-78.9,0.)) ;
#147=CARTESIAN_POINT('Limit',(2.,-78.9,0.)) ;
#150=CARTESIAN_POINT('Line Origine',(2.,-79.9,0.)) ;
#154=CARTESIAN_POINT('Limit',(2.,-78.9,0.)) ;
#155=CARTESIAN_POINT('Limit',(2.,-80.9,0.)) ;
#158=CARTESIAN_POINT('Line Origine',(0.,-80.9,0.)) ;
#162=CARTESIAN_POINT('Limit',(2.,-80.9,0.)) ;
#163=CARTESIAN_POINT('Limit',(-2.,-80.9,0.)) ;
#166=CARTESIAN_POINT('Line Origine',(-2.,-79.9,0.)) ;
#170=CARTESIAN_POINT('Limit',(-2.,-80.9,0.)) ;
#171=CARTESIAN_POINT('Limit',(-2.,-78.9,0.)) ;
#174=CARTESIAN_POINT('Line Origine',(-6.05,-78.9,0.)) ;
#178=CARTESIAN_POINT('Limit',(-2.,-78.9,0.)) ;
#179=CARTESIAN_POINT('Limit',(-10.1,-78.9,0.)) ;
#182=CARTESIAN_POINT('Line Origine',(-10.1,-99.,0.)) ;
#186=CARTESIAN_POINT('Limit',(-10.1,-78.9,0.)) ;
#187=CARTESIAN_POINT('Limit',(-10.1,-119.1,0.)) ;
#190=CARTESIAN_POINT('Line Origine',(-6.05,-119.1,0.)) ;
#194=CARTESIAN_POINT('Limit',(-10.1,-119.1,0.)) ;
#195=CARTESIAN_POINT('Limit',(-2.,-119.1,0.)) ;
#198=CARTESIAN_POINT('Line Origine',(-2.,-118.1,0.)) ;
#202=CARTESIAN_POINT('Limit',(-2.,-119.1,0.)) ;
#203=CARTESIAN_POINT('Limit',(-2.,-117.1,0.)) ;
#206=CARTESIAN_POINT('Line Origine',(0.,-117.1,0.)) ;
#210=CARTESIAN_POINT('Limit',(-2.,-117.1,0.)) ;
#211=CARTESIAN_POINT('Limit',(2.,-117.1,0.)) ;
#214=CARTESIAN_POINT('Line Origine',(2.,-118.1,0.)) ;
#218=CARTESIAN_POINT('Limit',(2.,-117.1,0.)) ;
#219=CARTESIAN_POINT('Limit',(2.,-119.1,0.)) ;
#226=CARTESIAN_POINT('Axis2P3D Location',(0.,99.,0.)) ;
#230=CARTESIAN_POINT('Limit',(0.,107.05,0.)) ;
#231=CARTESIAN_POINT('Limit',(-4.56075881261E-15,90.95,0.)) ;
#234=CARTESIAN_POINT('Axis2P3D Location',(0.,99.,0.)) ;
#238=CARTESIAN_POINT('Limit',(-8.1356769519E-15,90.95,0.)) ;
#239=CARTESIAN_POINT('Limit',(0.,107.05,0.)) ;
#246=CARTESIAN_POINT('Line Origine',(0.,36.95,-1.)) ;
#250=CARTESIAN_POINT('Limit',(0.,35.4,-1.)) ;
#251=CARTESIAN_POINT('Limit',(0.,38.5,-1.)) ;
#254=CARTESIAN_POINT('Line Origine',(0.,38.5,-1.75)) ;
#258=CARTESIAN_POINT('Limit',(0.,38.5,-1.)) ;
#259=CARTESIAN_POINT('Limit',(0.,38.5,-2.5)) ;
#262=CARTESIAN_POINT('Line Origine',(0.,39.25,-2.5)) ;
#266=CARTESIAN_POINT('Limit',(0.,38.5,-2.5)) ;
#267=CARTESIAN_POINT('Limit',(0.,40.,-2.5)) ;
#270=CARTESIAN_POINT('Line Origine',(0.,40.,-1.25)) ;
#274=CARTESIAN_POINT('Limit',(0.,40.,-2.5)) ;
#275=CARTESIAN_POINT('Limit',(0.,40.,0.)) ;
#278=CARTESIAN_POINT('Line Origine',(0.,37.5,0.)) ;
#282=CARTESIAN_POINT('Limit',(0.,40.,0.)) ;
#283=CARTESIAN_POINT('Limit',(0.,35.,0.)) ;
#286=CARTESIAN_POINT('Line Origine',(0.,35.2,-0.5)) ;
#290=CARTESIAN_POINT('Limit',(0.,35.,-8.881784197E-16)) ;
#291=CARTESIAN_POINT('Limit',(0.,35.4,-1.)) ;
#298=CARTESIAN_POINT('Line Origine',(-11.1,-75.9,0.)) ;
#302=CARTESIAN_POINT('Limit',(-11.1,-77.4,0.)) ;
#303=CARTESIAN_POINT('Limit',(-11.1,-74.4,0.)) ;
#310=CARTESIAN_POINT('Line Origine',(-11.1,-75.9,0.)) ;
#314=CARTESIAN_POINT('Limit',(-12.6,-75.9,0.)) ;
#315=CARTESIAN_POINT('Limit',(-9.6,-75.9,0.)) ;
#322=CARTESIAN_POINT('Line Origine',(-11.1,75.9,0.)) ;
#326=CARTESIAN_POINT('Limit',(-11.1,77.4,0.)) ;
#327=CARTESIAN_POINT('Limit',(-11.1,74.4,0.)) ;
#344=CARTESIAN_POINT('Axis2P3D Location',(0.,40.,-2.5)) ;
#349=CARTESIAN_POINT('Axis2P3D Location',(0.,40.,-2.5)) ;
#353=CARTESIAN_POINT('Vertex',(2.10947236986,43.8613632723,-2.5)) ;
#355=CARTESIAN_POINT('Vertex',(-2.10947236986,36.1386367277,-2.5)) ;
#358=CARTESIAN_POINT('Line Origine',(2.31322822377,44.2343358611,-2.25)) ;
#362=CARTESIAN_POINT('Vertex',(2.51698407767,44.6073084499,-2.)) ;
#365=CARTESIAN_POINT('Axis2P3D Location',(0.,40.,-2.)) ;
#369=CARTESIAN_POINT('Vertex',(-2.51698407767,35.3926915501,-2.)) ;
#372=CARTESIAN_POINT('Line Origine',(-2.31322822377,35.7656641389,-2.25)) ;
#384=CARTESIAN_POINT('Axis2P3D Location',(0.,40.,-2.5)) ;
#389=CARTESIAN_POINT('Axis2P3D Location',(0.,40.,-2.)) ;
#401=CARTESIAN_POINT('Axis2P3D Location',(0.,44.4,-2.5)) ;
#411=CARTESIAN_POINT('Axis2P3D Location',(-10.1,78.9,-2.)) ;
#416=CARTESIAN_POINT('Line Origine',(-10.1,99.,-2.4)) ;
#420=CARTESIAN_POINT('Vertex',(-10.1,116.6,-2.4)) ;
#422=CARTESIAN_POINT('Vertex',(-10.1,81.4,-2.4)) ;
#425=CARTESIAN_POINT('Line Origine',(-10.1,81.4,-2.05)) ;
#429=CARTESIAN_POINT('Vertex',(-10.1,81.4,-1.7)) ;
#432=CARTESIAN_POINT('Line Origine',(-10.1,99.,-1.7)) ;
#436=CARTESIAN_POINT('Vertex',(-10.1,116.6,-1.7)) ;
#439=CARTESIAN_POINT('Line Origine',(-10.1,116.6,-2.05)) ;
#451=CARTESIAN_POINT('Axis2P3D Location',(-7.6,116.6,-2.05)) ;
#456=CARTESIAN_POINT('Axis2P3D Location',(-7.6,116.6,-2.4)) ;
#460=CARTESIAN_POINT('Vertex',(-7.6,119.1,-2.4)) ;
#463=CARTESIAN_POINT('Axis2P3D Location',(-7.6,116.6,-1.7)) ;
#467=CARTESIAN_POINT('Vertex',(-7.6,119.1,-1.7)) ;
#470=CARTESIAN_POINT('Line Origine',(-7.6,119.1,-2.05)) ;
#482=CARTESIAN_POINT('Axis2P3D Location',(-7.6,81.4,-2.05)) ;
#487=CARTESIAN_POINT('Axis2P3D Location',(-7.6,81.4,-2.4)) ;
#491=CARTESIAN_POINT('Vertex',(-7.6,78.9,-2.4)) ;
#494=CARTESIAN_POINT('Line Origine',(-7.6,78.9,-2.05)) ;
#498=CARTESIAN_POINT('Vertex',(-7.6,78.9,-1.7)) ;
#501=CARTESIAN_POINT('Axis2P3D Location',(-7.6,81.4,-1.7)) ;
#513=CARTESIAN_POINT('Axis2P3D Location',(10.1,119.1,-2.)) ;
#518=CARTESIAN_POINT('Line Origine',(-4.6,119.1,-1.7)) ;
#522=CARTESIAN_POINT('Vertex',(-1.6,119.1,-1.7)) ;
#525=CARTESIAN_POINT('Line Origine',(-1.6,119.1,-2.05)) ;
#529=CARTESIAN_POINT('Vertex',(-1.6,119.1,-2.4)) ;
#532=CARTESIAN_POINT('Line Origine',(-4.6,119.1,-2.4)) ;
#544=CARTESIAN_POINT('Axis2P3D Location',(-1.6,118.9,-2.05)) ;
#549=CARTESIAN_POINT('Axis2P3D Location',(-1.6,118.9,-2.4)) ;
#553=CARTESIAN_POINT('Vertex',(-1.4,118.9,-2.4)) ;
#556=CARTESIAN_POINT('Axis2P3D Location',(-1.6,118.9,-1.7)) ;
#560=CARTESIAN_POINT('Vertex',(-1.4,118.9,-1.7)) ;
#563=CARTESIAN_POINT('Line Origine',(-1.4,118.9,-2.05)) ;
#575=CARTESIAN_POINT('Axis2P3D Location',(-1.4,78.9,-2.)) ;
#580=CARTESIAN_POINT('Line Origine',(-1.4,118.1,-1.7)) ;
#584=CARTESIAN_POINT('Vertex',(-1.4,117.3,-1.7)) ;
#587=CARTESIAN_POINT('Line Origine',(-1.4,117.3,-2.05)) ;
#591=CARTESIAN_POINT('Vertex',(-1.4,117.3,-2.4)) ;
#594=CARTESIAN_POINT('Line Origine',(-1.4,118.1,-2.4)) ;
#606=CARTESIAN_POINT('Axis2P3D Location',(-1.2,117.3,-2.05)) ;
#611=CARTESIAN_POINT('Line Origine',(-1.2,117.1,-2.05)) ;
#615=CARTESIAN_POINT('Vertex',(-1.2,117.1,-2.4)) ;
#617=CARTESIAN_POINT('Vertex',(-1.2,117.1,-1.7)) ;
#620=CARTESIAN_POINT('Axis2P3D Location',(-1.2,117.3,-2.4)) ;
#625=CARTESIAN_POINT('Axis2P3D Location',(-1.2,117.3,-1.7)) ;
#637=CARTESIAN_POINT('Axis2P3D Location',(-1.4,117.1,-2.)) ;
#642=CARTESIAN_POINT('Line Origine',(-2.22044604925E-16,117.1,-1.7)) ;
#646=CARTESIAN_POINT('Vertex',(1.2,117.1,-1.7)) ;
#649=CARTESIAN_POINT('Line Origine',(1.2,117.1,-2.05)) ;
#653=CARTESIAN_POINT('Vertex',(1.2,117.1,-2.4)) ;
#656=CARTESIAN_POINT('Line Origine',(-2.22044604925E-16,117.1,-2.4)) ;
#668=CARTESIAN_POINT('Axis2P3D Location',(1.2,117.3,-2.05)) ;
#673=CARTESIAN_POINT('Line Origine',(1.4,117.3,-2.05)) ;
#677=CARTESIAN_POINT('Vertex',(1.4,117.3,-2.4)) ;
#679=CARTESIAN_POINT('Vertex',(1.4,117.3,-1.7)) ;
#682=CARTESIAN_POINT('Axis2P3D Location',(1.2,117.3,-2.4)) ;
#687=CARTESIAN_POINT('Axis2P3D Location',(1.2,117.3,-1.7)) ;
#699=CARTESIAN_POINT('Axis2P3D Location',(1.4,80.9,-2.)) ;
#704=CARTESIAN_POINT('Line Origine',(1.4,118.1,-1.7)) ;
#708=CARTESIAN_POINT('Vertex',(1.4,118.9,-1.7)) ;
#711=CARTESIAN_POINT('Line Origine',(1.4,118.9,-2.05)) ;
#715=CARTESIAN_POINT('Vertex',(1.4,118.9,-2.4)) ;
#718=CARTESIAN_POINT('Line Origine',(1.4,118.1,-2.4)) ;
#730=CARTESIAN_POINT('Axis2P3D Location',(1.6,118.9,-2.05)) ;
#735=CARTESIAN_POINT('Axis2P3D Location',(1.6,118.9,-2.4)) ;
#739=CARTESIAN_POINT('Vertex',(1.6,119.1,-2.4)) ;
#742=CARTESIAN_POINT('Axis2P3D Location',(1.6,118.9,-1.7)) ;
#746=CARTESIAN_POINT('Vertex',(1.6,119.1,-1.7)) ;
#749=CARTESIAN_POINT('Line Origine',(1.6,119.1,-2.05)) ;
#761=CARTESIAN_POINT('Line Origine',(7.6,119.1,-2.05)) ;
#765=CARTESIAN_POINT('Vertex',(7.6,119.1,-1.7)) ;
#767=CARTESIAN_POINT('Vertex',(7.6,119.1,-2.4)) ;
#770=CARTESIAN_POINT('Line Origine',(4.6,119.1,-2.4)) ;
#775=CARTESIAN_POINT('Line Origine',(4.6,119.1,-1.7)) ;
#787=CARTESIAN_POINT('Axis2P3D Location',(7.6,116.6,-2.05)) ;
#792=CARTESIAN_POINT('Axis2P3D Location',(7.6,116.6,-2.4)) ;
#796=CARTESIAN_POINT('Vertex',(10.1,116.6,-2.4)) ;
#799=CARTESIAN_POINT('Axis2P3D Location',(7.6,116.6,-1.7)) ;
#803=CARTESIAN_POINT('Vertex',(10.1,116.6,-1.7)) ;
#806=CARTESIAN_POINT('Line Origine',(10.1,116.6,-2.05)) ;
#818=CARTESIAN_POINT('Axis2P3D Location',(10.1,119.1,-2.)) ;
#823=CARTESIAN_POINT('Line Origine',(10.1,99.,-1.7)) ;
#827=CARTESIAN_POINT('Vertex',(10.1,81.4,-1.7)) ;
#830=CARTESIAN_POINT('Line Origine',(10.1,81.4,-2.05)) ;
#834=CARTESIAN_POINT('Vertex',(10.1,81.4,-2.4)) ;
#837=CARTESIAN_POINT('Line Origine',(10.1,99.,-2.4)) ;
#849=CARTESIAN_POINT('Axis2P3D Location',(7.6,81.4,-2.05)) ;
#854=CARTESIAN_POINT('Axis2P3D Location',(7.6,81.4,-2.4)) ;
#858=CARTESIAN_POINT('Vertex',(7.6,78.9,-2.4)) ;
#861=CARTESIAN_POINT('Axis2P3D Location',(7.6,81.4,-1.7)) ;
#865=CARTESIAN_POINT('Vertex',(7.6,78.9,-1.7)) ;
#868=CARTESIAN_POINT('Line Origine',(7.6,78.9,-2.05)) ;
#880=CARTESIAN_POINT('Axis2P3D Location',(-10.1,78.9,-2.)) ;
#885=CARTESIAN_POINT('Line Origine',(4.6,78.9,-1.7)) ;
#889=CARTESIAN_POINT('Vertex',(1.6,78.9,-1.7)) ;
#892=CARTESIAN_POINT('Line Origine',(1.6,78.9,-2.05)) ;
#896=CARTESIAN_POINT('Vertex',(1.6,78.9,-2.4)) ;
#899=CARTESIAN_POINT('Line Origine',(4.6,78.9,-2.4)) ;
#911=CARTESIAN_POINT('Axis2P3D Location',(1.6,79.1,-2.05)) ;
#916=CARTESIAN_POINT('Axis2P3D Location',(1.6,79.1,-2.4)) ;
#920=CARTESIAN_POINT('Vertex',(1.4,79.1,-2.4)) ;
#923=CARTESIAN_POINT('Axis2P3D Location',(1.6,79.1,-1.7)) ;
#927=CARTESIAN_POINT('Vertex',(1.4,79.1,-1.7)) ;
#930=CARTESIAN_POINT('Line Origine',(1.4,79.1,-2.05)) ;
#942=CARTESIAN_POINT('Line Origine',(1.4,79.9,-1.7)) ;
#946=CARTESIAN_POINT('Vertex',(1.4,80.7,-1.7)) ;
#949=CARTESIAN_POINT('Line Origine',(1.4,80.7,-2.05)) ;
#953=CARTESIAN_POINT('Vertex',(1.4,80.7,-2.4)) ;
#956=CARTESIAN_POINT('Line Origine',(1.4,79.9,-2.4)) ;
#968=CARTESIAN_POINT('Axis2P3D Location',(1.2,80.7,-2.05)) ;
#973=CARTESIAN_POINT('Line Origine',(1.2,80.9,-2.05)) ;
#977=CARTESIAN_POINT('Vertex',(1.2,80.9,-2.4)) ;
#979=CARTESIAN_POINT('Vertex',(1.2,80.9,-1.7)) ;
#982=CARTESIAN_POINT('Axis2P3D Location',(1.2,80.7,-2.4)) ;
#987=CARTESIAN_POINT('Axis2P3D Location',(1.2,80.7,-1.7)) ;
#999=CARTESIAN_POINT('Axis2P3D Location',(-1.4,80.9,-2.)) ;
#1004=CARTESIAN_POINT('Line Origine',(-2.22044604925E-16,80.9,-1.7)) ;
#1008=CARTESIAN_POINT('Vertex',(-1.2,80.9,-1.7)) ;
#1011=CARTESIAN_POINT('Line Origine',(-1.2,80.9,-2.05)) ;
#1015=CARTESIAN_POINT('Vertex',(-1.2,80.9,-2.4)) ;
#1018=CARTESIAN_POINT('Line Origine',(-2.22044604925E-16,80.9,-2.4)) ;
#1030=CARTESIAN_POINT('Axis2P3D Location',(-1.2,80.7,-2.05)) ;
#1035=CARTESIAN_POINT('Line Origine',(-1.4,80.7,-2.05)) ;
#1039=CARTESIAN_POINT('Vertex',(-1.4,80.7,-2.4)) ;
#1041=CARTESIAN_POINT('Vertex',(-1.4,80.7,-1.7)) ;
#1044=CARTESIAN_POINT('Axis2P3D Location',(-1.2,80.7,-2.4)) ;
#1049=CARTESIAN_POINT('Axis2P3D Location',(-1.2,80.7,-1.7)) ;
#1061=CARTESIAN_POINT('Line Origine',(-1.4,79.9,-1.7)) ;
#1065=CARTESIAN_POINT('Vertex',(-1.4,79.1,-1.7)) ;
#1068=CARTESIAN_POINT('Line Origine',(-1.4,79.1,-2.05)) ;
#1072=CARTESIAN_POINT('Vertex',(-1.4,79.1,-2.4)) ;
#1075=CARTESIAN_POINT('Line Origine',(-1.4,79.9,-2.4)) ;
#1087=CARTESIAN_POINT('Axis2P3D Location',(-1.6,79.1,-2.05)) ;
#1092=CARTESIAN_POINT('Axis2P3D Location',(-1.6,79.1,-2.4)) ;
#1096=CARTESIAN_POINT('Vertex',(-1.6,78.9,-2.4)) ;
#1099=CARTESIAN_POINT('Axis2P3D Location',(-1.6,79.1,-1.7)) ;
#1103=CARTESIAN_POINT('Vertex',(-1.6,78.9,-1.7)) ;
#1106=CARTESIAN_POINT('Line Origine',(-1.6,78.9,-2.05)) ;
#1118=CARTESIAN_POINT('Line Origine',(-4.6,78.9,-2.4)) ;
#1123=CARTESIAN_POINT('Line Origine',(-4.6,78.9,-1.7)) ;
#1135=CARTESIAN_POINT('Axis2P3D Location',(0.,0.,-2.4)) ;
#1167=CARTESIAN_POINT('Axis2P3D Location',(2.,-78.9,-2.)) ;
#1172=CARTESIAN_POINT('Line Origine',(2.,-117.3,-2.05)) ;
#1176=CARTESIAN_POINT('Vertex',(2.,-117.3,-2.4)) ;
#1178=CARTESIAN_POINT('Vertex',(2.,-117.3,-1.7)) ;
#1181=CARTESIAN_POINT('Line Origine',(2.,-118.1,-2.4)) ;
#1185=CARTESIAN_POINT('Vertex',(2.,-118.9,-2.4)) ;
#1188=CARTESIAN_POINT('Line Origine',(2.,-118.9,-2.05)) ;
#1192=CARTESIAN_POINT('Vertex',(2.,-118.9,-1.7)) ;
#1195=CARTESIAN_POINT('Line Origine',(2.,-118.1,-1.7)) ;
#1207=CARTESIAN_POINT('Axis2P3D Location',(1.8,-117.3,-2.05)) ;
#1212=CARTESIAN_POINT('Line Origine',(1.8,-117.1,-2.05)) ;
#1216=CARTESIAN_POINT('Vertex',(1.8,-117.1,-2.4)) ;
#1218=CARTESIAN_POINT('Vertex',(1.8,-117.1,-1.7)) ;
#1221=CARTESIAN_POINT('Axis2P3D Location',(1.8,-117.3,-2.4)) ;
#1226=CARTESIAN_POINT('Axis2P3D Location',(1.8,-117.3,-1.7)) ;
#1238=CARTESIAN_POINT('Axis2P3D Location',(2.2,-118.9,-2.05)) ;
#1243=CARTESIAN_POINT('Axis2P3D Location',(2.2,-118.9,-2.4)) ;
#1247=CARTESIAN_POINT('Vertex',(2.2,-119.1,-2.4)) ;
#1250=CARTESIAN_POINT('Line Origine',(2.2,-119.1,-2.05)) ;
#1254=CARTESIAN_POINT('Vertex',(2.2,-119.1,-1.7)) ;
#1257=CARTESIAN_POINT('Axis2P3D Location',(2.2,-118.9,-1.7)) ;
#1269=CARTESIAN_POINT('Axis2P3D Location',(-2.,-117.1,-2.)) ;
#1274=CARTESIAN_POINT('Line Origine',(-1.8,-117.1,-2.05)) ;
#1278=CARTESIAN_POINT('Vertex',(-1.8,-117.1,-2.4)) ;
#1280=CARTESIAN_POINT('Vertex',(-1.8,-117.1,-1.7)) ;
#1283=CARTESIAN_POINT('Line Origine',(2.22044604925E-16,-117.1,-2.4)) ;
#1288=CARTESIAN_POINT('Line Origine',(2.22044604925E-16,-117.1,-1.7)) ;
#1300=CARTESIAN_POINT('Axis2P3D Location',(-1.8,-117.3,-2.05)) ;
#1305=CARTESIAN_POINT('Line Origine',(-2.,-117.3,-2.05)) ;
#1309=CARTESIAN_POINT('Vertex',(-2.,-117.3,-2.4)) ;
#1311=CARTESIAN_POINT('Vertex',(-2.,-117.3,-1.7)) ;
#1314=CARTESIAN_POINT('Axis2P3D Location',(-1.8,-117.3,-2.4)) ;
#1319=CARTESIAN_POINT('Axis2P3D Location',(-1.8,-117.3,-1.7)) ;
#1331=CARTESIAN_POINT('Axis2P3D Location',(-2.,-80.9,-2.)) ;
#1336=CARTESIAN_POINT('Line Origine',(-2.,-118.9,-2.05)) ;
#1340=CARTESIAN_POINT('Vertex',(-2.,-118.9,-1.7)) ;
#1342=CARTESIAN_POINT('Vertex',(-2.,-118.9,-2.4)) ;
#1345=CARTESIAN_POINT('Line Origine',(-2.,-118.1,-2.4)) ;
#1350=CARTESIAN_POINT('Line Origine',(-2.,-118.1,-1.7)) ;
#1362=CARTESIAN_POINT('Axis2P3D Location',(-2.2,-118.9,-2.05)) ;
#1367=CARTESIAN_POINT('Axis2P3D Location',(-2.2,-118.9,-2.4)) ;
#1371=CARTESIAN_POINT('Vertex',(-2.2,-119.1,-2.4)) ;
#1374=CARTESIAN_POINT('Axis2P3D Location',(-2.2,-118.9,-1.7)) ;
#1378=CARTESIAN_POINT('Vertex',(-2.2,-119.1,-1.7)) ;
#1381=CARTESIAN_POINT('Line Origine',(-2.2,-119.1,-2.05)) ;
#1393=CARTESIAN_POINT('Axis2P3D Location',(10.1,-119.1,-2.)) ;
#1398=CARTESIAN_POINT('Line Origine',(-4.9,-119.1,-2.4)) ;
#1402=CARTESIAN_POINT('Vertex',(-7.6,-119.1,-2.4)) ;
#1405=CARTESIAN_POINT('Line Origine',(-4.9,-119.1,-1.7)) ;
#1409=CARTESIAN_POINT('Vertex',(-7.6,-119.1,-1.7)) ;
#1412=CARTESIAN_POINT('Line Origine',(-7.6,-119.1,-2.05)) ;
#1424=CARTESIAN_POINT('Axis2P3D Location',(-7.6,-116.6,-2.05)) ;
#1429=CARTESIAN_POINT('Axis2P3D Location',(-7.6,-116.6,-2.4)) ;
#1433=CARTESIAN_POINT('Vertex',(-10.1,-116.6,-2.4)) ;
#1436=CARTESIAN_POINT('Axis2P3D Location',(-7.6,-116.6,-1.7)) ;
#1440=CARTESIAN_POINT('Vertex',(-10.1,-116.6,-1.7)) ;
#1443=CARTESIAN_POINT('Line Origine',(-10.1,-116.6,-2.05)) ;
#1455=CARTESIAN_POINT('Line Origine',(-10.1,-99.,-1.7)) ;
#1459=CARTESIAN_POINT('Vertex',(-10.1,-81.4,-1.7)) ;
#1462=CARTESIAN_POINT('Line Origine',(-10.1,-81.4,-2.05)) ;
#1466=CARTESIAN_POINT('Vertex',(-10.1,-81.4,-2.4)) ;
#1469=CARTESIAN_POINT('Line Origine',(-10.1,-99.,-2.4)) ;
#1481=CARTESIAN_POINT('Axis2P3D Location',(-7.6,-81.4,-2.05)) ;
#1486=CARTESIAN_POINT('Axis2P3D Location',(-7.6,-81.4,-2.4)) ;
#1490=CARTESIAN_POINT('Vertex',(-7.6,-78.9,-2.4)) ;
#1493=CARTESIAN_POINT('Axis2P3D Location',(-7.6,-81.4,-1.7)) ;
#1497=CARTESIAN_POINT('Vertex',(-7.6,-78.9,-1.7)) ;
#1500=CARTESIAN_POINT('Line Origine',(-7.6,-78.9,-2.05)) ;
#1512=CARTESIAN_POINT('Axis2P3D Location',(2.,-78.9,-2.)) ;
#1517=CARTESIAN_POINT('Line Origine',(-4.9,-78.9,-1.7)) ;
#1521=CARTESIAN_POINT('Vertex',(-2.2,-78.9,-1.7)) ;
#1524=CARTESIAN_POINT('Line Origine',(-2.2,-78.9,-2.05)) ;
#1528=CARTESIAN_POINT('Vertex',(-2.2,-78.9,-2.4)) ;
#1531=CARTESIAN_POINT('Line Origine',(-4.9,-78.9,-2.4)) ;
#1543=CARTESIAN_POINT('Axis2P3D Location',(-2.2,-79.1,-2.05)) ;
#1548=CARTESIAN_POINT('Axis2P3D Location',(-2.2,-79.1,-2.4)) ;
#1552=CARTESIAN_POINT('Vertex',(-2.,-79.1,-2.4)) ;
#1555=CARTESIAN_POINT('Axis2P3D Location',(-2.2,-79.1,-1.7)) ;
#1559=CARTESIAN_POINT('Vertex',(-2.,-79.1,-1.7)) ;
#1562=CARTESIAN_POINT('Line Origine',(-2.,-79.1,-2.05)) ;
#1574=CARTESIAN_POINT('Line Origine',(-2.,-79.9,-1.7)) ;
#1578=CARTESIAN_POINT('Vertex',(-2.,-80.7,-1.7)) ;
#1581=CARTESIAN_POINT('Line Origine',(-2.,-80.7,-2.05)) ;
#1585=CARTESIAN_POINT('Vertex',(-2.,-80.7,-2.4)) ;
#1588=CARTESIAN_POINT('Line Origine',(-2.,-79.9,-2.4)) ;
#1600=CARTESIAN_POINT('Axis2P3D Location',(-1.8,-80.7,-2.05)) ;
#1605=CARTESIAN_POINT('Line Origine',(-1.8,-80.9,-2.05)) ;
#1609=CARTESIAN_POINT('Vertex',(-1.8,-80.9,-2.4)) ;
#1611=CARTESIAN_POINT('Vertex',(-1.8,-80.9,-1.7)) ;
#1614=CARTESIAN_POINT('Axis2P3D Location',(-1.8,-80.7,-2.4)) ;
#1619=CARTESIAN_POINT('Axis2P3D Location',(-1.8,-80.7,-1.7)) ;
#1631=CARTESIAN_POINT('Axis2P3D Location',(-2.,-80.9,-2.)) ;
#1636=CARTESIAN_POINT('Line Origine',(0.,-80.9,-1.7)) ;
#1640=CARTESIAN_POINT('Vertex',(1.8,-80.9,-1.7)) ;
#1643=CARTESIAN_POINT('Line Origine',(1.8,-80.9,-2.05)) ;
#1647=CARTESIAN_POINT('Vertex',(1.8,-80.9,-2.4)) ;
#1650=CARTESIAN_POINT('Line Origine',(0.,-80.9,-2.4)) ;
#1662=CARTESIAN_POINT('Axis2P3D Location',(1.8,-80.7,-2.05)) ;
#1667=CARTESIAN_POINT('Line Origine',(2.,-80.7,-2.05)) ;
#1671=CARTESIAN_POINT('Vertex',(2.,-80.7,-2.4)) ;
#1673=CARTESIAN_POINT('Vertex',(2.,-80.7,-1.7)) ;
#1676=CARTESIAN_POINT('Axis2P3D Location',(1.8,-80.7,-2.4)) ;
#1681=CARTESIAN_POINT('Axis2P3D Location',(1.8,-80.7,-1.7)) ;
#1693=CARTESIAN_POINT('Line Origine',(2.,-79.9,-1.7)) ;
#1697=CARTESIAN_POINT('Vertex',(2.,-79.1,-1.7)) ;
#1700=CARTESIAN_POINT('Line Origine',(2.,-79.1,-2.05)) ;
#1704=CARTESIAN_POINT('Vertex',(2.,-79.1,-2.4)) ;
#1707=CARTESIAN_POINT('Line Origine',(2.,-79.9,-2.4)) ;
#1719=CARTESIAN_POINT('Axis2P3D Location',(2.2,-79.1,-2.05)) ;
#1724=CARTESIAN_POINT('Axis2P3D Location',(2.2,-79.1,-2.4)) ;
#1728=CARTESIAN_POINT('Vertex',(2.2,-78.9,-2.4)) ;
#1731=CARTESIAN_POINT('Axis2P3D Location',(2.2,-79.1,-1.7)) ;
#1735=CARTESIAN_POINT('Vertex',(2.2,-78.9,-1.7)) ;
#1738=CARTESIAN_POINT('Line Origine',(2.2,-78.9,-2.05)) ;
#1750=CARTESIAN_POINT('Line Origine',(4.9,-78.9,-2.4)) ;
#1754=CARTESIAN_POINT('Vertex',(7.6,-78.9,-2.4)) ;
#1757=CARTESIAN_POINT('Line Origine',(4.9,-78.9,-1.7)) ;
#1761=CARTESIAN_POINT('Vertex',(7.6,-78.9,-1.7)) ;
#1764=CARTESIAN_POINT('Line Origine',(7.6,-78.9,-2.05)) ;
#1776=CARTESIAN_POINT('Axis2P3D Location',(7.6,-81.4,-2.05)) ;
#1781=CARTESIAN_POINT('Axis2P3D Location',(7.6,-81.4,-2.4)) ;
#1785=CARTESIAN_POINT('Vertex',(10.1,-81.4,-2.4)) ;
#1788=CARTESIAN_POINT('Axis2P3D Location',(7.6,-81.4,-1.7)) ;
#1792=CARTESIAN_POINT('Vertex',(10.1,-81.4,-1.7)) ;
#1795=CARTESIAN_POINT('Line Origine',(10.1,-81.4,-2.05)) ;
#1807=CARTESIAN_POINT('Line Origine',(10.1,-99.,-2.4)) ;
#1811=CARTESIAN_POINT('Vertex',(10.1,-116.6,-2.4)) ;
#1814=CARTESIAN_POINT('Line Origine',(10.1,-99.,-1.7)) ;
#1818=CARTESIAN_POINT('Vertex',(10.1,-116.6,-1.7)) ;
#1821=CARTESIAN_POINT('Line Origine',(10.1,-116.6,-2.05)) ;
#1833=CARTESIAN_POINT('Axis2P3D Location',(7.6,-116.6,-2.05)) ;
#1838=CARTESIAN_POINT('Axis2P3D Location',(7.6,-116.6,-2.4)) ;
#1842=CARTESIAN_POINT('Vertex',(7.6,-119.1,-2.4)) ;
#1845=CARTESIAN_POINT('Axis2P3D Location',(7.6,-116.6,-1.7)) ;
#1849=CARTESIAN_POINT('Vertex',(7.6,-119.1,-1.7)) ;
#1852=CARTESIAN_POINT('Line Origine',(7.6,-119.1,-2.05)) ;
#1864=CARTESIAN_POINT('Line Origine',(4.9,-119.1,-1.7)) ;
#1869=CARTESIAN_POINT('Line Origine',(4.9,-119.1,-2.4)) ;
#1908=CARTESIAN_POINT('Axis2P3D Location',(-11.1,120.1,-2.)) ;
#1913=CARTESIAN_POINT('Line Origine',(-11.1,116.6,-1.85)) ;
#1917=CARTESIAN_POINT('Vertex',(-11.1,116.6,-1.7)) ;
#1919=CARTESIAN_POINT('Vertex',(-11.1,116.6,-2.)) ;
#1922=CARTESIAN_POINT('Line Origine',(-11.1,99.,-1.7)) ;
#1926=CARTESIAN_POINT('Vertex',(-11.1,81.4,-1.7)) ;
#1929=CARTESIAN_POINT('Line Origine',(-11.1,81.4,-1.85)) ;
#1933=CARTESIAN_POINT('Vertex',(-11.1,81.4,-2.)) ;
#1936=CARTESIAN_POINT('Line Origine',(-11.1,99.,-2.)) ;
#1948=CARTESIAN_POINT('Axis2P3D Location',(-7.6,116.6,-1.85)) ;
#1953=CARTESIAN_POINT('Line Origine',(-7.6,120.1,-1.85)) ;
#1957=CARTESIAN_POINT('Vertex',(-7.6,120.1,-1.7)) ;
#1959=CARTESIAN_POINT('Vertex',(-7.6,120.1,-2.)) ;
#1962=CARTESIAN_POINT('Axis2P3D Location',(-7.6,116.6,-1.7)) ;
#1967=CARTESIAN_POINT('Axis2P3D Location',(-7.6,116.6,-2.)) ;
#1979=CARTESIAN_POINT('Axis2P3D Location',(-7.6,81.4,-1.85)) ;
#1984=CARTESIAN_POINT('Axis2P3D Location',(-7.6,81.4,-1.7)) ;
#1988=CARTESIAN_POINT('Vertex',(-7.6,77.9,-1.7)) ;
#1991=CARTESIAN_POINT('Line Origine',(-7.6,77.9,-1.85)) ;
#1995=CARTESIAN_POINT('Vertex',(-7.6,77.9,-2.)) ;
#1998=CARTESIAN_POINT('Axis2P3D Location',(-7.6,81.4,-2.)) ;
#2010=CARTESIAN_POINT('Axis2P3D Location',(-11.1,120.1,-2.)) ;
#2015=CARTESIAN_POINT('Line Origine',(8.881784197E-16,120.1,-2.)) ;
#2019=CARTESIAN_POINT('Vertex',(7.6,120.1,-2.)) ;
#2022=CARTESIAN_POINT('Line Origine',(7.6,120.1,-1.85)) ;
#2026=CARTESIAN_POINT('Vertex',(7.6,120.1,-1.7)) ;
#2029=CARTESIAN_POINT('Line Origine',(8.881784197E-16,120.1,-1.7)) ;
#2041=CARTESIAN_POINT('Axis2P3D Location',(7.6,116.6,-1.85)) ;
#2046=CARTESIAN_POINT('Line Origine',(11.1,116.6,-1.85)) ;
#2050=CARTESIAN_POINT('Vertex',(11.1,116.6,-1.7)) ;
#2052=CARTESIAN_POINT('Vertex',(11.1,116.6,-2.)) ;
#2055=CARTESIAN_POINT('Axis2P3D Location',(7.6,116.6,-1.7)) ;
#2060=CARTESIAN_POINT('Axis2P3D Location',(7.6,116.6,-2.)) ;
#2072=CARTESIAN_POINT('Axis2P3D Location',(11.1,77.9,-2.)) ;
#2077=CARTESIAN_POINT('Line Origine',(-2.6645352591E-15,77.9,-1.7)) ;
#2081=CARTESIAN_POINT('Vertex',(7.6,77.9,-1.7)) ;
#2084=CARTESIAN_POINT('Line Origine',(7.6,77.9,-1.85)) ;
#2088=CARTESIAN_POINT('Vertex',(7.6,77.9,-2.)) ;
#2091=CARTESIAN_POINT('Line Origine',(-2.6645352591E-15,77.9,-2.)) ;
#2103=CARTESIAN_POINT('Axis2P3D Location',(7.6,81.4,-1.85)) ;
#2108=CARTESIAN_POINT('Axis2P3D Location',(7.6,81.4,-1.7)) ;
#2112=CARTESIAN_POINT('Vertex',(11.1,81.4,-1.7)) ;
#2115=CARTESIAN_POINT('Line Origine',(11.1,81.4,-1.85)) ;
#2119=CARTESIAN_POINT('Vertex',(11.1,81.4,-2.)) ;
#2122=CARTESIAN_POINT('Axis2P3D Location',(7.6,81.4,-2.)) ;
#2134=CARTESIAN_POINT('Axis2P3D Location',(11.1,77.9,-2.)) ;
#2139=CARTESIAN_POINT('Line Origine',(11.1,99.,-1.7)) ;
#2144=CARTESIAN_POINT('Line Origine',(11.1,99.,-2.)) ;
#2156=CARTESIAN_POINT('Line Origine',(11.1,-116.6,-1.85)) ;
#2160=CARTESIAN_POINT('Vertex',(11.1,-116.6,-1.7)) ;
#2162=CARTESIAN_POINT('Vertex',(11.1,-116.6,-2.)) ;
#2165=CARTESIAN_POINT('Line Origine',(11.1,-99.,-1.7)) ;
#2169=CARTESIAN_POINT('Vertex',(11.1,-81.4,-1.7)) ;
#2172=CARTESIAN_POINT('Line Origine',(11.1,-81.4,-1.85)) ;
#2176=CARTESIAN_POINT('Vertex',(11.1,-81.4,-2.)) ;
#2179=CARTESIAN_POINT('Line Origine',(11.1,-99.,-2.)) ;
#2191=CARTESIAN_POINT('Axis2P3D Location',(7.6,-81.4,-1.85)) ;
#2196=CARTESIAN_POINT('Axis2P3D Location',(7.6,-81.4,-1.7)) ;
#2200=CARTESIAN_POINT('Vertex',(7.6,-77.9,-1.7)) ;
#2203=CARTESIAN_POINT('Line Origine',(7.6,-77.9,-1.85)) ;
#2207=CARTESIAN_POINT('Vertex',(7.6,-77.9,-2.)) ;
#2210=CARTESIAN_POINT('Axis2P3D Location',(7.6,-81.4,-2.)) ;
#2222=CARTESIAN_POINT('Axis2P3D Location',(7.6,-116.6,-1.85)) ;
#2227=CARTESIAN_POINT('Line Origine',(7.6,-120.1,-1.85)) ;
#2231=CARTESIAN_POINT('Vertex',(7.6,-120.1,-1.7)) ;
#2233=CARTESIAN_POINT('Vertex',(7.6,-120.1,-2.)) ;
#2236=CARTESIAN_POINT('Axis2P3D Location',(7.6,-116.6,-1.7)) ;
#2241=CARTESIAN_POINT('Axis2P3D Location',(7.6,-116.6,-2.)) ;
#2253=CARTESIAN_POINT('Axis2P3D Location',(11.1,-77.9,-2.)) ;
#2258=CARTESIAN_POINT('Line Origine',(-8.881784197E-16,-77.9,-1.7)) ;
#2262=CARTESIAN_POINT('Vertex',(-7.6,-77.9,-1.7)) ;
#2265=CARTESIAN_POINT('Line Origine',(-7.6,-77.9,-1.85)) ;
#2269=CARTESIAN_POINT('Vertex',(-7.6,-77.9,-2.)) ;
#2272=CARTESIAN_POINT('Line Origine',(-8.881784197E-16,-77.9,-2.)) ;
#2284=CARTESIAN_POINT('Axis2P3D Location',(-7.6,-81.4,-1.85)) ;
#2289=CARTESIAN_POINT('Axis2P3D Location',(-7.6,-81.4,-1.7)) ;
#2293=CARTESIAN_POINT('Vertex',(-11.1,-81.4,-1.7)) ;
#2296=CARTESIAN_POINT('Line Origine',(-11.1,-81.4,-1.85)) ;
#2300=CARTESIAN_POINT('Vertex',(-11.1,-81.4,-2.)) ;
#2303=CARTESIAN_POINT('Axis2P3D Location',(-7.6,-81.4,-2.)) ;
#2315=CARTESIAN_POINT('Axis2P3D Location',(-11.1,-120.1,-2.)) ;
#2320=CARTESIAN_POINT('Line Origine',(-7.6,-120.1,-1.85)) ;
#2324=CARTESIAN_POINT('Vertex',(-7.6,-120.1,-1.7)) ;
#2326=CARTESIAN_POINT('Vertex',(-7.6,-120.1,-2.)) ;
#2329=CARTESIAN_POINT('Line Origine',(8.881784197E-16,-120.1,-1.7)) ;
#2334=CARTESIAN_POINT('Line Origine',(8.881784197E-16,-120.1,-2.)) ;
#2346=CARTESIAN_POINT('Axis2P3D Location',(-7.6,-116.6,-1.85)) ;
#2351=CARTESIAN_POINT('Line Origine',(-11.1,-116.6,-1.85)) ;
#2355=CARTESIAN_POINT('Vertex',(-11.1,-116.6,-1.7)) ;
#2357=CARTESIAN_POINT('Vertex',(-11.1,-116.6,-2.)) ;
#2360=CARTESIAN_POINT('Axis2P3D Location',(-7.6,-116.6,-1.7)) ;
#2365=CARTESIAN_POINT('Axis2P3D Location',(-7.6,-116.6,-2.)) ;
#2377=CARTESIAN_POINT('Line Origine',(-11.1,-99.,-2.)) ;
#2382=CARTESIAN_POINT('Line Origine',(-11.1,-99.,-1.7)) ;
#2394=CARTESIAN_POINT('Axis2P3D Location',(-8.,-15.,0.)) ;
#2399=CARTESIAN_POINT('Line Origine',(-8.,15.,-0.85)) ;
#2403=CARTESIAN_POINT('Vertex',(-8.,15.,-1.6)) ;
#2405=CARTESIAN_POINT('Vertex',(-8.,15.,-0.1)) ;
#2408=CARTESIAN_POINT('Line Origine',(-8.,0.,-0.1)) ;
#2412=CARTESIAN_POINT('Vertex',(-8.,-15.,-0.1)) ;
#2415=CARTESIAN_POINT('Line Origine',(-8.,-15.,-0.85)) ;
#2419=CARTESIAN_POINT('Vertex',(-8.,-15.,-1.6)) ;
#2422=CARTESIAN_POINT('Line Origine',(-8.,0.,-1.6)) ;
#2434=CARTESIAN_POINT('Axis2P3D Location',(0.,-15.,0.)) ;
#2439=CARTESIAN_POINT('Axis2P3D Location',(0.,-15.,-1.6)) ;
#2443=CARTESIAN_POINT('Vertex',(8.,-15.,-1.6)) ;
#2446=CARTESIAN_POINT('Axis2P3D Location',(0.,-15.,-0.1)) ;
#2450=CARTESIAN_POINT('Vertex',(8.,-15.,-0.1)) ;
#2453=CARTESIAN_POINT('Line Origine',(8.,-15.,0.)) ;
#2465=CARTESIAN_POINT('Axis2P3D Location',(8.,15.,0.)) ;
#2470=CARTESIAN_POINT('Line Origine',(8.,0.,-0.1)) ;
#2474=CARTESIAN_POINT('Vertex',(8.,15.,-0.1)) ;
#2477=CARTESIAN_POINT('Line Origine',(8.,15.,-0.85)) ;
#2481=CARTESIAN_POINT('Vertex',(8.,15.,-1.6)) ;
#2484=CARTESIAN_POINT('Line Origine',(8.,0.,-1.6)) ;
#2496=CARTESIAN_POINT('Axis2P3D Location',(0.,15.,0.)) ;
#2501=CARTESIAN_POINT('Axis2P3D Location',(0.,15.,-1.6)) ;
#2506=CARTESIAN_POINT('Axis2P3D Location',(0.,15.,-0.1)) ;
#2518=CARTESIAN_POINT('Axis2P3D Location',(-10.,-15.,0.)) ;
#2523=CARTESIAN_POINT('Line Origine',(-10.,15.,-0.05)) ;
#2527=CARTESIAN_POINT('Vertex',(-10.,15.,6.93889390391E-18)) ;
#2529=CARTESIAN_POINT('Vertex',(-10.,15.,-0.1)) ;
#2532=CARTESIAN_POINT('Line Origine',(-10.,1.7763568394E-15,0.)) ;
#2536=CARTESIAN_POINT('Vertex',(-10.,-15.,6.93889390391E-18)) ;
#2539=CARTESIAN_POINT('Line Origine',(-10.,-15.,-0.05)) ;
#2543=CARTESIAN_POINT('Vertex',(-10.,-15.,-0.1)) ;
#2546=CARTESIAN_POINT('Line Origine',(-10.,1.7763568394E-15,-0.1)) ;
#2558=CARTESIAN_POINT('Axis2P3D Location',(0.,15.,-0.05)) ;
#2563=CARTESIAN_POINT('Line Origine',(10.,15.,-0.05)) ;
#2567=CARTESIAN_POINT('Vertex',(10.,15.,0.)) ;
#2569=CARTESIAN_POINT('Vertex',(10.,15.,-0.1)) ;
#2572=CARTESIAN_POINT('Axis2P3D Location',(0.,15.,0.)) ;
#2577=CARTESIAN_POINT('Axis2P3D Location',(0.,15.,-0.1)) ;
#2589=CARTESIAN_POINT('Axis2P3D Location',(10.,15.,0.)) ;
#2594=CARTESIAN_POINT('Line Origine',(10.,-15.,-0.05)) ;
#2598=CARTESIAN_POINT('Vertex',(10.,-15.,6.93889390391E-18)) ;
#2600=CARTESIAN_POINT('Vertex',(10.,-15.,-0.1)) ;
#2603=CARTESIAN_POINT('Line Origine',(10.,0.,0.)) ;
#2608=CARTESIAN_POINT('Line Origine',(10.,0.,-0.1)) ;
#2620=CARTESIAN_POINT('Axis2P3D Location',(0.,-15.,-0.05)) ;
#2625=CARTESIAN_POINT('Axis2P3D Location',(0.,-15.,0.)) ;
#2630=CARTESIAN_POINT('Axis2P3D Location',(0.,-15.,-0.1)) ;
#2642=CARTESIAN_POINT('Axis2P3D Location',(0.,0.,-0.1)) ;
#2660=CARTESIAN_POINT('Axis2P3D Location',(0.,15.,-1.8)) ;
#2665=CARTESIAN_POINT('Line Origine',(-10.,15.,-1.8)) ;
#2669=CARTESIAN_POINT('Vertex',(-10.,15.,-2.)) ;
#2671=CARTESIAN_POINT('Vertex',(-10.,15.,-1.6)) ;
#2674=CARTESIAN_POINT('Axis2P3D Location',(0.,15.,-2.)) ;
#2678=CARTESIAN_POINT('Vertex',(10.,15.,-2.)) ;
#2681=CARTESIAN_POINT('Line Origine',(10.,15.,-1.8)) ;
#2685=CARTESIAN_POINT('Vertex',(10.,15.,-1.6)) ;
#2688=CARTESIAN_POINT('Axis2P3D Location',(0.,15.,-1.6)) ;
#2700=CARTESIAN_POINT('Line Origine',(10.,0.,-2.)) ;
#2704=CARTESIAN_POINT('Vertex',(10.,-15.,-2.)) ;
#2707=CARTESIAN_POINT('Line Origine',(10.,-15.,-1.8)) ;
#2711=CARTESIAN_POINT('Vertex',(10.,-15.,-1.6)) ;
#2714=CARTESIAN_POINT('Line Origine',(10.,0.,-1.6)) ;
#2726=CARTESIAN_POINT('Axis2P3D Location',(0.,-15.,-1.8)) ;
#2731=CARTESIAN_POINT('Axis2P3D Location',(0.,-15.,-2.)) ;
#2735=CARTESIAN_POINT('Vertex',(-10.,-15.,-2.)) ;
#2738=CARTESIAN_POINT('Line Origine',(-10.,-15.,-1.8)) ;
#2742=CARTESIAN_POINT('Vertex',(-10.,-15.,-1.6)) ;
#2745=CARTESIAN_POINT('Axis2P3D Location',(0.,-15.,-1.6)) ;
#2757=CARTESIAN_POINT('Line Origine',(-10.,-5.3290705182E-15,-2.)) ;
#2762=CARTESIAN_POINT('Line Origine',(-10.,-5.3290705182E-15,-1.6)) ;
#2774=CARTESIAN_POINT('Axis2P3D Location',(0.,0.,-1.6)) ;
#2792=CARTESIAN_POINT('Axis2P3D Location',(0.,0.,-1.7)) ;
#2871=CARTESIAN_POINT('Axis2P3D Location',(0.,0.,0.)) ;
#2876=CARTESIAN_POINT('Line Origine',(-13.64,1.42108547152E-14,0.)) ;
#2880=CARTESIAN_POINT('Vertex',(-13.64,121.18,0.)) ;
#2882=CARTESIAN_POINT('Vertex',(-13.64,-121.18,0.)) ;
#2885=CARTESIAN_POINT('Axis2P3D Location',(-10.79,-121.18,0.)) ;
#2889=CARTESIAN_POINT('Vertex',(-10.79,-124.03,0.)) ;
#2892=CARTESIAN_POINT('Line Origine',(0.,-124.03,0.)) ;
#2896=CARTESIAN_POINT('Vertex',(10.79,-124.03,0.)) ;
#2899=CARTESIAN_POINT('Axis2P3D Location',(10.79,-121.18,0.)) ;
#2903=CARTESIAN_POINT('Vertex',(13.64,-121.18,0.)) ;
#2906=CARTESIAN_POINT('Line Origine',(13.64,0.,0.)) ;
#2910=CARTESIAN_POINT('Vertex',(13.64,121.18,0.)) ;
#2913=CARTESIAN_POINT('Axis2P3D Location',(10.79,121.18,0.)) ;
#2917=CARTESIAN_POINT('Vertex',(10.79,124.03,0.)) ;
#2920=CARTESIAN_POINT('Line Origine',(3.5527136788E-15,124.03,0.)) ;
#2924=CARTESIAN_POINT('Vertex',(-10.79,124.03,0.)) ;
#2927=CARTESIAN_POINT('Axis2P3D Location',(-10.79,121.18,0.)) ;
#2949=CARTESIAN_POINT('Axis2P3D Location',(0.,0.,-2.)) ;
#2954=CARTESIAN_POINT('Axis2P3D Location',(-10.79,-121.18,-2.)) ;
#2958=CARTESIAN_POINT('Vertex',(-13.34,-121.18,-2.)) ;
#2960=CARTESIAN_POINT('Vertex',(-10.79,-123.73,-2.)) ;
#2963=CARTESIAN_POINT('Line Origine',(-13.34,0.,-2.)) ;
#2967=CARTESIAN_POINT('Vertex',(-13.34,121.18,-2.)) ;
#2970=CARTESIAN_POINT('Axis2P3D Location',(-10.79,121.18,-2.)) ;
#2974=CARTESIAN_POINT('Vertex',(-10.79,123.73,-2.)) ;
#2977=CARTESIAN_POINT('Line Origine',(-1.7763568394E-15,123.73,-2.)) ;
#2981=CARTESIAN_POINT('Vertex',(10.79,123.73,-2.)) ;
#2984=CARTESIAN_POINT('Axis2P3D Location',(10.79,121.18,-2.)) ;
#2988=CARTESIAN_POINT('Vertex',(13.34,121.18,-2.)) ;
#2991=CARTESIAN_POINT('Line Origine',(13.34,0.,-2.)) ;
#2995=CARTESIAN_POINT('Vertex',(13.34,-121.18,-2.)) ;
#2998=CARTESIAN_POINT('Axis2P3D Location',(10.79,-121.18,-2.)) ;
#3002=CARTESIAN_POINT('Vertex',(10.79,-123.73,-2.)) ;
#3005=CARTESIAN_POINT('Line Origine',(0.,-123.73,-2.)) ;
#3051=CARTESIAN_POINT('Axis2P3D Location',(-13.64,-124.03,0.)) ;
#3056=CARTESIAN_POINT('Line Origine',(-13.64,-121.18,-0.85)) ;
#3060=CARTESIAN_POINT('Vertex',(-13.64,-121.18,-1.7)) ;
#3063=CARTESIAN_POINT('Line Origine',(-13.64,121.18,-0.85)) ;
#3067=CARTESIAN_POINT('Vertex',(-13.64,121.18,-1.7)) ;
#3070=CARTESIAN_POINT('Line Origine',(-13.64,0.,-1.7)) ;
#3082=CARTESIAN_POINT('Axis2P3D Location',(-10.79,121.18,-1.)) ;
#3087=CARTESIAN_POINT('Line Origine',(-10.79,124.03,-1.)) ;
#3091=CARTESIAN_POINT('Vertex',(-10.79,124.03,-1.7)) ;
#3094=CARTESIAN_POINT('Axis2P3D Location',(-10.79,121.18,-1.7)) ;
#3106=CARTESIAN_POINT('Axis2P3D Location',(-10.79,-121.18,-1.)) ;
#3111=CARTESIAN_POINT('Line Origine',(-10.79,-124.03,-1.)) ;
#3115=CARTESIAN_POINT('Vertex',(-10.79,-124.03,-1.7)) ;
#3118=CARTESIAN_POINT('Axis2P3D Location',(-10.79,-121.18,-1.7)) ;
#3130=CARTESIAN_POINT('Axis2P3D Location',(13.64,124.03,0.)) ;
#3135=CARTESIAN_POINT('Line Origine',(0.,124.03,-1.7)) ;
#3139=CARTESIAN_POINT('Vertex',(10.79,124.03,-1.7)) ;
#3142=CARTESIAN_POINT('Line Origine',(10.79,124.03,-0.85)) ;
#3154=CARTESIAN_POINT('Axis2P3D Location',(10.79,121.18,-1.)) ;
#3159=CARTESIAN_POINT('Line Origine',(13.64,121.18,-1.)) ;
#3163=CARTESIAN_POINT('Vertex',(13.64,121.18,-1.7)) ;
#3166=CARTESIAN_POINT('Axis2P3D Location',(10.79,121.18,-1.7)) ;
#3178=CARTESIAN_POINT('Axis2P3D Location',(13.64,124.03,0.)) ;
#3183=CARTESIAN_POINT('Line Origine',(13.64,-121.18,-0.85)) ;
#3187=CARTESIAN_POINT('Vertex',(13.64,-121.18,-1.7)) ;
#3190=CARTESIAN_POINT('Line Origine',(13.64,0.,-1.7)) ;
#3202=CARTESIAN_POINT('Axis2P3D Location',(10.79,-121.18,-1.)) ;
#3207=CARTESIAN_POINT('Line Origine',(10.79,-124.03,-1.)) ;
#3211=CARTESIAN_POINT('Vertex',(10.79,-124.03,-1.7)) ;
#3214=CARTESIAN_POINT('Axis2P3D Location',(10.79,-121.18,-1.7)) ;
#3226=CARTESIAN_POINT('Axis2P3D Location',(-13.64,-124.03,0.)) ;
#3231=CARTESIAN_POINT('Line Origine',(0.,-124.03,-1.7)) ;
#3243=CARTESIAN_POINT('Axis2P3D Location',(0.,-123.73,-2.)) ;
#3248=CARTESIAN_POINT('Line Origine',(-10.79,-123.88,-1.85)) ;
#3253=CARTESIAN_POINT('Line Origine',(10.79,-123.88,-1.85)) ;
#3265=CARTESIAN_POINT('Axis2P3D Location',(10.79,-121.18,-4.55)) ;
#3270=CARTESIAN_POINT('Line Origine',(13.49,-121.18,-1.85)) ;
#3282=CARTESIAN_POINT('Axis2P3D Location',(13.34,0.,-2.)) ;
#3287=CARTESIAN_POINT('Line Origine',(13.49,121.18,-1.85)) ;
#3299=CARTESIAN_POINT('Axis2P3D Location',(10.79,121.18,-4.55)) ;
#3304=CARTESIAN_POINT('Line Origine',(10.79,123.88,-1.85)) ;
#3316=CARTESIAN_POINT('Axis2P3D Location',(0.,123.73,-2.)) ;
#3321=CARTESIAN_POINT('Line Origine',(-10.79,123.88,-1.85)) ;
#3333=CARTESIAN_POINT('Axis2P3D Location',(-10.79,121.18,-4.55)) ;
#3338=CARTESIAN_POINT('Line Origine',(-13.49,121.18,-1.85)) ;
#3350=CARTESIAN_POINT('Axis2P3D Location',(-13.34,0.,-2.)) ;
#3355=CARTESIAN_POINT('Line Origine',(-13.49,-121.18,-1.85)) ;
#3367=CARTESIAN_POINT('Axis2P3D Location',(-10.79,-121.18,-4.55)) ;
#340=SURFACE_STYLE_USAGE(.POSITIVE.,#339) ;
#339=SURFACE_SIDE_STYLE(' ',(#338)) ;
#338=SURFACE_STYLE_FILL_AREA(#337) ;
#117=COMPOSITE_CURVE('Terminal_Pocket_1',(#28,#36,#44,#52,#60,#68,#76,#84,#92,#100,#108,#116),.U.) ;
#222=COMPOSITE_CURVE('Terminal_Pocket_1',(#133,#141,#149,#157,#165,#173,#181,#189,#197,#205,#213,#221),.U.) ;
#242=COMPOSITE_CURVE('Anode_Terminal_Hole',(#233,#241),.U.) ;
#294=COMPOSITE_CURVE('Seling_Plate_Hole_Sketch',(#253,#261,#269,#277,#285,#293),.U.) ;
#306=COMPOSITE_CURVE('+-_Symbol',(#305),.U.) ;
#318=COMPOSITE_CURVE('+-_Symbol',(#317),.U.) ;
#330=COMPOSITE_CURVE('+-_Symbol',(#329),.U.) ;
#28=COMPOSITE_CURVE_SEGMENT(.CONTINUOUS.,.T.,#27) ;
#36=COMPOSITE_CURVE_SEGMENT(.CONTINUOUS.,.T.,#35) ;
#44=COMPOSITE_CURVE_SEGMENT(.CONTINUOUS.,.T.,#43) ;
#52=COMPOSITE_CURVE_SEGMENT(.CONTINUOUS.,.T.,#51) ;
#60=COMPOSITE_CURVE_SEGMENT(.CONTINUOUS.,.T.,#59) ;
#68=COMPOSITE_CURVE_SEGMENT(.CONTINUOUS.,.T.,#67) ;
#76=COMPOSITE_CURVE_SEGMENT(.CONTINUOUS.,.T.,#75) ;
#84=COMPOSITE_CURVE_SEGMENT(.CONTINUOUS.,.T.,#83) ;
#92=COMPOSITE_CURVE_SEGMENT(.CONTINUOUS.,.T.,#91) ;
#100=COMPOSITE_CURVE_SEGMENT(.CONTINUOUS.,.T.,#99) ;
#108=COMPOSITE_CURVE_SEGMENT(.CONTINUOUS.,.T.,#107) ;
#116=COMPOSITE_CURVE_SEGMENT(.DISCONTINUOUS.,.T.,#115) ;
#133=COMPOSITE_CURVE_SEGMENT(.CONTINUOUS.,.T.,#132) ;
#141=COMPOSITE_CURVE_SEGMENT(.CONTINUOUS.,.T.,#140) ;
#149=COMPOSITE_CURVE_SEGMENT(.CONTINUOUS.,.T.,#148) ;
#157=COMPOSITE_CURVE_SEGMENT(.CONTINUOUS.,.T.,#156) ;
#165=COMPOSITE_CURVE_SEGMENT(.CONTINUOUS.,.T.,#164) ;
#173=COMPOSITE_CURVE_SEGMENT(.CONTINUOUS.,.T.,#172) ;
#181=COMPOSITE_CURVE_SEGMENT(.CONTINUOUS.,.T.,#180) ;
#189=COMPOSITE_CURVE_SEGMENT(.CONTINUOUS.,.T.,#188) ;
#197=COMPOSITE_CURVE_SEGMENT(.CONTINUOUS.,.T.,#196) ;
#205=COMPOSITE_CURVE_SEGMENT(.CONTINUOUS.,.T.,#204) ;
#213=COMPOSITE_CURVE_SEGMENT(.CONTINUOUS.,.T.,#212) ;
#221=COMPOSITE_CURVE_SEGMENT(.DISCONTINUOUS.,.T.,#220) ;
#233=COMPOSITE_CURVE_SEGMENT(.CONTINUOUS.,.T.,#232) ;
#241=COMPOSITE_CURVE_SEGMENT(.DISCONTINUOUS.,.T.,#240) ;
#253=COMPOSITE_CURVE_SEGMENT(.CONTINUOUS.,.T.,#252) ;
#261=COMPOSITE_CURVE_SEGMENT(.CONTINUOUS.,.T.,#260) ;
#269=COMPOSITE_CURVE_SEGMENT(.CONTINUOUS.,.T.,#268) ;
#277=COMPOSITE_CURVE_SEGMENT(.CONTINUOUS.,.T.,#276) ;
#285=COMPOSITE_CURVE_SEGMENT(.CONTINUOUS.,.T.,#284) ;
#293=COMPOSITE_CURVE_SEGMENT(.DISCONTINUOUS.,.T.,#292) ;
#305=COMPOSITE_CURVE_SEGMENT(.DISCONTINUOUS.,.T.,#304) ;
#317=COMPOSITE_CURVE_SEGMENT(.DISCONTINUOUS.,.T.,#316) ;
#329=COMPOSITE_CURVE_SEGMENT(.DISCONTINUOUS.,.T.,#328) ;
#27=TRIMMED_CURVE('',#24,(#25),(#26),.T.,.CARTESIAN.) ;
#35=TRIMMED_CURVE('',#32,(#33),(#34),.T.,.CARTESIAN.) ;
#43=TRIMMED_CURVE('',#40,(#41),(#42),.T.,.CARTESIAN.) ;
#51=TRIMMED_CURVE('',#48,(#49),(#50),.T.,.CARTESIAN.) ;
#59=TRIMMED_CURVE('',#56,(#57),(#58),.T.,.CARTESIAN.) ;
#67=TRIMMED_CURVE('',#64,(#65),(#66),.F.,.CARTESIAN.) ;
#75=TRIMMED_CURVE('',#72,(#73),(#74),.T.,.CARTESIAN.) ;
#83=TRIMMED_CURVE('',#80,(#81),(#82),.F.,.CARTESIAN.) ;
#91=TRIMMED_CURVE('',#88,(#89),(#90),.F.,.CARTESIAN.) ;
#99=TRIMMED_CURVE('',#96,(#97),(#98),.F.,.CARTESIAN.) ;
#107=TRIMMED_CURVE('',#104,(#105),(#106),.T.,.CARTESIAN.) ;
#115=TRIMMED_CURVE('',#112,(#113),(#114),.F.,.CARTESIAN.) ;
#132=TRIMMED_CURVE('',#129,(#130),(#131),.F.,.CARTESIAN.) ;
#140=TRIMMED_CURVE('',#137,(#138),(#139),.T.,.CARTESIAN.) ;
#148=TRIMMED_CURVE('',#145,(#146),(#147),.F.,.CARTESIAN.) ;
#156=TRIMMED_CURVE('',#153,(#154),(#155),.T.,.CARTESIAN.) ;
#164=TRIMMED_CURVE('',#161,(#162),(#163),.F.,.CARTESIAN.) ;
#172=TRIMMED_CURVE('',#169,(#170),(#171),.T.,.CARTESIAN.) ;
#180=TRIMMED_CURVE('',#177,(#178),(#179),.F.,.CARTESIAN.) ;
#188=TRIMMED_CURVE('',#185,(#186),(#187),.T.,.CARTESIAN.) ;
#196=TRIMMED_CURVE('',#193,(#194),(#195),.F.,.CARTESIAN.) ;
#204=TRIMMED_CURVE('',#201,(#202),(#203),.T.,.CARTESIAN.) ;
#212=TRIMMED_CURVE('',#209,(#210),(#211),.T.,.CARTESIAN.) ;
#220=TRIMMED_CURVE('',#217,(#218),(#219),.T.,.CARTESIAN.) ;
#232=TRIMMED_CURVE('',#229,(#230),(#231),.T.,.CARTESIAN.) ;
#240=TRIMMED_CURVE('',#237,(#238),(#239),.T.,.CARTESIAN.) ;
#252=TRIMMED_CURVE('',#249,(#250),(#251),.T.,.CARTESIAN.) ;
#260=TRIMMED_CURVE('',#257,(#258),(#259),.F.,.CARTESIAN.) ;
#268=TRIMMED_CURVE('',#265,(#266),(#267),.T.,.CARTESIAN.) ;
#276=TRIMMED_CURVE('',#273,(#274),(#275),.F.,.CARTESIAN.) ;
#284=TRIMMED_CURVE('',#281,(#282),(#283),.F.,.CARTESIAN.) ;
#292=TRIMMED_CURVE('',#289,(#290),(#291),.T.,.CARTESIAN.) ;
#304=TRIMMED_CURVE('',#301,(#302),(#303),.T.,.CARTESIAN.) ;
#316=TRIMMED_CURVE('',#313,(#314),(#315),.T.,.CARTESIAN.) ;
#328=TRIMMED_CURVE('',#325,(#326),(#327),.T.,.CARTESIAN.) ;
#125=SHAPE_REPRESENTATION_RELATIONSHIP(' ',' ',#19,#123) ;
#3380=SHAPE_REPRESENTATION_RELATIONSHIP(' ',' ',#19,#3379) ;
#18=AXIS2_PLACEMENT_3D(' ',#17,$,$) ;
#228=AXIS2_PLACEMENT_3D('Circle Axis2P3D',#226,#227,$) ;
#236=AXIS2_PLACEMENT_3D('Circle Axis2P3D',#234,#235,$) ;
#347=AXIS2_PLACEMENT_3D('Cone Axis2P3D',#344,#345,#346) ;
#351=AXIS2_PLACEMENT_3D('Circle Axis2P3D',#349,#350,$) ;
#367=AXIS2_PLACEMENT_3D('Circle Axis2P3D',#365,#366,$) ;
#386=AXIS2_PLACEMENT_3D('Circle Axis2P3D',#384,#385,$) ;
#391=AXIS2_PLACEMENT_3D('Circle Axis2P3D',#389,#390,$) ;
#404=AXIS2_PLACEMENT_3D('Plane Axis2P3D',#401,#402,#403) ;
#414=AXIS2_PLACEMENT_3D('Plane Axis2P3D',#411,#412,#413) ;
#454=AXIS2_PLACEMENT_3D('Cylinder Axis2P3D',#451,#452,#453) ;
#458=AXIS2_PLACEMENT_3D('Circle Axis2P3D',#456,#457,$) ;
#465=AXIS2_PLACEMENT_3D('Circle Axis2P3D',#463,#464,$) ;
#485=AXIS2_PLACEMENT_3D('Cylinder Axis2P3D',#482,#483,#484) ;
#489=AXIS2_PLACEMENT_3D('Circle Axis2P3D',#487,#488,$) ;
#503=AXIS2_PLACEMENT_3D('Circle Axis2P3D',#501,#502,$) ;
#516=AXIS2_PLACEMENT_3D('Plane Axis2P3D',#513,#514,#515) ;
#547=AXIS2_PLACEMENT_3D('Cylinder Axis2P3D',#544,#545,#546) ;
#551=AXIS2_PLACEMENT_3D('Circle Axis2P3D',#549,#550,$) ;
#558=AXIS2_PLACEMENT_3D('Circle Axis2P3D',#556,#557,$) ;
#578=AXIS2_PLACEMENT_3D('Plane Axis2P3D',#575,#576,#577) ;
#609=AXIS2_PLACEMENT_3D('Cylinder Axis2P3D',#606,#607,#608) ;
#622=AXIS2_PLACEMENT_3D('Circle Axis2P3D',#620,#621,$) ;
#627=AXIS2_PLACEMENT_3D('Circle Axis2P3D',#625,#626,$) ;
#640=AXIS2_PLACEMENT_3D('Plane Axis2P3D',#637,#638,#639) ;
#671=AXIS2_PLACEMENT_3D('Cylinder Axis2P3D',#668,#669,#670) ;
#684=AXIS2_PLACEMENT_3D('Circle Axis2P3D',#682,#683,$) ;
#689=AXIS2_PLACEMENT_3D('Circle Axis2P3D',#687,#688,$) ;
#702=AXIS2_PLACEMENT_3D('Plane Axis2P3D',#699,#700,#701) ;
#733=AXIS2_PLACEMENT_3D('Cylinder Axis2P3D',#730,#731,#732) ;
#737=AXIS2_PLACEMENT_3D('Circle Axis2P3D',#735,#736,$) ;
#744=AXIS2_PLACEMENT_3D('Circle Axis2P3D',#742,#743,$) ;
#790=AXIS2_PLACEMENT_3D('Cylinder Axis2P3D',#787,#788,#789) ;
#794=AXIS2_PLACEMENT_3D('Circle Axis2P3D',#792,#793,$) ;
#801=AXIS2_PLACEMENT_3D('Circle Axis2P3D',#799,#800,$) ;
#821=AXIS2_PLACEMENT_3D('Plane Axis2P3D',#818,#819,#820) ;
#852=AXIS2_PLACEMENT_3D('Cylinder Axis2P3D',#849,#850,#851) ;
#856=AXIS2_PLACEMENT_3D('Circle Axis2P3D',#854,#855,$) ;
#863=AXIS2_PLACEMENT_3D('Circle Axis2P3D',#861,#862,$) ;
#883=AXIS2_PLACEMENT_3D('Plane Axis2P3D',#880,#881,#882) ;
#914=AXIS2_PLACEMENT_3D('Cylinder Axis2P3D',#911,#912,#913) ;
#918=AXIS2_PLACEMENT_3D('Circle Axis2P3D',#916,#917,$) ;
#925=AXIS2_PLACEMENT_3D('Circle Axis2P3D',#923,#924,$) ;
#971=AXIS2_PLACEMENT_3D('Cylinder Axis2P3D',#968,#969,#970) ;
#984=AXIS2_PLACEMENT_3D('Circle Axis2P3D',#982,#983,$) ;
#989=AXIS2_PLACEMENT_3D('Circle Axis2P3D',#987,#988,$) ;
#1002=AXIS2_PLACEMENT_3D('Plane Axis2P3D',#999,#1000,#1001) ;
#1033=AXIS2_PLACEMENT_3D('Cylinder Axis2P3D',#1030,#1031,#1032) ;
#1046=AXIS2_PLACEMENT_3D('Circle Axis2P3D',#1044,#1045,$) ;
#1051=AXIS2_PLACEMENT_3D('Circle Axis2P3D',#1049,#1050,$) ;
#1090=AXIS2_PLACEMENT_3D('Cylinder Axis2P3D',#1087,#1088,#1089) ;
#1094=AXIS2_PLACEMENT_3D('Circle Axis2P3D',#1092,#1093,$) ;
#1101=AXIS2_PLACEMENT_3D('Circle Axis2P3D',#1099,#1100,$) ;
#1138=AXIS2_PLACEMENT_3D('Plane Axis2P3D',#1135,#1136,#1137) ;
#1170=AXIS2_PLACEMENT_3D('Plane Axis2P3D',#1167,#1168,#1169) ;
#1210=AXIS2_PLACEMENT_3D('Cylinder Axis2P3D',#1207,#1208,#1209) ;
#1223=AXIS2_PLACEMENT_3D('Circle Axis2P3D',#1221,#1222,$) ;
#1228=AXIS2_PLACEMENT_3D('Circle Axis2P3D',#1226,#1227,$) ;
#1241=AXIS2_PLACEMENT_3D('Cylinder Axis2P3D',#1238,#1239,#1240) ;
#1245=AXIS2_PLACEMENT_3D('Circle Axis2P3D',#1243,#1244,$) ;
#1259=AXIS2_PLACEMENT_3D('Circle Axis2P3D',#1257,#1258,$) ;
#1272=AXIS2_PLACEMENT_3D('Plane Axis2P3D',#1269,#1270,#1271) ;
#1303=AXIS2_PLACEMENT_3D('Cylinder Axis2P3D',#1300,#1301,#1302) ;
#1316=AXIS2_PLACEMENT_3D('Circle Axis2P3D',#1314,#1315,$) ;
#1321=AXIS2_PLACEMENT_3D('Circle Axis2P3D',#1319,#1320,$) ;
#1334=AXIS2_PLACEMENT_3D('Plane Axis2P3D',#1331,#1332,#1333) ;
#1365=AXIS2_PLACEMENT_3D('Cylinder Axis2P3D',#1362,#1363,#1364) ;
#1369=AXIS2_PLACEMENT_3D('Circle Axis2P3D',#1367,#1368,$) ;
#1376=AXIS2_PLACEMENT_3D('Circle Axis2P3D',#1374,#1375,$) ;
#1396=AXIS2_PLACEMENT_3D('Plane Axis2P3D',#1393,#1394,#1395) ;
#1427=AXIS2_PLACEMENT_3D('Cylinder Axis2P3D',#1424,#1425,#1426) ;
#1431=AXIS2_PLACEMENT_3D('Circle Axis2P3D',#1429,#1430,$) ;
#1438=AXIS2_PLACEMENT_3D('Circle Axis2P3D',#1436,#1437,$) ;
#1484=AXIS2_PLACEMENT_3D('Cylinder Axis2P3D',#1481,#1482,#1483) ;
#1488=AXIS2_PLACEMENT_3D('Circle Axis2P3D',#1486,#1487,$) ;
#1495=AXIS2_PLACEMENT_3D('Circle Axis2P3D',#1493,#1494,$) ;
#1515=AXIS2_PLACEMENT_3D('Plane Axis2P3D',#1512,#1513,#1514) ;
#1546=AXIS2_PLACEMENT_3D('Cylinder Axis2P3D',#1543,#1544,#1545) ;
#1550=AXIS2_PLACEMENT_3D('Circle Axis2P3D',#1548,#1549,$) ;
#1557=AXIS2_PLACEMENT_3D('Circle Axis2P3D',#1555,#1556,$) ;
#1603=AXIS2_PLACEMENT_3D('Cylinder Axis2P3D',#1600,#1601,#1602) ;
#1616=AXIS2_PLACEMENT_3D('Circle Axis2P3D',#1614,#1615,$) ;
#1621=AXIS2_PLACEMENT_3D('Circle Axis2P3D',#1619,#1620,$) ;
#1634=AXIS2_PLACEMENT_3D('Plane Axis2P3D',#1631,#1632,#1633) ;
#1665=AXIS2_PLACEMENT_3D('Cylinder Axis2P3D',#1662,#1663,#1664) ;
#1678=AXIS2_PLACEMENT_3D('Circle Axis2P3D',#1676,#1677,$) ;
#1683=AXIS2_PLACEMENT_3D('Circle Axis2P3D',#1681,#1682,$) ;
#1722=AXIS2_PLACEMENT_3D('Cylinder Axis2P3D',#1719,#1720,#1721) ;
#1726=AXIS2_PLACEMENT_3D('Circle Axis2P3D',#1724,#1725,$) ;
#1733=AXIS2_PLACEMENT_3D('Circle Axis2P3D',#1731,#1732,$) ;
#1779=AXIS2_PLACEMENT_3D('Cylinder Axis2P3D',#1776,#1777,#1778) ;
#1783=AXIS2_PLACEMENT_3D('Circle Axis2P3D',#1781,#1782,$) ;
#1790=AXIS2_PLACEMENT_3D('Circle Axis2P3D',#1788,#1789,$) ;
#1836=AXIS2_PLACEMENT_3D('Cylinder Axis2P3D',#1833,#1834,#1835) ;
#1840=AXIS2_PLACEMENT_3D('Circle Axis2P3D',#1838,#1839,$) ;
#1847=AXIS2_PLACEMENT_3D('Circle Axis2P3D',#1845,#1846,$) ;
#1911=AXIS2_PLACEMENT_3D('Plane Axis2P3D',#1908,#1909,#1910) ;
#1951=AXIS2_PLACEMENT_3D('Cylinder Axis2P3D',#1948,#1949,#1950) ;
#1964=AXIS2_PLACEMENT_3D('Circle Axis2P3D',#1962,#1963,$) ;
#1969=AXIS2_PLACEMENT_3D('Circle Axis2P3D',#1967,#1968,$) ;
#1982=AXIS2_PLACEMENT_3D('Cylinder Axis2P3D',#1979,#1980,#1981) ;
#1986=AXIS2_PLACEMENT_3D('Circle Axis2P3D',#1984,#1985,$) ;
#2000=AXIS2_PLACEMENT_3D('Circle Axis2P3D',#1998,#1999,$) ;
#2013=AXIS2_PLACEMENT_3D('Plane Axis2P3D',#2010,#2011,#2012) ;
#2044=AXIS2_PLACEMENT_3D('Cylinder Axis2P3D',#2041,#2042,#2043) ;
#2057=AXIS2_PLACEMENT_3D('Circle Axis2P3D',#2055,#2056,$) ;
#2062=AXIS2_PLACEMENT_3D('Circle Axis2P3D',#2060,#2061,$) ;
#2075=AXIS2_PLACEMENT_3D('Plane Axis2P3D',#2072,#2073,#2074) ;
#2106=AXIS2_PLACEMENT_3D('Cylinder Axis2P3D',#2103,#2104,#2105) ;
#2110=AXIS2_PLACEMENT_3D('Circle Axis2P3D',#2108,#2109,$) ;
#2124=AXIS2_PLACEMENT_3D('Circle Axis2P3D',#2122,#2123,$) ;
#2137=AXIS2_PLACEMENT_3D('Plane Axis2P3D',#2134,#2135,#2136) ;
#2194=AXIS2_PLACEMENT_3D('Cylinder Axis2P3D',#2191,#2192,#2193) ;
#2198=AXIS2_PLACEMENT_3D('Circle Axis2P3D',#2196,#2197,$) ;
#2212=AXIS2_PLACEMENT_3D('Circle Axis2P3D',#2210,#2211,$) ;
#2225=AXIS2_PLACEMENT_3D('Cylinder Axis2P3D',#2222,#2223,#2224) ;
#2238=AXIS2_PLACEMENT_3D('Circle Axis2P3D',#2236,#2237,$) ;
#2243=AXIS2_PLACEMENT_3D('Circle Axis2P3D',#2241,#2242,$) ;
#2256=AXIS2_PLACEMENT_3D('Plane Axis2P3D',#2253,#2254,#2255) ;
#2287=AXIS2_PLACEMENT_3D('Cylinder Axis2P3D',#2284,#2285,#2286) ;
#2291=AXIS2_PLACEMENT_3D('Circle Axis2P3D',#2289,#2290,$) ;
#2305=AXIS2_PLACEMENT_3D('Circle Axis2P3D',#2303,#2304,$) ;
#2318=AXIS2_PLACEMENT_3D('Plane Axis2P3D',#2315,#2316,#2317) ;
#2349=AXIS2_PLACEMENT_3D('Cylinder Axis2P3D',#2346,#2347,#2348) ;
#2362=AXIS2_PLACEMENT_3D('Circle Axis2P3D',#2360,#2361,$) ;
#2367=AXIS2_PLACEMENT_3D('Circle Axis2P3D',#2365,#2366,$) ;
#2397=AXIS2_PLACEMENT_3D('Plane Axis2P3D',#2394,#2395,#2396) ;
#2437=AXIS2_PLACEMENT_3D('Cylinder Axis2P3D',#2434,#2435,#2436) ;
#2441=AXIS2_PLACEMENT_3D('Circle Axis2P3D',#2439,#2440,$) ;
#2448=AXIS2_PLACEMENT_3D('Circle Axis2P3D',#2446,#2447,$) ;
#2468=AXIS2_PLACEMENT_3D('Plane Axis2P3D',#2465,#2466,#2467) ;
#2499=AXIS2_PLACEMENT_3D('Cylinder Axis2P3D',#2496,#2497,#2498) ;
#2503=AXIS2_PLACEMENT_3D('Circle Axis2P3D',#2501,#2502,$) ;
#2508=AXIS2_PLACEMENT_3D('Circle Axis2P3D',#2506,#2507,$) ;
#2521=AXIS2_PLACEMENT_3D('Plane Axis2P3D',#2518,#2519,#2520) ;
#2561=AXIS2_PLACEMENT_3D('Cylinder Axis2P3D',#2558,#2559,#2560) ;
#2574=AXIS2_PLACEMENT_3D('Circle Axis2P3D',#2572,#2573,$) ;
#2579=AXIS2_PLACEMENT_3D('Circle Axis2P3D',#2577,#2578,$) ;
#2592=AXIS2_PLACEMENT_3D('Plane Axis2P3D',#2589,#2590,#2591) ;
#2623=AXIS2_PLACEMENT_3D('Cylinder Axis2P3D',#2620,#2621,#2622) ;
#2627=AXIS2_PLACEMENT_3D('Circle Axis2P3D',#2625,#2626,$) ;
#2632=AXIS2_PLACEMENT_3D('Circle Axis2P3D',#2630,#2631,$) ;
#2645=AXIS2_PLACEMENT_3D('Plane Axis2P3D',#2642,#2643,#2644) ;
#2663=AXIS2_PLACEMENT_3D('Cylinder Axis2P3D',#2660,#2661,#2662) ;
#2676=AXIS2_PLACEMENT_3D('Circle Axis2P3D',#2674,#2675,$) ;
#2690=AXIS2_PLACEMENT_3D('Circle Axis2P3D',#2688,#2689,$) ;
#2729=AXIS2_PLACEMENT_3D('Cylinder Axis2P3D',#2726,#2727,#2728) ;
#2733=AXIS2_PLACEMENT_3D('Circle Axis2P3D',#2731,#2732,$) ;
#2747=AXIS2_PLACEMENT_3D('Circle Axis2P3D',#2745,#2746,$) ;
#2777=AXIS2_PLACEMENT_3D('Plane Axis2P3D',#2774,#2775,#2776) ;
#2795=AXIS2_PLACEMENT_3D('Plane Axis2P3D',#2792,#2793,#2794) ;
#2874=AXIS2_PLACEMENT_3D('Plane Axis2P3D',#2871,#2872,#2873) ;
#2887=AXIS2_PLACEMENT_3D('Circle Axis2P3D',#2885,#2886,$) ;
#2901=AXIS2_PLACEMENT_3D('Circle Axis2P3D',#2899,#2900,$) ;
#2915=AXIS2_PLACEMENT_3D('Circle Axis2P3D',#2913,#2914,$) ;
#2929=AXIS2_PLACEMENT_3D('Circle Axis2P3D',#2927,#2928,$) ;
#2952=AXIS2_PLACEMENT_3D('Plane Axis2P3D',#2949,#2950,#2951) ;
#2956=AXIS2_PLACEMENT_3D('Circle Axis2P3D',#2954,#2955,$) ;
#2972=AXIS2_PLACEMENT_3D('Circle Axis2P3D',#2970,#2971,$) ;
#2986=AXIS2_PLACEMENT_3D('Circle Axis2P3D',#2984,#2985,$) ;
#3000=AXIS2_PLACEMENT_3D('Circle Axis2P3D',#2998,#2999,$) ;
#3054=AXIS2_PLACEMENT_3D('Plane Axis2P3D',#3051,#3052,#3053) ;
#3085=AXIS2_PLACEMENT_3D('Cylinder Axis2P3D',#3082,#3083,#3084) ;
#3096=AXIS2_PLACEMENT_3D('Circle Axis2P3D',#3094,#3095,$) ;
#3109=AXIS2_PLACEMENT_3D('Cylinder Axis2P3D',#3106,#3107,#3108) ;
#3120=AXIS2_PLACEMENT_3D('Circle Axis2P3D',#3118,#3119,$) ;
#3133=AXIS2_PLACEMENT_3D('Plane Axis2P3D',#3130,#3131,#3132) ;
#3157=AXIS2_PLACEMENT_3D('Cylinder Axis2P3D',#3154,#3155,#3156) ;
#3168=AXIS2_PLACEMENT_3D('Circle Axis2P3D',#3166,#3167,$) ;
#3181=AXIS2_PLACEMENT_3D('Plane Axis2P3D',#3178,#3179,#3180) ;
#3205=AXIS2_PLACEMENT_3D('Cylinder Axis2P3D',#3202,#3203,#3204) ;
#3216=AXIS2_PLACEMENT_3D('Circle Axis2P3D',#3214,#3215,$) ;
#3229=AXIS2_PLACEMENT_3D('Plane Axis2P3D',#3226,#3227,#3228) ;
#3246=AXIS2_PLACEMENT_3D('Plane Axis2P3D',#3243,#3244,#3245) ;
#3268=AXIS2_PLACEMENT_3D('Cone Axis2P3D',#3265,#3266,#3267) ;
#3285=AXIS2_PLACEMENT_3D('Plane Axis2P3D',#3282,#3283,#3284) ;
#3302=AXIS2_PLACEMENT_3D('Cone Axis2P3D',#3299,#3300,#3301) ;
#3319=AXIS2_PLACEMENT_3D('Plane Axis2P3D',#3316,#3317,#3318) ;
#3336=AXIS2_PLACEMENT_3D('Cone Axis2P3D',#3333,#3334,#3335) ;
#3353=AXIS2_PLACEMENT_3D('Plane Axis2P3D',#3350,#3351,#3352) ;
#3370=AXIS2_PLACEMENT_3D('Cone Axis2P3D',#3367,#3368,#3369) ;
#229=CIRCLE('generated circle',#228,8.05) ;
#237=CIRCLE('generated circle',#236,8.05) ;
#352=CIRCLE('generated circle',#351,4.4) ;
#368=CIRCLE('generated circle',#367,5.25) ;
#387=CIRCLE('generated circle',#386,4.4) ;
#392=CIRCLE('generated circle',#391,5.25) ;
#459=CIRCLE('generated circle',#458,2.5) ;
#466=CIRCLE('generated circle',#465,2.5) ;
#490=CIRCLE('generated circle',#489,2.5) ;
#504=CIRCLE('generated circle',#503,2.5) ;
#552=CIRCLE('generated circle',#551,0.2) ;
#559=CIRCLE('generated circle',#558,0.2) ;
#623=CIRCLE('generated circle',#622,0.2) ;
#628=CIRCLE('generated circle',#627,0.2) ;
#685=CIRCLE('generated circle',#684,0.2) ;
#690=CIRCLE('generated circle',#689,0.2) ;
#738=CIRCLE('generated circle',#737,0.2) ;
#745=CIRCLE('generated circle',#744,0.2) ;
#795=CIRCLE('generated circle',#794,2.5) ;
#802=CIRCLE('generated circle',#801,2.5) ;
#857=CIRCLE('generated circle',#856,2.5) ;
#864=CIRCLE('generated circle',#863,2.5) ;
#919=CIRCLE('generated circle',#918,0.2) ;
#926=CIRCLE('generated circle',#925,0.2) ;
#985=CIRCLE('generated circle',#984,0.2) ;
#990=CIRCLE('generated circle',#989,0.2) ;
#1047=CIRCLE('generated circle',#1046,0.2) ;
#1052=CIRCLE('generated circle',#1051,0.2) ;
#1095=CIRCLE('generated circle',#1094,0.2) ;
#1102=CIRCLE('generated circle',#1101,0.2) ;
#1224=CIRCLE('generated circle',#1223,0.2) ;
#1229=CIRCLE('generated circle',#1228,0.2) ;
#1246=CIRCLE('generated circle',#1245,0.2) ;
#1260=CIRCLE('generated circle',#1259,0.2) ;
#1317=CIRCLE('generated circle',#1316,0.2) ;
#1322=CIRCLE('generated circle',#1321,0.2) ;
#1370=CIRCLE('generated circle',#1369,0.2) ;
#1377=CIRCLE('generated circle',#1376,0.2) ;
#1432=CIRCLE('generated circle',#1431,2.5) ;
#1439=CIRCLE('generated circle',#1438,2.5) ;
#1489=CIRCLE('generated circle',#1488,2.5) ;
#1496=CIRCLE('generated circle',#1495,2.5) ;
#1551=CIRCLE('generated circle',#1550,0.2) ;
#1558=CIRCLE('generated circle',#1557,0.2) ;
#1617=CIRCLE('generated circle',#1616,0.2) ;
#1622=CIRCLE('generated circle',#1621,0.2) ;
#1679=CIRCLE('generated circle',#1678,0.2) ;
#1684=CIRCLE('generated circle',#1683,0.2) ;
#1727=CIRCLE('generated circle',#1726,0.2) ;
#1734=CIRCLE('generated circle',#1733,0.2) ;
#1784=CIRCLE('generated circle',#1783,2.5) ;
#1791=CIRCLE('generated circle',#1790,2.5) ;
#1841=CIRCLE('generated circle',#1840,2.5) ;
#1848=CIRCLE('generated circle',#1847,2.5) ;
#1965=CIRCLE('generated circle',#1964,3.5) ;
#1970=CIRCLE('generated circle',#1969,3.5) ;
#1987=CIRCLE('generated circle',#1986,3.5) ;
#2001=CIRCLE('generated circle',#2000,3.5) ;
#2058=CIRCLE('generated circle',#2057,3.5) ;
#2063=CIRCLE('generated circle',#2062,3.5) ;
#2111=CIRCLE('generated circle',#2110,3.5) ;
#2125=CIRCLE('generated circle',#2124,3.5) ;
#2199=CIRCLE('generated circle',#2198,3.5) ;
#2213=CIRCLE('generated circle',#2212,3.5) ;
#2239=CIRCLE('generated circle',#2238,3.5) ;
#2244=CIRCLE('generated circle',#2243,3.5) ;
#2292=CIRCLE('generated circle',#2291,3.5) ;
#2306=CIRCLE('generated circle',#2305,3.5) ;
#2363=CIRCLE('generated circle',#2362,3.5) ;
#2368=CIRCLE('generated circle',#2367,3.5) ;
#2442=CIRCLE('generated circle',#2441,8.) ;
#2449=CIRCLE('generated circle',#2448,8.) ;
#2504=CIRCLE('generated circle',#2503,8.) ;
#2509=CIRCLE('generated circle',#2508,8.) ;
#2575=CIRCLE('generated circle',#2574,10.) ;
#2580=CIRCLE('generated circle',#2579,10.) ;
#2628=CIRCLE('generated circle',#2627,10.) ;
#2633=CIRCLE('generated circle',#2632,10.) ;
#2677=CIRCLE('generated circle',#2676,10.) ;
#2691=CIRCLE('generated circle',#2690,10.) ;
#2734=CIRCLE('generated circle',#2733,10.) ;
#2748=CIRCLE('generated circle',#2747,10.) ;
#2888=CIRCLE('generated circle',#2887,2.85) ;
#2902=CIRCLE('generated circle',#2901,2.85) ;
#2916=CIRCLE('generated circle',#2915,2.85) ;
#2930=CIRCLE('generated circle',#2929,2.85) ;
#2957=CIRCLE('generated circle',#2956,2.55) ;
#2973=CIRCLE('generated circle',#2972,2.55) ;
#2987=CIRCLE('generated circle',#2986,2.55) ;
#3001=CIRCLE('generated circle',#3000,2.55) ;
#3097=CIRCLE('generated circle',#3096,2.85) ;
#3121=CIRCLE('generated circle',#3120,2.85) ;
#3169=CIRCLE('generated circle',#3168,2.85) ;
#3217=CIRCLE('generated circle',#3216,2.85) ;
#348=CONICAL_SURFACE('Cone',#347,4.4,1.03907225954) ;
#3269=CONICAL_SURFACE('Cone',#3268,0.,0.785398163397) ;
#3303=CONICAL_SURFACE('Cone',#3302,0.,0.785398163397) ;
#3337=CONICAL_SURFACE('Cone',#3336,0.,0.785398163397) ;
#3371=CONICAL_SURFACE('Cone',#3370,0.,0.785398163397) ;
#455=CYLINDRICAL_SURFACE('generated cylinder',#454,2.5) ;
#486=CYLINDRICAL_SURFACE('generated cylinder',#485,2.5) ;
#548=CYLINDRICAL_SURFACE('generated cylinder',#547,0.2) ;
#610=CYLINDRICAL_SURFACE('generated cylinder',#609,0.2) ;
#672=CYLINDRICAL_SURFACE('generated cylinder',#671,0.2) ;
#734=CYLINDRICAL_SURFACE('generated cylinder',#733,0.2) ;
#791=CYLINDRICAL_SURFACE('generated cylinder',#790,2.5) ;
#853=CYLINDRICAL_SURFACE('generated cylinder',#852,2.5) ;
#915=CYLINDRICAL_SURFACE('generated cylinder',#914,0.2) ;
#972=CYLINDRICAL_SURFACE('generated cylinder',#971,0.2) ;
#1034=CYLINDRICAL_SURFACE('generated cylinder',#1033,0.2) ;
#1091=CYLINDRICAL_SURFACE('generated cylinder',#1090,0.2) ;
#1211=CYLINDRICAL_SURFACE('generated cylinder',#1210,0.2) ;
#1242=CYLINDRICAL_SURFACE('generated cylinder',#1241,0.2) ;
#1304=CYLINDRICAL_SURFACE('generated cylinder',#1303,0.2) ;
#1366=CYLINDRICAL_SURFACE('generated cylinder',#1365,0.2) ;
#1428=CYLINDRICAL_SURFACE('generated cylinder',#1427,2.5) ;
#1485=CYLINDRICAL_SURFACE('generated cylinder',#1484,2.5) ;
#1547=CYLINDRICAL_SURFACE('generated cylinder',#1546,0.2) ;
#1604=CYLINDRICAL_SURFACE('generated cylinder',#1603,0.2) ;
#1666=CYLINDRICAL_SURFACE('generated cylinder',#1665,0.2) ;
#1723=CYLINDRICAL_SURFACE('generated cylinder',#1722,0.2) ;
#1780=CYLINDRICAL_SURFACE('generated cylinder',#1779,2.5) ;
#1837=CYLINDRICAL_SURFACE('generated cylinder',#1836,2.5) ;
#1952=CYLINDRICAL_SURFACE('generated cylinder',#1951,3.5) ;
#1983=CYLINDRICAL_SURFACE('generated cylinder',#1982,3.5) ;
#2045=CYLINDRICAL_SURFACE('generated cylinder',#2044,3.5) ;
#2107=CYLINDRICAL_SURFACE('generated cylinder',#2106,3.5) ;
#2195=CYLINDRICAL_SURFACE('generated cylinder',#2194,3.5) ;
#2226=CYLINDRICAL_SURFACE('generated cylinder',#2225,3.5) ;
#2288=CYLINDRICAL_SURFACE('generated cylinder',#2287,3.5) ;
#2350=CYLINDRICAL_SURFACE('generated cylinder',#2349,3.5) ;
#2438=CYLINDRICAL_SURFACE('generated cylinder',#2437,8.) ;
#2500=CYLINDRICAL_SURFACE('generated cylinder',#2499,8.) ;
#2562=CYLINDRICAL_SURFACE('generated cylinder',#2561,10.) ;
#2624=CYLINDRICAL_SURFACE('generated cylinder',#2623,10.) ;
#2664=CYLINDRICAL_SURFACE('generated cylinder',#2663,10.) ;
#2730=CYLINDRICAL_SURFACE('generated cylinder',#2729,10.) ;
#3086=CYLINDRICAL_SURFACE('generated cylinder',#3085,2.85) ;
#3110=CYLINDRICAL_SURFACE('generated cylinder',#3109,2.85) ;
#3158=CYLINDRICAL_SURFACE('generated cylinder',#3157,2.85) ;
#3206=CYLINDRICAL_SURFACE('generated cylinder',#3205,2.85) ;
#24=LINE('Line',#21,#23) ;
#32=LINE('Line',#29,#31) ;
#40=LINE('Line',#37,#39) ;
#48=LINE('Line',#45,#47) ;
#56=LINE('Line',#53,#55) ;
#64=LINE('Line',#61,#63) ;
#72=LINE('Line',#69,#71) ;
#80=LINE('Line',#77,#79) ;
#88=LINE('Line',#85,#87) ;
#96=LINE('Line',#93,#95) ;
#104=LINE('Line',#101,#103) ;
#112=LINE('Line',#109,#111) ;
#129=LINE('Line',#126,#128) ;
#137=LINE('Line',#134,#136) ;
#145=LINE('Line',#142,#144) ;
#153=LINE('Line',#150,#152) ;
#161=LINE('Line',#158,#160) ;
#169=LINE('Line',#166,#168) ;
#177=LINE('Line',#174,#176) ;
#185=LINE('Line',#182,#184) ;
#193=LINE('Line',#190,#192) ;
#201=LINE('Line',#198,#200) ;
#209=LINE('Line',#206,#208) ;
#217=LINE('Line',#214,#216) ;
#249=LINE('Line',#246,#248) ;
#257=LINE('Line',#254,#256) ;
#265=LINE('Line',#262,#264) ;
#273=LINE('Line',#270,#272) ;
#281=LINE('Line',#278,#280) ;
#289=LINE('Line',#286,#288) ;
#301=LINE('Line',#298,#300) ;
#313=LINE('Line',#310,#312) ;
#325=LINE('Line',#322,#324) ;
#361=LINE('Line',#358,#360) ;
#375=LINE('Line',#372,#374) ;
#419=LINE('Line',#416,#418) ;
#428=LINE('Line',#425,#427) ;
#435=LINE('Line',#432,#434) ;
#442=LINE('Line',#439,#441) ;
#473=LINE('Line',#470,#472) ;
#497=LINE('Line',#494,#496) ;
#521=LINE('Line',#518,#520) ;
#528=LINE('Line',#525,#527) ;
#535=LINE('Line',#532,#534) ;
#566=LINE('Line',#563,#565) ;
#583=LINE('Line',#580,#582) ;
#590=LINE('Line',#587,#589) ;
#597=LINE('Line',#594,#596) ;
#614=LINE('Line',#611,#613) ;
#645=LINE('Line',#642,#644) ;
#652=LINE('Line',#649,#651) ;
#659=LINE('Line',#656,#658) ;
#676=LINE('Line',#673,#675) ;
#707=LINE('Line',#704,#706) ;
#714=LINE('Line',#711,#713) ;
#721=LINE('Line',#718,#720) ;
#752=LINE('Line',#749,#751) ;
#764=LINE('Line',#761,#763) ;
#773=LINE('Line',#770,#772) ;
#778=LINE('Line',#775,#777) ;
#809=LINE('Line',#806,#808) ;
#826=LINE('Line',#823,#825) ;
#833=LINE('Line',#830,#832) ;
#840=LINE('Line',#837,#839) ;
#871=LINE('Line',#868,#870) ;
#888=LINE('Line',#885,#887) ;
#895=LINE('Line',#892,#894) ;
#902=LINE('Line',#899,#901) ;
#933=LINE('Line',#930,#932) ;
#945=LINE('Line',#942,#944) ;
#952=LINE('Line',#949,#951) ;
#959=LINE('Line',#956,#958) ;
#976=LINE('Line',#973,#975) ;
#1007=LINE('Line',#1004,#1006) ;
#1014=LINE('Line',#1011,#1013) ;
#1021=LINE('Line',#1018,#1020) ;
#1038=LINE('Line',#1035,#1037) ;
#1064=LINE('Line',#1061,#1063) ;
#1071=LINE('Line',#1068,#1070) ;
#1078=LINE('Line',#1075,#1077) ;
#1109=LINE('Line',#1106,#1108) ;
#1121=LINE('Line',#1118,#1120) ;
#1126=LINE('Line',#1123,#1125) ;
#1175=LINE('Line',#1172,#1174) ;
#1184=LINE('Line',#1181,#1183) ;
#1191=LINE('Line',#1188,#1190) ;
#1198=LINE('Line',#1195,#1197) ;
#1215=LINE('Line',#1212,#1214) ;
#1253=LINE('Line',#1250,#1252) ;
#1277=LINE('Line',#1274,#1276) ;
#1286=LINE('Line',#1283,#1285) ;
#1291=LINE('Line',#1288,#1290) ;
#1308=LINE('Line',#1305,#1307) ;
#1339=LINE('Line',#1336,#1338) ;
#1348=LINE('Line',#1345,#1347) ;
#1353=LINE('Line',#1350,#1352) ;
#1384=LINE('Line',#1381,#1383) ;
#1401=LINE('Line',#1398,#1400) ;
#1408=LINE('Line',#1405,#1407) ;
#1415=LINE('Line',#1412,#1414) ;
#1446=LINE('Line',#1443,#1445) ;
#1458=LINE('Line',#1455,#1457) ;
#1465=LINE('Line',#1462,#1464) ;
#1472=LINE('Line',#1469,#1471) ;
#1503=LINE('Line',#1500,#1502) ;
#1520=LINE('Line',#1517,#1519) ;
#1527=LINE('Line',#1524,#1526) ;
#1534=LINE('Line',#1531,#1533) ;
#1565=LINE('Line',#1562,#1564) ;
#1577=LINE('Line',#1574,#1576) ;
#1584=LINE('Line',#1581,#1583) ;
#1591=LINE('Line',#1588,#1590) ;
#1608=LINE('Line',#1605,#1607) ;
#1639=LINE('Line',#1636,#1638) ;
#1646=LINE('Line',#1643,#1645) ;
#1653=LINE('Line',#1650,#1652) ;
#1670=LINE('Line',#1667,#1669) ;
#1696=LINE('Line',#1693,#1695) ;
#1703=LINE('Line',#1700,#1702) ;
#1710=LINE('Line',#1707,#1709) ;
#1741=LINE('Line',#1738,#1740) ;
#1753=LINE('Line',#1750,#1752) ;
#1760=LINE('Line',#1757,#1759) ;
#1767=LINE('Line',#1764,#1766) ;
#1798=LINE('Line',#1795,#1797) ;
#1810=LINE('Line',#1807,#1809) ;
#1817=LINE('Line',#1814,#1816) ;
#1824=LINE('Line',#1821,#1823) ;
#1855=LINE('Line',#1852,#1854) ;
#1867=LINE('Line',#1864,#1866) ;
#1872=LINE('Line',#1869,#1871) ;
#1916=LINE('Line',#1913,#1915) ;
#1925=LINE('Line',#1922,#1924) ;
#1932=LINE('Line',#1929,#1931) ;
#1939=LINE('Line',#1936,#1938) ;
#1956=LINE('Line',#1953,#1955) ;
#1994=LINE('Line',#1991,#1993) ;
#2018=LINE('Line',#2015,#2017) ;
#2025=LINE('Line',#2022,#2024) ;
#2032=LINE('Line',#2029,#2031) ;
#2049=LINE('Line',#2046,#2048) ;
#2080=LINE('Line',#2077,#2079) ;
#2087=LINE('Line',#2084,#2086) ;
#2094=LINE('Line',#2091,#2093) ;
#2118=LINE('Line',#2115,#2117) ;
#2142=LINE('Line',#2139,#2141) ;
#2147=LINE('Line',#2144,#2146) ;
#2159=LINE('Line',#2156,#2158) ;
#2168=LINE('Line',#2165,#2167) ;
#2175=LINE('Line',#2172,#2174) ;
#2182=LINE('Line',#2179,#2181) ;
#2206=LINE('Line',#2203,#2205) ;
#2230=LINE('Line',#2227,#2229) ;
#2261=LINE('Line',#2258,#2260) ;
#2268=LINE('Line',#2265,#2267) ;
#2275=LINE('Line',#2272,#2274) ;
#2299=LINE('Line',#2296,#2298) ;
#2323=LINE('Line',#2320,#2322) ;
#2332=LINE('Line',#2329,#2331) ;
#2337=LINE('Line',#2334,#2336) ;
#2354=LINE('Line',#2351,#2353) ;
#2380=LINE('Line',#2377,#2379) ;
#2385=LINE('Line',#2382,#2384) ;
#2402=LINE('Line',#2399,#2401) ;
#2411=LINE('Line',#2408,#2410) ;
#2418=LINE('Line',#2415,#2417) ;
#2425=LINE('Line',#2422,#2424) ;
#2456=LINE('Line',#2453,#2455) ;
#2473=LINE('Line',#2470,#2472) ;
#2480=LINE('Line',#2477,#2479) ;
#2487=LINE('Line',#2484,#2486) ;
#2526=LINE('Line',#2523,#2525) ;
#2535=LINE('Line',#2532,#2534) ;
#2542=LINE('Line',#2539,#2541) ;
#2549=LINE('Line',#2546,#2548) ;
#2566=LINE('Line',#2563,#2565) ;
#2597=LINE('Line',#2594,#2596) ;
#2606=LINE('Line',#2603,#2605) ;
#2611=LINE('Line',#2608,#2610) ;
#2668=LINE('Line',#2665,#2667) ;
#2684=LINE('Line',#2681,#2683) ;
#2703=LINE('Line',#2700,#2702) ;
#2710=LINE('Line',#2707,#2709) ;
#2717=LINE('Line',#2714,#2716) ;
#2741=LINE('Line',#2738,#2740) ;
#2760=LINE('Line',#2757,#2759) ;
#2765=LINE('Line',#2762,#2764) ;
#2879=LINE('Line',#2876,#2878) ;
#2895=LINE('Line',#2892,#2894) ;
#2909=LINE('Line',#2906,#2908) ;
#2923=LINE('Line',#2920,#2922) ;
#2966=LINE('Line',#2963,#2965) ;
#2980=LINE('Line',#2977,#2979) ;
#2994=LINE('Line',#2991,#2993) ;
#3008=LINE('Line',#3005,#3007) ;
#3059=LINE('Line',#3056,#3058) ;
#3066=LINE('Line',#3063,#3065) ;
#3073=LINE('Line',#3070,#3072) ;
#3090=LINE('Line',#3087,#3089) ;
#3114=LINE('Line',#3111,#3113) ;
#3138=LINE('Line',#3135,#3137) ;
#3145=LINE('Line',#3142,#3144) ;
#3162=LINE('Line',#3159,#3161) ;
#3186=LINE('Line',#3183,#3185) ;
#3193=LINE('Line',#3190,#3192) ;
#3210=LINE('Line',#3207,#3209) ;
#3234=LINE('Line',#3231,#3233) ;
#3251=LINE('Line',#3248,#3250) ;
#3256=LINE('Line',#3253,#3255) ;
#3273=LINE('Line',#3270,#3272) ;
#3290=LINE('Line',#3287,#3289) ;
#3307=LINE('Line',#3304,#3306) ;
#3324=LINE('Line',#3321,#3323) ;
#3341=LINE('Line',#3338,#3340) ;
#3358=LINE('Line',#3355,#3357) ;
#405=PLANE('',#404) ;
#415=PLANE('',#414) ;
#517=PLANE('',#516) ;
#579=PLANE('',#578) ;
#641=PLANE('',#640) ;
#703=PLANE('',#702) ;
#822=PLANE('',#821) ;
#884=PLANE('',#883) ;
#1003=PLANE('',#1002) ;
#1139=PLANE('',#1138) ;
#1171=PLANE('',#1170) ;
#1273=PLANE('',#1272) ;
#1335=PLANE('',#1334) ;
#1397=PLANE('',#1396) ;
#1516=PLANE('',#1515) ;
#1635=PLANE('',#1634) ;
#1912=PLANE('',#1911) ;
#2014=PLANE('',#2013) ;
#2076=PLANE('',#2075) ;
#2138=PLANE('',#2137) ;
#2257=PLANE('',#2256) ;
#2319=PLANE('',#2318) ;
#2398=PLANE('',#2397) ;
#2469=PLANE('',#2468) ;
#2522=PLANE('',#2521) ;
#2593=PLANE('',#2592) ;
#2646=PLANE('',#2645) ;
#2778=PLANE('',#2777) ;
#2796=PLANE('',#2795) ;
#2875=PLANE('',#2874) ;
#2953=PLANE('',#2952) ;
#3055=PLANE('',#3054) ;
#3134=PLANE('',#3133) ;
#3182=PLANE('',#3181) ;
#3230=PLANE('',#3229) ;
#3247=PLANE('',#3246) ;
#3286=PLANE('',#3285) ;
#3320=PLANE('',#3319) ;
#3354=PLANE('',#3353) ;
#357=EDGE_CURVE('',#354,#356,#352,.F.) ;
#364=EDGE_CURVE('',#354,#363,#361,.T.) ;
#371=EDGE_CURVE('',#363,#370,#368,.F.) ;
#376=EDGE_CURVE('',#356,#370,#375,.T.) ;
#388=EDGE_CURVE('',#356,#354,#387,.F.) ;
#393=EDGE_CURVE('',#370,#363,#392,.F.) ;
#424=EDGE_CURVE('',#421,#423,#419,.F.) ;
#431=EDGE_CURVE('',#430,#423,#428,.T.) ;
#438=EDGE_CURVE('',#430,#437,#435,.T.) ;
#443=EDGE_CURVE('',#437,#421,#442,.T.) ;
#462=EDGE_CURVE('',#461,#421,#459,.F.) ;
#469=EDGE_CURVE('',#437,#468,#466,.T.) ;
#474=EDGE_CURVE('',#468,#461,#473,.T.) ;
#493=EDGE_CURVE('',#423,#492,#490,.F.) ;
#500=EDGE_CURVE('',#499,#492,#497,.T.) ;
#505=EDGE_CURVE('',#499,#430,#504,.T.) ;
#524=EDGE_CURVE('',#523,#468,#521,.T.) ;
#531=EDGE_CURVE('',#523,#530,#528,.T.) ;
#536=EDGE_CURVE('',#530,#461,#535,.T.) ;
#555=EDGE_CURVE('',#554,#530,#552,.F.) ;
#562=EDGE_CURVE('',#523,#561,#559,.T.) ;
#567=EDGE_CURVE('',#561,#554,#566,.T.) ;
#586=EDGE_CURVE('',#585,#561,#583,.T.) ;
#593=EDGE_CURVE('',#592,#585,#590,.F.) ;
#598=EDGE_CURVE('',#592,#554,#597,.F.) ;
#619=EDGE_CURVE('',#616,#618,#614,.F.) ;
#624=EDGE_CURVE('',#592,#616,#623,.F.) ;
#629=EDGE_CURVE('',#618,#585,#628,.T.) ;
#648=EDGE_CURVE('',#618,#647,#645,.T.) ;
#655=EDGE_CURVE('',#654,#647,#652,.F.) ;
#660=EDGE_CURVE('',#654,#616,#659,.F.) ;
#681=EDGE_CURVE('',#678,#680,#676,.F.) ;
#686=EDGE_CURVE('',#654,#678,#685,.F.) ;
#691=EDGE_CURVE('',#680,#647,#690,.T.) ;
#710=EDGE_CURVE('',#709,#680,#707,.T.) ;
#717=EDGE_CURVE('',#709,#716,#714,.T.) ;
#722=EDGE_CURVE('',#716,#678,#721,.F.) ;
#741=EDGE_CURVE('',#740,#716,#738,.F.) ;
#748=EDGE_CURVE('',#709,#747,#745,.T.) ;
#753=EDGE_CURVE('',#747,#740,#752,.T.) ;
#769=EDGE_CURVE('',#766,#768,#764,.T.) ;
#774=EDGE_CURVE('',#768,#740,#773,.T.) ;
#779=EDGE_CURVE('',#766,#747,#778,.T.) ;
#798=EDGE_CURVE('',#797,#768,#795,.F.) ;
#805=EDGE_CURVE('',#766,#804,#802,.T.) ;
#810=EDGE_CURVE('',#804,#797,#809,.T.) ;
#829=EDGE_CURVE('',#804,#828,#826,.T.) ;
#836=EDGE_CURVE('',#828,#835,#833,.T.) ;
#841=EDGE_CURVE('',#835,#797,#840,.F.) ;
#860=EDGE_CURVE('',#859,#835,#857,.F.) ;
#867=EDGE_CURVE('',#828,#866,#864,.T.) ;
#872=EDGE_CURVE('',#866,#859,#871,.T.) ;
#891=EDGE_CURVE('',#890,#866,#888,.T.) ;
#898=EDGE_CURVE('',#890,#897,#895,.T.) ;
#903=EDGE_CURVE('',#897,#859,#902,.T.) ;
#922=EDGE_CURVE('',#921,#897,#919,.F.) ;
#929=EDGE_CURVE('',#890,#928,#926,.T.) ;
#934=EDGE_CURVE('',#928,#921,#933,.T.) ;
#948=EDGE_CURVE('',#947,#928,#945,.T.) ;
#955=EDGE_CURVE('',#954,#947,#952,.F.) ;
#960=EDGE_CURVE('',#954,#921,#959,.T.) ;
#981=EDGE_CURVE('',#978,#980,#976,.F.) ;
#986=EDGE_CURVE('',#954,#978,#985,.F.) ;
#991=EDGE_CURVE('',#980,#947,#990,.T.) ;
#1010=EDGE_CURVE('',#1009,#980,#1007,.T.) ;
#1017=EDGE_CURVE('',#1016,#1009,#1014,.F.) ;
#1022=EDGE_CURVE('',#1016,#978,#1021,.T.) ;
#1043=EDGE_CURVE('',#1040,#1042,#1038,.F.) ;
#1048=EDGE_CURVE('',#1016,#1040,#1047,.F.) ;
#1053=EDGE_CURVE('',#1042,#1009,#1052,.T.) ;
#1067=EDGE_CURVE('',#1066,#1042,#1064,.T.) ;
#1074=EDGE_CURVE('',#1066,#1073,#1071,.T.) ;
#1079=EDGE_CURVE('',#1073,#1040,#1078,.T.) ;
#1098=EDGE_CURVE('',#1097,#1073,#1095,.F.) ;
#1105=EDGE_CURVE('',#1066,#1104,#1102,.T.) ;
#1110=EDGE_CURVE('',#1104,#1097,#1109,.T.) ;
#1122=EDGE_CURVE('',#492,#1097,#1121,.T.) ;
#1127=EDGE_CURVE('',#499,#1104,#1126,.T.) ;
#1180=EDGE_CURVE('',#1177,#1179,#1175,.F.) ;
#1187=EDGE_CURVE('',#1177,#1186,#1184,.T.) ;
#1194=EDGE_CURVE('',#1193,#1186,#1191,.T.) ;
#1199=EDGE_CURVE('',#1179,#1193,#1198,.T.) ;
#1220=EDGE_CURVE('',#1217,#1219,#1215,.F.) ;
#1225=EDGE_CURVE('',#1177,#1217,#1224,.F.) ;
#1230=EDGE_CURVE('',#1219,#1179,#1229,.T.) ;
#1249=EDGE_CURVE('',#1186,#1248,#1246,.F.) ;
#1256=EDGE_CURVE('',#1255,#1248,#1253,.T.) ;
#1261=EDGE_CURVE('',#1255,#1193,#1260,.T.) ;
#1282=EDGE_CURVE('',#1279,#1281,#1277,.F.) ;
#1287=EDGE_CURVE('',#1279,#1217,#1286,.T.) ;
#1292=EDGE_CURVE('',#1281,#1219,#1291,.T.) ;
#1313=EDGE_CURVE('',#1310,#1312,#1308,.F.) ;
#1318=EDGE_CURVE('',#1279,#1310,#1317,.F.) ;
#1323=EDGE_CURVE('',#1312,#1281,#1322,.T.) ;
#1344=EDGE_CURVE('',#1341,#1343,#1339,.T.) ;
#1349=EDGE_CURVE('',#1343,#1310,#1348,.T.) ;
#1354=EDGE_CURVE('',#1341,#1312,#1353,.T.) ;
#1373=EDGE_CURVE('',#1372,#1343,#1370,.F.) ;
#1380=EDGE_CURVE('',#1341,#1379,#1377,.T.) ;
#1385=EDGE_CURVE('',#1379,#1372,#1384,.T.) ;
#1404=EDGE_CURVE('',#1403,#1372,#1401,.F.) ;
#1411=EDGE_CURVE('',#1379,#1410,#1408,.T.) ;
#1416=EDGE_CURVE('',#1410,#1403,#1415,.T.) ;
#1435=EDGE_CURVE('',#1434,#1403,#1432,.F.) ;
#1442=EDGE_CURVE('',#1410,#1441,#1439,.T.) ;
#1447=EDGE_CURVE('',#1441,#1434,#1446,.T.) ;
#1461=EDGE_CURVE('',#1441,#1460,#1458,.T.) ;
#1468=EDGE_CURVE('',#1460,#1467,#1465,.T.) ;
#1473=EDGE_CURVE('',#1467,#1434,#1472,.T.) ;
#1492=EDGE_CURVE('',#1491,#1467,#1489,.F.) ;
#1499=EDGE_CURVE('',#1460,#1498,#1496,.T.) ;
#1504=EDGE_CURVE('',#1498,#1491,#1503,.T.) ;
#1523=EDGE_CURVE('',#1498,#1522,#1520,.T.) ;
#1530=EDGE_CURVE('',#1522,#1529,#1527,.T.) ;
#1535=EDGE_CURVE('',#1529,#1491,#1534,.F.) ;
#1554=EDGE_CURVE('',#1553,#1529,#1551,.F.) ;
#1561=EDGE_CURVE('',#1522,#1560,#1558,.T.) ;
#1566=EDGE_CURVE('',#1560,#1553,#1565,.T.) ;
#1580=EDGE_CURVE('',#1579,#1560,#1577,.T.) ;
#1587=EDGE_CURVE('',#1586,#1579,#1584,.F.) ;
#1592=EDGE_CURVE('',#1586,#1553,#1591,.T.) ;
#1613=EDGE_CURVE('',#1610,#1612,#1608,.F.) ;
#1618=EDGE_CURVE('',#1586,#1610,#1617,.F.) ;
#1623=EDGE_CURVE('',#1612,#1579,#1622,.T.) ;
#1642=EDGE_CURVE('',#1612,#1641,#1639,.T.) ;
#1649=EDGE_CURVE('',#1648,#1641,#1646,.F.) ;
#1654=EDGE_CURVE('',#1648,#1610,#1653,.F.) ;
#1675=EDGE_CURVE('',#1672,#1674,#1670,.F.) ;
#1680=EDGE_CURVE('',#1648,#1672,#1679,.F.) ;
#1685=EDGE_CURVE('',#1674,#1641,#1684,.T.) ;
#1699=EDGE_CURVE('',#1698,#1674,#1696,.T.) ;
#1706=EDGE_CURVE('',#1698,#1705,#1703,.T.) ;
#1711=EDGE_CURVE('',#1705,#1672,#1710,.T.) ;
#1730=EDGE_CURVE('',#1729,#1705,#1727,.F.) ;
#1737=EDGE_CURVE('',#1698,#1736,#1734,.T.) ;
#1742=EDGE_CURVE('',#1736,#1729,#1741,.T.) ;
#1756=EDGE_CURVE('',#1755,#1729,#1753,.F.) ;
#1763=EDGE_CURVE('',#1736,#1762,#1760,.T.) ;
#1768=EDGE_CURVE('',#1762,#1755,#1767,.T.) ;
#1787=EDGE_CURVE('',#1786,#1755,#1784,.F.) ;
#1794=EDGE_CURVE('',#1762,#1793,#1791,.T.) ;
#1799=EDGE_CURVE('',#1793,#1786,#1798,.T.) ;
#1813=EDGE_CURVE('',#1812,#1786,#1810,.T.) ;
#1820=EDGE_CURVE('',#1793,#1819,#1817,.T.) ;
#1825=EDGE_CURVE('',#1819,#1812,#1824,.T.) ;
#1844=EDGE_CURVE('',#1843,#1812,#1841,.F.) ;
#1851=EDGE_CURVE('',#1819,#1850,#1848,.T.) ;
#1856=EDGE_CURVE('',#1850,#1843,#1855,.T.) ;
#1868=EDGE_CURVE('',#1850,#1255,#1867,.T.) ;
#1873=EDGE_CURVE('',#1248,#1843,#1872,.F.) ;
#1921=EDGE_CURVE('',#1918,#1920,#1916,.F.) ;
#1928=EDGE_CURVE('',#1918,#1927,#1925,.T.) ;
#1935=EDGE_CURVE('',#1927,#1934,#1932,.F.) ;
#1940=EDGE_CURVE('',#1920,#1934,#1939,.T.) ;
#1961=EDGE_CURVE('',#1958,#1960,#1956,.F.) ;
#1966=EDGE_CURVE('',#1918,#1958,#1965,.F.) ;
#1971=EDGE_CURVE('',#1960,#1920,#1970,.T.) ;
#1990=EDGE_CURVE('',#1989,#1927,#1987,.F.) ;
#1997=EDGE_CURVE('',#1989,#1996,#1994,.F.) ;
#2002=EDGE_CURVE('',#1934,#1996,#2001,.T.) ;
#2021=EDGE_CURVE('',#2020,#1960,#2018,.F.) ;
#2028=EDGE_CURVE('',#2027,#2020,#2025,.F.) ;
#2033=EDGE_CURVE('',#2027,#1958,#2032,.F.) ;
#2054=EDGE_CURVE('',#2051,#2053,#2049,.F.) ;
#2059=EDGE_CURVE('',#2027,#2051,#2058,.F.) ;
#2064=EDGE_CURVE('',#2053,#2020,#2063,.T.) ;
#2083=EDGE_CURVE('',#1989,#2082,#2080,.F.) ;
#2090=EDGE_CURVE('',#2082,#2089,#2087,.F.) ;
#2095=EDGE_CURVE('',#1996,#2089,#2094,.F.) ;
#2114=EDGE_CURVE('',#2113,#2082,#2111,.F.) ;
#2121=EDGE_CURVE('',#2113,#2120,#2118,.F.) ;
#2126=EDGE_CURVE('',#2089,#2120,#2125,.T.) ;
#2143=EDGE_CURVE('',#2113,#2051,#2142,.T.) ;
#2148=EDGE_CURVE('',#2120,#2053,#2147,.T.) ;
#2164=EDGE_CURVE('',#2161,#2163,#2159,.F.) ;
#2171=EDGE_CURVE('',#2161,#2170,#2168,.F.) ;
#2178=EDGE_CURVE('',#2170,#2177,#2175,.F.) ;
#2183=EDGE_CURVE('',#2163,#2177,#2182,.F.) ;
#2202=EDGE_CURVE('',#2201,#2170,#2199,.F.) ;
#2209=EDGE_CURVE('',#2201,#2208,#2206,.F.) ;
#2214=EDGE_CURVE('',#2177,#2208,#2213,.T.) ;
#2235=EDGE_CURVE('',#2232,#2234,#2230,.F.) ;
#2240=EDGE_CURVE('',#2161,#2232,#2239,.F.) ;
#2245=EDGE_CURVE('',#2234,#2163,#2244,.T.) ;
#2264=EDGE_CURVE('',#2201,#2263,#2261,.T.) ;
#2271=EDGE_CURVE('',#2263,#2270,#2268,.F.) ;
#2276=EDGE_CURVE('',#2208,#2270,#2275,.T.) ;
#2295=EDGE_CURVE('',#2294,#2263,#2292,.F.) ;
#2302=EDGE_CURVE('',#2294,#2301,#2299,.F.) ;
#2307=EDGE_CURVE('',#2270,#2301,#2306,.T.) ;
#2328=EDGE_CURVE('',#2325,#2327,#2323,.F.) ;
#2333=EDGE_CURVE('',#2325,#2232,#2332,.T.) ;
#2338=EDGE_CURVE('',#2327,#2234,#2337,.T.) ;
#2359=EDGE_CURVE('',#2356,#2358,#2354,.F.) ;
#2364=EDGE_CURVE('',#2325,#2356,#2363,.F.) ;
#2369=EDGE_CURVE('',#2358,#2327,#2368,.T.) ;
#2381=EDGE_CURVE('',#2301,#2358,#2380,.F.) ;
#2386=EDGE_CURVE('',#2294,#2356,#2385,.F.) ;
#2407=EDGE_CURVE('',#2404,#2406,#2402,.T.) ;
#2414=EDGE_CURVE('',#2413,#2406,#2411,.T.) ;
#2421=EDGE_CURVE('',#2420,#2413,#2418,.T.) ;
#2426=EDGE_CURVE('',#2420,#2404,#2425,.T.) ;
#2445=EDGE_CURVE('',#2444,#2420,#2442,.F.) ;
#2452=EDGE_CURVE('',#2413,#2451,#2449,.T.) ;
#2457=EDGE_CURVE('',#2444,#2451,#2456,.T.) ;
#2476=EDGE_CURVE('',#2475,#2451,#2473,.T.) ;
#2483=EDGE_CURVE('',#2482,#2475,#2480,.T.) ;
#2488=EDGE_CURVE('',#2482,#2444,#2487,.T.) ;
#2505=EDGE_CURVE('',#2404,#2482,#2504,.F.) ;
#2510=EDGE_CURVE('',#2475,#2406,#2509,.T.) ;
#2531=EDGE_CURVE('',#2528,#2530,#2526,.T.) ;
#2538=EDGE_CURVE('',#2528,#2537,#2535,.F.) ;
#2545=EDGE_CURVE('',#2537,#2544,#2542,.T.) ;
#2550=EDGE_CURVE('',#2530,#2544,#2549,.F.) ;
#2571=EDGE_CURVE('',#2568,#2570,#2566,.F.) ;
#2576=EDGE_CURVE('',#2568,#2528,#2575,.T.) ;
#2581=EDGE_CURVE('',#2570,#2530,#2580,.T.) ;
#2602=EDGE_CURVE('',#2599,#2601,#2597,.T.) ;
#2607=EDGE_CURVE('',#2599,#2568,#2606,.F.) ;
#2612=EDGE_CURVE('',#2601,#2570,#2611,.F.) ;
#2629=EDGE_CURVE('',#2537,#2599,#2628,.T.) ;
#2634=EDGE_CURVE('',#2544,#2601,#2633,.T.) ;
#2673=EDGE_CURVE('',#2670,#2672,#2668,.F.) ;
#2680=EDGE_CURVE('',#2670,#2679,#2677,.T.) ;
#2687=EDGE_CURVE('',#2679,#2686,#2684,.F.) ;
#2692=EDGE_CURVE('',#2672,#2686,#2691,.T.) ;
#2706=EDGE_CURVE('',#2679,#2705,#2703,.F.) ;
#2713=EDGE_CURVE('',#2705,#2712,#2710,.T.) ;
#2718=EDGE_CURVE('',#2686,#2712,#2717,.F.) ;
#2737=EDGE_CURVE('',#2705,#2736,#2734,.T.) ;
#2744=EDGE_CURVE('',#2736,#2743,#2741,.F.) ;
#2749=EDGE_CURVE('',#2712,#2743,#2748,.T.) ;
#2761=EDGE_CURVE('',#2736,#2670,#2760,.F.) ;
#2766=EDGE_CURVE('',#2743,#2672,#2765,.F.) ;
#2884=EDGE_CURVE('',#2881,#2883,#2879,.F.) ;
#2891=EDGE_CURVE('',#2890,#2883,#2888,.F.) ;
#2898=EDGE_CURVE('',#2890,#2897,#2895,.T.) ;
#2905=EDGE_CURVE('',#2904,#2897,#2902,.F.) ;
#2912=EDGE_CURVE('',#2904,#2911,#2909,.F.) ;
#2919=EDGE_CURVE('',#2918,#2911,#2916,.F.) ;
#2926=EDGE_CURVE('',#2918,#2925,#2923,.T.) ;
#2931=EDGE_CURVE('',#2881,#2925,#2930,.F.) ;
#2962=EDGE_CURVE('',#2959,#2961,#2957,.T.) ;
#2969=EDGE_CURVE('',#2968,#2959,#2966,.F.) ;
#2976=EDGE_CURVE('',#2975,#2968,#2973,.T.) ;
#2983=EDGE_CURVE('',#2982,#2975,#2980,.T.) ;
#2990=EDGE_CURVE('',#2989,#2982,#2987,.T.) ;
#2997=EDGE_CURVE('',#2996,#2989,#2994,.F.) ;
#3004=EDGE_CURVE('',#3003,#2996,#3001,.T.) ;
#3009=EDGE_CURVE('',#2961,#3003,#3008,.T.) ;
#3062=EDGE_CURVE('',#2883,#3061,#3059,.T.) ;
#3069=EDGE_CURVE('',#2881,#3068,#3066,.T.) ;
#3074=EDGE_CURVE('',#3068,#3061,#3073,.F.) ;
#3093=EDGE_CURVE('',#2925,#3092,#3090,.T.) ;
#3098=EDGE_CURVE('',#3092,#3068,#3097,.F.) ;
#3117=EDGE_CURVE('',#2890,#3116,#3114,.T.) ;
#3122=EDGE_CURVE('',#3061,#3116,#3121,.F.) ;
#3141=EDGE_CURVE('',#3140,#3092,#3138,.T.) ;
#3146=EDGE_CURVE('',#2918,#3140,#3145,.T.) ;
#3165=EDGE_CURVE('',#2911,#3164,#3162,.T.) ;
#3170=EDGE_CURVE('',#3164,#3140,#3169,.F.) ;
#3189=EDGE_CURVE('',#2904,#3188,#3186,.T.) ;
#3194=EDGE_CURVE('',#3188,#3164,#3193,.F.) ;
#3213=EDGE_CURVE('',#2897,#3212,#3210,.T.) ;
#3218=EDGE_CURVE('',#3212,#3188,#3217,.F.) ;
#3235=EDGE_CURVE('',#3116,#3212,#3234,.T.) ;
#3252=EDGE_CURVE('',#3116,#2961,#3251,.F.) ;
#3257=EDGE_CURVE('',#3212,#3003,#3256,.F.) ;
#3274=EDGE_CURVE('',#3188,#2996,#3273,.F.) ;
#3291=EDGE_CURVE('',#3164,#2989,#3290,.F.) ;
#3308=EDGE_CURVE('',#3140,#2982,#3307,.F.) ;
#3325=EDGE_CURVE('',#3092,#2975,#3324,.F.) ;
#3342=EDGE_CURVE('',#3068,#2968,#3341,.F.) ;
#3359=EDGE_CURVE('',#3061,#2959,#3358,.F.) ;
#124=GEOMETRIC_SET('NONE',(#117,#222,#242,#294,#306,#318,#330)) ;
#378=ORIENTED_EDGE('',*,*,#357,.F.) ;
#379=ORIENTED_EDGE('',*,*,#364,.T.) ;
#380=ORIENTED_EDGE('',*,*,#371,.T.) ;
#381=ORIENTED_EDGE('',*,*,#376,.F.) ;
#395=ORIENTED_EDGE('',*,*,#388,.F.) ;
#396=ORIENTED_EDGE('',*,*,#376,.T.) ;
#397=ORIENTED_EDGE('',*,*,#393,.T.) ;
#398=ORIENTED_EDGE('',*,*,#364,.F.) ;
#407=ORIENTED_EDGE('',*,*,#357,.T.) ;
#408=ORIENTED_EDGE('',*,*,#388,.T.) ;
#445=ORIENTED_EDGE('',*,*,#424,.T.) ;
#446=ORIENTED_EDGE('',*,*,#431,.F.) ;
#447=ORIENTED_EDGE('',*,*,#438,.T.) ;
#448=ORIENTED_EDGE('',*,*,#443,.T.) ;
#476=ORIENTED_EDGE('',*,*,#462,.T.) ;
#477=ORIENTED_EDGE('',*,*,#443,.F.) ;
#478=ORIENTED_EDGE('',*,*,#469,.T.) ;
#479=ORIENTED_EDGE('',*,*,#474,.T.) ;
#507=ORIENTED_EDGE('',*,*,#493,.T.) ;
#508=ORIENTED_EDGE('',*,*,#500,.F.) ;
#509=ORIENTED_EDGE('',*,*,#505,.T.) ;
#510=ORIENTED_EDGE('',*,*,#431,.T.) ;
#538=ORIENTED_EDGE('',*,*,#474,.F.) ;
#539=ORIENTED_EDGE('',*,*,#524,.F.) ;
#540=ORIENTED_EDGE('',*,*,#531,.T.) ;
#541=ORIENTED_EDGE('',*,*,#536,.T.) ;
#569=ORIENTED_EDGE('',*,*,#555,.T.) ;
#570=ORIENTED_EDGE('',*,*,#531,.F.) ;
#571=ORIENTED_EDGE('',*,*,#562,.T.) ;
#572=ORIENTED_EDGE('',*,*,#567,.T.) ;
#600=ORIENTED_EDGE('',*,*,#567,.F.) ;
#601=ORIENTED_EDGE('',*,*,#586,.F.) ;
#602=ORIENTED_EDGE('',*,*,#593,.F.) ;
#603=ORIENTED_EDGE('',*,*,#598,.T.) ;
#631=ORIENTED_EDGE('',*,*,#619,.F.) ;
#632=ORIENTED_EDGE('',*,*,#624,.F.) ;
#633=ORIENTED_EDGE('',*,*,#593,.T.) ;
#634=ORIENTED_EDGE('',*,*,#629,.F.) ;
#662=ORIENTED_EDGE('',*,*,#648,.T.) ;
#663=ORIENTED_EDGE('',*,*,#655,.F.) ;
#664=ORIENTED_EDGE('',*,*,#660,.T.) ;
#665=ORIENTED_EDGE('',*,*,#619,.T.) ;
#693=ORIENTED_EDGE('',*,*,#681,.F.) ;
#694=ORIENTED_EDGE('',*,*,#686,.F.) ;
#695=ORIENTED_EDGE('',*,*,#655,.T.) ;
#696=ORIENTED_EDGE('',*,*,#691,.F.) ;
#724=ORIENTED_EDGE('',*,*,#681,.T.) ;
#725=ORIENTED_EDGE('',*,*,#710,.F.) ;
#726=ORIENTED_EDGE('',*,*,#717,.T.) ;
#727=ORIENTED_EDGE('',*,*,#722,.T.) ;
#755=ORIENTED_EDGE('',*,*,#741,.T.) ;
#756=ORIENTED_EDGE('',*,*,#717,.F.) ;
#757=ORIENTED_EDGE('',*,*,#748,.T.) ;
#758=ORIENTED_EDGE('',*,*,#753,.T.) ;
#781=ORIENTED_EDGE('',*,*,#769,.T.) ;
#782=ORIENTED_EDGE('',*,*,#774,.T.) ;
#783=ORIENTED_EDGE('',*,*,#753,.F.) ;
#784=ORIENTED_EDGE('',*,*,#779,.F.) ;
#812=ORIENTED_EDGE('',*,*,#798,.T.) ;
#813=ORIENTED_EDGE('',*,*,#769,.F.) ;
#814=ORIENTED_EDGE('',*,*,#805,.T.) ;
#815=ORIENTED_EDGE('',*,*,#810,.T.) ;
#843=ORIENTED_EDGE('',*,*,#829,.T.) ;
#844=ORIENTED_EDGE('',*,*,#836,.T.) ;
#845=ORIENTED_EDGE('',*,*,#841,.T.) ;
#846=ORIENTED_EDGE('',*,*,#810,.F.) ;
#874=ORIENTED_EDGE('',*,*,#860,.T.) ;
#875=ORIENTED_EDGE('',*,*,#836,.F.) ;
#876=ORIENTED_EDGE('',*,*,#867,.T.) ;
#877=ORIENTED_EDGE('',*,*,#872,.T.) ;
#905=ORIENTED_EDGE('',*,*,#872,.F.) ;
#906=ORIENTED_EDGE('',*,*,#891,.F.) ;
#907=ORIENTED_EDGE('',*,*,#898,.T.) ;
#908=ORIENTED_EDGE('',*,*,#903,.T.) ;
#936=ORIENTED_EDGE('',*,*,#922,.T.) ;
#937=ORIENTED_EDGE('',*,*,#898,.F.) ;
#938=ORIENTED_EDGE('',*,*,#929,.T.) ;
#939=ORIENTED_EDGE('',*,*,#934,.T.) ;
#962=ORIENTED_EDGE('',*,*,#934,.F.) ;
#963=ORIENTED_EDGE('',*,*,#948,.F.) ;
#964=ORIENTED_EDGE('',*,*,#955,.F.) ;
#965=ORIENTED_EDGE('',*,*,#960,.T.) ;
#993=ORIENTED_EDGE('',*,*,#981,.F.) ;
#994=ORIENTED_EDGE('',*,*,#986,.F.) ;
#995=ORIENTED_EDGE('',*,*,#955,.T.) ;
#996=ORIENTED_EDGE('',*,*,#991,.F.) ;
#1024=ORIENTED_EDGE('',*,*,#981,.T.) ;
#1025=ORIENTED_EDGE('',*,*,#1010,.F.) ;
#1026=ORIENTED_EDGE('',*,*,#1017,.F.) ;
#1027=ORIENTED_EDGE('',*,*,#1022,.T.) ;
#1055=ORIENTED_EDGE('',*,*,#1043,.F.) ;
#1056=ORIENTED_EDGE('',*,*,#1048,.F.) ;
#1057=ORIENTED_EDGE('',*,*,#1017,.T.) ;
#1058=ORIENTED_EDGE('',*,*,#1053,.F.) ;
#1081=ORIENTED_EDGE('',*,*,#1043,.T.) ;
#1082=ORIENTED_EDGE('',*,*,#1067,.F.) ;
#1083=ORIENTED_EDGE('',*,*,#1074,.T.) ;
#1084=ORIENTED_EDGE('',*,*,#1079,.T.) ;
#1112=ORIENTED_EDGE('',*,*,#1098,.T.) ;
#1113=ORIENTED_EDGE('',*,*,#1074,.F.) ;
#1114=ORIENTED_EDGE('',*,*,#1105,.T.) ;
#1115=ORIENTED_EDGE('',*,*,#1110,.T.) ;
#1129=ORIENTED_EDGE('',*,*,#500,.T.) ;
#1130=ORIENTED_EDGE('',*,*,#1122,.T.) ;
#1131=ORIENTED_EDGE('',*,*,#1110,.F.) ;
#1132=ORIENTED_EDGE('',*,*,#1127,.F.) ;
#1141=ORIENTED_EDGE('',*,*,#798,.F.) ;
#1142=ORIENTED_EDGE('',*,*,#841,.F.) ;
#1143=ORIENTED_EDGE('',*,*,#860,.F.) ;
#1144=ORIENTED_EDGE('',*,*,#903,.F.) ;
#1145=ORIENTED_EDGE('',*,*,#922,.F.) ;
#1146=ORIENTED_EDGE('',*,*,#960,.F.) ;
#1147=ORIENTED_EDGE('',*,*,#986,.T.) ;
#1148=ORIENTED_EDGE('',*,*,#1022,.F.) ;
#1149=ORIENTED_EDGE('',*,*,#1048,.T.) ;
#1150=ORIENTED_EDGE('',*,*,#1079,.F.) ;
#1151=ORIENTED_EDGE('',*,*,#1098,.F.) ;
#1152=ORIENTED_EDGE('',*,*,#1122,.F.) ;
#1153=ORIENTED_EDGE('',*,*,#493,.F.) ;
#1154=ORIENTED_EDGE('',*,*,#424,.F.) ;
#1155=ORIENTED_EDGE('',*,*,#462,.F.) ;
#1156=ORIENTED_EDGE('',*,*,#536,.F.) ;
#1157=ORIENTED_EDGE('',*,*,#555,.F.) ;
#1158=ORIENTED_EDGE('',*,*,#598,.F.) ;
#1159=ORIENTED_EDGE('',*,*,#624,.T.) ;
#1160=ORIENTED_EDGE('',*,*,#660,.F.) ;
#1161=ORIENTED_EDGE('',*,*,#686,.T.) ;
#1162=ORIENTED_EDGE('',*,*,#722,.F.) ;
#1163=ORIENTED_EDGE('',*,*,#741,.F.) ;
#1164=ORIENTED_EDGE('',*,*,#774,.F.) ;
#1201=ORIENTED_EDGE('',*,*,#1180,.F.) ;
#1202=ORIENTED_EDGE('',*,*,#1187,.T.) ;
#1203=ORIENTED_EDGE('',*,*,#1194,.F.) ;
#1204=ORIENTED_EDGE('',*,*,#1199,.F.) ;
#1232=ORIENTED_EDGE('',*,*,#1220,.F.) ;
#1233=ORIENTED_EDGE('',*,*,#1225,.F.) ;
#1234=ORIENTED_EDGE('',*,*,#1180,.T.) ;
#1235=ORIENTED_EDGE('',*,*,#1230,.F.) ;
#1263=ORIENTED_EDGE('',*,*,#1249,.T.) ;
#1264=ORIENTED_EDGE('',*,*,#1256,.F.) ;
#1265=ORIENTED_EDGE('',*,*,#1261,.T.) ;
#1266=ORIENTED_EDGE('',*,*,#1194,.T.) ;
#1294=ORIENTED_EDGE('',*,*,#1282,.F.) ;
#1295=ORIENTED_EDGE('',*,*,#1287,.T.) ;
#1296=ORIENTED_EDGE('',*,*,#1220,.T.) ;
#1297=ORIENTED_EDGE('',*,*,#1292,.F.) ;
#1325=ORIENTED_EDGE('',*,*,#1313,.F.) ;
#1326=ORIENTED_EDGE('',*,*,#1318,.F.) ;
#1327=ORIENTED_EDGE('',*,*,#1282,.T.) ;
#1328=ORIENTED_EDGE('',*,*,#1323,.F.) ;
#1356=ORIENTED_EDGE('',*,*,#1344,.T.) ;
#1357=ORIENTED_EDGE('',*,*,#1349,.T.) ;
#1358=ORIENTED_EDGE('',*,*,#1313,.T.) ;
#1359=ORIENTED_EDGE('',*,*,#1354,.F.) ;
#1387=ORIENTED_EDGE('',*,*,#1373,.T.) ;
#1388=ORIENTED_EDGE('',*,*,#1344,.F.) ;
#1389=ORIENTED_EDGE('',*,*,#1380,.T.) ;
#1390=ORIENTED_EDGE('',*,*,#1385,.T.) ;
#1418=ORIENTED_EDGE('',*,*,#1404,.T.) ;
#1419=ORIENTED_EDGE('',*,*,#1385,.F.) ;
#1420=ORIENTED_EDGE('',*,*,#1411,.T.) ;
#1421=ORIENTED_EDGE('',*,*,#1416,.T.) ;
#1449=ORIENTED_EDGE('',*,*,#1435,.T.) ;
#1450=ORIENTED_EDGE('',*,*,#1416,.F.) ;
#1451=ORIENTED_EDGE('',*,*,#1442,.T.) ;
#1452=ORIENTED_EDGE('',*,*,#1447,.T.) ;
#1475=ORIENTED_EDGE('',*,*,#1461,.T.) ;
#1476=ORIENTED_EDGE('',*,*,#1468,.T.) ;
#1477=ORIENTED_EDGE('',*,*,#1473,.T.) ;
#1478=ORIENTED_EDGE('',*,*,#1447,.F.) ;
#1506=ORIENTED_EDGE('',*,*,#1492,.T.) ;
#1507=ORIENTED_EDGE('',*,*,#1468,.F.) ;
#1508=ORIENTED_EDGE('',*,*,#1499,.T.) ;
#1509=ORIENTED_EDGE('',*,*,#1504,.T.) ;
#1537=ORIENTED_EDGE('',*,*,#1523,.T.) ;
#1538=ORIENTED_EDGE('',*,*,#1530,.T.) ;
#1539=ORIENTED_EDGE('',*,*,#1535,.T.) ;
#1540=ORIENTED_EDGE('',*,*,#1504,.F.) ;
#1568=ORIENTED_EDGE('',*,*,#1554,.T.) ;
#1569=ORIENTED_EDGE('',*,*,#1530,.F.) ;
#1570=ORIENTED_EDGE('',*,*,#1561,.T.) ;
#1571=ORIENTED_EDGE('',*,*,#1566,.T.) ;
#1594=ORIENTED_EDGE('',*,*,#1566,.F.) ;
#1595=ORIENTED_EDGE('',*,*,#1580,.F.) ;
#1596=ORIENTED_EDGE('',*,*,#1587,.F.) ;
#1597=ORIENTED_EDGE('',*,*,#1592,.T.) ;
#1625=ORIENTED_EDGE('',*,*,#1613,.F.) ;
#1626=ORIENTED_EDGE('',*,*,#1618,.F.) ;
#1627=ORIENTED_EDGE('',*,*,#1587,.T.) ;
#1628=ORIENTED_EDGE('',*,*,#1623,.F.) ;
#1656=ORIENTED_EDGE('',*,*,#1642,.T.) ;
#1657=ORIENTED_EDGE('',*,*,#1649,.F.) ;
#1658=ORIENTED_EDGE('',*,*,#1654,.T.) ;
#1659=ORIENTED_EDGE('',*,*,#1613,.T.) ;
#1687=ORIENTED_EDGE('',*,*,#1675,.F.) ;
#1688=ORIENTED_EDGE('',*,*,#1680,.F.) ;
#1689=ORIENTED_EDGE('',*,*,#1649,.T.) ;
#1690=ORIENTED_EDGE('',*,*,#1685,.F.) ;
#1713=ORIENTED_EDGE('',*,*,#1675,.T.) ;
#1714=ORIENTED_EDGE('',*,*,#1699,.F.) ;
#1715=ORIENTED_EDGE('',*,*,#1706,.T.) ;
#1716=ORIENTED_EDGE('',*,*,#1711,.T.) ;
#1744=ORIENTED_EDGE('',*,*,#1730,.T.) ;
#1745=ORIENTED_EDGE('',*,*,#1706,.F.) ;
#1746=ORIENTED_EDGE('',*,*,#1737,.T.) ;
#1747=ORIENTED_EDGE('',*,*,#1742,.T.) ;
#1770=ORIENTED_EDGE('',*,*,#1756,.T.) ;
#1771=ORIENTED_EDGE('',*,*,#1742,.F.) ;
#1772=ORIENTED_EDGE('',*,*,#1763,.T.) ;
#1773=ORIENTED_EDGE('',*,*,#1768,.T.) ;
#1801=ORIENTED_EDGE('',*,*,#1787,.T.) ;
#1802=ORIENTED_EDGE('',*,*,#1768,.F.) ;
#1803=ORIENTED_EDGE('',*,*,#1794,.T.) ;
#1804=ORIENTED_EDGE('',*,*,#1799,.T.) ;
#1827=ORIENTED_EDGE('',*,*,#1813,.T.) ;
#1828=ORIENTED_EDGE('',*,*,#1799,.F.) ;
#1829=ORIENTED_EDGE('',*,*,#1820,.T.) ;
#1830=ORIENTED_EDGE('',*,*,#1825,.T.) ;
#1858=ORIENTED_EDGE('',*,*,#1844,.T.) ;
#1859=ORIENTED_EDGE('',*,*,#1825,.F.) ;
#1860=ORIENTED_EDGE('',*,*,#1851,.T.) ;
#1861=ORIENTED_EDGE('',*,*,#1856,.T.) ;
#1875=ORIENTED_EDGE('',*,*,#1868,.T.) ;
#1876=ORIENTED_EDGE('',*,*,#1256,.T.) ;
#1877=ORIENTED_EDGE('',*,*,#1873,.T.) ;
#1878=ORIENTED_EDGE('',*,*,#1856,.F.) ;
#1882=ORIENTED_EDGE('',*,*,#1435,.F.) ;
#1883=ORIENTED_EDGE('',*,*,#1473,.F.) ;
#1884=ORIENTED_EDGE('',*,*,#1492,.F.) ;
#1885=ORIENTED_EDGE('',*,*,#1535,.F.) ;
#1886=ORIENTED_EDGE('',*,*,#1554,.F.) ;
#1887=ORIENTED_EDGE('',*,*,#1592,.F.) ;
#1888=ORIENTED_EDGE('',*,*,#1618,.T.) ;
#1889=ORIENTED_EDGE('',*,*,#1654,.F.) ;
#1890=ORIENTED_EDGE('',*,*,#1680,.T.) ;
#1891=ORIENTED_EDGE('',*,*,#1711,.F.) ;
#1892=ORIENTED_EDGE('',*,*,#1730,.F.) ;
#1893=ORIENTED_EDGE('',*,*,#1756,.F.) ;
#1894=ORIENTED_EDGE('',*,*,#1787,.F.) ;
#1895=ORIENTED_EDGE('',*,*,#1813,.F.) ;
#1896=ORIENTED_EDGE('',*,*,#1844,.F.) ;
#1897=ORIENTED_EDGE('',*,*,#1873,.F.) ;
#1898=ORIENTED_EDGE('',*,*,#1249,.F.) ;
#1899=ORIENTED_EDGE('',*,*,#1187,.F.) ;
#1900=ORIENTED_EDGE('',*,*,#1225,.T.) ;
#1901=ORIENTED_EDGE('',*,*,#1287,.F.) ;
#1902=ORIENTED_EDGE('',*,*,#1318,.T.) ;
#1903=ORIENTED_EDGE('',*,*,#1349,.F.) ;
#1904=ORIENTED_EDGE('',*,*,#1373,.F.) ;
#1905=ORIENTED_EDGE('',*,*,#1404,.F.) ;
#1942=ORIENTED_EDGE('',*,*,#1921,.F.) ;
#1943=ORIENTED_EDGE('',*,*,#1928,.T.) ;
#1944=ORIENTED_EDGE('',*,*,#1935,.T.) ;
#1945=ORIENTED_EDGE('',*,*,#1940,.F.) ;
#1973=ORIENTED_EDGE('',*,*,#1961,.F.) ;
#1974=ORIENTED_EDGE('',*,*,#1966,.F.) ;
#1975=ORIENTED_EDGE('',*,*,#1921,.T.) ;
#1976=ORIENTED_EDGE('',*,*,#1971,.F.) ;
#2004=ORIENTED_EDGE('',*,*,#1935,.F.) ;
#2005=ORIENTED_EDGE('',*,*,#1990,.F.) ;
#2006=ORIENTED_EDGE('',*,*,#1997,.T.) ;
#2007=ORIENTED_EDGE('',*,*,#2002,.F.) ;
#2035=ORIENTED_EDGE('',*,*,#2021,.F.) ;
#2036=ORIENTED_EDGE('',*,*,#2028,.F.) ;
#2037=ORIENTED_EDGE('',*,*,#2033,.T.) ;
#2038=ORIENTED_EDGE('',*,*,#1961,.T.) ;
#2066=ORIENTED_EDGE('',*,*,#2054,.F.) ;
#2067=ORIENTED_EDGE('',*,*,#2059,.F.) ;
#2068=ORIENTED_EDGE('',*,*,#2028,.T.) ;
#2069=ORIENTED_EDGE('',*,*,#2064,.F.) ;
#2097=ORIENTED_EDGE('',*,*,#2083,.T.) ;
#2098=ORIENTED_EDGE('',*,*,#2090,.T.) ;
#2099=ORIENTED_EDGE('',*,*,#2095,.F.) ;
#2100=ORIENTED_EDGE('',*,*,#1997,.F.) ;
#2128=ORIENTED_EDGE('',*,*,#2090,.F.) ;
#2129=ORIENTED_EDGE('',*,*,#2114,.F.) ;
#2130=ORIENTED_EDGE('',*,*,#2121,.T.) ;
#2131=ORIENTED_EDGE('',*,*,#2126,.F.) ;
#2150=ORIENTED_EDGE('',*,*,#2121,.F.) ;
#2151=ORIENTED_EDGE('',*,*,#2143,.T.) ;
#2152=ORIENTED_EDGE('',*,*,#2054,.T.) ;
#2153=ORIENTED_EDGE('',*,*,#2148,.F.) ;
#2185=ORIENTED_EDGE('',*,*,#2164,.F.) ;
#2186=ORIENTED_EDGE('',*,*,#2171,.T.) ;
#2187=ORIENTED_EDGE('',*,*,#2178,.T.) ;
#2188=ORIENTED_EDGE('',*,*,#2183,.F.) ;
#2216=ORIENTED_EDGE('',*,*,#2178,.F.) ;
#2217=ORIENTED_EDGE('',*,*,#2202,.F.) ;
#2218=ORIENTED_EDGE('',*,*,#2209,.T.) ;
#2219=ORIENTED_EDGE('',*,*,#2214,.F.) ;
#2247=ORIENTED_EDGE('',*,*,#2235,.F.) ;
#2248=ORIENTED_EDGE('',*,*,#2240,.F.) ;
#2249=ORIENTED_EDGE('',*,*,#2164,.T.) ;
#2250=ORIENTED_EDGE('',*,*,#2245,.F.) ;
#2278=ORIENTED_EDGE('',*,*,#2209,.F.) ;
#2279=ORIENTED_EDGE('',*,*,#2264,.T.) ;
#2280=ORIENTED_EDGE('',*,*,#2271,.T.) ;
#2281=ORIENTED_EDGE('',*,*,#2276,.F.) ;
#2309=ORIENTED_EDGE('',*,*,#2271,.F.) ;
#2310=ORIENTED_EDGE('',*,*,#2295,.F.) ;
#2311=ORIENTED_EDGE('',*,*,#2302,.T.) ;
#2312=ORIENTED_EDGE('',*,*,#2307,.F.) ;
#2340=ORIENTED_EDGE('',*,*,#2328,.F.) ;
#2341=ORIENTED_EDGE('',*,*,#2333,.T.) ;
#2342=ORIENTED_EDGE('',*,*,#2235,.T.) ;
#2343=ORIENTED_EDGE('',*,*,#2338,.F.) ;
#2371=ORIENTED_EDGE('',*,*,#2359,.F.) ;
#2372=ORIENTED_EDGE('',*,*,#2364,.F.) ;
#2373=ORIENTED_EDGE('',*,*,#2328,.T.) ;
#2374=ORIENTED_EDGE('',*,*,#2369,.F.) ;
#2388=ORIENTED_EDGE('',*,*,#2359,.T.) ;
#2389=ORIENTED_EDGE('',*,*,#2381,.F.) ;
#2390=ORIENTED_EDGE('',*,*,#2302,.F.) ;
#2391=ORIENTED_EDGE('',*,*,#2386,.T.) ;
#2428=ORIENTED_EDGE('',*,*,#2407,.T.) ;
#2429=ORIENTED_EDGE('',*,*,#2414,.F.) ;
#2430=ORIENTED_EDGE('',*,*,#2421,.F.) ;
#2431=ORIENTED_EDGE('',*,*,#2426,.T.) ;
#2459=ORIENTED_EDGE('',*,*,#2445,.T.) ;
#2460=ORIENTED_EDGE('',*,*,#2421,.T.) ;
#2461=ORIENTED_EDGE('',*,*,#2452,.T.) ;
#2462=ORIENTED_EDGE('',*,*,#2457,.F.) ;
#2490=ORIENTED_EDGE('',*,*,#2457,.T.) ;
#2491=ORIENTED_EDGE('',*,*,#2476,.F.) ;
#2492=ORIENTED_EDGE('',*,*,#2483,.F.) ;
#2493=ORIENTED_EDGE('',*,*,#2488,.T.) ;
#2512=ORIENTED_EDGE('',*,*,#2505,.T.) ;
#2513=ORIENTED_EDGE('',*,*,#2483,.T.) ;
#2514=ORIENTED_EDGE('',*,*,#2510,.T.) ;
#2515=ORIENTED_EDGE('',*,*,#2407,.F.) ;
#2552=ORIENTED_EDGE('',*,*,#2531,.F.) ;
#2553=ORIENTED_EDGE('',*,*,#2538,.T.) ;
#2554=ORIENTED_EDGE('',*,*,#2545,.T.) ;
#2555=ORIENTED_EDGE('',*,*,#2550,.F.) ;
#2583=ORIENTED_EDGE('',*,*,#2571,.F.) ;
#2584=ORIENTED_EDGE('',*,*,#2576,.T.) ;
#2585=ORIENTED_EDGE('',*,*,#2531,.T.) ;
#2586=ORIENTED_EDGE('',*,*,#2581,.F.) ;
#2614=ORIENTED_EDGE('',*,*,#2602,.F.) ;
#2615=ORIENTED_EDGE('',*,*,#2607,.T.) ;
#2616=ORIENTED_EDGE('',*,*,#2571,.T.) ;
#2617=ORIENTED_EDGE('',*,*,#2612,.F.) ;
#2636=ORIENTED_EDGE('',*,*,#2545,.F.) ;
#2637=ORIENTED_EDGE('',*,*,#2629,.T.) ;
#2638=ORIENTED_EDGE('',*,*,#2602,.T.) ;
#2639=ORIENTED_EDGE('',*,*,#2634,.F.) ;
#2648=ORIENTED_EDGE('',*,*,#2634,.T.) ;
#2649=ORIENTED_EDGE('',*,*,#2612,.T.) ;
#2650=ORIENTED_EDGE('',*,*,#2581,.T.) ;
#2651=ORIENTED_EDGE('',*,*,#2550,.T.) ;
#2654=ORIENTED_EDGE('',*,*,#2510,.F.) ;
#2655=ORIENTED_EDGE('',*,*,#2476,.T.) ;
#2656=ORIENTED_EDGE('',*,*,#2452,.F.) ;
#2657=ORIENTED_EDGE('',*,*,#2414,.T.) ;
#2694=ORIENTED_EDGE('',*,*,#2673,.F.) ;
#2695=ORIENTED_EDGE('',*,*,#2680,.T.) ;
#2696=ORIENTED_EDGE('',*,*,#2687,.T.) ;
#2697=ORIENTED_EDGE('',*,*,#2692,.F.) ;
#2720=ORIENTED_EDGE('',*,*,#2687,.F.) ;
#2721=ORIENTED_EDGE('',*,*,#2706,.T.) ;
#2722=ORIENTED_EDGE('',*,*,#2713,.T.) ;
#2723=ORIENTED_EDGE('',*,*,#2718,.F.) ;
#2751=ORIENTED_EDGE('',*,*,#2713,.F.) ;
#2752=ORIENTED_EDGE('',*,*,#2737,.T.) ;
#2753=ORIENTED_EDGE('',*,*,#2744,.T.) ;
#2754=ORIENTED_EDGE('',*,*,#2749,.F.) ;
#2768=ORIENTED_EDGE('',*,*,#2744,.F.) ;
#2769=ORIENTED_EDGE('',*,*,#2761,.T.) ;
#2770=ORIENTED_EDGE('',*,*,#2673,.T.) ;
#2771=ORIENTED_EDGE('',*,*,#2766,.F.) ;
#2780=ORIENTED_EDGE('',*,*,#2692,.T.) ;
#2781=ORIENTED_EDGE('',*,*,#2718,.T.) ;
#2782=ORIENTED_EDGE('',*,*,#2749,.T.) ;
#2783=ORIENTED_EDGE('',*,*,#2766,.T.) ;
#2786=ORIENTED_EDGE('',*,*,#2426,.F.) ;
#2787=ORIENTED_EDGE('',*,*,#2445,.F.) ;
#2788=ORIENTED_EDGE('',*,*,#2488,.F.) ;
#2789=ORIENTED_EDGE('',*,*,#2505,.F.) ;
#2798=ORIENTED_EDGE('',*,*,#1966,.T.) ;
#2799=ORIENTED_EDGE('',*,*,#2033,.F.) ;
#2800=ORIENTED_EDGE('',*,*,#2059,.T.) ;
#2801=ORIENTED_EDGE('',*,*,#2143,.F.) ;
#2802=ORIENTED_EDGE('',*,*,#2114,.T.) ;
#2803=ORIENTED_EDGE('',*,*,#2083,.F.) ;
#2804=ORIENTED_EDGE('',*,*,#1990,.T.) ;
#2805=ORIENTED_EDGE('',*,*,#1928,.F.) ;
#2808=ORIENTED_EDGE('',*,*,#779,.T.) ;
#2809=ORIENTED_EDGE('',*,*,#748,.F.) ;
#2810=ORIENTED_EDGE('',*,*,#710,.T.) ;
#2811=ORIENTED_EDGE('',*,*,#691,.T.) ;
#2812=ORIENTED_EDGE('',*,*,#648,.F.) ;
#2813=ORIENTED_EDGE('',*,*,#629,.T.) ;
#2814=ORIENTED_EDGE('',*,*,#586,.T.) ;
#2815=ORIENTED_EDGE('',*,*,#562,.F.) ;
#2816=ORIENTED_EDGE('',*,*,#524,.T.) ;
#2817=ORIENTED_EDGE('',*,*,#469,.F.) ;
#2818=ORIENTED_EDGE('',*,*,#438,.F.) ;
#2819=ORIENTED_EDGE('',*,*,#505,.F.) ;
#2820=ORIENTED_EDGE('',*,*,#1127,.T.) ;
#2821=ORIENTED_EDGE('',*,*,#1105,.F.) ;
#2822=ORIENTED_EDGE('',*,*,#1067,.T.) ;
#2823=ORIENTED_EDGE('',*,*,#1053,.T.) ;
#2824=ORIENTED_EDGE('',*,*,#1010,.T.) ;
#2825=ORIENTED_EDGE('',*,*,#991,.T.) ;
#2826=ORIENTED_EDGE('',*,*,#948,.T.) ;
#2827=ORIENTED_EDGE('',*,*,#929,.F.) ;
#2828=ORIENTED_EDGE('',*,*,#891,.T.) ;
#2829=ORIENTED_EDGE('',*,*,#867,.F.) ;
#2830=ORIENTED_EDGE('',*,*,#829,.F.) ;
#2831=ORIENTED_EDGE('',*,*,#805,.F.) ;
#2835=ORIENTED_EDGE('',*,*,#2364,.T.) ;
#2836=ORIENTED_EDGE('',*,*,#2386,.F.) ;
#2837=ORIENTED_EDGE('',*,*,#2295,.T.) ;
#2838=ORIENTED_EDGE('',*,*,#2264,.F.) ;
#2839=ORIENTED_EDGE('',*,*,#2202,.T.) ;
#2840=ORIENTED_EDGE('',*,*,#2171,.F.) ;
#2841=ORIENTED_EDGE('',*,*,#2240,.T.) ;
#2842=ORIENTED_EDGE('',*,*,#2333,.F.) ;
#2845=ORIENTED_EDGE('',*,*,#1411,.F.) ;
#2846=ORIENTED_EDGE('',*,*,#1380,.F.) ;
#2847=ORIENTED_EDGE('',*,*,#1354,.T.) ;
#2848=ORIENTED_EDGE('',*,*,#1323,.T.) ;
#2849=ORIENTED_EDGE('',*,*,#1292,.T.) ;
#2850=ORIENTED_EDGE('',*,*,#1230,.T.) ;
#2851=ORIENTED_EDGE('',*,*,#1199,.T.) ;
#2852=ORIENTED_EDGE('',*,*,#1261,.F.) ;
#2853=ORIENTED_EDGE('',*,*,#1868,.F.) ;
#2854=ORIENTED_EDGE('',*,*,#1851,.F.) ;
#2855=ORIENTED_EDGE('',*,*,#1820,.F.) ;
#2856=ORIENTED_EDGE('',*,*,#1794,.F.) ;
#2857=ORIENTED_EDGE('',*,*,#1763,.F.) ;
#2858=ORIENTED_EDGE('',*,*,#1737,.F.) ;
#2859=ORIENTED_EDGE('',*,*,#1699,.T.) ;
#2860=ORIENTED_EDGE('',*,*,#1685,.T.) ;
#2861=ORIENTED_EDGE('',*,*,#1642,.F.) ;
#2862=ORIENTED_EDGE('',*,*,#1623,.T.) ;
#2863=ORIENTED_EDGE('',*,*,#1580,.T.) ;
#2864=ORIENTED_EDGE('',*,*,#1561,.F.) ;
#2865=ORIENTED_EDGE('',*,*,#1523,.F.) ;
#2866=ORIENTED_EDGE('',*,*,#1499,.F.) ;
#2867=ORIENTED_EDGE('',*,*,#1461,.F.) ;
#2868=ORIENTED_EDGE('',*,*,#1442,.F.) ;
#2933=ORIENTED_EDGE('',*,*,#2884,.T.) ;
#2934=ORIENTED_EDGE('',*,*,#2891,.F.) ;
#2935=ORIENTED_EDGE('',*,*,#2898,.T.) ;
#2936=ORIENTED_EDGE('',*,*,#2905,.F.) ;
#2937=ORIENTED_EDGE('',*,*,#2912,.T.) ;
#2938=ORIENTED_EDGE('',*,*,#2919,.F.) ;
#2939=ORIENTED_EDGE('',*,*,#2926,.T.) ;
#2940=ORIENTED_EDGE('',*,*,#2931,.F.) ;
#2943=ORIENTED_EDGE('',*,*,#2629,.F.) ;
#2944=ORIENTED_EDGE('',*,*,#2538,.F.) ;
#2945=ORIENTED_EDGE('',*,*,#2576,.F.) ;
#2946=ORIENTED_EDGE('',*,*,#2607,.F.) ;
#3011=ORIENTED_EDGE('',*,*,#2962,.F.) ;
#3012=ORIENTED_EDGE('',*,*,#2969,.F.) ;
#3013=ORIENTED_EDGE('',*,*,#2976,.F.) ;
#3014=ORIENTED_EDGE('',*,*,#2983,.F.) ;
#3015=ORIENTED_EDGE('',*,*,#2990,.F.) ;
#3016=ORIENTED_EDGE('',*,*,#2997,.F.) ;
#3017=ORIENTED_EDGE('',*,*,#3004,.F.) ;
#3018=ORIENTED_EDGE('',*,*,#3009,.F.) ;
#3021=ORIENTED_EDGE('',*,*,#2338,.T.) ;
#3022=ORIENTED_EDGE('',*,*,#2245,.T.) ;
#3023=ORIENTED_EDGE('',*,*,#2183,.T.) ;
#3024=ORIENTED_EDGE('',*,*,#2214,.T.) ;
#3025=ORIENTED_EDGE('',*,*,#2276,.T.) ;
#3026=ORIENTED_EDGE('',*,*,#2307,.T.) ;
#3027=ORIENTED_EDGE('',*,*,#2381,.T.) ;
#3028=ORIENTED_EDGE('',*,*,#2369,.T.) ;
#3031=ORIENTED_EDGE('',*,*,#1940,.T.) ;
#3032=ORIENTED_EDGE('',*,*,#2002,.T.) ;
#3033=ORIENTED_EDGE('',*,*,#2095,.T.) ;
#3034=ORIENTED_EDGE('',*,*,#2126,.T.) ;
#3035=ORIENTED_EDGE('',*,*,#2148,.T.) ;
#3036=ORIENTED_EDGE('',*,*,#2064,.T.) ;
#3037=ORIENTED_EDGE('',*,*,#2021,.T.) ;
#3038=ORIENTED_EDGE('',*,*,#1971,.T.) ;
#3041=ORIENTED_EDGE('',*,*,#393,.F.) ;
#3042=ORIENTED_EDGE('',*,*,#371,.F.) ;
#3045=ORIENTED_EDGE('',*,*,#2761,.F.) ;
#3046=ORIENTED_EDGE('',*,*,#2737,.F.) ;
#3047=ORIENTED_EDGE('',*,*,#2706,.F.) ;
#3048=ORIENTED_EDGE('',*,*,#2680,.F.) ;
#3076=ORIENTED_EDGE('',*,*,#3062,.F.) ;
#3077=ORIENTED_EDGE('',*,*,#2884,.F.) ;
#3078=ORIENTED_EDGE('',*,*,#3069,.T.) ;
#3079=ORIENTED_EDGE('',*,*,#3074,.T.) ;
#3100=ORIENTED_EDGE('',*,*,#3069,.F.) ;
#3101=ORIENTED_EDGE('',*,*,#2931,.T.) ;
#3102=ORIENTED_EDGE('',*,*,#3093,.T.) ;
#3103=ORIENTED_EDGE('',*,*,#3098,.T.) ;
#3124=ORIENTED_EDGE('',*,*,#3117,.F.) ;
#3125=ORIENTED_EDGE('',*,*,#2891,.T.) ;
#3126=ORIENTED_EDGE('',*,*,#3062,.T.) ;
#3127=ORIENTED_EDGE('',*,*,#3122,.T.) ;
#3148=ORIENTED_EDGE('',*,*,#3141,.T.) ;
#3149=ORIENTED_EDGE('',*,*,#3093,.F.) ;
#3150=ORIENTED_EDGE('',*,*,#2926,.F.) ;
#3151=ORIENTED_EDGE('',*,*,#3146,.T.) ;
#3172=ORIENTED_EDGE('',*,*,#3146,.F.) ;
#3173=ORIENTED_EDGE('',*,*,#2919,.T.) ;
#3174=ORIENTED_EDGE('',*,*,#3165,.T.) ;
#3175=ORIENTED_EDGE('',*,*,#3170,.T.) ;
#3196=ORIENTED_EDGE('',*,*,#3165,.F.) ;
#3197=ORIENTED_EDGE('',*,*,#2912,.F.) ;
#3198=ORIENTED_EDGE('',*,*,#3189,.T.) ;
#3199=ORIENTED_EDGE('',*,*,#3194,.T.) ;
#3220=ORIENTED_EDGE('',*,*,#3189,.F.) ;
#3221=ORIENTED_EDGE('',*,*,#2905,.T.) ;
#3222=ORIENTED_EDGE('',*,*,#3213,.T.) ;
#3223=ORIENTED_EDGE('',*,*,#3218,.T.) ;
#3237=ORIENTED_EDGE('',*,*,#3235,.T.) ;
#3238=ORIENTED_EDGE('',*,*,#3213,.F.) ;
#3239=ORIENTED_EDGE('',*,*,#2898,.F.) ;
#3240=ORIENTED_EDGE('',*,*,#3117,.T.) ;
#3259=ORIENTED_EDGE('',*,*,#3252,.T.) ;
#3260=ORIENTED_EDGE('',*,*,#3009,.T.) ;
#3261=ORIENTED_EDGE('',*,*,#3257,.F.) ;
#3262=ORIENTED_EDGE('',*,*,#3235,.F.) ;
#3276=ORIENTED_EDGE('',*,*,#3257,.T.) ;
#3277=ORIENTED_EDGE('',*,*,#3004,.T.) ;
#3278=ORIENTED_EDGE('',*,*,#3274,.F.) ;
#3279=ORIENTED_EDGE('',*,*,#3218,.F.) ;
#3293=ORIENTED_EDGE('',*,*,#3274,.T.) ;
#3294=ORIENTED_EDGE('',*,*,#2997,.T.) ;
#3295=ORIENTED_EDGE('',*,*,#3291,.F.) ;
#3296=ORIENTED_EDGE('',*,*,#3194,.F.) ;
#3310=ORIENTED_EDGE('',*,*,#3291,.T.) ;
#3311=ORIENTED_EDGE('',*,*,#2990,.T.) ;
#3312=ORIENTED_EDGE('',*,*,#3308,.F.) ;
#3313=ORIENTED_EDGE('',*,*,#3170,.F.) ;
#3327=ORIENTED_EDGE('',*,*,#3308,.T.) ;
#3328=ORIENTED_EDGE('',*,*,#2983,.T.) ;
#3329=ORIENTED_EDGE('',*,*,#3325,.F.) ;
#3330=ORIENTED_EDGE('',*,*,#3141,.F.) ;
#3344=ORIENTED_EDGE('',*,*,#3325,.T.) ;
#3345=ORIENTED_EDGE('',*,*,#2976,.T.) ;
#3346=ORIENTED_EDGE('',*,*,#3342,.F.) ;
#3347=ORIENTED_EDGE('',*,*,#3098,.F.) ;
#3361=ORIENTED_EDGE('',*,*,#3342,.T.) ;
#3362=ORIENTED_EDGE('',*,*,#2969,.T.) ;
#3363=ORIENTED_EDGE('',*,*,#3359,.F.) ;
#3364=ORIENTED_EDGE('',*,*,#3074,.F.) ;
#3373=ORIENTED_EDGE('',*,*,#3359,.T.) ;
#3374=ORIENTED_EDGE('',*,*,#2962,.T.) ;
#3375=ORIENTED_EDGE('',*,*,#3252,.F.) ;
#3376=ORIENTED_EDGE('',*,*,#3122,.F.) ;
#377=EDGE_LOOP('',(#378,#379,#380,#381)) ;
#394=EDGE_LOOP('',(#395,#396,#397,#398)) ;
#406=EDGE_LOOP('',(#407,#408)) ;
#444=EDGE_LOOP('',(#445,#446,#447,#448)) ;
#475=EDGE_LOOP('',(#476,#477,#478,#479)) ;
#506=EDGE_LOOP('',(#507,#508,#509,#510)) ;
#537=EDGE_LOOP('',(#538,#539,#540,#541)) ;
#568=EDGE_LOOP('',(#569,#570,#571,#572)) ;
#599=EDGE_LOOP('',(#600,#601,#602,#603)) ;
#630=EDGE_LOOP('',(#631,#632,#633,#634)) ;
#661=EDGE_LOOP('',(#662,#663,#664,#665)) ;
#692=EDGE_LOOP('',(#693,#694,#695,#696)) ;
#723=EDGE_LOOP('',(#724,#725,#726,#727)) ;
#754=EDGE_LOOP('',(#755,#756,#757,#758)) ;
#780=EDGE_LOOP('',(#781,#782,#783,#784)) ;
#811=EDGE_LOOP('',(#812,#813,#814,#815)) ;
#842=EDGE_LOOP('',(#843,#844,#845,#846)) ;
#873=EDGE_LOOP('',(#874,#875,#876,#877)) ;
#904=EDGE_LOOP('',(#905,#906,#907,#908)) ;
#935=EDGE_LOOP('',(#936,#937,#938,#939)) ;
#961=EDGE_LOOP('',(#962,#963,#964,#965)) ;
#992=EDGE_LOOP('',(#993,#994,#995,#996)) ;
#1023=EDGE_LOOP('',(#1024,#1025,#1026,#1027)) ;
#1054=EDGE_LOOP('',(#1055,#1056,#1057,#1058)) ;
#1080=EDGE_LOOP('',(#1081,#1082,#1083,#1084)) ;
#1111=EDGE_LOOP('',(#1112,#1113,#1114,#1115)) ;
#1128=EDGE_LOOP('',(#1129,#1130,#1131,#1132)) ;
#1140=EDGE_LOOP('',(#1141,#1142,#1143,#1144,#1145,#1146,#1147,#1148,#1149,#1150,#1151,#1152,#1153,#1154,#1155,#1156,#1157,#1158,#1159,#1160,#1161,#1162,#1163,#1164)) ;
#1200=EDGE_LOOP('',(#1201,#1202,#1203,#1204)) ;
#1231=EDGE_LOOP('',(#1232,#1233,#1234,#1235)) ;
#1262=EDGE_LOOP('',(#1263,#1264,#1265,#1266)) ;
#1293=EDGE_LOOP('',(#1294,#1295,#1296,#1297)) ;
#1324=EDGE_LOOP('',(#1325,#1326,#1327,#1328)) ;
#1355=EDGE_LOOP('',(#1356,#1357,#1358,#1359)) ;
#1386=EDGE_LOOP('',(#1387,#1388,#1389,#1390)) ;
#1417=EDGE_LOOP('',(#1418,#1419,#1420,#1421)) ;
#1448=EDGE_LOOP('',(#1449,#1450,#1451,#1452)) ;
#1474=EDGE_LOOP('',(#1475,#1476,#1477,#1478)) ;
#1505=EDGE_LOOP('',(#1506,#1507,#1508,#1509)) ;
#1536=EDGE_LOOP('',(#1537,#1538,#1539,#1540)) ;
#1567=EDGE_LOOP('',(#1568,#1569,#1570,#1571)) ;
#1593=EDGE_LOOP('',(#1594,#1595,#1596,#1597)) ;
#1624=EDGE_LOOP('',(#1625,#1626,#1627,#1628)) ;
#1655=EDGE_LOOP('',(#1656,#1657,#1658,#1659)) ;
#1686=EDGE_LOOP('',(#1687,#1688,#1689,#1690)) ;
#1712=EDGE_LOOP('',(#1713,#1714,#1715,#1716)) ;
#1743=EDGE_LOOP('',(#1744,#1745,#1746,#1747)) ;
#1769=EDGE_LOOP('',(#1770,#1771,#1772,#1773)) ;
#1800=EDGE_LOOP('',(#1801,#1802,#1803,#1804)) ;
#1826=EDGE_LOOP('',(#1827,#1828,#1829,#1830)) ;
#1857=EDGE_LOOP('',(#1858,#1859,#1860,#1861)) ;
#1874=EDGE_LOOP('',(#1875,#1876,#1877,#1878)) ;
#1881=EDGE_LOOP('',(#1882,#1883,#1884,#1885,#1886,#1887,#1888,#1889,#1890,#1891,#1892,#1893,#1894,#1895,#1896,#1897,#1898,#1899,#1900,#1901,#1902,#1903,#1904,#1905)) ;
#1941=EDGE_LOOP('',(#1942,#1943,#1944,#1945)) ;
#1972=EDGE_LOOP('',(#1973,#1974,#1975,#1976)) ;
#2003=EDGE_LOOP('',(#2004,#2005,#2006,#2007)) ;
#2034=EDGE_LOOP('',(#2035,#2036,#2037,#2038)) ;
#2065=EDGE_LOOP('',(#2066,#2067,#2068,#2069)) ;
#2096=EDGE_LOOP('',(#2097,#2098,#2099,#2100)) ;
#2127=EDGE_LOOP('',(#2128,#2129,#2130,#2131)) ;
#2149=EDGE_LOOP('',(#2150,#2151,#2152,#2153)) ;
#2184=EDGE_LOOP('',(#2185,#2186,#2187,#2188)) ;
#2215=EDGE_LOOP('',(#2216,#2217,#2218,#2219)) ;
#2246=EDGE_LOOP('',(#2247,#2248,#2249,#2250)) ;
#2277=EDGE_LOOP('',(#2278,#2279,#2280,#2281)) ;
#2308=EDGE_LOOP('',(#2309,#2310,#2311,#2312)) ;
#2339=EDGE_LOOP('',(#2340,#2341,#2342,#2343)) ;
#2370=EDGE_LOOP('',(#2371,#2372,#2373,#2374)) ;
#2387=EDGE_LOOP('',(#2388,#2389,#2390,#2391)) ;
#2427=EDGE_LOOP('',(#2428,#2429,#2430,#2431)) ;
#2458=EDGE_LOOP('',(#2459,#2460,#2461,#2462)) ;
#2489=EDGE_LOOP('',(#2490,#2491,#2492,#2493)) ;
#2511=EDGE_LOOP('',(#2512,#2513,#2514,#2515)) ;
#2551=EDGE_LOOP('',(#2552,#2553,#2554,#2555)) ;
#2582=EDGE_LOOP('',(#2583,#2584,#2585,#2586)) ;
#2613=EDGE_LOOP('',(#2614,#2615,#2616,#2617)) ;
#2635=EDGE_LOOP('',(#2636,#2637,#2638,#2639)) ;
#2647=EDGE_LOOP('',(#2648,#2649,#2650,#2651)) ;
#2653=EDGE_LOOP('',(#2654,#2655,#2656,#2657)) ;
#2693=EDGE_LOOP('',(#2694,#2695,#2696,#2697)) ;
#2719=EDGE_LOOP('',(#2720,#2721,#2722,#2723)) ;
#2750=EDGE_LOOP('',(#2751,#2752,#2753,#2754)) ;
#2767=EDGE_LOOP('',(#2768,#2769,#2770,#2771)) ;
#2779=EDGE_LOOP('',(#2780,#2781,#2782,#2783)) ;
#2785=EDGE_LOOP('',(#2786,#2787,#2788,#2789)) ;
#2797=EDGE_LOOP('',(#2798,#2799,#2800,#2801,#2802,#2803,#2804,#2805)) ;
#2807=EDGE_LOOP('',(#2808,#2809,#2810,#2811,#2812,#2813,#2814,#2815,#2816,#2817,#2818,#2819,#2820,#2821,#2822,#2823,#2824,#2825,#2826,#2827,#2828,#2829,#2830,#2831)) ;
#2834=EDGE_LOOP('',(#2835,#2836,#2837,#2838,#2839,#2840,#2841,#2842)) ;
#2844=EDGE_LOOP('',(#2845,#2846,#2847,#2848,#2849,#2850,#2851,#2852,#2853,#2854,#2855,#2856,#2857,#2858,#2859,#2860,#2861,#2862,#2863,#2864,#2865,#2866,#2867,#2868)) ;
#2932=EDGE_LOOP('',(#2933,#2934,#2935,#2936,#2937,#2938,#2939,#2940)) ;
#2942=EDGE_LOOP('',(#2943,#2944,#2945,#2946)) ;
#3010=EDGE_LOOP('',(#3011,#3012,#3013,#3014,#3015,#3016,#3017,#3018)) ;
#3020=EDGE_LOOP('',(#3021,#3022,#3023,#3024,#3025,#3026,#3027,#3028)) ;
#3030=EDGE_LOOP('',(#3031,#3032,#3033,#3034,#3035,#3036,#3037,#3038)) ;
#3040=EDGE_LOOP('',(#3041,#3042)) ;
#3044=EDGE_LOOP('',(#3045,#3046,#3047,#3048)) ;
#3075=EDGE_LOOP('',(#3076,#3077,#3078,#3079)) ;
#3099=EDGE_LOOP('',(#3100,#3101,#3102,#3103)) ;
#3123=EDGE_LOOP('',(#3124,#3125,#3126,#3127)) ;
#3147=EDGE_LOOP('',(#3148,#3149,#3150,#3151)) ;
#3171=EDGE_LOOP('',(#3172,#3173,#3174,#3175)) ;
#3195=EDGE_LOOP('',(#3196,#3197,#3198,#3199)) ;
#3219=EDGE_LOOP('',(#3220,#3221,#3222,#3223)) ;
#3236=EDGE_LOOP('',(#3237,#3238,#3239,#3240)) ;
#3258=EDGE_LOOP('',(#3259,#3260,#3261,#3262)) ;
#3275=EDGE_LOOP('',(#3276,#3277,#3278,#3279)) ;
#3292=EDGE_LOOP('',(#3293,#3294,#3295,#3296)) ;
#3309=EDGE_LOOP('',(#3310,#3311,#3312,#3313)) ;
#3326=EDGE_LOOP('',(#3327,#3328,#3329,#3330)) ;
#3343=EDGE_LOOP('',(#3344,#3345,#3346,#3347)) ;
#3360=EDGE_LOOP('',(#3361,#3362,#3363,#3364)) ;
#3372=EDGE_LOOP('',(#3373,#3374,#3375,#3376)) ;
#3379=ADVANCED_BREP_SHAPE_REPRESENTATION('NONE',(#334),#16) ;
#383=ADVANCED_FACE('Base_Plate',(#382),#348,.T.) ;
#400=ADVANCED_FACE('Base_Plate',(#399),#348,.T.) ;
#410=ADVANCED_FACE('Base_Plate',(#409),#405,.T.) ;
#450=ADVANCED_FACE('Base_Plate',(#449),#415,.T.) ;
#481=ADVANCED_FACE('Base_Plate',(#480),#455,.T.) ;
#512=ADVANCED_FACE('Base_Plate',(#511),#486,.T.) ;
#543=ADVANCED_FACE('Base_Plate',(#542),#517,.F.) ;
#574=ADVANCED_FACE('Base_Plate',(#573),#548,.T.) ;
#605=ADVANCED_FACE('Base_Plate',(#604),#579,.F.) ;
#636=ADVANCED_FACE('Base_Plate',(#635),#610,.F.) ;
#667=ADVANCED_FACE('Base_Plate',(#666),#641,.T.) ;
#698=ADVANCED_FACE('Base_Plate',(#697),#672,.F.) ;
#729=ADVANCED_FACE('Base_Plate',(#728),#703,.F.) ;
#760=ADVANCED_FACE('Base_Plate',(#759),#734,.T.) ;
#786=ADVANCED_FACE('Base_Plate',(#785),#517,.F.) ;
#817=ADVANCED_FACE('Base_Plate',(#816),#791,.T.) ;
#848=ADVANCED_FACE('Base_Plate',(#847),#822,.T.) ;
#879=ADVANCED_FACE('Base_Plate',(#878),#853,.T.) ;
#910=ADVANCED_FACE('Base_Plate',(#909),#884,.F.) ;
#941=ADVANCED_FACE('Base_Plate',(#940),#915,.T.) ;
#967=ADVANCED_FACE('Base_Plate',(#966),#703,.F.) ;
#998=ADVANCED_FACE('Base_Plate',(#997),#972,.F.) ;
#1029=ADVANCED_FACE('Base_Plate',(#1028),#1003,.F.) ;
#1060=ADVANCED_FACE('Base_Plate',(#1059),#1034,.F.) ;
#1086=ADVANCED_FACE('Base_Plate',(#1085),#579,.F.) ;
#1117=ADVANCED_FACE('Base_Plate',(#1116),#1091,.T.) ;
#1134=ADVANCED_FACE('Base_Plate',(#1133),#884,.F.) ;
#1166=ADVANCED_FACE('Base_Plate',(#1165),#1139,.F.) ;
#1206=ADVANCED_FACE('Base_Plate',(#1205),#1171,.F.) ;
#1237=ADVANCED_FACE('Base_Plate',(#1236),#1211,.F.) ;
#1268=ADVANCED_FACE('Base_Plate',(#1267),#1242,.T.) ;
#1299=ADVANCED_FACE('Base_Plate',(#1298),#1273,.F.) ;
#1330=ADVANCED_FACE('Base_Plate',(#1329),#1304,.F.) ;
#1361=ADVANCED_FACE('Base_Plate',(#1360),#1335,.F.) ;
#1392=ADVANCED_FACE('Base_Plate',(#1391),#1366,.T.) ;
#1423=ADVANCED_FACE('Base_Plate',(#1422),#1397,.T.) ;
#1454=ADVANCED_FACE('Base_Plate',(#1453),#1428,.T.) ;
#1480=ADVANCED_FACE('Base_Plate',(#1479),#415,.T.) ;
#1511=ADVANCED_FACE('Base_Plate',(#1510),#1485,.T.) ;
#1542=ADVANCED_FACE('Base_Plate',(#1541),#1516,.T.) ;
#1573=ADVANCED_FACE('Base_Plate',(#1572),#1547,.T.) ;
#1599=ADVANCED_FACE('Base_Plate',(#1598),#1335,.F.) ;
#1630=ADVANCED_FACE('Base_Plate',(#1629),#1604,.F.) ;
#1661=ADVANCED_FACE('Base_Plate',(#1660),#1635,.T.) ;
#1692=ADVANCED_FACE('Base_Plate',(#1691),#1666,.F.) ;
#1718=ADVANCED_FACE('Base_Plate',(#1717),#1171,.F.) ;
#1749=ADVANCED_FACE('Base_Plate',(#1748),#1723,.T.) ;
#1775=ADVANCED_FACE('Base_Plate',(#1774),#1516,.T.) ;
#1806=ADVANCED_FACE('Base_Plate',(#1805),#1780,.T.) ;
#1832=ADVANCED_FACE('Base_Plate',(#1831),#822,.T.) ;
#1863=ADVANCED_FACE('Base_Plate',(#1862),#1837,.T.) ;
#1880=ADVANCED_FACE('Base_Plate',(#1879),#1397,.T.) ;
#1907=ADVANCED_FACE('Base_Plate',(#1906),#1139,.F.) ;
#1947=ADVANCED_FACE('Base_Plate',(#1946),#1912,.F.) ;
#1978=ADVANCED_FACE('Base_Plate',(#1977),#1952,.F.) ;
#2009=ADVANCED_FACE('Base_Plate',(#2008),#1983,.F.) ;
#2040=ADVANCED_FACE('Base_Plate',(#2039),#2014,.T.) ;
#2071=ADVANCED_FACE('Base_Plate',(#2070),#2045,.F.) ;
#2102=ADVANCED_FACE('Base_Plate',(#2101),#2076,.T.) ;
#2133=ADVANCED_FACE('Base_Plate',(#2132),#2107,.F.) ;
#2155=ADVANCED_FACE('Base_Plate',(#2154),#2138,.F.) ;
#2190=ADVANCED_FACE('Base_Plate',(#2189),#2138,.F.) ;
#2221=ADVANCED_FACE('Base_Plate',(#2220),#2195,.F.) ;
#2252=ADVANCED_FACE('Base_Plate',(#2251),#2226,.F.) ;
#2283=ADVANCED_FACE('Base_Plate',(#2282),#2257,.F.) ;
#2314=ADVANCED_FACE('Base_Plate',(#2313),#2288,.F.) ;
#2345=ADVANCED_FACE('Base_Plate',(#2344),#2319,.F.) ;
#2376=ADVANCED_FACE('Base_Plate',(#2375),#2350,.F.) ;
#2393=ADVANCED_FACE('Base_Plate',(#2392),#1912,.F.) ;
#2433=ADVANCED_FACE('Base_Plate',(#2432),#2398,.T.) ;
#2464=ADVANCED_FACE('Base_Plate',(#2463),#2438,.F.) ;
#2495=ADVANCED_FACE('Base_Plate',(#2494),#2469,.T.) ;
#2517=ADVANCED_FACE('Base_Plate',(#2516),#2500,.F.) ;
#2557=ADVANCED_FACE('Base_Plate',(#2556),#2522,.F.) ;
#2588=ADVANCED_FACE('Base_Plate',(#2587),#2562,.F.) ;
#2619=ADVANCED_FACE('Base_Plate',(#2618),#2593,.F.) ;
#2641=ADVANCED_FACE('Base_Plate',(#2640),#2624,.F.) ;
#2659=ADVANCED_FACE('Base_Plate',(#2652,#2658),#2646,.T.) ;
#2699=ADVANCED_FACE('Base_Plate',(#2698),#2664,.F.) ;
#2725=ADVANCED_FACE('Base_Plate',(#2724),#2593,.F.) ;
#2756=ADVANCED_FACE('Base_Plate',(#2755),#2730,.F.) ;
#2773=ADVANCED_FACE('Base_Plate',(#2772),#2522,.F.) ;
#2791=ADVANCED_FACE('Base_Plate',(#2784,#2790),#2778,.T.) ;
#2833=ADVANCED_FACE('Base_Plate',(#2806,#2832),#2796,.F.) ;
#2870=ADVANCED_FACE('Base_Plate',(#2843,#2869),#2796,.F.) ;
#2948=ADVANCED_FACE('Base_Plate',(#2941,#2947),#2875,.T.) ;
#3050=ADVANCED_FACE('Base_Plate',(#3019,#3029,#3039,#3043,#3049),#2953,.F.) ;
#3081=ADVANCED_FACE('Base_Plate',(#3080),#3055,.T.) ;
#3105=ADVANCED_FACE('Base_Plate',(#3104),#3086,.T.) ;
#3129=ADVANCED_FACE('Base_Plate',(#3128),#3110,.T.) ;
#3153=ADVANCED_FACE('Base_Plate',(#3152),#3134,.F.) ;
#3177=ADVANCED_FACE('Base_Plate',(#3176),#3158,.T.) ;
#3201=ADVANCED_FACE('Base_Plate',(#3200),#3182,.T.) ;
#3225=ADVANCED_FACE('Base_Plate',(#3224),#3206,.T.) ;
#3242=ADVANCED_FACE('Base_Plate',(#3241),#3230,.F.) ;
#3264=ADVANCED_FACE('Base_Plate',(#3263),#3247,.T.) ;
#3281=ADVANCED_FACE('Base_Plate',(#3280),#3269,.T.) ;
#3298=ADVANCED_FACE('Base_Plate',(#3297),#3286,.F.) ;
#3315=ADVANCED_FACE('Base_Plate',(#3314),#3303,.T.) ;
#3332=ADVANCED_FACE('Base_Plate',(#3331),#3320,.T.) ;
#3349=ADVANCED_FACE('Base_Plate',(#3348),#3337,.T.) ;
#3366=ADVANCED_FACE('Base_Plate',(#3365),#3354,.F.) ;
#3378=ADVANCED_FACE('Base_Plate',(#3377),#3371,.T.) ;
#4=APPLICATION_PROTOCOL_DEFINITION('international standard','ap242_managed_model_based_3d_engineering',2014,#1) ;
#335=COLOUR_RGB('Colour',0.,0.501960784314,1.) ;
#119=DRAUGHTING_PRE_DEFINED_COLOUR('white') ;
#118=DRAUGHTING_PRE_DEFINED_CURVE_FONT('continuous') ;
#382=FACE_OUTER_BOUND('',#377,.T.) ;
#399=FACE_OUTER_BOUND('',#394,.T.) ;
#409=FACE_OUTER_BOUND('',#406,.T.) ;
#449=FACE_OUTER_BOUND('',#444,.T.) ;
#480=FACE_OUTER_BOUND('',#475,.T.) ;
#511=FACE_OUTER_BOUND('',#506,.T.) ;
#542=FACE_OUTER_BOUND('',#537,.T.) ;
#573=FACE_OUTER_BOUND('',#568,.T.) ;
#604=FACE_OUTER_BOUND('',#599,.T.) ;
#635=FACE_OUTER_BOUND('',#630,.T.) ;
#666=FACE_OUTER_BOUND('',#661,.T.) ;
#697=FACE_OUTER_BOUND('',#692,.T.) ;
#728=FACE_OUTER_BOUND('',#723,.T.) ;
#759=FACE_OUTER_BOUND('',#754,.T.) ;
#785=FACE_OUTER_BOUND('',#780,.T.) ;
#816=FACE_OUTER_BOUND('',#811,.T.) ;
#847=FACE_OUTER_BOUND('',#842,.T.) ;
#878=FACE_OUTER_BOUND('',#873,.T.) ;
#909=FACE_OUTER_BOUND('',#904,.T.) ;
#940=FACE_OUTER_BOUND('',#935,.T.) ;
#966=FACE_OUTER_BOUND('',#961,.T.) ;
#997=FACE_OUTER_BOUND('',#992,.T.) ;
#1028=FACE_OUTER_BOUND('',#1023,.T.) ;
#1059=FACE_OUTER_BOUND('',#1054,.T.) ;
#1085=FACE_OUTER_BOUND('',#1080,.T.) ;
#1116=FACE_OUTER_BOUND('',#1111,.T.) ;
#1133=FACE_OUTER_BOUND('',#1128,.T.) ;
#1165=FACE_OUTER_BOUND('',#1140,.T.) ;
#1205=FACE_OUTER_BOUND('',#1200,.T.) ;
#1236=FACE_OUTER_BOUND('',#1231,.T.) ;
#1267=FACE_OUTER_BOUND('',#1262,.T.) ;
#1298=FACE_OUTER_BOUND('',#1293,.T.) ;
#1329=FACE_OUTER_BOUND('',#1324,.T.) ;
#1360=FACE_OUTER_BOUND('',#1355,.T.) ;
#1391=FACE_OUTER_BOUND('',#1386,.T.) ;
#1422=FACE_OUTER_BOUND('',#1417,.T.) ;
#1453=FACE_OUTER_BOUND('',#1448,.T.) ;
#1479=FACE_OUTER_BOUND('',#1474,.T.) ;
#1510=FACE_OUTER_BOUND('',#1505,.T.) ;
#1541=FACE_OUTER_BOUND('',#1536,.T.) ;
#1572=FACE_OUTER_BOUND('',#1567,.T.) ;
#1598=FACE_OUTER_BOUND('',#1593,.T.) ;
#1629=FACE_OUTER_BOUND('',#1624,.T.) ;
#1660=FACE_OUTER_BOUND('',#1655,.T.) ;
#1691=FACE_OUTER_BOUND('',#1686,.T.) ;
#1717=FACE_OUTER_BOUND('',#1712,.T.) ;
#1748=FACE_OUTER_BOUND('',#1743,.T.) ;
#1774=FACE_OUTER_BOUND('',#1769,.T.) ;
#1805=FACE_OUTER_BOUND('',#1800,.T.) ;
#1831=FACE_OUTER_BOUND('',#1826,.T.) ;
#1862=FACE_OUTER_BOUND('',#1857,.T.) ;
#1879=FACE_OUTER_BOUND('',#1874,.T.) ;
#1906=FACE_OUTER_BOUND('',#1881,.T.) ;
#1946=FACE_OUTER_BOUND('',#1941,.T.) ;
#1977=FACE_OUTER_BOUND('',#1972,.T.) ;
#2008=FACE_OUTER_BOUND('',#2003,.T.) ;
#2039=FACE_OUTER_BOUND('',#2034,.T.) ;
#2070=FACE_OUTER_BOUND('',#2065,.T.) ;
#2101=FACE_OUTER_BOUND('',#2096,.T.) ;
#2132=FACE_OUTER_BOUND('',#2127,.T.) ;
#2154=FACE_OUTER_BOUND('',#2149,.T.) ;
#2189=FACE_OUTER_BOUND('',#2184,.T.) ;
#2220=FACE_OUTER_BOUND('',#2215,.T.) ;
#2251=FACE_OUTER_BOUND('',#2246,.T.) ;
#2282=FACE_OUTER_BOUND('',#2277,.T.) ;
#2313=FACE_OUTER_BOUND('',#2308,.T.) ;
#2344=FACE_OUTER_BOUND('',#2339,.T.) ;
#2375=FACE_OUTER_BOUND('',#2370,.T.) ;
#2392=FACE_OUTER_BOUND('',#2387,.T.) ;
#2432=FACE_OUTER_BOUND('',#2427,.T.) ;
#2463=FACE_OUTER_BOUND('',#2458,.T.) ;
#2494=FACE_OUTER_BOUND('',#2489,.T.) ;
#2516=FACE_OUTER_BOUND('',#2511,.T.) ;
#2556=FACE_OUTER_BOUND('',#2551,.T.) ;
#2587=FACE_OUTER_BOUND('',#2582,.T.) ;
#2618=FACE_OUTER_BOUND('',#2613,.T.) ;
#2640=FACE_OUTER_BOUND('',#2635,.T.) ;
#2652=FACE_OUTER_BOUND('',#2647,.T.) ;
#2698=FACE_OUTER_BOUND('',#2693,.T.) ;
#2724=FACE_OUTER_BOUND('',#2719,.T.) ;
#2755=FACE_OUTER_BOUND('',#2750,.T.) ;
#2772=FACE_OUTER_BOUND('',#2767,.T.) ;
#2784=FACE_OUTER_BOUND('',#2779,.T.) ;
#2806=FACE_OUTER_BOUND('',#2797,.T.) ;
#2843=FACE_OUTER_BOUND('',#2834,.T.) ;
#2941=FACE_OUTER_BOUND('',#2932,.T.) ;
#3019=FACE_OUTER_BOUND('',#3010,.T.) ;
#3080=FACE_OUTER_BOUND('',#3075,.T.) ;
#3104=FACE_OUTER_BOUND('',#3099,.T.) ;
#3128=FACE_OUTER_BOUND('',#3123,.T.) ;
#3152=FACE_OUTER_BOUND('',#3147,.T.) ;
#3176=FACE_OUTER_BOUND('',#3171,.T.) ;
#3200=FACE_OUTER_BOUND('',#3195,.T.) ;
#3224=FACE_OUTER_BOUND('',#3219,.T.) ;
#3241=FACE_OUTER_BOUND('',#3236,.T.) ;
#3263=FACE_OUTER_BOUND('',#3258,.T.) ;
#3280=FACE_OUTER_BOUND('',#3275,.T.) ;
#3297=FACE_OUTER_BOUND('',#3292,.T.) ;
#3314=FACE_OUTER_BOUND('',#3309,.T.) ;
#3331=FACE_OUTER_BOUND('',#3326,.T.) ;
#3348=FACE_OUTER_BOUND('',#3343,.T.) ;
#3365=FACE_OUTER_BOUND('',#3360,.T.) ;
#3377=FACE_OUTER_BOUND('',#3372,.T.) ;
#123=GEOMETRICALLY_BOUNDED_SURFACE_SHAPE_REPRESENTATION('NONE',(#124),#16) ;
#9=PRODUCT_CATEGORY_RELATIONSHIP(' ',' ',#7,#8) ;
#6=PRODUCT_DEFINITION_FORMATION_WITH_SPECIFIED_SOURCE('',' ',#5,.NOT_KNOWN.) ;
#20=SHAPE_DEFINITION_REPRESENTATION(#11,#19) ;
#12=(LENGTH_UNIT()NAMED_UNIT(*)SI_UNIT(.MILLI.,.METRE.)) ;
#13=(NAMED_UNIT(*)PLANE_ANGLE_UNIT()SI_UNIT($,.RADIAN.)) ;
#14=(NAMED_UNIT(*)SI_UNIT($,.STERADIAN.)SOLID_ANGLE_UNIT()) ;
#16=(GEOMETRIC_REPRESENTATION_CONTEXT(3)GLOBAL_UNCERTAINTY_ASSIGNED_CONTEXT((#15))GLOBAL_UNIT_ASSIGNED_CONTEXT((#12,#13,#14))REPRESENTATION_CONTEXT(' ',' ')) ;
ENDSEC;
END-ISO-10303-21;
